{"type":"FeatureCollection","name":"communes","crs":{"type":"name","properties":{"name":"urn:ogc:def:crs:EPSG::2154"}},"features":[{"type":"Feature","properties":{"ID_GEOFLA":168,"CODE_COMM":"226","INSEE_COM":"29226","NOM_COMM":"POULLAN-SUR-MER","STATUT":"Commune simple","X_CHF_LIEU":1487,"Y_CHF_LIEU":68015,"X_CENTROID":1499,"Y_CENTROID":68010,"Z_MOYEN":67,"SUPERFICIE":3045,"POPULATION":1.5,"CODE_CANT":"13","CODE_ARR":"4","CODE_DEPT":"29","NOM_DEPT":"FINISTERE","CODE_REG":"53","NOM_REGION":"BRETAGNE"},"geometry":{"type":"MultiPolygon","coordinates":[[[[152434.0,6797331.0],[151697.0,6798109.0],[150692.0,6797094.0],[149266.0,6797356.0],[149278.0,6798125.0],[148128.0,6799108.0],[148159.0,6801355.0],[147946.0,6801679.0],[146802.0,6801558.0],[145673.0,6803546.0],[147597.0,6803562.0],[148938.0,6804319.0],[150474.0,6804029.0],[151615.0,6804263.0],[152575.0,6801466.0],[151882.0,6801154.0],[151684.0,6800445.0],[152017.0,6799761.0],[153111.0,6799506.0],[153043.0,6799130.0],[152684.0,6798552.0],[152984.0,6797539.0],[152784.0,6797237.0],[152434.0,6797331.0]]]]}},{"type":"Feature","properties":{"ID_GEOFLA":370,"CODE_COMM":"210","INSEE_COM":"29210","NOM_COMM":"PLOUVORN","STATUT":"Commune simple","X_CHF_LIEU":1815,"Y_CHF_LIEU":68541,"X_CENTROID":1826,"Y_CENTROID":68537,"Z_MOYEN":84,"SUPERFICIE":3536,"POPULATION":2.8,"CODE_CANT":"31","CODE_ARR":"3","CODE_DEPT":"29","NOM_DEPT":"FINISTERE","CODE_REG":"53","NOM_REGION":"BRETAGNE"},"geometry":{"type":"MultiPolygon","coordinates":[[[[181838.0,6849222.0],[180375.0,6849329.0],[179707.0,6849697.0],[179633.0,6850078.0],[180418.0,6851847.0],[180729.0,6853732.0],[179301.0,6853957.0],[179160.0,6854669.0],[180074.0,6855228.0],[180457.0,6856606.0],[181320.0,6857349.0],[181612.0,6858036.0],[181988.0,6858117.0],[182549.0,6857626.0],[182956.0,6856556.0],[184739.0,6856031.0],[185099.0,6855466.0],[186168.0,6855217.0],[186496.0,6854584.0],[187218.0,6854560.0],[187534.0,6853959.0],[186517.0,6853475.0],[185396.0,6851993.0],[184715.0,6852323.0],[183309.0,6851728.0],[182307.0,6850606.0],[181838.0,6849222.0]]]]}},{"type":"Feature","properties":{"ID_GEOFLA":546,"CODE_COMM":"195","INSEE_COM":"29195","NOM_COMM":"PLOUGUERNEAU","STATUT":"Commune simple","X_CHF_LIEU":1474,"Y_CHF_LIEU":68603,"X_CENTROID":1486,"Y_CENTROID":68598,"Z_MOYEN":44,"SUPERFICIE":4353,"POPULATION":6.3,"CODE_CANT":"20","CODE_ARR":"1","CODE_DEPT":"29","NOM_DEPT":"FINISTERE","CODE_REG":"53","NOM_REGION":"BRETAGNE"},"geometry":{"type":"MultiPolygon","coordinates":[[[[151278.0,6855880.0],[150993.0,6855951.0],[149110.0,6856314.0],[147587.0,6858338.0],[146264.0,6858416.0],[146251.0,6859090.0],[144923.0,6859821.0],[143385.0,6860413.0],[144085.0,6861101.0],[142995.0,6861127.0],[143346.0,6862722.0],[145084.0,6862463.0],[145071.0,6863850.0],[145953.0,6862917.0],[147224.0,6863254.0],[147366.0,6862112.0],[150836.0,6862289.0],[151875.0,6862232.0],[151594.0,6860347.0],[152233.0,6859351.0],[153707.0,6858134.0],[153243.0,6857583.0],[153375.0,6857244.0],[151278.0,6855880.0]]]]}},{"type":"Feature","properties":{"ID_GEOFLA":584,"CODE_COMM":"271","INSEE_COM":"29271","NOM_COMM":"SAINT-VOUGAY","STATUT":"Commune simple","X_CHF_LIEU":1743,"Y_CHF_LIEU":68564,"X_CENTROID":1737,"Y_CENTROID":68559,"Z_MOYEN":88,"SUPERFICIE":1479,"POPULATION":0.9,"CODE_CANT":"31","CODE_ARR":"3","CODE_DEPT":"29","NOM_DEPT":"FINISTERE","CODE_REG":"53","NOM_REGION":"BRETAGNE"},"geometry":{"type":"MultiPolygon","coordinates":[[[[175585.0,6854599.0],[174500.0,6854449.0],[173937.0,6853955.0],[173762.0,6853232.0],[172672.0,6853005.0],[171960.0,6853205.0],[171782.0,6853656.0],[172144.0,6855859.0],[171980.0,6856609.0],[172927.0,6857193.0],[173932.0,6859545.0],[174410.0,6859127.0],[175131.0,6857838.0],[175773.0,6857592.0],[175787.0,6856847.0],[175194.0,6856464.0],[174981.0,6855750.0],[175628.0,6854969.0],[175585.0,6854599.0]]]]}},{"type":"Feature","properties":{"ID_GEOFLA":631,"CODE_COMM":"249","INSEE_COM":"29249","NOM_COMM":"SAINT-GOAZEC","STATUT":"Commune simple","X_CHF_LIEU":1963,"Y_CHF_LIEU":68064,"X_CENTROID":1974,"Y_CENTROID":68049,"Z_MOYEN":161,"SUPERFICIE":3337,"POPULATION":0.7,"CODE_CANT":"09","CODE_ARR":"2","CODE_DEPT":"29","NOM_DEPT":"FINISTERE","CODE_REG":"53","NOM_REGION":"BRETAGNE"},"geometry":{"type":"MultiPolygon","coordinates":[[[[200321.0,6801734.0],[198711.0,6802450.0],[197361.0,6802012.0],[196627.0,6803354.0],[195098.0,6803482.0],[194750.0,6803648.0],[194612.0,6804408.0],[193526.0,6804766.0],[193082.0,6805398.0],[193331.0,6806127.0],[194077.0,6808622.0],[194436.0,6808613.0],[194684.0,6807493.0],[195222.0,6807012.0],[196075.0,6808215.0],[196451.0,6808227.0],[196989.0,6807293.0],[197290.0,6807534.0],[200565.0,6805702.0],[201896.0,6804463.0],[202643.0,6804618.0],[202343.0,6803961.0],[201292.0,6803591.0],[201312.0,6802831.0],[200321.0,6801734.0]]]]}},{"type":"Feature","properties":{"ID_GEOFLA":681,"CODE_COMM":"144","INSEE_COM":"29144","NOM_COMM":"LA MARTYRE","STATUT":"Commune simple","X_CHF_LIEU":1713,"Y_CHF_LIEU":68404,"X_CENTROID":1703,"Y_CENTROID":68392,"Z_MOYEN":132,"SUPERFICIE":1833,"POPULATION":0.8,"CODE_CANT":"28","CODE_ARR":"1","CODE_DEPT":"29","NOM_DEPT":"FINISTERE","CODE_REG":"53","NOM_REGION":"BRETAGNE"},"geometry":{"type":"MultiPolygon","coordinates":[[[[171292.0,6835630.0],[171266.0,6837530.0],[170299.0,6838734.0],[168771.0,6838619.0],[168414.0,6837572.0],[167716.0,6837315.0],[167149.0,6838072.0],[168248.0,6839513.0],[167848.0,6840106.0],[167925.0,6841588.0],[168835.0,6841352.0],[169996.0,6842148.0],[172196.0,6840047.0],[173097.0,6838802.0],[173355.0,6837710.0],[172742.0,6837349.0],[172444.0,6836365.0],[171292.0,6835630.0]]]]}},{"type":"Feature","properties":{"ID_GEOFLA":737,"CODE_COMM":"078","INSEE_COM":"29078","NOM_COMM":"HANVEC","STATUT":"Commune simple","X_CHF_LIEU":1700,"Y_CHF_LIEU":68269,"X_CENTROID":1716,"Y_CENTROID":68272,"Z_MOYEN":120,"SUPERFICIE":5974,"POPULATION":2.0,"CODE_CANT":"12","CODE_ARR":"1","CODE_DEPT":"29","NOM_DEPT":"FINISTERE","CODE_REG":"53","NOM_REGION":"BRETAGNE"},"geometry":{"type":"MultiPolygon","coordinates":[[[[167218.0,6824004.0],[164260.0,6824346.0],[164012.0,6825373.0],[165387.0,6825976.0],[166654.0,6827335.0],[166532.0,6828847.0],[165891.0,6829167.0],[167538.0,6830028.0],[168508.0,6829452.0],[169262.0,6829394.0],[170651.0,6829895.0],[171765.0,6830241.0],[173303.0,6830124.0],[177734.0,6829089.0],[178446.0,6829626.0],[178640.0,6828520.0],[178014.0,6825979.0],[176355.0,6824563.0],[175156.0,6824679.0],[173697.0,6825905.0],[172238.0,6826416.0],[171154.0,6825998.0],[170518.0,6825029.0],[169561.0,6824369.0],[168101.0,6824634.0],[167218.0,6824004.0]]]]}},{"type":"Feature","properties":{"ID_GEOFLA":739,"CODE_COMM":"017","INSEE_COM":"29017","NOM_COMM":"BRELES","STATUT":"Commune simple","X_CHF_LIEU":1308,"Y_CHF_LIEU":68475,"X_CENTROID":1327,"Y_CENTROID":68465,"Z_MOYEN":56,"SUPERFICIE":1390,"POPULATION":0.8,"CODE_CANT":"27","CODE_ARR":"1","CODE_DEPT":"29","NOM_DEPT":"FINISTERE","CODE_REG":"53","NOM_REGION":"BRETAGNE"},"geometry":{"type":"MultiPolygon","coordinates":[[[[134226.0,6844435.0],[133502.0,6844376.0],[132608.0,6845040.0],[131158.0,6845160.0],[130444.0,6847205.0],[129990.0,6847526.0],[132118.0,6848412.0],[132972.0,6849145.0],[133915.0,6847998.0],[133975.0,6846890.0],[135395.0,6846759.0],[134226.0,6844435.0]]]]}},{"type":"Feature","properties":{"ID_GEOFLA":776,"CODE_COMM":"177","INSEE_COM":"29177","NOM_COMM":"PLOUARZEL","STATUT":"Commune simple","X_CHF_LIEU":1290,"Y_CHF_LIEU":68428,"X_CENTROID":1298,"Y_CENTROID":68433,"Z_MOYEN":60,"SUPERFICIE":4266,"POPULATION":3.4,"CODE_CANT":"39","CODE_ARR":"1","CODE_DEPT":"29","NOM_DEPT":"FINISTERE","CODE_REG":"53","NOM_REGION":"BRETAGNE"},"geometry":{"type":"MultiPolygon","coordinates":[[[[125427.0,6840168.0],[124772.0,6840294.0],[124265.0,6841285.0],[125128.0,6843380.0],[125858.0,6844250.0],[126606.0,6843466.0],[127935.0,6844080.0],[127189.0,6844791.0],[127245.0,6845888.0],[127926.0,6846916.0],[130444.0,6847205.0],[131158.0,6845160.0],[132608.0,6845040.0],[133502.0,6844376.0],[134226.0,6844435.0],[134385.0,6843795.0],[135186.0,6843322.0],[134896.0,6840754.0],[132644.0,6841206.0],[131144.0,6840812.0],[128492.0,6841530.0],[126551.0,6841224.0],[125427.0,6840168.0]]]]}},{"type":"Feature","properties":{"ID_GEOFLA":1004,"CODE_COMM":"036","INSEE_COM":"29036","NOM_COMM":"COLLOREC","STATUT":"Commune simple","X_CHF_LIEU":1981,"Y_CHF_LIEU":68198,"X_CENTROID":1983,"Y_CENTROID":68205,"Z_MOYEN":136,"SUPERFICIE":2812,"POPULATION":0.7,"CODE_CANT":"09","CODE_ARR":"2","CODE_DEPT":"29","NOM_DEPT":"FINISTERE","CODE_REG":"53","NOM_REGION":"BRETAGNE"},"geometry":{"type":"MultiPolygon","coordinates":[[[[197833.0,6817128.0],[196686.0,6817111.0],[196426.0,6817397.0],[196601.0,6818872.0],[195211.0,6821086.0],[195327.0,6822967.0],[196351.0,6823509.0],[197080.0,6823523.0],[197221.0,6823883.0],[197760.0,6823338.0],[198848.0,6822960.0],[199160.0,6822269.0],[199743.0,6821772.0],[200090.0,6821607.0],[201578.0,6821807.0],[202042.0,6820788.0],[202678.0,6820372.0],[202970.0,6819328.0],[199910.0,6819316.0],[198547.0,6817449.0],[197833.0,6817128.0]]]]}},{"type":"Feature","properties":{"ID_GEOFLA":1029,"CODE_COMM":"148","INSEE_COM":"29148","NOM_COMM":"MESPAUL","STATUT":"Commune simple","X_CHF_LIEU":1828,"Y_CHF_LIEU":68583,"X_CENTROID":1822,"Y_CENTROID":68580,"Z_MOYEN":53,"SUPERFICIE":1158,"POPULATION":0.9,"CODE_CANT":"38","CODE_ARR":"3","CODE_DEPT":"29","NOM_DEPT":"FINISTERE","CODE_REG":"53","NOM_REGION":"BRETAGNE"},"geometry":{"type":"MultiPolygon","coordinates":[[[[184739.0,6856031.0],[182956.0,6856556.0],[182549.0,6857626.0],[181988.0,6858117.0],[181612.0,6858036.0],[181320.0,6857349.0],[180457.0,6856606.0],[180075.0,6856977.0],[179758.0,6857969.0],[179090.0,6858146.0],[179108.0,6858842.0],[180119.0,6859224.0],[180748.0,6858889.0],[181106.0,6859513.0],[181820.0,6859575.0],[184018.0,6859046.0],[185070.0,6857114.0],[184739.0,6856031.0]]]]}},{"type":"Feature","properties":{"ID_GEOFLA":1217,"CODE_COMM":"019","INSEE_COM":"29019","NOM_COMM":"BREST","STATUT":"Sous-pr\u00e9fecture","X_CHF_LIEU":1465,"Y_CHF_LIEU":68362,"X_CENTROID":1454,"Y_CENTROID":68374,"Z_MOYEN":57,"SUPERFICIE":4905,"POPULATION":142.1,"CODE_CANT":"99","CODE_ARR":"1","CODE_DEPT":"29","NOM_DEPT":"FINISTERE","CODE_REG":"53","NOM_REGION":"BRETAGNE"},"geometry":{"type":"MultiPolygon","coordinates":[[[[150561.0,6836555.0],[150142.0,6835095.0],[148710.0,6835558.0],[147623.0,6835165.0],[146848.0,6835277.0],[144973.0,6834710.0],[142779.0,6833110.0],[141332.0,6833531.0],[140444.0,6834236.0],[141003.0,6835636.0],[140593.0,6837112.0],[141063.0,6837644.0],[143587.0,6838089.0],[143952.0,6838642.0],[144314.0,6838752.0],[145879.0,6841262.0],[145713.0,6842343.0],[144780.0,6842982.0],[145477.0,6843637.0],[146102.0,6843491.0],[146546.0,6843904.0],[146816.0,6843328.0],[147254.0,6841572.0],[148087.0,6840414.0],[148940.0,6839851.0],[149231.0,6839194.0],[148984.0,6838568.0],[149724.0,6837292.0],[150561.0,6836555.0]]]]}},{"type":"Feature","properties":{"ID_GEOFLA":1240,"CODE_COMM":"151","INSEE_COM":"29151","NOM_COMM":"MORLAIX","STATUT":"Sous-pr\u00e9fecture","X_CHF_LIEU":1970,"Y_CHF_LIEU":68526,"X_CENTROID":1977,"Y_CENTROID":68549,"Z_MOYEN":59,"SUPERFICIE":2492,"POPULATION":15.6,"CODE_CANT":"22","CODE_ARR":"3","CODE_DEPT":"29","NOM_DEPT":"FINISTERE","CODE_REG":"53","NOM_REGION":"BRETAGNE"},"geometry":{"type":"MultiPolygon","coordinates":[[[[198907.0,6851028.0],[198545.0,6850925.0],[197437.0,6851882.0],[196923.0,6851360.0],[196200.0,6851555.0],[195800.0,6852175.0],[196277.0,6853930.0],[196068.0,6855026.0],[195616.0,6855620.0],[195012.0,6856853.0],[195959.0,6858085.0],[198669.0,6858162.0],[199941.0,6856162.0],[200360.0,6854703.0],[200138.0,6853987.0],[199542.0,6853505.0],[199694.0,6852759.0],[198293.0,6852372.0],[198147.0,6852030.0],[198898.0,6851253.0],[198907.0,6851028.0]]]]}},{"type":"Feature","properties":{"ID_GEOFLA":1382,"CODE_COMM":"155","INSEE_COM":"29155","NOM_COMM":"OUESSANT","STATUT":"Chef-lieu canton","X_CHF_LIEU":1023,"Y_CHF_LIEU":68481,"X_CENTROID":1032,"Y_CENTROID":68483,"Z_MOYEN":25,"SUPERFICIE":1628,"POPULATION":0.9,"CODE_CANT":"23","CODE_ARR":"1","CODE_DEPT":"29","NOM_DEPT":"FINISTERE","CODE_REG":"53","NOM_REGION":"BRETAGNE"},"geometry":{"type":"MultiPolygon","coordinates":[[[[101736.0,6845815.0],[100834.0,6846082.0],[101395.0,6846600.0],[102440.0,6847127.0],[102557.0,6847477.0],[102316.0,6847788.0],[101964.0,6847945.0],[101767.0,6847923.0],[99834.0,6847473.0],[99438.0,6847496.0],[99259.0,6847568.0],[99226.0,6847727.0],[99840.0,6848503.0],[101506.0,6849139.0],[101970.0,6849753.0],[102931.0,6849983.0],[103690.0,6849781.0],[104070.0,6849894.0],[104380.0,6850142.0],[104461.0,6850323.0],[104299.0,6850657.0],[104478.0,6850742.0],[105009.0,6850508.0],[105299.0,6849996.0],[105867.0,6849920.0],[105545.0,6848843.0],[106041.0,6848525.0],[106812.0,6848411.0],[106963.0,6848291.0],[106966.0,6848100.0],[106686.0,6847838.0],[105914.0,6847835.0],[105046.0,6847048.0],[103517.0,6847122.0],[102759.0,6846240.0],[101991.0,6846113.0],[101736.0,6845815.0]]]]}},{"type":"Feature","properties":{"ID_GEOFLA":1434,"CODE_COMM":"086","INSEE_COM":"29086","NOM_COMM":"IRVILLAC","STATUT":"Commune simple","X_CHF_LIEU":1665,"Y_CHF_LIEU":68321,"X_CENTROID":1673,"Y_CENTROID":68317,"Z_MOYEN":76,"SUPERFICIE":2964,"POPULATION":1.3,"CODE_CANT":"12","CODE_ARR":"1","CODE_DEPT":"29","NOM_DEPT":"FINISTERE","CODE_REG":"53","NOM_REGION":"BRETAGNE"},"geometry":{"type":"MultiPolygon","coordinates":[[[[165891.0,6829167.0],[164905.0,6828885.0],[163562.0,6829083.0],[163840.0,6829736.0],[163487.0,6830382.0],[163979.0,6830916.0],[163665.0,6831980.0],[165434.0,6832826.0],[166997.0,6834597.0],[169318.0,6834784.0],[169134.0,6834115.0],[170200.0,6833795.0],[171786.0,6832170.0],[170709.0,6832068.0],[169879.0,6830931.0],[169838.0,6830561.0],[170651.0,6829895.0],[169262.0,6829394.0],[168508.0,6829452.0],[167538.0,6830028.0],[165891.0,6829167.0]]]]}},{"type":"Feature","properties":{"ID_GEOFLA":1443,"CODE_COMM":"204","INSEE_COM":"29204","NOM_COMM":"PLOUNEVENTER","STATUT":"Commune simple","X_CHF_LIEU":1680,"Y_CHF_LIEU":68481,"X_CENTROID":1683,"Y_CENTROID":68488,"Z_MOYEN":87,"SUPERFICIE":2739,"POPULATION":1.8,"CODE_CANT":"18","CODE_ARR":"3","CODE_DEPT":"29","NOM_DEPT":"FINISTERE","CODE_REG":"53","NOM_REGION":"BRETAGNE"},"geometry":{"type":"MultiPolygon","coordinates":[[[[171443.0,6844855.0],[169808.0,6844035.0],[168568.0,6844788.0],[169573.0,6845900.0],[168971.0,6846863.0],[168610.0,6846976.0],[168245.0,6846312.0],[167579.0,6845953.0],[167339.0,6846520.0],[166773.0,6846770.0],[166532.0,6847831.0],[165877.0,6848194.0],[165741.0,6849699.0],[165673.0,6850124.0],[166293.0,6850542.0],[167039.0,6850463.0],[165734.0,6853511.0],[165788.0,6854248.0],[166151.0,6854186.0],[168436.0,6853231.0],[168042.0,6851347.0],[168270.0,6850241.0],[170156.0,6849891.0],[170688.0,6849359.0],[171422.0,6849209.0],[170425.0,6848170.0],[170589.0,6846673.0],[171450.0,6845965.0],[171443.0,6844855.0]]]]}},{"type":"Feature","properties":{"ID_GEOFLA":1478,"CODE_COMM":"237","INSEE_COM":"29237","NOM_COMM":"LA ROCHE-MAURICE","STATUT":"Commune simple","X_CHF_LIEU":1682,"Y_CHF_LIEU":68434,"X_CENTROID":1689,"Y_CENTROID":68434,"Z_MOYEN":76,"SUPERFICIE":1194,"POPULATION":1.9,"CODE_CANT":"28","CODE_ARR":"1","CODE_DEPT":"29","NOM_DEPT":"FINISTERE","CODE_REG":"53","NOM_REGION":"BRETAGNE"},"geometry":{"type":"MultiPolygon","coordinates":[[[[169996.0,6842148.0],[168835.0,6841352.0],[167925.0,6841588.0],[166739.0,6842419.0],[166655.0,6842787.0],[167472.0,6843308.0],[167049.0,6845032.0],[167512.0,6845592.0],[168249.0,6845464.0],[168568.0,6844788.0],[169808.0,6844035.0],[171443.0,6844855.0],[172036.0,6844876.0],[172404.0,6844461.0],[170848.0,6843470.0],[170366.0,6842156.0],[169996.0,6842148.0]]]]}},{"type":"Feature","properties":{"ID_GEOFLA":1496,"CODE_COMM":"070","INSEE_COM":"29070","NOM_COMM":"GUILER-SUR-GOYEN","STATUT":"Commune simple","X_CHF_LIEU":1520,"Y_CHF_LIEU":67939,"X_CENTROID":1519,"Y_CENTROID":67940,"Z_MOYEN":85,"SUPERFICIE":1137,"POPULATION":0.4,"CODE_CANT":"26","CODE_ARR":"4","CODE_DEPT":"29","NOM_DEPT":"FINISTERE","CODE_REG":"53","NOM_REGION":"BRETAGNE"},"geometry":{"type":"MultiPolygon","coordinates":[[[[154221.0,6794649.0],[154335.0,6793135.0],[153897.0,6792514.0],[153187.0,6792342.0],[152511.0,6792648.0],[152206.0,6792420.0],[151154.0,6792834.0],[149815.0,6793502.0],[150260.0,6796064.0],[150485.0,6796367.0],[151569.0,6796054.0],[151917.0,6794994.0],[154221.0,6794649.0]]]]}},{"type":"Feature","properties":{"ID_GEOFLA":1515,"CODE_COMM":"217","INSEE_COM":"29217","NOM_COMM":"PONT-AVEN","STATUT":"Chef-lieu canton","X_CHF_LIEU":1960,"Y_CHF_LIEU":67721,"X_CENTROID":1948,"Y_CENTROID":67740,"Z_MOYEN":64,"SUPERFICIE":2856,"POPULATION":2.9,"CODE_CANT":"32","CODE_ARR":"4","CODE_DEPT":"29","NOM_DEPT":"FINISTERE","CODE_REG":"53","NOM_REGION":"BRETAGNE"},"geometry":{"type":"MultiPolygon","coordinates":[[[[195372.0,6770910.0],[194110.0,6771364.0],[192749.0,6770991.0],[192199.0,6771983.0],[192565.0,6774240.0],[192259.0,6775250.0],[193674.0,6777834.0],[195757.0,6777193.0],[197404.0,6775086.0],[197739.0,6773602.0],[197225.0,6772591.0],[197250.0,6771823.0],[196672.0,6771339.0],[195929.0,6771290.0],[195372.0,6770910.0]]]]}},{"type":"Feature","properties":{"ID_GEOFLA":1524,"CODE_COMM":"244","INSEE_COM":"29244","NOM_COMM":"SAINT-DERRIEN","STATUT":"Commune simple","X_CHF_LIEU":1707,"Y_CHF_LIEU":68516,"X_CENTROID":1703,"Y_CENTROID":68512,"Z_MOYEN":89,"SUPERFICIE":1230,"POPULATION":0.7,"CODE_CANT":"18","CODE_ARR":"3","CODE_DEPT":"29","NOM_DEPT":"FINISTERE","CODE_REG":"53","NOM_REGION":"BRETAGNE"},"geometry":{"type":"MultiPolygon","coordinates":[[[[171422.0,6849209.0],[170688.0,6849359.0],[170156.0,6849891.0],[168270.0,6850241.0],[168042.0,6851347.0],[168436.0,6853231.0],[170472.0,6852380.0],[171175.0,6853600.0],[171459.0,6853837.0],[171782.0,6853656.0],[171960.0,6853205.0],[171222.0,6852003.0],[172781.0,6851207.0],[172099.0,6849514.0],[171422.0,6849209.0]]]]}},{"type":"Feature","properties":{"ID_GEOFLA":1606,"CODE_COMM":"040","INSEE_COM":"29040","NOM_COMM":"LE CONQUET","STATUT":"Commune simple","X_CHF_LIEU":1252,"Y_CHF_LIEU":68346,"X_CENTROID":1258,"Y_CENTROID":68337,"Z_MOYEN":26,"SUPERFICIE":885,"POPULATION":2.6,"CODE_CANT":"39","CODE_ARR":"1","CODE_DEPT":"29","NOM_DEPT":"FINISTERE","CODE_REG":"53","NOM_REGION":"BRETAGNE"},"geometry":{"type":"MultiPolygon","coordinates":[[[[127202.0,6835508.0],[126488.0,6835247.0],[124078.0,6835193.0],[124260.0,6835984.0],[125038.0,6835426.0],[126128.0,6836101.0],[126249.0,6836917.0],[127077.0,6836278.0],[127158.0,6835618.0],[127202.0,6835508.0]]],[[[125000.0,6832194.0],[124649.0,6832301.0],[125285.0,6833559.0],[124480.0,6834804.0],[125308.0,6835096.0],[126413.0,6834778.0],[126810.0,6834801.0],[127158.0,6834339.0],[127004.0,6833003.0],[125000.0,6832194.0]]]]}},{"type":"Feature","properties":{"ID_GEOFLA":1652,"CODE_COMM":"140","INSEE_COM":"29140","NOM_COMM":"LOPERHET","STATUT":"Commune simple","X_CHF_LIEU":1597,"Y_CHF_LIEU":68332,"X_CENTROID":1592,"Y_CENTROID":68343,"Z_MOYEN":77,"SUPERFICIE":2060,"POPULATION":3.6,"CODE_CANT":"12","CODE_ARR":"1","CODE_DEPT":"29","NOM_DEPT":"FINISTERE","CODE_REG":"53","NOM_REGION":"BRETAGNE"},"geometry":{"type":"MultiPolygon","coordinates":[[[[159833.0,6831142.0],[159461.0,6830446.0],[159954.0,6829849.0],[157541.0,6829694.0],[158697.0,6831977.0],[157886.0,6832677.0],[158305.0,6834093.0],[157517.0,6834876.0],[157341.0,6835987.0],[156903.0,6836603.0],[159587.0,6837866.0],[160304.0,6837611.0],[161135.0,6836304.0],[161662.0,6834442.0],[161547.0,6834068.0],[159947.0,6832971.0],[159599.0,6832277.0],[159833.0,6831142.0]]]]}},{"type":"Feature","properties":{"ID_GEOFLA":1684,"CODE_COMM":"205","INSEE_COM":"29205","NOM_COMM":"PLOUNEVEZEL","STATUT":"Commune simple","X_CHF_LIEU":2115,"Y_CHF_LIEU":68196,"X_CENTROID":2131,"Y_CENTROID":68216,"Z_MOYEN":131,"SUPERFICIE":2438,"POPULATION":1.1,"CODE_CANT":"07","CODE_ARR":"2","CODE_DEPT":"29","NOM_DEPT":"FINISTERE","CODE_REG":"53","NOM_REGION":"BRETAGNE"},"geometry":{"type":"MultiPolygon","coordinates":[[[[214652.0,6820077.0],[213799.0,6819351.0],[212728.0,6819056.0],[212400.0,6818367.0],[210933.0,6818615.0],[210488.0,6819182.0],[210270.0,6821032.0],[212975.0,6825057.0],[214313.0,6825385.0],[214753.0,6824803.0],[215099.0,6821734.0],[215805.0,6821648.0],[216710.0,6822390.0],[217336.0,6821962.0],[216624.0,6821758.0],[215370.0,6819932.0],[214652.0,6820077.0]]]]}},{"type":"Feature","properties":{"ID_GEOFLA":1732,"CODE_COMM":"027","INSEE_COM":"29027","NOM_COMM":"CHATEAUNEUF-DU-FAOU","STATUT":"Chef-lieu canton","X_CHF_LIEU":1942,"Y_CHF_LIEU":68092,"X_CENTROID":1937,"Y_CENTROID":68095,"Z_MOYEN":95,"SUPERFICIE":4206,"POPULATION":3.7,"CODE_CANT":"09","CODE_ARR":"2","CODE_DEPT":"29","NOM_DEPT":"FINISTERE","CODE_REG":"53","NOM_REGION":"BRETAGNE"},"geometry":{"type":"MultiPolygon","coordinates":[[[[193331.0,6806127.0],[192170.0,6806250.0],[190108.0,6807287.0],[187947.0,6808893.0],[188560.0,6809297.0],[189277.0,6809183.0],[189828.0,6809635.0],[189316.0,6811391.0],[190485.0,6811256.0],[192186.0,6812248.0],[193710.0,6811857.0],[195261.0,6812127.0],[198376.0,6811685.0],[198883.0,6811114.0],[198160.0,6809772.0],[198850.0,6808524.0],[197290.0,6807534.0],[196989.0,6807293.0],[196451.0,6808227.0],[196075.0,6808215.0],[195222.0,6807012.0],[194684.0,6807493.0],[194436.0,6808613.0],[194077.0,6808622.0],[193331.0,6806127.0]]]]}},{"type":"Feature","properties":{"ID_GEOFLA":1733,"CODE_COMM":"128","INSEE_COM":"29128","NOM_COMM":"LOC-EGUINER","STATUT":"Commune simple","X_CHF_LIEU":1763,"Y_CHF_LIEU":68427,"X_CENTROID":1764,"Y_CENTROID":68430,"Z_MOYEN":110,"SUPERFICIE":1211,"POPULATION":0.3,"CODE_CANT":"28","CODE_ARR":"1","CODE_DEPT":"29","NOM_DEPT":"FINISTERE","CODE_REG":"53","NOM_REGION":"BRETAGNE"},"geometry":{"type":"MultiPolygon","coordinates":[[[[176756.0,6840274.0],[175718.0,6840521.0],[175775.0,6841644.0],[174934.0,6842343.0],[175517.0,6843321.0],[175444.0,6843697.0],[174662.0,6844946.0],[176260.0,6845598.0],[177621.0,6845038.0],[177937.0,6843022.0],[177514.0,6840995.0],[176756.0,6840274.0]]]]}},{"type":"Feature","properties":{"ID_GEOFLA":1759,"CODE_COMM":"082","INSEE_COM":"29082","NOM_COMM":"ILE-DE-BATZ","STATUT":"Commune simple","X_CHF_LIEU":1851,"Y_CHF_LIEU":68722,"X_CENTROID":1849,"Y_CENTROID":68723,"Z_MOYEN":13,"SUPERFICIE":341,"POPULATION":0.6,"CODE_CANT":"38","CODE_ARR":"3","CODE_DEPT":"29","NOM_DEPT":"FINISTERE","CODE_REG":"53","NOM_REGION":"BRETAGNE"},"geometry":{"type":"MultiPolygon","coordinates":[[[[186473.0,6871226.0],[186215.0,6871707.0],[185437.0,6871816.0],[185164.0,6872098.0],[184794.0,6872061.0],[184502.0,6871797.0],[184123.0,6871820.0],[183421.0,6872154.0],[183262.0,6872270.0],[183186.0,6872451.0],[183257.0,6872629.0],[184491.0,6873212.0],[185456.0,6873072.0],[185945.0,6872460.0],[186618.0,6872102.0],[186722.0,6871527.0],[186473.0,6871226.0]]]]}},{"type":"Feature","properties":{"ID_GEOFLA":1764,"CODE_COMM":"042","INSEE_COM":"29042","NOM_COMM":"CROZON","STATUT":"Chef-lieu canton","X_CHF_LIEU":1448,"Y_CHF_LIEU":68202,"X_CENTROID":1446,"Y_CENTROID":68202,"Z_MOYEN":44,"SUPERFICIE":8054,"POPULATION":7.7,"CODE_CANT":"11","CODE_ARR":"2","CODE_DEPT":"29","NOM_DEPT":"FINISTERE","CODE_REG":"53","NOM_REGION":"BRETAGNE"},"geometry":{"type":"MultiPolygon","coordinates":[[[[150903.0,6817125.0],[149564.0,6817852.0],[148789.0,6817872.0],[148312.0,6818479.0],[146870.0,6819089.0],[144536.0,6819062.0],[144177.0,6818904.0],[143790.0,6818254.0],[144033.0,6817515.0],[142896.0,6816464.0],[141822.0,6814374.0],[140603.0,6813395.0],[140213.0,6812289.0],[139459.0,6812138.0],[138909.0,6813089.0],[139526.0,6813582.0],[139806.0,6815544.0],[139266.0,6819123.0],[138618.0,6819590.0],[140849.0,6820109.0],[140927.0,6821068.0],[140015.0,6822188.0],[140693.0,6823100.0],[139958.0,6823952.0],[140071.0,6824703.0],[139588.0,6825282.0],[139576.0,6825907.0],[140078.0,6826296.0],[140681.0,6826138.0],[141809.0,6824856.0],[142768.0,6825712.0],[144117.0,6827735.0],[144870.0,6827502.0],[143365.0,6825971.0],[144262.0,6824258.0],[144779.0,6823216.0],[145939.0,6823166.0],[146370.0,6822135.0],[148190.0,6821447.0],[152788.0,6822048.0],[152925.0,6822802.0],[154230.0,6822966.0],[154265.0,6821702.0],[153902.0,6820639.0],[152782.0,6820330.0],[151777.0,6819202.0],[151575.0,6818071.0],[150903.0,6817125.0]]]]}},{"type":"Feature","properties":{"ID_GEOFLA":1807,"CODE_COMM":"273","INSEE_COM":"29273","NOM_COMM":"SANTEC","STATUT":"Commune simple","X_CHF_LIEU":1835,"Y_CHF_LIEU":68678,"X_CENTROID":1833,"Y_CENTROID":68674,"Z_MOYEN":15,"SUPERFICIE":820,"POPULATION":2.3,"CODE_CANT":"38","CODE_ARR":"3","CODE_DEPT":"29","NOM_DEPT":"FINISTERE","CODE_REG":"53","NOM_REGION":"BRETAGNE"},"geometry":{"type":"MultiPolygon","coordinates":[[[[183589.0,6865929.0],[182770.0,6866114.0],[181286.0,6866374.0],[181593.0,6867850.0],[182676.0,6868081.0],[183038.0,6868755.0],[184531.0,6868835.0],[185263.0,6870166.0],[184943.0,6869091.0],[184933.0,6866903.0],[184584.0,6866906.0],[183589.0,6865929.0]]]]}},{"type":"Feature","properties":{"ID_GEOFLA":1817,"CODE_COMM":"067","INSEE_COM":"29067","NOM_COMM":"GUERLESQUIN","STATUT":"Commune simple","X_CHF_LIEU":2139,"Y_CHF_LIEU":68444,"X_CENTROID":2141,"Y_CENTROID":68459,"Z_MOYEN":217,"SUPERFICIE":2204,"POPULATION":1.4,"CODE_CANT":"30","CODE_ARR":"3","CODE_DEPT":"29","NOM_DEPT":"FINISTERE","CODE_REG":"53","NOM_REGION":"BRETAGNE"},"geometry":{"type":"MultiPolygon","coordinates":[[[[213145.0,6842389.0],[211901.0,6844766.0],[211983.0,6846343.0],[211420.0,6847365.0],[212843.0,6847834.0],[213573.0,6849049.0],[214832.0,6848425.0],[215522.0,6848680.0],[216767.0,6846849.0],[217809.0,6846424.0],[216224.0,6845305.0],[214152.0,6842977.0],[213145.0,6842389.0]]]]}},{"type":"Feature","properties":{"ID_GEOFLA":1934,"CODE_COMM":"275","INSEE_COM":"29275","NOM_COMM":"SCRIGNAC","STATUT":"Commune simple","X_CHF_LIEU":2066,"Y_CHF_LIEU":68356,"X_CENTROID":2072,"Y_CENTROID":68348,"Z_MOYEN":181,"SUPERFICIE":7056,"POPULATION":0.8,"CODE_CANT":"16","CODE_ARR":"2","CODE_DEPT":"29","NOM_DEPT":"FINISTERE","CODE_REG":"53","NOM_REGION":"BRETAGNE"},"geometry":{"type":"MultiPolygon","coordinates":[[[[205920.0,6828943.0],[205512.0,6830500.0],[205785.0,6831619.0],[205467.0,6832705.0],[203909.0,6833867.0],[203361.0,6834888.0],[201945.0,6834613.0],[200960.0,6835245.0],[199855.0,6836252.0],[199616.0,6836990.0],[201168.0,6837632.0],[203407.0,6837398.0],[205144.0,6837992.0],[205900.0,6837892.0],[207282.0,6839183.0],[208682.0,6839171.0],[209746.0,6840045.0],[209931.0,6839719.0],[210682.0,6839697.0],[211043.0,6838633.0],[211762.0,6838431.0],[211792.0,6837294.0],[211017.0,6836439.0],[210507.0,6834987.0],[211399.0,6833814.0],[211831.0,6831542.0],[211836.0,6830809.0],[211384.0,6830237.0],[210474.0,6829561.0],[209310.0,6829546.0],[208377.0,6830218.0],[206914.0,6830560.0],[205920.0,6828943.0]]]]}},{"type":"Feature","properties":{"ID_GEOFLA":1969,"CODE_COMM":"130","INSEE_COM":"29130","NOM_COMM":"LOCMARIA-PLOUZANE","STATUT":"Commune simple","X_CHF_LIEU":1348,"Y_CHF_LIEU":68356,"X_CENTROID":1343,"Y_CENTROID":68352,"Z_MOYEN":64,"SUPERFICIE":2313,"POPULATION":4.8,"CODE_CANT":"39","CODE_ARR":"1","CODE_DEPT":"29","NOM_DEPT":"FINISTERE","CODE_REG":"53","NOM_REGION":"BRETAGNE"},"geometry":{"type":"MultiPolygon","coordinates":[[[[136076.0,6831454.0],[135705.0,6831408.0],[134948.0,6832228.0],[133903.0,6832540.0],[132048.0,6833765.0],[132080.0,6834902.0],[132518.0,6835956.0],[132198.0,6836636.0],[131825.0,6836738.0],[132409.0,6838074.0],[133494.0,6837817.0],[134265.0,6838671.0],[135378.0,6838963.0],[135846.0,6836402.0],[136468.0,6835449.0],[136575.0,6833575.0],[135927.0,6831805.0],[136076.0,6831454.0]]]]}},{"type":"Feature","properties":{"ID_GEOFLA":1989,"CODE_COMM":"266","INSEE_COM":"29266","NOM_COMM":"SAINT-THEGONNEC","STATUT":"Chef-lieu canton","X_CHF_LIEU":1876,"Y_CHF_LIEU":68470,"X_CENTROID":1882,"Y_CENTROID":68459,"Z_MOYEN":109,"SUPERFICIE":4179,"POPULATION":2.6,"CODE_CANT":"40","CODE_ARR":"3","CODE_DEPT":"29","NOM_DEPT":"FINISTERE","CODE_REG":"53","NOM_REGION":"BRETAGNE"},"geometry":{"type":"MultiPolygon","coordinates":[[[[187680.0,6841198.0],[187024.0,6840905.0],[186498.0,6841391.0],[185483.0,6841664.0],[184819.0,6843400.0],[185103.0,6844844.0],[185426.0,6845055.0],[185861.0,6846513.0],[186859.0,6847683.0],[186964.0,6848806.0],[188952.0,6851124.0],[189095.0,6852265.0],[189767.0,6853644.0],[190153.0,6851802.0],[190680.0,6851251.0],[190975.0,6849061.0],[190192.0,6847721.0],[189551.0,6845483.0],[190923.0,6843606.0],[191008.0,6842836.0],[190716.0,6842576.0],[189232.0,6842306.0],[189016.0,6841156.0],[188644.0,6841034.0],[187680.0,6841198.0]]]]}},{"type":"Feature","properties":{"ID_GEOFLA":2018,"CODE_COMM":"037","INSEE_COM":"29037","NOM_COMM":"COMBRIT","STATUT":"Commune simple","X_CHF_LIEU":1655,"Y_CHF_LIEU":67783,"X_CENTROID":1652,"Y_CENTROID":67783,"Z_MOYEN":21,"SUPERFICIE":2400,"POPULATION":3.5,"CODE_CANT":"34","CODE_ARR":"4","CODE_DEPT":"29","NOM_DEPT":"FINISTERE","CODE_REG":"53","NOM_REGION":"BRETAGNE"},"geometry":{"type":"MultiPolygon","coordinates":[[[[165928.0,6774694.0],[165890.0,6775372.0],[165597.0,6775543.0],[164761.0,6775018.0],[164530.0,6777087.0],[163714.0,6777804.0],[162128.0,6779326.0],[162910.0,6782096.0],[163908.0,6783214.0],[164858.0,6781665.0],[164607.0,6780650.0],[164921.0,6779219.0],[166062.0,6778817.0],[167103.0,6779099.0],[168309.0,6777724.0],[168232.0,6777037.0],[168867.0,6776401.0],[168802.0,6775208.0],[168024.0,6775649.0],[165928.0,6774694.0]]]]}},{"type":"Feature","properties":{"ID_GEOFLA":2155,"CODE_COMM":"113","INSEE_COM":"29113","NOM_COMM":"LANMEUR","STATUT":"Chef-lieu canton","X_CHF_LIEU":2058,"Y_CHF_LIEU":68595,"X_CENTROID":2053,"Y_CENTROID":68590,"Z_MOYEN":100,"SUPERFICIE":2655,"POPULATION":2.2,"CODE_CANT":"19","CODE_ARR":"3","CODE_DEPT":"29","NOM_DEPT":"FINISTERE","CODE_REG":"53","NOM_REGION":"BRETAGNE"},"geometry":{"type":"MultiPolygon","coordinates":[[[[203252.0,6855716.0],[203516.0,6857061.0],[203169.0,6858026.0],[203047.0,6859567.0],[203548.0,6861840.0],[203788.0,6862584.0],[204357.0,6863089.0],[205105.0,6862228.0],[205246.0,6861089.0],[205563.0,6860869.0],[206864.0,6861685.0],[207251.0,6861697.0],[208275.0,6861153.0],[208358.0,6860396.0],[208142.0,6859267.0],[206916.0,6857794.0],[206999.0,6856268.0],[206344.0,6855841.0],[203252.0,6855716.0]]]]}},{"type":"Feature","properties":{"ID_GEOFLA":2469,"CODE_COMM":"077","INSEE_COM":"29077","NOM_COMM":"GUISSENY","STATUT":"Commune simple","X_CHF_LIEU":1548,"Y_CHF_LIEU":68626,"X_CENTROID":1545,"Y_CENTROID":68608,"Z_MOYEN":36,"SUPERFICIE":2528,"POPULATION":1.9,"CODE_CANT":"20","CODE_ARR":"1","CODE_DEPT":"29","NOM_DEPT":"FINISTERE","CODE_REG":"53","NOM_REGION":"BRETAGNE"},"geometry":{"type":"MultiPolygon","coordinates":[[[[155163.0,6857353.0],[153707.0,6858134.0],[152233.0,6859351.0],[151594.0,6860347.0],[151875.0,6862232.0],[150836.0,6862289.0],[152619.0,6863734.0],[152995.0,6862917.0],[153242.0,6863539.0],[155731.0,6862869.0],[156900.0,6861827.0],[158698.0,6861066.0],[159079.0,6860284.0],[156524.0,6859970.0],[155163.0,6857353.0]]]]}},{"type":"Feature","properties":{"ID_GEOFLA":2528,"CODE_COMM":"109","INSEE_COM":"29109","NOM_COMM":"LANDUNVEZ","STATUT":"Commune simple","X_CHF_LIEU":1304,"Y_CHF_LIEU":68537,"X_CENTROID":1302,"Y_CENTROID":68539,"Z_MOYEN":28,"SUPERFICIE":1487,"POPULATION":1.4,"CODE_CANT":"27","CODE_ARR":"1","CODE_DEPT":"29","NOM_DEPT":"FINISTERE","CODE_REG":"53","NOM_REGION":"BRETAGNE"},"geometry":{"type":"MultiPolygon","coordinates":[[[[132492.0,6854244.0],[130510.0,6851349.0],[129326.0,6852133.0],[128599.0,6852085.0],[127596.0,6852500.0],[127944.0,6853602.0],[128635.0,6853952.0],[128951.0,6855064.0],[130465.0,6856274.0],[131191.0,6856481.0],[132133.0,6855880.0],[132297.0,6855474.0],[132492.0,6854244.0]]]]}},{"type":"Feature","properties":{"ID_GEOFLA":2541,"CODE_COMM":"031","INSEE_COM":"29031","NOM_COMM":"CLOHARS-CARNOET","STATUT":"Commune simple","X_CHF_LIEU":2075,"Y_CHF_LIEU":67644,"X_CENTROID":2088,"Y_CENTROID":67641,"Z_MOYEN":42,"SUPERFICIE":3512,"POPULATION":4.0,"CODE_CANT":"36","CODE_ARR":"4","CODE_DEPT":"29","NOM_DEPT":"FINISTERE","CODE_REG":"53","NOM_REGION":"BRETAGNE"},"geometry":{"type":"MultiPolygon","coordinates":[[[[210955.0,6767137.0],[211334.0,6767027.0],[211397.0,6766175.0],[212162.0,6765566.0],[211747.0,6765112.0],[212318.0,6764852.0],[211552.0,6763581.0],[211708.0,6763140.0],[211202.0,6761960.0],[211371.0,6761312.0],[210813.0,6760585.0],[208673.0,6761350.0],[205405.0,6761804.0],[205006.0,6761789.0],[205052.0,6762535.0],[206272.0,6765338.0],[207191.0,6765974.0],[207962.0,6767280.0],[207811.0,6767632.0],[208444.0,6768578.0],[209893.0,6767454.0],[210955.0,6767137.0]]]]}},{"type":"Feature","properties":{"ID_GEOFLA":2774,"CODE_COMM":"161","INSEE_COM":"29161","NOM_COMM":"PLEUVEN","STATUT":"Commune simple","X_CHF_LIEU":1744,"Y_CHF_LIEU":67796,"X_CENTROID":1743,"Y_CENTROID":67806,"Z_MOYEN":41,"SUPERFICIE":1373,"POPULATION":2.6,"CODE_CANT":"15","CODE_ARR":"4","CODE_DEPT":"29","NOM_DEPT":"FINISTERE","CODE_REG":"53","NOM_REGION":"BRETAGNE"},"geometry":{"type":"MultiPolygon","coordinates":[[[[175149.0,6777518.0],[175048.0,6777802.0],[174158.0,6777886.0],[174057.0,6778255.0],[174459.0,6778906.0],[174288.0,6779246.0],[173171.0,6779394.0],[172939.0,6780440.0],[172186.0,6781294.0],[172076.0,6783119.0],[172536.0,6782800.0],[172813.0,6782793.0],[173500.0,6782519.0],[174475.0,6783124.0],[175017.0,6782281.0],[176271.0,6781689.0],[176339.0,6781341.0],[175990.0,6780311.0],[176191.0,6779998.0],[175714.0,6778991.0],[175900.0,6778306.0],[175149.0,6777518.0]]]]}},{"type":"Feature","properties":{"ID_GEOFLA":2779,"CODE_COMM":"115","INSEE_COM":"29115","NOM_COMM":"LANNEDERN","STATUT":"Commune simple","X_CHF_LIEU":1891,"Y_CHF_LIEU":68223,"X_CENTROID":1887,"Y_CENTROID":68211,"Z_MOYEN":144,"SUPERFICIE":1230,"POPULATION":0.3,"CODE_CANT":"25","CODE_ARR":"2","CODE_DEPT":"29","NOM_DEPT":"FINISTERE","CODE_REG":"53","NOM_REGION":"BRETAGNE"},"geometry":{"type":"MultiPolygon","coordinates":[[[[190548.0,6820536.0],[188941.0,6818908.0],[188554.0,6818904.0],[187174.0,6819552.0],[186961.0,6820681.0],[186643.0,6822122.0],[188781.0,6822922.0],[190266.0,6823154.0],[190617.0,6823003.0],[190811.0,6822263.0],[190190.0,6822304.0],[190548.0,6820536.0]]]]}},{"type":"Feature","properties":{"ID_GEOFLA":2780,"CODE_COMM":"119","INSEE_COM":"29119","NOM_COMM":"LANRIVOARE","STATUT":"Commune simple","X_CHF_LIEU":1361,"Y_CHF_LIEU":68464,"X_CENTROID":1364,"Y_CENTROID":68456,"Z_MOYEN":81,"SUPERFICIE":1544,"POPULATION":1.4,"CODE_CANT":"39","CODE_ARR":"1","CODE_DEPT":"29","NOM_DEPT":"FINISTERE","CODE_REG":"53","NOM_REGION":"BRETAGNE"},"geometry":{"type":"MultiPolygon","coordinates":[[[[137147.0,6843733.0],[136882.0,6843041.0],[136520.0,6842958.0],[135412.0,6843027.0],[135186.0,6843322.0],[134385.0,6843795.0],[134226.0,6844435.0],[135395.0,6846759.0],[135747.0,6847782.0],[136834.0,6848128.0],[137118.0,6848826.0],[137868.0,6848804.0],[138322.0,6847403.0],[137983.0,6845994.0],[138105.0,6844910.0],[137979.0,6844563.0],[137301.0,6844408.0],[137147.0,6843733.0]]]]}},{"type":"Feature","properties":{"ID_GEOFLA":3064,"CODE_COMM":"018","INSEE_COM":"29018","NOM_COMM":"BRENNILIS","STATUT":"Commune simple","X_CHF_LIEU":1931,"Y_CHF_LIEU":68283,"X_CENTROID":1931,"Y_CENTROID":68285,"Z_MOYEN":233,"SUPERFICIE":2035,"POPULATION":0.4,"CODE_CANT":"25","CODE_ARR":"2","CODE_DEPT":"29","NOM_DEPT":"FINISTERE","CODE_REG":"53","NOM_REGION":"BRETAGNE"},"geometry":{"type":"MultiPolygon","coordinates":[[[[197138.0,6826547.0],[195987.0,6826601.0],[194955.0,6826239.0],[192812.0,6826978.0],[191679.0,6827959.0],[189790.0,6828310.0],[189521.0,6828616.0],[189415.0,6828971.0],[190131.0,6829718.0],[189867.0,6831165.0],[190076.0,6831856.0],[190458.0,6831927.0],[191761.0,6831081.0],[192053.0,6829990.0],[193549.0,6829817.0],[194520.0,6828663.0],[196813.0,6828642.0],[197852.0,6827422.0],[197050.0,6826866.0],[197138.0,6826547.0]]]]}},{"type":"Feature","properties":{"ID_GEOFLA":3096,"CODE_COMM":"213","INSEE_COM":"29213","NOM_COMM":"PLOUZEVEDE","STATUT":"Chef-lieu canton","X_CHF_LIEU":1762,"Y_CHF_LIEU":68565,"X_CENTROID":1774,"Y_CENTROID":68559,"Z_MOYEN":79,"SUPERFICIE":1821,"POPULATION":1.6,"CODE_CANT":"31","CODE_ARR":"3","CODE_DEPT":"29","NOM_DEPT":"FINISTERE","CODE_REG":"53","NOM_REGION":"BRETAGNE"},"geometry":{"type":"MultiPolygon","coordinates":[[[[177158.0,6853117.0],[175585.0,6854599.0],[175628.0,6854969.0],[174981.0,6855750.0],[175194.0,6856464.0],[175787.0,6856847.0],[175773.0,6857592.0],[175712.0,6859456.0],[177119.0,6859021.0],[177323.0,6858698.0],[176911.0,6858057.0],[177256.0,6857448.0],[179381.0,6856652.0],[180075.0,6856977.0],[180457.0,6856606.0],[180074.0,6855228.0],[179160.0,6854669.0],[179301.0,6853957.0],[177158.0,6853117.0]]]]}},{"type":"Feature","properties":{"ID_GEOFLA":3172,"CODE_COMM":"246","INSEE_COM":"29246","NOM_COMM":"SAINT-ELOY","STATUT":"Commune simple","X_CHF_LIEU":1731,"Y_CHF_LIEU":68305,"X_CENTROID":1736,"Y_CENTROID":68307,"Z_MOYEN":151,"SUPERFICIE":1253,"POPULATION":0.2,"CODE_CANT":"12","CODE_ARR":"1","CODE_DEPT":"29","NOM_DEPT":"FINISTERE","CODE_REG":"53","NOM_REGION":"BRETAGNE"},"geometry":{"type":"MultiPolygon","coordinates":[[[[177734.0,6829089.0],[173303.0,6830124.0],[171765.0,6830241.0],[170651.0,6829895.0],[169838.0,6830561.0],[169879.0,6830931.0],[170709.0,6832068.0],[171786.0,6832170.0],[172328.0,6831627.0],[173822.0,6831267.0],[175745.0,6832397.0],[176540.0,6830285.0],[177532.0,6829771.0],[177734.0,6829089.0]]]]}},{"type":"Feature","properties":{"ID_GEOFLA":3173,"CODE_COMM":"073","INSEE_COM":"29073","NOM_COMM":"GUIMAEC","STATUT":"Commune simple","X_CHF_LIEU":2065,"Y_CHF_LIEU":68617,"X_CENTROID":2068,"Y_CENTROID":68630,"Z_MOYEN":73,"SUPERFICIE":1899,"POPULATION":0.9,"CODE_CANT":"19","CODE_ARR":"3","CODE_DEPT":"29","NOM_DEPT":"FINISTERE","CODE_REG":"53","NOM_REGION":"BRETAGNE"},"geometry":{"type":"MultiPolygon","coordinates":[[[[209751.0,6859990.0],[208358.0,6860396.0],[208275.0,6861153.0],[207251.0,6861697.0],[206864.0,6861685.0],[205563.0,6860869.0],[205246.0,6861089.0],[205105.0,6862228.0],[204357.0,6863089.0],[204470.0,6864631.0],[204073.0,6866495.0],[205959.0,6866091.0],[207317.0,6864220.0],[207466.0,6863169.0],[208149.0,6862950.0],[209151.0,6863348.0],[209374.0,6862627.0],[210554.0,6861686.0],[210587.0,6861310.0],[210124.0,6860562.0],[209751.0,6859990.0]]]]}},{"type":"Feature","properties":{"ID_GEOFLA":3351,"CODE_COMM":"225","INSEE_COM":"29225","NOM_COMM":"POULDREUZIC","STATUT":"Commune simple","X_CHF_LIEU":1513,"Y_CHF_LIEU":67872,"X_CENTROID":1512,"Y_CENTROID":67879,"Z_MOYEN":48,"SUPERFICIE":1681,"POPULATION":1.8,"CODE_CANT":"26","CODE_ARR":"4","CODE_DEPT":"29","NOM_DEPT":"FINISTERE","CODE_REG":"53","NOM_REGION":"BRETAGNE"},"geometry":{"type":"MultiPolygon","coordinates":[[[[148342.0,6785537.0],[147568.0,6786832.0],[149241.0,6787517.0],[150332.0,6790108.0],[151360.0,6790554.0],[151883.0,6789570.0],[152968.0,6789732.0],[153876.0,6789135.0],[154525.0,6789515.0],[154540.0,6788817.0],[154102.0,6788278.0],[154415.0,6787642.0],[151907.0,6786849.0],[151261.0,6786019.0],[149367.0,6786037.0],[148342.0,6785537.0]]]]}},{"type":"Feature","properties":{"ID_GEOFLA":3357,"CODE_COMM":"033","INSEE_COM":"29033","NOM_COMM":"LE CLOITRE-PLEYBEN","STATUT":"Commune simple","X_CHF_LIEU":1892,"Y_CHF_LIEU":68174,"X_CENTROID":1888,"Y_CENTROID":68176,"Z_MOYEN":135,"SUPERFICIE":2042,"POPULATION":0.6,"CODE_CANT":"25","CODE_ARR":"2","CODE_DEPT":"29","NOM_DEPT":"FINISTERE","CODE_REG":"53","NOM_REGION":"BRETAGNE"},"geometry":{"type":"MultiPolygon","coordinates":[[[[190251.0,6814501.0],[188444.0,6815588.0],[187409.0,6815847.0],[186216.0,6816661.0],[186639.0,6818125.0],[185902.0,6819880.0],[186231.0,6820504.0],[186961.0,6820681.0],[187174.0,6819552.0],[188554.0,6818904.0],[188941.0,6818908.0],[190548.0,6820536.0],[191429.0,6818642.0],[191071.0,6817968.0],[191209.0,6816473.0],[190295.0,6815257.0],[190251.0,6814501.0]]]]}},{"type":"Feature","properties":{"ID_GEOFLA":3438,"CODE_COMM":"254","INSEE_COM":"29254","NOM_COMM":"SAINT-MARTIN-DES-CHAMPS","STATUT":"Commune simple","X_CHF_LIEU":1957,"Y_CHF_LIEU":68525,"X_CENTROID":1948,"Y_CENTROID":68525,"Z_MOYEN":67,"SUPERFICIE":1573,"POPULATION":4.9,"CODE_CANT":"22","CODE_ARR":"3","CODE_DEPT":"29","NOM_DEPT":"FINISTERE","CODE_REG":"53","NOM_REGION":"BRETAGNE"},"geometry":{"type":"MultiPolygon","coordinates":[[[[196088.0,6850056.0],[195130.0,6849031.0],[194597.0,6849502.0],[193891.0,6849367.0],[193297.0,6849765.0],[193997.0,6850615.0],[193397.0,6852338.0],[193719.0,6853376.0],[193592.0,6854082.0],[194070.0,6855780.0],[195092.0,6856067.0],[195616.0,6855620.0],[196068.0,6855026.0],[196277.0,6853930.0],[195800.0,6852175.0],[196200.0,6851555.0],[196088.0,6850056.0]]]]}},{"type":"Feature","properties":{"ID_GEOFLA":3502,"CODE_COMM":"152","INSEE_COM":"29152","NOM_COMM":"MOTREFF","STATUT":"Commune simple","X_CHF_LIEU":2135,"Y_CHF_LIEU":68092,"X_CENTROID":2131,"Y_CENTROID":68112,"Z_MOYEN":146,"SUPERFICIE":2140,"POPULATION":0.7,"CODE_CANT":"07","CODE_ARR":"2","CODE_DEPT":"29","NOM_DEPT":"FINISTERE","CODE_REG":"53","NOM_REGION":"BRETAGNE"},"geometry":{"type":"MultiPolygon","coordinates":[[[[216005.0,6808533.0],[216065.0,6807802.0],[215710.0,6807708.0],[214357.0,6808268.0],[212579.0,6808021.0],[211585.0,6809149.0],[211673.0,6811022.0],[211046.0,6811990.0],[211293.0,6812647.0],[210531.0,6813935.0],[214029.0,6815054.0],[215082.0,6814858.0],[214714.0,6813816.0],[214000.0,6813571.0],[213709.0,6812078.0],[214637.0,6809986.0],[215972.0,6809291.0],[216005.0,6808533.0]]]]}},{"type":"Feature","properties":{"ID_GEOFLA":3577,"CODE_COMM":"035","INSEE_COM":"29035","NOM_COMM":"COAT-MEAL","STATUT":"Commune simple","X_CHF_LIEU":1437,"Y_CHF_LIEU":68496,"X_CENTROID":1438,"Y_CENTROID":68493,"Z_MOYEN":66,"SUPERFICIE":1068,"POPULATION":1.0,"CODE_CANT":"24","CODE_ARR":"1","CODE_DEPT":"29","NOM_DEPT":"FINISTERE","CODE_REG":"53","NOM_REGION":"BRETAGNE"},"geometry":{"type":"MultiPolygon","coordinates":[[[[144469.0,6846187.0],[144139.0,6846081.0],[143724.0,6846634.0],[143067.0,6846682.0],[142631.0,6848943.0],[142224.0,6849600.0],[141839.0,6849671.0],[142968.0,6849830.0],[142892.0,6850933.0],[143989.0,6851876.0],[145247.0,6853081.0],[145680.0,6852270.0],[145343.0,6851581.0],[144094.0,6850801.0],[144830.0,6849034.0],[144512.0,6848352.0],[144779.0,6846862.0],[144469.0,6846187.0]]]]}},{"type":"Feature","properties":{"ID_GEOFLA":3578,"CODE_COMM":"076","INSEE_COM":"29076","NOM_COMM":"GUIPRONVEL","STATUT":"Commune simple","X_CHF_LIEU":1411,"Y_CHF_LIEU":68479,"X_CENTROID":1415,"Y_CENTROID":68480,"Z_MOYEN":66,"SUPERFICIE":845,"POPULATION":0.7,"CODE_CANT":"39","CODE_ARR":"1","CODE_DEPT":"29","NOM_DEPT":"FINISTERE","CODE_REG":"53","NOM_REGION":"BRETAGNE"},"geometry":{"type":"MultiPolygon","coordinates":[[[[143067.0,6846682.0],[142110.0,6846093.0],[141251.0,6846761.0],[140184.0,6846484.0],[139830.0,6847151.0],[140402.0,6847642.0],[140651.0,6849916.0],[140669.0,6850283.0],[141031.0,6850350.0],[141839.0,6849671.0],[142224.0,6849600.0],[142631.0,6848943.0],[143067.0,6846682.0]]]]}},{"type":"Feature","properties":{"ID_GEOFLA":3644,"CODE_COMM":"285","INSEE_COM":"29285","NOM_COMM":"TREFLAOUENAN","STATUT":"Commune simple","X_CHF_LIEU":1777,"Y_CHF_LIEU":68598,"X_CENTROID":1774,"Y_CENTROID":68597,"Z_MOYEN":54,"SUPERFICIE":817,"POPULATION":0.5,"CODE_CANT":"31","CODE_ARR":"3","CODE_DEPT":"29","NOM_DEPT":"FINISTERE","CODE_REG":"53","NOM_REGION":"BRETAGNE"},"geometry":{"type":"MultiPolygon","coordinates":[[[[175773.0,6857592.0],[175131.0,6857838.0],[174410.0,6859127.0],[174931.0,6859657.0],[176714.0,6860052.0],[177589.0,6861226.0],[178315.0,6861320.0],[179024.0,6861076.0],[180119.0,6861336.0],[180141.0,6860639.0],[179017.0,6859658.0],[179023.0,6858921.0],[178020.0,6858734.0],[177119.0,6859021.0],[175712.0,6859456.0],[175773.0,6857592.0]]]]}},{"type":"Feature","properties":{"ID_GEOFLA":3658,"CODE_COMM":"215","INSEE_COM":"29215","NOM_COMM":"PLOZEVET","STATUT":"Commune simple","X_CHF_LIEU":1469,"Y_CHF_LIEU":67911,"X_CENTROID":1480,"Y_CENTROID":67906,"Z_MOYEN":54,"SUPERFICIE":2750,"POPULATION":2.9,"CODE_CANT":"26","CODE_ARR":"4","CODE_DEPT":"29","NOM_DEPT":"FINISTERE","CODE_REG":"53","NOM_REGION":"BRETAGNE"},"geometry":{"type":"MultiPolygon","coordinates":[[[[147568.0,6786832.0],[146967.0,6788248.0],[144132.0,6791332.0],[146043.0,6792405.0],[146546.0,6792953.0],[146669.0,6793685.0],[147035.0,6793780.0],[148112.0,6792804.0],[149815.0,6793502.0],[151154.0,6792834.0],[151029.0,6791388.0],[150332.0,6790108.0],[149241.0,6787517.0],[147568.0,6786832.0]]]]}},{"type":"Feature","properties":{"ID_GEOFLA":3696,"CODE_COMM":"236","INSEE_COM":"29236","NOM_COMM":"RIEC-SUR-BELON","STATUT":"Commune simple","X_CHF_LIEU":1998,"Y_CHF_LIEU":67704,"X_CENTROID":2001,"Y_CENTROID":67710,"Z_MOYEN":51,"SUPERFICIE":5440,"POPULATION":4.2,"CODE_CANT":"32","CODE_ARR":"4","CODE_DEPT":"29","NOM_DEPT":"FINISTERE","CODE_REG":"53","NOM_REGION":"BRETAGNE"},"geometry":{"type":"MultiPolygon","coordinates":[[[[203811.0,6768499.0],[202788.0,6767970.0],[201284.0,6768403.0],[200168.0,6768066.0],[199662.0,6767923.0],[199740.0,6769000.0],[198858.0,6767456.0],[196601.0,6766055.0],[196043.0,6767858.0],[196043.0,6769064.0],[195563.0,6769843.0],[195991.0,6770712.0],[195719.0,6770932.0],[195929.0,6771290.0],[196672.0,6771339.0],[197250.0,6771823.0],[197225.0,6772591.0],[197739.0,6773602.0],[197404.0,6775086.0],[198126.0,6775223.0],[198519.0,6775841.0],[200169.0,6776608.0],[200609.0,6773581.0],[201518.0,6772852.0],[202682.0,6772777.0],[204630.0,6773953.0],[206403.0,6773310.0],[206100.0,6772862.0],[204793.0,6772254.0],[204855.0,6771186.0],[204421.0,6769763.0],[203811.0,6768499.0]]]]}},{"type":"Feature","properties":{"ID_GEOFLA":3754,"CODE_COMM":"297","INSEE_COM":"29297","NOM_COMM":"TREMEVEN","STATUT":"Commune simple","X_CHF_LIEU":2124,"Y_CHF_LIEU":67755,"X_CENTROID":2130,"Y_CENTROID":67758,"Z_MOYEN":68,"SUPERFICIE":1543,"POPULATION":2.1,"CODE_CANT":"36","CODE_ARR":"4","CODE_DEPT":"29","NOM_DEPT":"FINISTERE","CODE_REG":"53","NOM_REGION":"BRETAGNE"},"geometry":{"type":"MultiPolygon","coordinates":[[[[212690.0,6773474.0],[211970.0,6773463.0],[211230.0,6774640.0],[211304.0,6776095.0],[210733.0,6777372.0],[211784.0,6777597.0],[212419.0,6778401.0],[213842.0,6778141.0],[214203.0,6778005.0],[214288.0,6777238.0],[215371.0,6775661.0],[214755.0,6774863.0],[214814.0,6774161.0],[214293.0,6773753.0],[213268.0,6773842.0],[212690.0,6773474.0]]]]}},{"type":"Feature","properties":{"ID_GEOFLA":3758,"CODE_COMM":"141","INSEE_COM":"29141","NOM_COMM":"LOQUEFFRET","STATUT":"Commune simple","X_CHF_LIEU":1924,"Y_CHF_LIEU":68243,"X_CENTROID":1922,"Y_CENTROID":68253,"Z_MOYEN":215,"SUPERFICIE":2772,"POPULATION":0.4,"CODE_CANT":"25","CODE_ARR":"2","CODE_DEPT":"29","NOM_DEPT":"FINISTERE","CODE_REG":"53","NOM_REGION":"BRETAGNE"},"geometry":{"type":"MultiPolygon","coordinates":[[[[190811.0,6822263.0],[190617.0,6823003.0],[190266.0,6823154.0],[188781.0,6822922.0],[188393.0,6823939.0],[189506.0,6825375.0],[189391.0,6826480.0],[189790.0,6828310.0],[191679.0,6827959.0],[192812.0,6826978.0],[194955.0,6826239.0],[195987.0,6826601.0],[197138.0,6826547.0],[197858.0,6825698.0],[196924.0,6824619.0],[195437.0,6824864.0],[193889.0,6824653.0],[193323.0,6823284.0],[190811.0,6822263.0]]]]}},{"type":"Feature","properties":{"ID_GEOFLA":3930,"CODE_COMM":"234","INSEE_COM":"29234","NOM_COMM":"REDENE","STATUT":"Commune simple","X_CHF_LIEU":2173,"Y_CHF_LIEU":67708,"X_CENTROID":2154,"Y_CENTROID":67704,"Z_MOYEN":53,"SUPERFICIE":2462,"POPULATION":2.7,"CODE_CANT":"01","CODE_ARR":"4","CODE_DEPT":"29","NOM_DEPT":"FINISTERE","CODE_REG":"53","NOM_REGION":"BRETAGNE"},"geometry":{"type":"MultiPolygon","coordinates":[[[[217444.0,6768214.0],[216307.0,6768217.0],[215237.0,6767131.0],[214854.0,6767137.0],[213572.0,6767969.0],[212897.0,6768859.0],[212961.0,6769929.0],[213596.0,6770261.0],[213343.0,6770965.0],[213959.0,6772684.0],[212690.0,6773474.0],[213268.0,6773842.0],[214293.0,6773753.0],[214814.0,6774161.0],[216351.0,6772543.0],[218058.0,6771910.0],[218250.0,6770901.0],[218203.0,6769470.0],[217444.0,6768214.0]]]]}},{"type":"Feature","properties":{"ID_GEOFLA":3950,"CODE_COMM":"182","INSEE_COM":"29182","NOM_COMM":"PLOUEGAT-GUERAND","STATUT":"Commune simple","X_CHF_LIEU":2085,"Y_CHF_LIEU":68564,"X_CENTROID":2089,"Y_CENTROID":68565,"Z_MOYEN":75,"SUPERFICIE":1743,"POPULATION":1.1,"CODE_CANT":"19","CODE_ARR":"3","CODE_DEPT":"29","NOM_DEPT":"FINISTERE","CODE_REG":"53","NOM_REGION":"BRETAGNE"},"geometry":{"type":"MultiPolygon","coordinates":[[[[210895.0,6853451.0],[210207.0,6853113.0],[208048.0,6853864.0],[207748.0,6854550.0],[207878.0,6855698.0],[207711.0,6856046.0],[206999.0,6856268.0],[206916.0,6857794.0],[208142.0,6859267.0],[208358.0,6860396.0],[209751.0,6859990.0],[210096.0,6855888.0],[210425.0,6855228.0],[211070.0,6854893.0],[210895.0,6853451.0]]]]}},{"type":"Feature","properties":{"ID_GEOFLA":4078,"CODE_COMM":"187","INSEE_COM":"29187","NOM_COMM":"PLOUGAR","STATUT":"Commune simple","X_CHF_LIEU":1737,"Y_CHF_LIEU":68530,"X_CENTROID":1746,"Y_CENTROID":68521,"Z_MOYEN":93,"SUPERFICIE":1758,"POPULATION":0.7,"CODE_CANT":"29","CODE_ARR":"3","CODE_DEPT":"29","NOM_DEPT":"FINISTERE","CODE_REG":"53","NOM_REGION":"BRETAGNE"},"geometry":{"type":"MultiPolygon","coordinates":[[[[173734.0,6849799.0],[173417.0,6850003.0],[173352.0,6850748.0],[172781.0,6851207.0],[171222.0,6852003.0],[171960.0,6853205.0],[172672.0,6853005.0],[173762.0,6853232.0],[173937.0,6853955.0],[174500.0,6854449.0],[175585.0,6854599.0],[177158.0,6853117.0],[177199.0,6851989.0],[176441.0,6851194.0],[176505.0,6850096.0],[175369.0,6849942.0],[174305.0,6850243.0],[173734.0,6849799.0]]]]}},{"type":"Feature","properties":{"ID_GEOFLA":4192,"CODE_COMM":"241","INSEE_COM":"29241","NOM_COMM":"ROSPORDEN","STATUT":"Chef-lieu canton","X_CHF_LIEU":1905,"Y_CHF_LIEU":67843,"X_CENTROID":1929,"Y_CENTROID":67838,"Z_MOYEN":118,"SUPERFICIE":5742,"POPULATION":7.0,"CODE_CANT":"37","CODE_ARR":"4","CODE_DEPT":"29","NOM_DEPT":"FINISTERE","CODE_REG":"53","NOM_REGION":"BRETAGNE"},"geometry":{"type":"MultiPolygon","coordinates":[[[[195757.0,6777193.0],[193674.0,6777834.0],[193140.0,6778394.0],[192884.0,6780665.0],[192118.0,6781997.0],[191412.0,6782313.0],[190289.0,6782241.0],[189294.0,6783397.0],[186227.0,6783245.0],[186017.0,6783923.0],[186228.0,6784213.0],[187270.0,6784155.0],[187499.0,6784834.0],[188138.0,6784414.0],[188891.0,6784556.0],[189190.0,6786436.0],[190684.0,6788161.0],[192172.0,6787483.0],[192462.0,6788106.0],[193982.0,6788260.0],[194657.0,6787876.0],[196555.0,6787608.0],[196872.0,6786483.0],[196829.0,6784939.0],[195906.0,6784354.0],[196291.0,6781329.0],[195625.0,6780416.0],[195591.0,6778872.0],[196059.0,6777829.0],[195757.0,6777193.0]]]]}},{"type":"Feature","properties":{"ID_GEOFLA":4316,"CODE_COMM":"175","INSEE_COM":"29175","NOM_COMM":"PLONEVEZ-DU-FAOU","STATUT":"Commune simple","X_CHF_LIEU":1940,"Y_CHF_LIEU":68166,"X_CENTROID":1942,"Y_CENTROID":68169,"Z_MOYEN":134,"SUPERFICIE":8081,"POPULATION":2.1,"CODE_CANT":"09","CODE_ARR":"2","CODE_DEPT":"29","NOM_DEPT":"FINISTERE","CODE_REG":"53","NOM_REGION":"BRETAGNE"},"geometry":{"type":"MultiPolygon","coordinates":[[[[200034.0,6811974.0],[200363.0,6810593.0],[200049.0,6810408.0],[198883.0,6811114.0],[198376.0,6811685.0],[195261.0,6812127.0],[193710.0,6811857.0],[192186.0,6812248.0],[190485.0,6811256.0],[189316.0,6811391.0],[190251.0,6814501.0],[190295.0,6815257.0],[191209.0,6816473.0],[191071.0,6817968.0],[191429.0,6818642.0],[190548.0,6820536.0],[190190.0,6822304.0],[190811.0,6822263.0],[193323.0,6823284.0],[193889.0,6824653.0],[195437.0,6824864.0],[196924.0,6824619.0],[196660.0,6824088.0],[197221.0,6823883.0],[197080.0,6823523.0],[196351.0,6823509.0],[195327.0,6822967.0],[195211.0,6821086.0],[196601.0,6818872.0],[196426.0,6817397.0],[196686.0,6817111.0],[197833.0,6817128.0],[199318.0,6812235.0],[200034.0,6811974.0]]]]}},{"type":"Feature","properties":{"ID_GEOFLA":4383,"CODE_COMM":"227","INSEE_COM":"29227","NOM_COMM":"POULLAOUEN","STATUT":"Commune simple","X_CHF_LIEU":2083,"Y_CHF_LIEU":68251,"X_CENTROID":2093,"Y_CENTROID":68256,"Z_MOYEN":144,"SUPERFICIE":7205,"POPULATION":1.4,"CODE_CANT":"07","CODE_ARR":"2","CODE_DEPT":"29","NOM_DEPT":"FINISTERE","CODE_REG":"53","NOM_REGION":"BRETAGNE"},"geometry":{"type":"MultiPolygon","coordinates":[[[[210270.0,6821032.0],[208345.0,6820991.0],[206682.0,6820020.0],[205185.0,6820422.0],[204228.0,6821573.0],[205279.0,6822581.0],[205343.0,6823335.0],[205604.0,6825239.0],[205471.0,6827886.0],[205920.0,6828943.0],[206914.0,6830560.0],[208377.0,6830218.0],[209310.0,6829546.0],[210474.0,6829561.0],[211384.0,6830237.0],[215154.0,6828649.0],[215181.0,6827887.0],[214313.0,6825385.0],[212975.0,6825057.0],[210270.0,6821032.0]]]]}},{"type":"Feature","properties":{"ID_GEOFLA":4481,"CODE_COMM":"279","INSEE_COM":"29279","NOM_COMM":"TAULE","STATUT":"Chef-lieu canton","X_CHF_LIEU":1918,"Y_CHF_LIEU":68559,"X_CENTROID":1919,"Y_CENTROID":68559,"Z_MOYEN":66,"SUPERFICIE":2954,"POPULATION":2.9,"CODE_CANT":"43","CODE_ARR":"3","CODE_DEPT":"29","NOM_DEPT":"FINISTERE","CODE_REG":"53","NOM_REGION":"BRETAGNE"},"geometry":{"type":"MultiPolygon","coordinates":[[[[190680.0,6851251.0],[190153.0,6851802.0],[189767.0,6853644.0],[190042.0,6854350.0],[189295.0,6855561.0],[189291.0,6855606.0],[188917.0,6857090.0],[189159.0,6857386.0],[189818.0,6857083.0],[190874.0,6858530.0],[191877.0,6858926.0],[192594.0,6859760.0],[193130.0,6859386.0],[193673.0,6859740.0],[195012.0,6858812.0],[195222.0,6858443.0],[194236.0,6858122.0],[194216.0,6857767.0],[195126.0,6857264.0],[194753.0,6856697.0],[194944.0,6856326.0],[194070.0,6855780.0],[193592.0,6854082.0],[193719.0,6853376.0],[192629.0,6853233.0],[192519.0,6852878.0],[191516.0,6852436.0],[190680.0,6851251.0]]]]}},{"type":"Feature","properties":{"ID_GEOFLA":4498,"CODE_COMM":"139","INSEE_COM":"29139","NOM_COMM":"LOPEREC","STATUT":"Commune simple","X_CHF_LIEU":1778,"Y_CHF_LIEU":68207,"X_CENTROID":1790,"Y_CENTROID":68233,"Z_MOYEN":143,"SUPERFICIE":3999,"POPULATION":0.8,"CODE_CANT":"14","CODE_ARR":"2","CODE_DEPT":"29","NOM_DEPT":"FINISTERE","CODE_REG":"53","NOM_REGION":"BRETAGNE"},"geometry":{"type":"MultiPolygon","coordinates":[[[[177715.0,6818245.0],[176411.0,6819335.0],[176056.0,6819445.0],[176400.0,6820104.0],[176333.0,6821585.0],[176918.0,6824146.0],[176355.0,6824563.0],[178014.0,6825979.0],[178640.0,6828520.0],[178446.0,6829626.0],[178592.0,6829675.0],[180589.0,6828583.0],[181061.0,6827167.0],[181017.0,6825681.0],[181716.0,6824377.0],[181556.0,6821027.0],[179104.0,6818778.0],[177715.0,6818245.0]]]]}},{"type":"Feature","properties":{"ID_GEOFLA":4530,"CODE_COMM":"028","INSEE_COM":"29028","NOM_COMM":"CLEDEN-CAP-SIZUN","STATUT":"Commune simple","X_CHF_LIEU":1310,"Y_CHF_LIEU":67994,"X_CENTROID":1304,"Y_CENTROID":68002,"Z_MOYEN":51,"SUPERFICIE":1934,"POPULATION":1.0,"CODE_CANT":"33","CODE_ARR":"4","CODE_DEPT":"29","NOM_DEPT":"FINISTERE","CODE_REG":"53","NOM_REGION":"BRETAGNE"},"geometry":{"type":"MultiPolygon","coordinates":[[[[133524.0,6798197.0],[131911.0,6798359.0],[126696.0,6799790.0],[126252.0,6801187.0],[126258.0,6801572.0],[126374.0,6801898.0],[129461.0,6801120.0],[129850.0,6802262.0],[132418.0,6801665.0],[132704.0,6802002.0],[133206.0,6801602.0],[133419.0,6800122.0],[133947.0,6799139.0],[133524.0,6798197.0]]]]}},{"type":"Feature","properties":{"ID_GEOFLA":4596,"CODE_COMM":"074","INSEE_COM":"29074","NOM_COMM":"GUIMILIAU","STATUT":"Commune simple","X_CHF_LIEU":1836,"Y_CHF_LIEU":68437,"X_CENTROID":1835,"Y_CENTROID":68430,"Z_MOYEN":118,"SUPERFICIE":1124,"POPULATION":0.9,"CODE_CANT":"18","CODE_ARR":"3","CODE_DEPT":"29","NOM_DEPT":"FINISTERE","CODE_REG":"53","NOM_REGION":"BRETAGNE"},"geometry":{"type":"MultiPolygon","coordinates":[[[[185210.0,6841135.0],[184205.0,6841623.0],[183309.0,6840985.0],[182652.0,6841342.0],[181928.0,6841179.0],[181606.0,6842657.0],[182277.0,6843004.0],[182826.0,6843975.0],[182321.0,6845362.0],[185103.0,6844844.0],[184819.0,6843400.0],[185483.0,6841664.0],[185210.0,6841135.0]]]]}},{"type":"Feature","properties":{"ID_GEOFLA":4642,"CODE_COMM":"123","INSEE_COM":"29123","NOM_COMM":"LENNON","STATUT":"Commune simple","X_CHF_LIEU":1880,"Y_CHF_LIEU":68103,"X_CENTROID":1878,"Y_CENTROID":68118,"Z_MOYEN":89,"SUPERFICIE":2292,"POPULATION":0.8,"CODE_CANT":"25","CODE_ARR":"2","CODE_DEPT":"29","NOM_DEPT":"FINISTERE","CODE_REG":"53","NOM_REGION":"BRETAGNE"},"geometry":{"type":"MultiPolygon","coordinates":[[[[186123.0,6808234.0],[185658.0,6808649.0],[185356.0,6810338.0],[185560.0,6811482.0],[186300.0,6812350.0],[186241.0,6812734.0],[187438.0,6814706.0],[187409.0,6815847.0],[188444.0,6815588.0],[190251.0,6814501.0],[189316.0,6811391.0],[189828.0,6809635.0],[189277.0,6809183.0],[188560.0,6809297.0],[187947.0,6808893.0],[187269.0,6809052.0],[186123.0,6808234.0]]]]}},{"type":"Feature","properties":{"ID_GEOFLA":4695,"CODE_COMM":"134","INSEE_COM":"29134","NOM_COMM":"LOCRONAN","STATUT":"Commune simple","X_CHF_LIEU":1641,"Y_CHF_LIEU":68021,"X_CENTROID":1638,"Y_CENTROID":68019,"Z_MOYEN":131,"SUPERFICIE":797,"POPULATION":0.8,"CODE_CANT":"08","CODE_ARR":"2","CODE_DEPT":"29","NOM_DEPT":"FINISTERE","CODE_REG":"53","NOM_REGION":"BRETAGNE"},"geometry":{"type":"MultiPolygon","coordinates":[[[[162244.0,6800096.0],[161816.0,6800971.0],[162124.0,6801925.0],[162723.0,6803193.0],[164232.0,6803018.0],[164755.0,6803468.0],[165695.0,6802862.0],[166261.0,6801887.0],[164188.0,6801124.0],[163084.0,6801100.0],[162876.0,6800390.0],[162244.0,6800096.0]]]]}},{"type":"Feature","properties":{"ID_GEOFLA":4793,"CODE_COMM":"238","INSEE_COM":"29238","NOM_COMM":"ROSCANVEL","STATUT":"Commune simple","X_CHF_LIEU":1412,"Y_CHF_LIEU":68285,"X_CENTROID":1405,"Y_CENTROID":68288,"Z_MOYEN":49,"SUPERFICIE":937,"POPULATION":1.0,"CODE_CANT":"11","CODE_ARR":"2","CODE_DEPT":"29","NOM_DEPT":"FINISTERE","CODE_REG":"53","NOM_REGION":"BRETAGNE"},"geometry":{"type":"MultiPolygon","coordinates":[[[[139576.0,6825907.0],[139083.0,6829351.0],[140901.0,6830848.0],[142045.0,6831102.0],[142639.0,6831211.0],[142399.0,6830576.0],[141738.0,6829602.0],[141159.0,6827736.0],[140517.0,6827298.0],[140681.0,6826138.0],[140078.0,6826296.0],[139576.0,6825907.0]]]]}},{"type":"Feature","properties":{"ID_GEOFLA":4902,"CODE_COMM":"015","INSEE_COM":"29015","NOM_COMM":"BOURG-BLANC","STATUT":"Commune simple","X_CHF_LIEU":1463,"Y_CHF_LIEU":68484,"X_CENTROID":1467,"Y_CENTROID":68479,"Z_MOYEN":73,"SUPERFICIE":2878,"POPULATION":3.3,"CODE_CANT":"24","CODE_ARR":"1","CODE_DEPT":"29","NOM_DEPT":"FINISTERE","CODE_REG":"53","NOM_REGION":"BRETAGNE"},"geometry":{"type":"MultiPolygon","coordinates":[[[[146816.0,6843328.0],[146546.0,6843904.0],[146102.0,6843491.0],[146010.0,6844950.0],[145306.0,6845122.0],[144469.0,6846187.0],[144779.0,6846862.0],[144512.0,6848352.0],[144830.0,6849034.0],[144094.0,6850801.0],[145343.0,6851581.0],[145680.0,6852270.0],[148365.0,6850288.0],[149145.0,6848974.0],[149152.0,6847844.0],[149914.0,6847798.0],[150006.0,6847435.0],[148808.0,6846049.0],[147442.0,6845710.0],[148016.0,6844752.0],[146816.0,6843328.0]]]]}},{"type":"Feature","properties":{"ID_GEOFLA":4903,"CODE_COMM":"047","INSEE_COM":"29047","NOM_COMM":"LE DRENNEC","STATUT":"Commune simple","X_CHF_LIEU":1565,"Y_CHF_LIEU":68514,"X_CENTROID":1558,"Y_CENTROID":68513,"Z_MOYEN":58,"SUPERFICIE":962,"POPULATION":1.8,"CODE_CANT":"24","CODE_ARR":"1","CODE_DEPT":"29","NOM_DEPT":"FINISTERE","CODE_REG":"53","NOM_REGION":"BRETAGNE"},"geometry":{"type":"MultiPolygon","coordinates":[[[[156817.0,6849083.0],[155720.0,6849289.0],[155458.0,6850005.0],[154767.0,6850321.0],[154155.0,6852057.0],[154167.0,6852815.0],[154474.0,6853042.0],[155118.0,6853883.0],[155777.0,6852672.0],[156930.0,6853341.0],[156794.0,6853091.0],[157217.0,6852725.0],[156690.0,6852183.0],[157186.0,6851127.0],[157452.0,6849206.0],[156817.0,6849083.0]]]]}},{"type":"Feature","properties":{"ID_GEOFLA":5084,"CODE_COMM":"137","INSEE_COM":"29137","NOM_COMM":"LOGONNA-DAOULAS","STATUT":"Commune simple","X_CHF_LIEU":1597,"Y_CHF_LIEU":68272,"X_CENTROID":1605,"Y_CENTROID":68280,"Z_MOYEN":28,"SUPERFICIE":1253,"POPULATION":2.1,"CODE_CANT":"12","CODE_ARR":"1","CODE_DEPT":"29","NOM_DEPT":"FINISTERE","CODE_REG":"53","NOM_REGION":"BRETAGNE"},"geometry":{"type":"MultiPolygon","coordinates":[[[[163006.0,6827690.0],[161651.0,6827010.0],[160887.0,6826987.0],[160032.0,6826114.0],[158864.0,6826892.0],[156815.0,6826684.0],[158216.0,6828085.0],[159513.0,6828267.0],[158475.0,6828863.0],[161515.0,6829756.0],[162835.0,6829410.0],[163840.0,6829736.0],[163562.0,6829083.0],[162743.0,6828531.0],[163006.0,6827690.0]]]]}},{"type":"Feature","properties":{"ID_GEOFLA":5304,"CODE_COMM":"179","INSEE_COM":"29179","NOM_COMM":"PLOUDANIEL","STATUT":"Commune simple","X_CHF_LIEU":1610,"Y_CHF_LIEU":68512,"X_CENTROID":1607,"Y_CENTROID":68497,"Z_MOYEN":75,"SUPERFICIE":4565,"POPULATION":3.7,"CODE_CANT":"21","CODE_ARR":"1","CODE_DEPT":"29","NOM_DEPT":"FINISTERE","CODE_REG":"53","NOM_REGION":"BRETAGNE"},"geometry":{"type":"MultiPolygon","coordinates":[[[[162367.0,6843766.0],[161738.0,6844134.0],[159652.0,6845734.0],[158701.0,6847751.0],[157970.0,6847548.0],[157452.0,6849206.0],[157186.0,6851127.0],[156690.0,6852183.0],[157217.0,6852725.0],[157446.0,6853019.0],[159613.0,6853291.0],[159928.0,6853490.0],[159968.0,6854187.0],[161005.0,6853907.0],[161661.0,6854694.0],[162725.0,6854791.0],[162847.0,6854345.0],[162500.0,6854179.0],[161248.0,6851433.0],[161933.0,6851174.0],[164175.0,6851485.0],[165673.0,6850124.0],[165741.0,6849699.0],[163318.0,6848781.0],[162903.0,6847722.0],[162536.0,6847839.0],[161896.0,6847442.0],[162415.0,6846012.0],[162367.0,6843766.0]]]]}},{"type":"Feature","properties":{"ID_GEOFLA":5446,"CODE_COMM":"268","INSEE_COM":"29268","NOM_COMM":"SAINT-THONAN","STATUT":"Commune simple","X_CHF_LIEU":1586,"Y_CHF_LIEU":68450,"X_CENTROID":1596,"Y_CENTROID":68446,"Z_MOYEN":89,"SUPERFICIE":1145,"POPULATION":1.4,"CODE_CANT":"17","CODE_ARR":"1","CODE_DEPT":"29","NOM_DEPT":"FINISTERE","CODE_REG":"53","NOM_REGION":"BRETAGNE"},"geometry":{"type":"MultiPolygon","coordinates":[[[[160813.0,6841454.0],[160422.0,6842836.0],[158926.0,6843858.0],[158184.0,6843929.0],[157599.0,6846079.0],[157970.0,6847548.0],[158701.0,6847751.0],[159652.0,6845734.0],[161738.0,6844134.0],[161711.0,6842607.0],[161426.0,6841890.0],[160813.0,6841454.0]]]]}},{"type":"Feature","properties":{"ID_GEOFLA":5584,"CODE_COMM":"208","INSEE_COM":"29208","NOM_COMM":"PLOURIN","STATUT":"Commune simple","X_CHF_LIEU":1332,"Y_CHF_LIEU":68508,"X_CENTROID":1332,"Y_CENTROID":68501,"Z_MOYEN":64,"SUPERFICIE":2564,"POPULATION":1.1,"CODE_CANT":"27","CODE_ARR":"1","CODE_DEPT":"29","NOM_DEPT":"FINISTERE","CODE_REG":"53","NOM_REGION":"BRETAGNE"},"geometry":{"type":"MultiPolygon","coordinates":[[[[135395.0,6846759.0],[133975.0,6846890.0],[133915.0,6847998.0],[132972.0,6849145.0],[132118.0,6848412.0],[131673.0,6848994.0],[130575.0,6849314.0],[129842.0,6849136.0],[130029.0,6850514.0],[128599.0,6852085.0],[129326.0,6852133.0],[130510.0,6851349.0],[132492.0,6854244.0],[133049.0,6852784.0],[133735.0,6851835.0],[134428.0,6851486.0],[134929.0,6850431.0],[136324.0,6849751.0],[137214.0,6850346.0],[137767.0,6849823.0],[137277.0,6849463.0],[137118.0,6848826.0],[136834.0,6848128.0],[135747.0,6847782.0],[135395.0,6846759.0]]]]}},{"type":"Feature","properties":{"ID_GEOFLA":5872,"CODE_COMM":"247","INSEE_COM":"29247","NOM_COMM":"SAINT-EVARZEC","STATUT":"Commune simple","X_CHF_LIEU":1765,"Y_CHF_LIEU":67828,"X_CENTROID":1774,"Y_CENTROID":67847,"Z_MOYEN":61,"SUPERFICIE":2468,"POPULATION":3.3,"CODE_CANT":"15","CODE_ARR":"4","CODE_DEPT":"29","NOM_DEPT":"FINISTERE","CODE_REG":"53","NOM_REGION":"BRETAGNE"},"geometry":{"type":"MultiPolygon","coordinates":[[[[178195.0,6781646.0],[177559.0,6781260.0],[176984.0,6781705.0],[176339.0,6781341.0],[176271.0,6781689.0],[175017.0,6782281.0],[174475.0,6783124.0],[175366.0,6784808.0],[175502.0,6785947.0],[177484.0,6787694.0],[177198.0,6788759.0],[179913.0,6787812.0],[179233.0,6786124.0],[179725.0,6784694.0],[179282.0,6783266.0],[178665.0,6782414.0],[178750.0,6782073.0],[178195.0,6781646.0]]]]}},{"type":"Feature","properties":{"ID_GEOFLA":5952,"CODE_COMM":"176","INSEE_COM":"29176","NOM_COMM":"PLONEVEZ-PORZAY","STATUT":"Commune simple","X_CHF_LIEU":1635,"Y_CHF_LIEU":68051,"X_CENTROID":1621,"Y_CENTROID":68054,"Z_MOYEN":60,"SUPERFICIE":2918,"POPULATION":1.7,"CODE_CANT":"08","CODE_ARR":"2","CODE_DEPT":"29","NOM_DEPT":"FINISTERE","CODE_REG":"53","NOM_REGION":"BRETAGNE"},"geometry":{"type":"MultiPolygon","coordinates":[[[[162124.0,6801925.0],[161483.0,6801986.0],[160424.0,6803450.0],[158615.0,6803602.0],[158798.0,6805448.0],[159965.0,6806322.0],[159923.0,6807819.0],[163594.0,6808424.0],[165151.0,6807437.0],[165011.0,6806326.0],[165690.0,6805444.0],[164395.0,6804339.0],[164431.0,6803625.0],[164755.0,6803468.0],[164232.0,6803018.0],[162723.0,6803193.0],[162124.0,6801925.0]]]]}},{"type":"Feature","properties":{"ID_GEOFLA":5988,"CODE_COMM":"293","INSEE_COM":"29293","NOM_COMM":"TREGUNC","STATUT":"Commune simple","X_CHF_LIEU":1882,"Y_CHF_LIEU":67728,"X_CENTROID":1888,"Y_CENTROID":67707,"Z_MOYEN":28,"SUPERFICIE":5070,"POPULATION":6.8,"CODE_CANT":"10","CODE_ARR":"4","CODE_DEPT":"29","NOM_DEPT":"FINISTERE","CODE_REG":"53","NOM_REGION":"BRETAGNE"},"geometry":{"type":"MultiPolygon","coordinates":[[[[190713.0,6765741.0],[188848.0,6766149.0],[187742.0,6765906.0],[187467.0,6767038.0],[184577.0,6770764.0],[184537.0,6771517.0],[185117.0,6772015.0],[185327.0,6772770.0],[186288.0,6773441.0],[186651.0,6773425.0],[187716.0,6774382.0],[188434.0,6774390.0],[188703.0,6775406.0],[190532.0,6775659.0],[191240.0,6773606.0],[192565.0,6774240.0],[192199.0,6771983.0],[192749.0,6770991.0],[191937.0,6770155.0],[191373.0,6768752.0],[190713.0,6765741.0]]]]}},{"type":"Feature","properties":{"ID_GEOFLA":6028,"CODE_COMM":"191","INSEE_COM":"29191","NOM_COMM":"PLOUGONVEN","STATUT":"Commune simple","X_CHF_LIEU":2048,"Y_CHF_LIEU":68455,"X_CENTROID":2036,"Y_CENTROID":68439,"Z_MOYEN":168,"SUPERFICIE":6991,"POPULATION":3.2,"CODE_CANT":"30","CODE_ARR":"3","CODE_DEPT":"29","NOM_DEPT":"FINISTERE","CODE_REG":"53","NOM_REGION":"BRETAGNE"},"geometry":{"type":"MultiPolygon","coordinates":[[[[207282.0,6839183.0],[205900.0,6837892.0],[205144.0,6837992.0],[203407.0,6837398.0],[201168.0,6837632.0],[201420.0,6839071.0],[201222.0,6840522.0],[201568.0,6841169.0],[201099.0,6842101.0],[201357.0,6842393.0],[201496.0,6844294.0],[200699.0,6846453.0],[201089.0,6847917.0],[199361.0,6849988.0],[198907.0,6851028.0],[198898.0,6851253.0],[201090.0,6850598.0],[203022.0,6850519.0],[204401.0,6849809.0],[206105.0,6847248.0],[206456.0,6846149.0],[206306.0,6845404.0],[206819.0,6844377.0],[206748.0,6843239.0],[207292.0,6842226.0],[207510.0,6840324.0],[207282.0,6839183.0]]]]}},{"type":"Feature","properties":{"ID_GEOFLA":6336,"CODE_COMM":"288","INSEE_COM":"29288","NOM_COMM":"TREGARANTEC","STATUT":"Commune simple","X_CHF_LIEU":1624,"Y_CHF_LIEU":68527,"X_CENTROID":1627,"Y_CENTROID":68524,"Z_MOYEN":71,"SUPERFICIE":509,"POPULATION":0.5,"CODE_CANT":"21","CODE_ARR":"1","CODE_DEPT":"29","NOM_DEPT":"FINISTERE","CODE_REG":"53","NOM_REGION":"BRETAGNE"},"geometry":{"type":"MultiPolygon","coordinates":[[[[164175.0,6851485.0],[161933.0,6851174.0],[161248.0,6851433.0],[162500.0,6854179.0],[162847.0,6854345.0],[163210.0,6854235.0],[164175.0,6851485.0]]]]}},{"type":"Feature","properties":{"ID_GEOFLA":6364,"CODE_COMM":"146","INSEE_COM":"29146","NOM_COMM":"MELGVEN","STATUT":"Commune simple","X_CHF_LIEU":1899,"Y_CHF_LIEU":67782,"X_CENTROID":1895,"Y_CENTROID":67790,"Z_MOYEN":91,"SUPERFICIE":5122,"POPULATION":3.2,"CODE_CANT":"02","CODE_ARR":"4","CODE_DEPT":"29","NOM_DEPT":"FINISTERE","CODE_REG":"53","NOM_REGION":"BRETAGNE"},"geometry":{"type":"MultiPolygon","coordinates":[[[[192565.0,6774240.0],[191240.0,6773606.0],[190532.0,6775659.0],[188703.0,6775406.0],[188501.0,6775740.0],[186667.0,6776294.0],[185672.0,6779228.0],[186578.0,6780442.0],[185321.0,6782323.0],[186227.0,6783245.0],[189294.0,6783397.0],[190289.0,6782241.0],[191412.0,6782313.0],[192118.0,6781997.0],[192884.0,6780665.0],[193140.0,6778394.0],[193674.0,6777834.0],[192259.0,6775250.0],[192565.0,6774240.0]]]]}},{"type":"Feature","properties":{"ID_GEOFLA":6609,"CODE_COMM":"090","INSEE_COM":"29090","NOM_COMM":"KERLAZ","STATUT":"Commune simple","X_CHF_LIEU":1592,"Y_CHF_LIEU":68017,"X_CENTROID":1599,"Y_CENTROID":68016,"Z_MOYEN":71,"SUPERFICIE":1173,"POPULATION":0.8,"CODE_CANT":"08","CODE_ARR":"2","CODE_DEPT":"29","NOM_DEPT":"FINISTERE","CODE_REG":"53","NOM_REGION":"BRETAGNE"},"geometry":{"type":"MultiPolygon","coordinates":[[[[160365.0,6799376.0],[159392.0,6800238.0],[159164.0,6800958.0],[157517.0,6801952.0],[157480.0,6802301.0],[158615.0,6803602.0],[160424.0,6803450.0],[161483.0,6801986.0],[162124.0,6801925.0],[161816.0,6800971.0],[162244.0,6800096.0],[160365.0,6799376.0]]]]}},{"type":"Feature","properties":{"ID_GEOFLA":6617,"CODE_COMM":"032","INSEE_COM":"29032","NOM_COMM":"CLOHARS-FOUESNANT","STATUT":"Commune simple","X_CHF_LIEU":1725,"Y_CHF_LIEU":67788,"X_CENTROID":1714,"Y_CENTROID":67789,"Z_MOYEN":31,"SUPERFICIE":1290,"POPULATION":2.1,"CODE_CANT":"15","CODE_ARR":"4","CODE_DEPT":"29","NOM_DEPT":"FINISTERE","CODE_REG":"53","NOM_REGION":"BRETAGNE"},"geometry":{"type":"MultiPolygon","coordinates":[[[[169591.0,6777263.0],[168400.0,6778088.0],[168245.0,6778593.0],[168981.0,6779106.0],[170813.0,6779458.0],[170783.0,6780948.0],[172186.0,6781294.0],[172939.0,6780440.0],[173171.0,6779394.0],[174288.0,6779246.0],[174459.0,6778906.0],[174057.0,6778255.0],[174158.0,6777886.0],[173075.0,6777722.0],[172009.0,6778071.0],[170709.0,6777394.0],[169591.0,6777263.0]]]]}},{"type":"Feature","properties":{"ID_GEOFLA":6688,"CODE_COMM":"162","INSEE_COM":"29162","NOM_COMM":"PLEYBEN","STATUT":"Chef-lieu canton","X_CHF_LIEU":1831,"Y_CHF_LIEU":68145,"X_CENTROID":1828,"Y_CENTROID":68159,"Z_MOYEN":106,"SUPERFICIE":7586,"POPULATION":3.7,"CODE_CANT":"25","CODE_ARR":"2","CODE_DEPT":"29","NOM_DEPT":"FINISTERE","CODE_REG":"53","NOM_REGION":"BRETAGNE"},"geometry":{"type":"MultiPolygon","coordinates":[[[[185356.0,6810338.0],[183521.0,6810272.0],[183254.0,6811744.0],[182875.0,6811787.0],[181297.0,6810790.0],[180642.0,6811673.0],[179910.0,6811661.0],[179569.0,6811835.0],[179780.0,6812937.0],[179469.0,6813057.0],[178800.0,6812153.0],[178613.0,6812332.0],[178947.0,6813446.0],[178353.0,6813817.0],[177593.0,6814562.0],[178004.0,6815167.0],[177668.0,6816211.0],[178350.0,6815935.0],[178828.0,6816469.0],[177879.0,6817528.0],[177715.0,6818245.0],[179104.0,6818778.0],[181556.0,6821027.0],[182287.0,6820217.0],[183373.0,6820130.0],[183726.0,6820261.0],[184152.0,6821262.0],[186643.0,6822122.0],[186961.0,6820681.0],[186231.0,6820504.0],[185902.0,6819880.0],[186639.0,6818125.0],[186216.0,6816661.0],[187409.0,6815847.0],[187438.0,6814706.0],[186241.0,6812734.0],[186300.0,6812350.0],[185560.0,6811482.0],[185356.0,6810338.0]]]]}},{"type":"Feature","properties":{"ID_GEOFLA":6836,"CODE_COMM":"169","INSEE_COM":"29169","NOM_COMM":"PLOGONNEC","STATUT":"Commune simple","X_CHF_LIEU":1649,"Y_CHF_LIEU":67996,"X_CENTROID":1675,"Y_CENTROID":67988,"Z_MOYEN":117,"SUPERFICIE":5370,"POPULATION":3.0,"CODE_CANT":"13","CODE_ARR":"4","CODE_DEPT":"29","NOM_DEPT":"FINISTERE","CODE_REG":"53","NOM_REGION":"BRETAGNE"},"geometry":{"type":"MultiPolygon","coordinates":[[[[167964.0,6794264.0],[166486.0,6795981.0],[165827.0,6796069.0],[165205.0,6797885.0],[163728.0,6798312.0],[161414.0,6798328.0],[161099.0,6798101.0],[160365.0,6799376.0],[162244.0,6800096.0],[162876.0,6800390.0],[163084.0,6801100.0],[164188.0,6801124.0],[166261.0,6801887.0],[168865.0,6802105.0],[169999.0,6801298.0],[172104.0,6802115.0],[172426.0,6801445.0],[172174.0,6799232.0],[171363.0,6797614.0],[170869.0,6795403.0],[170560.0,6795184.0],[169463.0,6795371.0],[167964.0,6794264.0]]]]}},{"type":"Feature","properties":{"ID_GEOFLA":6894,"CODE_COMM":"277","INSEE_COM":"29277","NOM_COMM":"SIZUN","STATUT":"Chef-lieu canton","X_CHF_LIEU":1769,"Y_CHF_LIEU":68351,"X_CENTROID":1792,"Y_CENTROID":68337,"Z_MOYEN":164,"SUPERFICIE":5898,"POPULATION":2.2,"CODE_CANT":"42","CODE_ARR":"3","CODE_DEPT":"29","NOM_DEPT":"FINISTERE","CODE_REG":"53","NOM_REGION":"BRETAGNE"},"geometry":{"type":"MultiPolygon","coordinates":[[[[177734.0,6829089.0],[177532.0,6829771.0],[176540.0,6830285.0],[175745.0,6832397.0],[175106.0,6834418.0],[174993.0,6836243.0],[175437.0,6836742.0],[175116.0,6838144.0],[176006.0,6839267.0],[176522.0,6838696.0],[178632.0,6837802.0],[180547.0,6838049.0],[180986.0,6838655.0],[181447.0,6837679.0],[181324.0,6837340.0],[181908.0,6836961.0],[182197.0,6836694.0],[182083.0,6836318.0],[181015.0,6835872.0],[180777.0,6835558.0],[180795.0,6835165.0],[181512.0,6834234.0],[181912.0,6832724.0],[183681.0,6831199.0],[184448.0,6831251.0],[186227.0,6832087.0],[186553.0,6831867.0],[185420.0,6830094.0],[185026.0,6829411.0],[184643.0,6829319.0],[182074.0,6830299.0],[178592.0,6829675.0],[178446.0,6829626.0],[177734.0,6829089.0]]]]}},{"type":"Feature","properties":{"ID_GEOFLA":6895,"CODE_COMM":"192","INSEE_COM":"29192","NOM_COMM":"PLOUGOULM","STATUT":"Commune simple","X_CHF_LIEU":1818,"Y_CHF_LIEU":68636,"X_CENTROID":1820,"Y_CENTROID":68626,"Z_MOYEN":33,"SUPERFICIE":1848,"POPULATION":1.8,"CODE_CANT":"38","CODE_ARR":"3","CODE_DEPT":"29","NOM_DEPT":"FINISTERE","CODE_REG":"53","NOM_REGION":"BRETAGNE"},"geometry":{"type":"MultiPolygon","coordinates":[[[[179108.0,6858842.0],[179023.0,6858921.0],[179017.0,6859658.0],[180141.0,6860639.0],[180119.0,6861336.0],[181530.0,6861750.0],[181026.0,6864257.0],[181155.0,6864554.0],[180546.0,6866013.0],[180916.0,6866226.0],[182545.0,6866012.0],[182770.0,6866114.0],[183589.0,6865929.0],[183865.0,6864818.0],[183249.0,6863007.0],[184580.0,6862274.0],[184555.0,6861891.0],[184206.0,6861243.0],[183201.0,6860770.0],[181796.0,6860651.0],[181820.0,6859575.0],[181106.0,6859513.0],[180748.0,6858889.0],[180119.0,6859224.0],[179108.0,6858842.0]]]]}},{"type":"Feature","properties":{"ID_GEOFLA":6966,"CODE_COMM":"051","INSEE_COM":"29051","NOM_COMM":"ERGUE-GABERIC","STATUT":"Commune simple","X_CHF_LIEU":1769,"Y_CHF_LIEU":67894,"X_CENTROID":1781,"Y_CENTROID":67911,"Z_MOYEN":82,"SUPERFICIE":3964,"POPULATION":7.7,"CODE_CANT":"48","CODE_ARR":"4","CODE_DEPT":"29","NOM_DEPT":"FINISTERE","CODE_REG":"53","NOM_REGION":"BRETAGNE"},"geometry":{"type":"MultiPolygon","coordinates":[[[[180902.0,6787675.0],[179913.0,6787812.0],[177198.0,6788759.0],[173488.0,6789519.0],[174646.0,6793940.0],[177117.0,6793278.0],[178186.0,6793454.0],[178709.0,6793963.0],[180137.0,6793996.0],[180729.0,6793601.0],[180971.0,6793870.0],[182469.0,6792773.0],[180902.0,6787675.0]]]]}},{"type":"Feature","properties":{"ID_GEOFLA":6980,"CODE_COMM":"142","INSEE_COM":"29142","NOM_COMM":"LOTHEY","STATUT":"Commune simple","X_CHF_LIEU":1783,"Y_CHF_LIEU":68100,"X_CENTROID":1784,"Y_CENTROID":68102,"Z_MOYEN":78,"SUPERFICIE":1347,"POPULATION":0.4,"CODE_CANT":"25","CODE_ARR":"2","CODE_DEPT":"29","NOM_DEPT":"FINISTERE","CODE_REG":"53","NOM_REGION":"BRETAGNE"},"geometry":{"type":"MultiPolygon","coordinates":[[[[178887.0,6807457.0],[177636.0,6808021.0],[176228.0,6807988.0],[176188.0,6808038.0],[176143.0,6808383.0],[177018.0,6809417.0],[177034.0,6810110.0],[177813.0,6810896.0],[177881.0,6813232.0],[178353.0,6813817.0],[178947.0,6813446.0],[178613.0,6812332.0],[178800.0,6812153.0],[179469.0,6813057.0],[179780.0,6812937.0],[179569.0,6811835.0],[179910.0,6811661.0],[179826.0,6810914.0],[180394.0,6809983.0],[180319.0,6809612.0],[179306.0,6808495.0],[178887.0,6807457.0]]]]}},{"type":"Feature","properties":{"ID_GEOFLA":7159,"CODE_COMM":"080","INSEE_COM":"29080","NOM_COMM":"HOPITAL-CAMFROUT","STATUT":"Commune simple","X_CHF_LIEU":1640,"Y_CHF_LIEU":68276,"X_CENTROID":1641,"Y_CENTROID":68272,"Z_MOYEN":41,"SUPERFICIE":1321,"POPULATION":2.0,"CODE_CANT":"12","CODE_ARR":"1","CODE_DEPT":"29","NOM_DEPT":"FINISTERE","CODE_REG":"53","NOM_REGION":"BRETAGNE"},"geometry":{"type":"MultiPolygon","coordinates":[[[[165387.0,6825976.0],[163663.0,6825802.0],[163274.0,6824583.0],[162574.0,6825725.0],[161614.0,6825699.0],[160810.0,6826399.0],[163149.0,6827270.0],[163741.0,6827670.0],[163006.0,6827690.0],[162743.0,6828531.0],[163562.0,6829083.0],[164905.0,6828885.0],[165891.0,6829167.0],[166532.0,6828847.0],[166654.0,6827335.0],[165387.0,6825976.0]]]]}},{"type":"Feature","properties":{"ID_GEOFLA":7160,"CODE_COMM":"178","INSEE_COM":"29178","NOM_COMM":"PLOUDALMEZEAU","STATUT":"Chef-lieu canton","X_CHF_LIEU":1356,"Y_CHF_LIEU":68540,"X_CENTROID":1347,"Y_CENTROID":68538,"Z_MOYEN":45,"SUPERFICIE":2396,"POPULATION":6.1,"CODE_CANT":"27","CODE_ARR":"1","CODE_DEPT":"29","NOM_DEPT":"FINISTERE","CODE_REG":"53","NOM_REGION":"BRETAGNE"},"geometry":{"type":"MultiPolygon","coordinates":[[[[137214.0,6850346.0],[136324.0,6849751.0],[134929.0,6850431.0],[134428.0,6851486.0],[133735.0,6851835.0],[133049.0,6852784.0],[132492.0,6854244.0],[132297.0,6855474.0],[132704.0,6857761.0],[133832.0,6857800.0],[134182.0,6857294.0],[135116.0,6857917.0],[135508.0,6857271.0],[135321.0,6856579.0],[135603.0,6854747.0],[136603.0,6853762.0],[137292.0,6851767.0],[137214.0,6850346.0]]]]}},{"type":"Feature","properties":{"ID_GEOFLA":7266,"CODE_COMM":"202","INSEE_COM":"29202","NOM_COMM":"PLOUNEOUR-MENEZ","STATUT":"Commune simple","X_CHF_LIEU":1909,"Y_CHF_LIEU":68376,"X_CENTROID":1917,"Y_CENTROID":68382,"Z_MOYEN":229,"SUPERFICIE":5181,"POPULATION":1.2,"CODE_CANT":"40","CODE_ARR":"3","CODE_DEPT":"29","NOM_DEPT":"FINISTERE","CODE_REG":"53","NOM_REGION":"BRETAGNE"},"geometry":{"type":"MultiPolygon","coordinates":[[[[188646.0,6833787.0],[187977.0,6836801.0],[186687.0,6838244.0],[187054.0,6838266.0],[188343.0,6839571.0],[188300.0,6840304.0],[187680.0,6841198.0],[188644.0,6841034.0],[188723.0,6840646.0],[189099.0,6840532.0],[191482.0,6841931.0],[193426.0,6842261.0],[195727.0,6840845.0],[196115.0,6840925.0],[196530.0,6839886.0],[195373.0,6838018.0],[195879.0,6836233.0],[194141.0,6835436.0],[191143.0,6834772.0],[188646.0,6833787.0]]]]}},{"type":"Feature","properties":{"ID_GEOFLA":7268,"CODE_COMM":"209","INSEE_COM":"29209","NOM_COMM":"PLOUVIEN","STATUT":"Commune simple","X_CHF_LIEU":1505,"Y_CHF_LIEU":68514,"X_CENTROID":1497,"Y_CENTROID":68525,"Z_MOYEN":52,"SUPERFICIE":3427,"POPULATION":3.7,"CODE_CANT":"24","CODE_ARR":"1","CODE_DEPT":"29","NOM_DEPT":"FINISTERE","CODE_REG":"53","NOM_REGION":"BRETAGNE"},"geometry":{"type":"MultiPolygon","coordinates":[[[[149914.0,6847798.0],[149152.0,6847844.0],[149145.0,6848974.0],[148365.0,6850288.0],[145680.0,6852270.0],[145247.0,6853081.0],[145022.0,6854102.0],[145161.0,6854655.0],[146363.0,6854012.0],[146796.0,6853708.0],[146803.0,6854389.0],[148696.0,6853987.0],[150299.0,6855652.0],[150993.0,6855951.0],[151278.0,6855880.0],[153582.0,6854655.0],[153417.0,6853922.0],[154080.0,6853043.0],[152803.0,6852228.0],[152619.0,6851483.0],[150694.0,6850307.0],[149914.0,6847798.0]]]]}},{"type":"Feature","properties":{"ID_GEOFLA":7269,"CODE_COMM":"030","INSEE_COM":"29030","NOM_COMM":"CLEDER","STATUT":"Commune simple","X_CHF_LIEU":1776,"Y_CHF_LIEU":68638,"X_CENTROID":1759,"Y_CENTROID":68637,"Z_MOYEN":39,"SUPERFICIE":3766,"POPULATION":3.8,"CODE_CANT":"31","CODE_ARR":"3","CODE_DEPT":"29","NOM_DEPT":"FINISTERE","CODE_REG":"53","NOM_REGION":"BRETAGNE"},"geometry":{"type":"MultiPolygon","coordinates":[[[[174410.0,6859127.0],[173932.0,6859545.0],[172452.0,6862601.0],[173529.0,6862256.0],[174016.0,6862727.0],[173532.0,6864914.0],[173507.0,6867185.0],[175716.0,6867597.0],[177212.0,6867410.0],[178351.0,6867248.0],[178463.0,6866493.0],[178920.0,6865089.0],[178954.0,6862789.0],[179214.0,6862503.0],[178315.0,6861320.0],[177589.0,6861226.0],[176714.0,6860052.0],[174931.0,6859657.0],[174410.0,6859127.0]]]]}},{"type":"Feature","properties":{"ID_GEOFLA":7297,"CODE_COMM":"108","INSEE_COM":"29108","NOM_COMM":"LANDUDEC","STATUT":"Commune simple","X_CHF_LIEU":1536,"Y_CHF_LIEU":67920,"X_CENTROID":1542,"Y_CENTROID":67915,"Z_MOYEN":93,"SUPERFICIE":2079,"POPULATION":1.3,"CODE_CANT":"26","CODE_ARR":"4","CODE_DEPT":"29","NOM_DEPT":"FINISTERE","CODE_REG":"53","NOM_REGION":"BRETAGNE"},"geometry":{"type":"MultiPolygon","coordinates":[[[[154525.0,6789515.0],[153876.0,6789135.0],[152968.0,6789732.0],[151883.0,6789570.0],[151360.0,6790554.0],[150332.0,6790108.0],[151029.0,6791388.0],[151154.0,6792834.0],[152206.0,6792420.0],[152511.0,6792648.0],[153187.0,6792342.0],[153897.0,6792514.0],[154335.0,6793135.0],[154221.0,6794649.0],[155227.0,6794336.0],[156927.0,6793148.0],[157309.0,6792740.0],[156891.0,6792109.0],[156989.0,6790247.0],[156004.0,6789651.0],[154525.0,6789515.0]]]]}},{"type":"Feature","properties":{"ID_GEOFLA":7298,"CODE_COMM":"197","INSEE_COM":"29197","NOM_COMM":"PLOUHINEC","STATUT":"Commune simple","X_CHF_LIEU":1426,"Y_CHF_LIEU":67947,"X_CENTROID":1427,"Y_CENTROID":67945,"Z_MOYEN":65,"SUPERFICIE":2777,"POPULATION":4.3,"CODE_CANT":"33","CODE_ARR":"4","CODE_DEPT":"29","NOM_DEPT":"FINISTERE","CODE_REG":"53","NOM_REGION":"BRETAGNE"},"geometry":{"type":"MultiPolygon","coordinates":[[[[144132.0,6791332.0],[143380.0,6791374.0],[141537.0,6793336.0],[138936.0,6794655.0],[139571.0,6797275.0],[142610.0,6797285.0],[143289.0,6797174.0],[143855.0,6796178.0],[145256.0,6795685.0],[145685.0,6794253.0],[146669.0,6793685.0],[146546.0,6792953.0],[146043.0,6792405.0],[144132.0,6791332.0]]]]}},{"type":"Feature","properties":{"ID_GEOFLA":7322,"CODE_COMM":"007","INSEE_COM":"29007","NOM_COMM":"BERRIEN","STATUT":"Commune simple","X_CHF_LIEU":2009,"Y_CHF_LIEU":68329,"X_CENTROID":1998,"Y_CENTROID":68328,"Z_MOYEN":226,"SUPERFICIE":5597,"POPULATION":0.9,"CODE_CANT":"16","CODE_ARR":"2","CODE_DEPT":"29","NOM_DEPT":"FINISTERE","CODE_REG":"53","NOM_REGION":"BRETAGNE"},"geometry":{"type":"MultiPolygon","coordinates":[[[[203178.0,6829391.0],[202791.0,6829379.0],[202428.0,6828695.0],[202041.0,6828722.0],[201400.0,6829676.0],[200302.0,6829882.0],[199561.0,6829671.0],[198870.0,6828756.0],[197212.0,6829689.0],[197071.0,6831246.0],[195465.0,6832921.0],[195085.0,6833986.0],[194372.0,6834314.0],[194141.0,6835436.0],[195879.0,6836233.0],[197187.0,6835794.0],[197492.0,6836452.0],[199616.0,6836990.0],[199855.0,6836252.0],[200960.0,6835245.0],[201945.0,6834613.0],[203361.0,6834888.0],[203909.0,6833867.0],[205467.0,6832705.0],[205785.0,6831619.0],[205512.0,6830500.0],[204825.0,6830826.0],[203698.0,6830812.0],[203178.0,6829391.0]]]]}},{"type":"Feature","properties":{"ID_GEOFLA":7360,"CODE_COMM":"089","INSEE_COM":"29089","NOM_COMM":"KERGLOFF","STATUT":"Commune simple","X_CHF_LIEU":2094,"Y_CHF_LIEU":68177,"X_CENTROID":2075,"Y_CENTROID":68185,"Z_MOYEN":121,"SUPERFICIE":2495,"POPULATION":0.9,"CODE_CANT":"07","CODE_ARR":"2","CODE_DEPT":"29","NOM_DEPT":"FINISTERE","CODE_REG":"53","NOM_REGION":"BRETAGNE"},"geometry":{"type":"MultiPolygon","coordinates":[[[[210258.0,6816385.0],[209661.0,6816847.0],[208664.0,6816390.0],[207636.0,6816849.0],[206263.0,6816319.0],[203710.0,6817095.0],[204025.0,6818299.0],[205185.0,6820422.0],[206682.0,6820020.0],[208345.0,6820991.0],[210270.0,6821032.0],[210488.0,6819182.0],[210933.0,6818615.0],[210661.0,6818376.0],[210699.0,6816949.0],[210258.0,6816385.0]]]]}},{"type":"Feature","properties":{"ID_GEOFLA":7440,"CODE_COMM":"106","INSEE_COM":"29106","NOM_COMM":"LANDREVARZEC","STATUT":"Commune simple","X_CHF_LIEU":1750,"Y_CHF_LIEU":68000,"X_CENTROID":1739,"Y_CENTROID":68001,"Z_MOYEN":105,"SUPERFICIE":2052,"POPULATION":1.6,"CODE_CANT":"06","CODE_ARR":"4","CODE_DEPT":"29","NOM_DEPT":"FINISTERE","CODE_REG":"53","NOM_REGION":"BRETAGNE"},"geometry":{"type":"MultiPolygon","coordinates":[[[[174141.0,6795683.0],[173264.0,6797380.0],[171363.0,6797614.0],[172174.0,6799232.0],[172426.0,6801445.0],[172104.0,6802115.0],[173352.0,6802829.0],[173985.0,6803719.0],[174439.0,6804225.0],[174987.0,6803678.0],[174698.0,6802962.0],[175897.0,6801987.0],[176140.0,6801288.0],[175769.0,6800609.0],[175794.0,6799469.0],[174246.0,6796817.0],[174141.0,6795683.0]]]]}},{"type":"Feature","properties":{"ID_GEOFLA":7460,"CODE_COMM":"276","INSEE_COM":"29276","NOM_COMM":"SIBIRIL","STATUT":"Commune simple","X_CHF_LIEU":1804,"Y_CHF_LIEU":68637,"X_CENTROID":1798,"Y_CENTROID":68637,"Z_MOYEN":37,"SUPERFICIE":1152,"POPULATION":1.3,"CODE_CANT":"38","CODE_ARR":"3","CODE_DEPT":"29","NOM_DEPT":"FINISTERE","CODE_REG":"53","NOM_REGION":"BRETAGNE"},"geometry":{"type":"MultiPolygon","coordinates":[[[[180119.0,6861336.0],[179024.0,6861076.0],[178315.0,6861320.0],[179214.0,6862503.0],[178954.0,6862789.0],[178920.0,6865089.0],[178463.0,6866493.0],[178650.0,6866838.0],[179423.0,6866853.0],[180836.0,6864992.0],[181026.0,6864257.0],[181530.0,6861750.0],[180119.0,6861336.0]]]]}},{"type":"Feature","properties":{"ID_GEOFLA":7665,"CODE_COMM":"220","INSEE_COM":"29220","NOM_COMM":"PONT-L'ABBE","STATUT":"Chef-lieu canton","X_CHF_LIEU":1607,"Y_CHF_LIEU":67765,"X_CENTROID":1609,"Y_CENTROID":67763,"Z_MOYEN":15,"SUPERFICIE":1824,"POPULATION":8.1,"CODE_CANT":"34","CODE_ARR":"4","CODE_DEPT":"29","NOM_DEPT":"FINISTERE","CODE_REG":"53","NOM_REGION":"BRETAGNE"},"geometry":{"type":"MultiPolygon","coordinates":[[[[161583.0,6773709.0],[160669.0,6774291.0],[159716.0,6773821.0],[158745.0,6774307.0],[158295.0,6775301.0],[158453.0,6776044.0],[158098.0,6777110.0],[160208.0,6776677.0],[160602.0,6777272.0],[160388.0,6777976.0],[161062.0,6778897.0],[162128.0,6779326.0],[163714.0,6777804.0],[162414.0,6775746.0],[161403.0,6776680.0],[162741.0,6774799.0],[162523.0,6774495.0],[161793.0,6774427.0],[161583.0,6773709.0]]]]}},{"type":"Feature","properties":{"ID_GEOFLA":7846,"CODE_COMM":"044","INSEE_COM":"29044","NOM_COMM":"DINEAULT","STATUT":"Commune simple","X_CHF_LIEU":1685,"Y_CHF_LIEU":68151,"X_CENTROID":1684,"Y_CENTROID":68148,"Z_MOYEN":109,"SUPERFICIE":4521,"POPULATION":1.7,"CODE_CANT":"08","CODE_ARR":"2","CODE_DEPT":"29","NOM_DEPT":"FINISTERE","CODE_REG":"53","NOM_REGION":"BRETAGNE"},"geometry":{"type":"MultiPolygon","coordinates":[[[[172266.0,6811737.0],[171171.0,6811390.0],[170996.0,6811046.0],[168711.0,6811409.0],[167092.0,6812439.0],[166464.0,6813412.0],[162854.0,6814441.0],[162702.0,6816016.0],[165836.0,6816502.0],[165707.0,6817591.0],[165505.0,6818487.0],[169396.0,6817917.0],[170745.0,6816853.0],[172717.0,6817528.0],[172080.0,6814692.0],[172159.0,6813943.0],[172628.0,6813343.0],[172686.0,6813010.0],[171999.0,6812311.0],[172266.0,6811737.0]]]]}},{"type":"Feature","properties":{"ID_GEOFLA":7928,"CODE_COMM":"107","INSEE_COM":"29107","NOM_COMM":"LANDUDAL","STATUT":"Commune simple","X_CHF_LIEU":1809,"Y_CHF_LIEU":67965,"X_CENTROID":1808,"Y_CENTROID":67958,"Z_MOYEN":113,"SUPERFICIE":1692,"POPULATION":0.8,"CODE_CANT":"06","CODE_ARR":"4","CODE_DEPT":"29","NOM_DEPT":"FINISTERE","CODE_REG":"53","NOM_REGION":"BRETAGNE"},"geometry":{"type":"MultiPolygon","coordinates":[[[[180971.0,6793870.0],[180729.0,6793601.0],[180137.0,6793996.0],[178709.0,6793963.0],[178774.0,6794706.0],[177778.0,6795868.0],[178521.0,6796732.0],[179656.0,6796879.0],[181392.0,6798322.0],[182808.0,6797836.0],[183328.0,6796824.0],[182892.0,6795563.0],[183517.0,6794754.0],[182643.0,6794159.0],[181575.0,6794224.0],[180971.0,6793870.0]]]]}},{"type":"Feature","properties":{"ID_GEOFLA":7998,"CODE_COMM":"053","INSEE_COM":"29053","NOM_COMM":"LE FAOU","STATUT":"Chef-lieu canton","X_CHF_LIEU":1683,"Y_CHF_LIEU":68233,"X_CENTROID":1710,"Y_CENTROID":68245,"Z_MOYEN":61,"SUPERFICIE":1193,"POPULATION":1.8,"CODE_CANT":"14","CODE_ARR":"2","CODE_DEPT":"29","NOM_DEPT":"FINISTERE","CODE_REG":"53","NOM_REGION":"BRETAGNE"},"geometry":{"type":"MultiPolygon","coordinates":[[[[170314.0,6823555.0],[169616.0,6823822.0],[169284.0,6823640.0],[168860.0,6822212.0],[167024.0,6823340.0],[168151.0,6823753.0],[167218.0,6824004.0],[168101.0,6824634.0],[169561.0,6824369.0],[170518.0,6825029.0],[171154.0,6825998.0],[172238.0,6826416.0],[173697.0,6825905.0],[175156.0,6824679.0],[174534.0,6824310.0],[173513.0,6824639.0],[172561.0,6824001.0],[170314.0,6823555.0]]]]}},{"type":"Feature","properties":{"ID_GEOFLA":8102,"CODE_COMM":"159","INSEE_COM":"29159","NOM_COMM":"PEUMERIT","STATUT":"Commune simple","X_CHF_LIEU":1550,"Y_CHF_LIEU":67850,"X_CENTROID":1560,"Y_CENTROID":67858,"Z_MOYEN":68,"SUPERFICIE":1967,"POPULATION":0.8,"CODE_CANT":"26","CODE_ARR":"4","CODE_DEPT":"29","NOM_DEPT":"FINISTERE","CODE_REG":"53","NOM_REGION":"BRETAGNE"},"geometry":{"type":"MultiPolygon","coordinates":[[[[154696.0,6783493.0],[153727.0,6783913.0],[152601.0,6783834.0],[152814.0,6785317.0],[154517.0,6787291.0],[156070.0,6787332.0],[156994.0,6787966.0],[158533.0,6787910.0],[158885.0,6787740.0],[159367.0,6787154.0],[159568.0,6786399.0],[159271.0,6785679.0],[158547.0,6785531.0],[156902.0,6783965.0],[155446.0,6784239.0],[154696.0,6783493.0]]]]}},{"type":"Feature","properties":{"ID_GEOFLA":8103,"CODE_COMM":"296","INSEE_COM":"29296","NOM_COMM":"TREMEOC","STATUT":"Commune simple","X_CHF_LIEU":1619,"Y_CHF_LIEU":67806,"X_CENTROID":1613,"Y_CENTROID":67809,"Z_MOYEN":37,"SUPERFICIE":1162,"POPULATION":1.2,"CODE_CANT":"34","CODE_ARR":"4","CODE_DEPT":"29","NOM_DEPT":"FINISTERE","CODE_REG":"53","NOM_REGION":"BRETAGNE"},"geometry":{"type":"MultiPolygon","coordinates":[[[[160388.0,6777976.0],[160008.0,6778062.0],[159750.0,6779195.0],[159767.0,6781893.0],[163756.0,6783635.0],[163953.0,6783279.0],[163908.0,6783214.0],[162910.0,6782096.0],[162128.0,6779326.0],[161062.0,6778897.0],[160388.0,6777976.0]]]]}},{"type":"Feature","properties":{"ID_GEOFLA":8107,"CODE_COMM":"262","INSEE_COM":"29262","NOM_COMM":"SAINT-SAUVEUR","STATUT":"Commune simple","X_CHF_LIEU":1825,"Y_CHF_LIEU":68392,"X_CENTROID":1830,"Y_CENTROID":68394,"Z_MOYEN":154,"SUPERFICIE":1329,"POPULATION":0.8,"CODE_CANT":"42","CODE_ARR":"3","CODE_DEPT":"29","NOM_DEPT":"FINISTERE","CODE_REG":"53","NOM_REGION":"BRETAGNE"},"geometry":{"type":"MultiPolygon","coordinates":[[[[181908.0,6836961.0],[181324.0,6837340.0],[181447.0,6837679.0],[180986.0,6838655.0],[181013.0,6840299.0],[181703.0,6840176.0],[181928.0,6841179.0],[182652.0,6841342.0],[183309.0,6840985.0],[184205.0,6841623.0],[185210.0,6841135.0],[184778.0,6840273.0],[185263.0,6839375.0],[184445.0,6838606.0],[184260.0,6837863.0],[182066.0,6837311.0],[181908.0,6836961.0]]]]}},{"type":"Feature","properties":{"ID_GEOFLA":8108,"CODE_COMM":"184","INSEE_COM":"29184","NOM_COMM":"PLOUENAN","STATUT":"Commune simple","X_CHF_LIEU":1855,"Y_CHF_LIEU":68592,"X_CENTROID":1861,"Y_CENTROID":68583,"Z_MOYEN":53,"SUPERFICIE":3071,"POPULATION":2.4,"CODE_CANT":"38","CODE_ARR":"3","CODE_DEPT":"29","NOM_DEPT":"FINISTERE","CODE_REG":"53","NOM_REGION":"BRETAGNE"},"geometry":{"type":"MultiPolygon","coordinates":[[[[187534.0,6853959.0],[187218.0,6854560.0],[186496.0,6854584.0],[186168.0,6855217.0],[185099.0,6855466.0],[184739.0,6856031.0],[185070.0,6857114.0],[184018.0,6859046.0],[181820.0,6859575.0],[181796.0,6860651.0],[183201.0,6860770.0],[184206.0,6861243.0],[184555.0,6861891.0],[185226.0,6861965.0],[187077.0,6860978.0],[188141.0,6861195.0],[188536.0,6860143.0],[188098.0,6857898.0],[189291.0,6855606.0],[189295.0,6855561.0],[187534.0,6853959.0]]]]}},{"type":"Feature","properties":{"ID_GEOFLA":8133,"CODE_COMM":"170","INSEE_COM":"29170","NOM_COMM":"PLOMELIN","STATUT":"Commune simple","X_CHF_LIEU":1666,"Y_CHF_LIEU":67836,"X_CENTROID":1668,"Y_CENTROID":67836,"Z_MOYEN":43,"SUPERFICIE":2628,"POPULATION":4.1,"CODE_CANT":"52","CODE_ARR":"4","CODE_DEPT":"29","NOM_DEPT":"FINISTERE","CODE_REG":"53","NOM_REGION":"BRETAGNE"},"geometry":{"type":"MultiPolygon","coordinates":[[[[169432.0,6786692.0],[169853.0,6786446.0],[169853.0,6785595.0],[169081.0,6785439.0],[169793.0,6785118.0],[169645.0,6783494.0],[169098.0,6782939.0],[168065.0,6782939.0],[168031.0,6782435.0],[167411.0,6782553.0],[166717.0,6780866.0],[166730.0,6779381.0],[165232.0,6779329.0],[164607.0,6780650.0],[164858.0,6781665.0],[163908.0,6783214.0],[163953.0,6783279.0],[164837.0,6784999.0],[165944.0,6786109.0],[167289.0,6786916.0],[168802.0,6786667.0],[169432.0,6786692.0]]]]}},{"type":"Feature","properties":{"ID_GEOFLA":8188,"CODE_COMM":"066","INSEE_COM":"29066","NOM_COMM":"GUENGAT","STATUT":"Commune simple","X_CHF_LIEU":1637,"Y_CHF_LIEU":67957,"X_CENTROID":1644,"Y_CENTROID":67955,"Z_MOYEN":95,"SUPERFICIE":2291,"POPULATION":1.7,"CODE_CANT":"13","CODE_ARR":"4","CODE_DEPT":"29","NOM_DEPT":"FINISTERE","CODE_REG":"53","NOM_REGION":"BRETAGNE"},"geometry":{"type":"MultiPolygon","coordinates":[[[[167964.0,6794264.0],[168826.0,6792775.0],[166961.0,6792706.0],[166070.0,6793305.0],[165338.0,6793306.0],[164379.0,6793919.0],[164102.0,6794630.0],[163367.0,6794656.0],[162762.0,6794197.0],[161079.0,6795018.0],[161020.0,6795129.0],[161953.0,6796624.0],[161250.0,6797419.0],[161099.0,6798101.0],[161414.0,6798328.0],[163728.0,6798312.0],[165205.0,6797885.0],[165827.0,6796069.0],[166486.0,6795981.0],[167964.0,6794264.0]]]]}},{"type":"Feature","properties":{"ID_GEOFLA":8189,"CODE_COMM":"057","INSEE_COM":"29057","NOM_COMM":"LA FORET-FOUESNANT","STATUT":"Commune simple","X_CHF_LIEU":1792,"Y_CHF_LIEU":67795,"X_CENTROID":1801,"Y_CENTROID":67806,"Z_MOYEN":51,"SUPERFICIE":1872,"POPULATION":3.3,"CODE_CANT":"15","CODE_ARR":"4","CODE_DEPT":"29","NOM_DEPT":"FINISTERE","CODE_REG":"53","NOM_REGION":"BRETAGNE"},"geometry":{"type":"MultiPolygon","coordinates":[[[[181705.0,6778824.0],[180985.0,6777871.0],[179597.0,6777949.0],[179416.0,6779441.0],[178975.0,6777910.0],[178268.0,6778312.0],[177849.0,6780644.0],[178195.0,6781646.0],[178750.0,6782073.0],[178665.0,6782414.0],[179282.0,6783266.0],[180340.0,6783604.0],[181394.0,6782576.0],[182530.0,6782625.0],[183098.0,6782170.0],[182619.0,6781158.0],[181639.0,6780699.0],[181705.0,6778824.0]]]]}},{"type":"Feature","properties":{"ID_GEOFLA":8190,"CODE_COMM":"143","INSEE_COM":"29143","NOM_COMM":"MAHALON","STATUT":"Commune simple","X_CHF_LIEU":1465,"Y_CHF_LIEU":67965,"X_CENTROID":1478,"Y_CENTROID":67956,"Z_MOYEN":64,"SUPERFICIE":2126,"POPULATION":0.9,"CODE_CANT":"33","CODE_ARR":"4","CODE_DEPT":"29","NOM_DEPT":"FINISTERE","CODE_REG":"53","NOM_REGION":"BRETAGNE"},"geometry":{"type":"MultiPolygon","coordinates":[[[[149815.0,6793502.0],[148112.0,6792804.0],[147035.0,6793780.0],[146669.0,6793685.0],[145685.0,6794253.0],[145256.0,6795685.0],[143855.0,6796178.0],[143289.0,6797174.0],[143338.0,6797494.0],[144243.0,6797192.0],[146180.0,6797368.0],[149168.0,6796581.0],[149266.0,6797356.0],[150692.0,6797094.0],[151697.0,6798109.0],[152434.0,6797331.0],[151781.0,6797082.0],[151569.0,6796054.0],[150485.0,6796367.0],[150260.0,6796064.0],[149815.0,6793502.0]]]]}},{"type":"Feature","properties":{"ID_GEOFLA":8212,"CODE_COMM":"278","INSEE_COM":"29278","NOM_COMM":"SPEZET","STATUT":"Commune simple","X_CHF_LIEU":2014,"Y_CHF_LIEU":68091,"X_CENTROID":2033,"Y_CENTROID":68083,"Z_MOYEN":143,"SUPERFICIE":6137,"POPULATION":1.8,"CODE_CANT":"07","CODE_ARR":"2","CODE_DEPT":"29","NOM_DEPT":"FINISTERE","CODE_REG":"53","NOM_REGION":"BRETAGNE"},"geometry":{"type":"MultiPolygon","coordinates":[[[[204450.0,6804404.0],[202643.0,6804618.0],[201896.0,6804463.0],[200565.0,6805702.0],[197290.0,6807534.0],[198850.0,6808524.0],[198160.0,6809772.0],[198883.0,6811114.0],[200049.0,6810408.0],[200363.0,6810593.0],[200034.0,6811974.0],[200535.0,6812482.0],[201724.0,6811757.0],[202458.0,6811753.0],[202698.0,6812033.0],[203222.0,6812556.0],[204096.0,6811946.0],[205205.0,6812144.0],[205798.0,6811688.0],[206529.0,6810413.0],[207987.0,6809957.0],[208320.0,6808863.0],[208397.0,6806246.0],[205849.0,6804815.0],[204450.0,6804404.0]]]]}},{"type":"Feature","properties":{"ID_GEOFLA":8264,"CODE_COMM":"165","INSEE_COM":"29165","NOM_COMM":"PLOBANNALEC-LESCONIL","STATUT":"Commune simple","X_CHF_LIEU":1597,"Y_CHF_LIEU":67717,"X_CENTROID":1598,"Y_CENTROID":67715,"Z_MOYEN":12,"SUPERFICIE":1817,"POPULATION":3.3,"CODE_CANT":"49","CODE_ARR":"4","CODE_DEPT":"29","NOM_DEPT":"FINISTERE","CODE_REG":"53","NOM_REGION":"BRETAGNE"},"geometry":{"type":"MultiPolygon","coordinates":[[[[159682.0,6768418.0],[159050.0,6769390.0],[158354.0,6769731.0],[157516.0,6771838.0],[157894.0,6771913.0],[158003.0,6773432.0],[158745.0,6774307.0],[159716.0,6773821.0],[160669.0,6774291.0],[161583.0,6773709.0],[161553.0,6772195.0],[162098.0,6770753.0],[161769.0,6769639.0],[161142.0,6769191.0],[160650.0,6770481.0],[160378.0,6770286.0],[160771.0,6768617.0],[159682.0,6768418.0]]]]}},{"type":"Feature","properties":{"ID_GEOFLA":8454,"CODE_COMM":"117","INSEE_COM":"29117","NOM_COMM":"LANNILIS","STATUT":"Chef-lieu canton","X_CHF_LIEU":1460,"Y_CHF_LIEU":68563,"X_CENTROID":1457,"Y_CENTROID":68563,"Z_MOYEN":38,"SUPERFICIE":2481,"POPULATION":5.1,"CODE_CANT":"20","CODE_ARR":"1","CODE_DEPT":"29","NOM_DEPT":"FINISTERE","CODE_REG":"53","NOM_REGION":"BRETAGNE"},"geometry":{"type":"MultiPolygon","coordinates":[[[[150993.0,6855951.0],[150299.0,6855652.0],[148696.0,6853987.0],[146803.0,6854389.0],[146431.0,6854309.0],[143427.0,6855736.0],[141183.0,6856035.0],[140622.0,6857424.0],[141051.0,6857925.0],[142471.0,6857504.0],[143954.0,6857667.0],[144570.0,6858609.0],[145622.0,6858973.0],[146043.0,6858896.0],[146220.0,6858142.0],[147323.0,6858061.0],[148429.0,6856597.0],[149110.0,6856314.0],[150993.0,6855951.0]]]]}},{"type":"Feature","properties":{"ID_GEOFLA":8493,"CODE_COMM":"102","INSEE_COM":"29102","NOM_COMM":"LANDELEAU","STATUT":"Commune simple","X_CHF_LIEU":2009,"Y_CHF_LIEU":68132,"X_CENTROID":2008,"Y_CENTROID":68160,"Z_MOYEN":119,"SUPERFICIE":3025,"POPULATION":1.0,"CODE_CANT":"09","CODE_ARR":"2","CODE_DEPT":"29","NOM_DEPT":"FINISTERE","CODE_REG":"53","NOM_REGION":"BRETAGNE"},"geometry":{"type":"MultiPolygon","coordinates":[[[[202698.0,6812033.0],[202458.0,6811753.0],[201724.0,6811757.0],[200535.0,6812482.0],[200034.0,6811974.0],[199318.0,6812235.0],[197833.0,6817128.0],[198547.0,6817449.0],[199910.0,6819316.0],[202970.0,6819328.0],[204025.0,6818299.0],[203710.0,6817095.0],[202518.0,6815707.0],[203288.0,6814890.0],[203153.0,6814161.0],[202053.0,6814340.0],[201608.0,6813762.0],[201732.0,6812624.0],[202698.0,6812033.0]]]]}},{"type":"Feature","properties":{"ID_GEOFLA":8494,"CODE_COMM":"001","INSEE_COM":"29001","NOM_COMM":"ARGOL","STATUT":"Commune simple","X_CHF_LIEU":1576,"Y_CHF_LIEU":68190,"X_CENTROID":1593,"Y_CENTROID":68190,"Z_MOYEN":82,"SUPERFICIE":3161,"POPULATION":0.8,"CODE_CANT":"11","CODE_ARR":"2","CODE_DEPT":"29","NOM_DEPT":"FINISTERE","CODE_REG":"53","NOM_REGION":"BRETAGNE"},"geometry":{"type":"MultiPolygon","coordinates":[[[[154265.0,6821702.0],[154230.0,6822966.0],[155400.0,6823809.0],[156467.0,6823636.0],[156033.0,6822683.0],[154930.0,6821829.0],[154265.0,6821702.0]]],[[[156873.0,6814489.0],[156565.0,6814324.0],[156076.0,6814815.0],[156883.0,6815597.0],[157309.0,6817065.0],[157131.0,6818207.0],[156345.0,6819491.0],[156890.0,6820922.0],[157075.0,6821638.0],[159997.0,6822017.0],[160551.0,6822093.0],[162289.0,6820614.0],[161277.0,6820199.0],[162418.0,6820122.0],[163119.0,6819369.0],[163083.0,6818920.0],[162647.0,6817970.0],[161185.0,6816948.0],[159727.0,6817156.0],[158672.0,6816773.0],[156873.0,6814489.0]]]]}},{"type":"Feature","properties":{"ID_GEOFLA":8495,"CODE_COMM":"133","INSEE_COM":"29133","NOM_COMM":"LOCQUIREC","STATUT":"Commune simple","X_CHF_LIEU":2114,"Y_CHF_LIEU":68641,"X_CENTROID":2097,"Y_CENTROID":68632,"Z_MOYEN":41,"SUPERFICIE":631,"POPULATION":1.4,"CODE_CANT":"19","CODE_ARR":"3","CODE_DEPT":"29","NOM_DEPT":"FINISTERE","CODE_REG":"53","NOM_REGION":"BRETAGNE"},"geometry":{"type":"MultiPolygon","coordinates":[[[[210587.0,6861310.0],[210554.0,6861686.0],[209374.0,6862627.0],[209151.0,6863348.0],[208149.0,6862950.0],[207466.0,6863169.0],[207317.0,6864220.0],[208237.0,6864357.0],[208937.0,6863774.0],[210701.0,6864552.0],[211700.0,6864305.0],[210649.0,6863008.0],[211752.0,6862062.0],[210587.0,6861310.0]]]]}},{"type":"Feature","properties":{"ID_GEOFLA":8609,"CODE_COMM":"294","INSEE_COM":"29294","NOM_COMM":"LE TREHOU","STATUT":"Commune simple","X_CHF_LIEU":1728,"Y_CHF_LIEU":68342,"X_CENTROID":1729,"Y_CENTROID":68342,"Z_MOYEN":101,"SUPERFICIE":2320,"POPULATION":0.5,"CODE_CANT":"28","CODE_ARR":"1","CODE_DEPT":"29","NOM_DEPT":"FINISTERE","CODE_REG":"53","NOM_REGION":"BRETAGNE"},"geometry":{"type":"MultiPolygon","coordinates":[[[[175745.0,6832397.0],[173822.0,6831267.0],[172328.0,6831627.0],[171786.0,6832170.0],[170200.0,6833795.0],[169134.0,6834115.0],[169318.0,6834784.0],[170739.0,6835151.0],[171292.0,6835630.0],[172444.0,6836365.0],[172742.0,6837349.0],[173355.0,6837710.0],[174993.0,6836243.0],[175106.0,6834418.0],[175745.0,6832397.0]]]]}},{"type":"Feature","properties":{"ID_GEOFLA":8685,"CODE_COMM":"274","INSEE_COM":"29274","NOM_COMM":"SCAER","STATUT":"Chef-lieu canton","X_CHF_LIEU":2010,"Y_CHF_LIEU":67908,"X_CENTROID":1988,"Y_CENTROID":67910,"Z_MOYEN":170,"SUPERFICIE":11783,"POPULATION":5.2,"CODE_CANT":"41","CODE_ARR":"4","CODE_DEPT":"29","NOM_DEPT":"FINISTERE","CODE_REG":"53","NOM_REGION":"BRETAGNE"},"geometry":{"type":"MultiPolygon","coordinates":[[[[204812.0,6785424.0],[204538.0,6785701.0],[203040.0,6785604.0],[202573.0,6786207.0],[201430.0,6786311.0],[200674.0,6785456.0],[200675.0,6784689.0],[201411.0,6783340.0],[200812.0,6782938.0],[198976.0,6783524.0],[198362.0,6784692.0],[196829.0,6784939.0],[196872.0,6786483.0],[196555.0,6787608.0],[194657.0,6787876.0],[193982.0,6788260.0],[192462.0,6788106.0],[193458.0,6792691.0],[194300.0,6794897.0],[194671.0,6794800.0],[194634.0,6795923.0],[195049.0,6796557.0],[196943.0,6797827.0],[198828.0,6798154.0],[199377.0,6798678.0],[201244.0,6798729.0],[202166.0,6798116.0],[201431.0,6797211.0],[201555.0,6795655.0],[201282.0,6795372.0],[201415.0,6795002.0],[203319.0,6793731.0],[203985.0,6789509.0],[204762.0,6788156.0],[205165.0,6785866.0],[204812.0,6785424.0]]]]}},{"type":"Feature","properties":{"ID_GEOFLA":8728,"CODE_COMM":"158","INSEE_COM":"29158","NOM_COMM":"PENMARCH","STATUT":"Commune simple","X_CHF_LIEU":1515,"Y_CHF_LIEU":67712,"X_CENTROID":1514,"Y_CENTROID":67712,"Z_MOYEN":6,"SUPERFICIE":1643,"POPULATION":5.6,"CODE_CANT":"49","CODE_ARR":"4","CODE_DEPT":"29","NOM_DEPT":"FINISTERE","CODE_REG":"53","NOM_REGION":"BRETAGNE"},"geometry":{"type":"MultiPolygon","coordinates":[[[[154251.0,6769721.0],[152337.0,6769578.0],[148951.0,6769927.0],[148946.0,6771439.0],[148474.0,6772008.0],[148538.0,6772393.0],[150898.0,6773380.0],[151860.0,6772774.0],[152983.0,6772715.0],[153988.0,6771601.0],[154099.0,6770852.0],[154591.0,6770303.0],[154251.0,6769721.0]]]]}},{"type":"Feature","properties":{"ID_GEOFLA":8729,"CODE_COMM":"002","INSEE_COM":"29002","NOM_COMM":"ARZANO","STATUT":"Chef-lieu canton","X_CHF_LIEU":2193,"Y_CHF_LIEU":67752,"X_CENTROID":2190,"Y_CENTROID":67743,"Z_MOYEN":62,"SUPERFICIE":3386,"POPULATION":1.4,"CODE_CANT":"01","CODE_ARR":"4","CODE_DEPT":"29","NOM_DEPT":"FINISTERE","CODE_REG":"53","NOM_REGION":"BRETAGNE"},"geometry":{"type":"MultiPolygon","coordinates":[[[[222102.0,6770785.0],[221335.0,6770861.0],[220452.0,6771533.0],[218250.0,6770901.0],[218058.0,6771910.0],[216351.0,6772543.0],[214814.0,6774161.0],[214755.0,6774863.0],[215371.0,6775661.0],[217885.0,6775869.0],[217966.0,6776991.0],[218632.0,6777318.0],[219392.0,6778127.0],[220883.0,6777845.0],[222001.0,6776836.0],[221511.0,6775482.0],[222002.0,6773274.0],[221739.0,6771403.0],[222102.0,6770785.0]]]]}},{"type":"Feature","properties":{"ID_GEOFLA":8778,"CODE_COMM":"232","INSEE_COM":"29232","NOM_COMM":"QUIMPER","STATUT":"Pr\u00e9fecture","X_CHF_LIEU":1713,"Y_CHF_LIEU":67899,"X_CENTROID":1718,"Y_CENTROID":67900,"Z_MOYEN":51,"SUPERFICIE":8428,"POPULATION":63.9,"CODE_CANT":"98","CODE_ARR":"4","CODE_DEPT":"29","NOM_DEPT":"FINISTERE","CODE_REG":"53","NOM_REGION":"BRETAGNE"},"geometry":{"type":"MultiPolygon","coordinates":[[[[174475.0,6783124.0],[173500.0,6782519.0],[172813.0,6782793.0],[171017.0,6783876.0],[171937.0,6785022.0],[170895.0,6784033.0],[169958.0,6784137.0],[170018.0,6784935.0],[170886.0,6785170.0],[171208.0,6786246.0],[171147.0,6787218.0],[170053.0,6787982.0],[169775.0,6788772.0],[169619.0,6787974.0],[170626.0,6786889.0],[170062.0,6786463.0],[169432.0,6786692.0],[168802.0,6786667.0],[168419.0,6788473.0],[167190.0,6789343.0],[166771.0,6791590.0],[165338.0,6793306.0],[166070.0,6793305.0],[166961.0,6792706.0],[168826.0,6792775.0],[167964.0,6794264.0],[169463.0,6795371.0],[170560.0,6795184.0],[170869.0,6795403.0],[171363.0,6797614.0],[173264.0,6797380.0],[174141.0,6795683.0],[174646.0,6793940.0],[173488.0,6789519.0],[177198.0,6788759.0],[177484.0,6787694.0],[175502.0,6785947.0],[175366.0,6784808.0],[174475.0,6783124.0]]]]}},{"type":"Feature","properties":{"ID_GEOFLA":8870,"CODE_COMM":"269","INSEE_COM":"29269","NOM_COMM":"SAINT-THURIEN","STATUT":"Commune simple","X_CHF_LIEU":2062,"Y_CHF_LIEU":67827,"X_CENTROID":2064,"Y_CENTROID":67825,"Z_MOYEN":98,"SUPERFICIE":2137,"POPULATION":0.9,"CODE_CANT":"41","CODE_ARR":"4","CODE_DEPT":"29","NOM_DEPT":"FINISTERE","CODE_REG":"53","NOM_REGION":"BRETAGNE"},"geometry":{"type":"MultiPolygon","coordinates":[[[[207899.0,6779118.0],[207104.0,6779718.0],[206221.0,6779232.0],[205286.0,6780421.0],[204023.0,6781292.0],[203747.0,6782017.0],[203790.0,6782403.0],[205244.0,6783597.0],[205307.0,6784370.0],[204812.0,6785424.0],[205165.0,6785866.0],[206554.0,6785417.0],[207242.0,6785614.0],[207420.0,6784858.0],[208121.0,6784569.0],[209121.0,6783375.0],[208887.0,6782656.0],[208068.0,6781823.0],[207899.0,6779118.0]]]]}},{"type":"Feature","properties":{"ID_GEOFLA":8905,"CODE_COMM":"207","INSEE_COM":"29207","NOM_COMM":"PLOURIN-LES-MORLAIX","STATUT":"Commune simple","X_CHF_LIEU":1992,"Y_CHF_LIEU":68475,"X_CENTROID":1984,"Y_CENTROID":68462,"Z_MOYEN":124,"SUPERFICIE":4237,"POPULATION":4.5,"CODE_CANT":"22","CODE_ARR":"3","CODE_DEPT":"29","NOM_DEPT":"FINISTERE","CODE_REG":"53","NOM_REGION":"BRETAGNE"},"geometry":{"type":"MultiPolygon","coordinates":[[[[201099.0,6842101.0],[200747.0,6842264.0],[199929.0,6841477.0],[198331.0,6842513.0],[197291.0,6842058.0],[196218.0,6842444.0],[195606.0,6845461.0],[195712.0,6846621.0],[196724.0,6848710.0],[196088.0,6850056.0],[196200.0,6851555.0],[196923.0,6851360.0],[197437.0,6851882.0],[198545.0,6850925.0],[198907.0,6851028.0],[199361.0,6849988.0],[201089.0,6847917.0],[200699.0,6846453.0],[201496.0,6844294.0],[201357.0,6842393.0],[201099.0,6842101.0]]]]}},{"type":"Feature","properties":{"ID_GEOFLA":8937,"CODE_COMM":"224","INSEE_COM":"29224","NOM_COMM":"POULDERGAT","STATUT":"Commune simple","X_CHF_LIEU":1547,"Y_CHF_LIEU":67967,"X_CENTROID":1548,"Y_CENTROID":67964,"Z_MOYEN":73,"SUPERFICIE":2439,"POPULATION":1.3,"CODE_CANT":"13","CODE_ARR":"4","CODE_DEPT":"29","NOM_DEPT":"FINISTERE","CODE_REG":"53","NOM_REGION":"BRETAGNE"},"geometry":{"type":"MultiPolygon","coordinates":[[[[156927.0,6793148.0],[155227.0,6794336.0],[154221.0,6794649.0],[151917.0,6794994.0],[151569.0,6796054.0],[151781.0,6797082.0],[152434.0,6797331.0],[152784.0,6797237.0],[152984.0,6797539.0],[152684.0,6798552.0],[153043.0,6799130.0],[155169.0,6799916.0],[155555.0,6798446.0],[156929.0,6797125.0],[158035.0,6796667.0],[157333.0,6794856.0],[157473.0,6793711.0],[156927.0,6793148.0]]]]}},{"type":"Feature","properties":{"ID_GEOFLA":9050,"CODE_COMM":"270","INSEE_COM":"29270","NOM_COMM":"SAINT-URBAIN","STATUT":"Commune simple","X_CHF_LIEU":1658,"Y_CHF_LIEU":68355,"X_CENTROID":1661,"Y_CENTROID":68351,"Z_MOYEN":87,"SUPERFICIE":1521,"POPULATION":1.5,"CODE_CANT":"12","CODE_ARR":"1","CODE_DEPT":"29","NOM_DEPT":"FINISTERE","CODE_REG":"53","NOM_REGION":"BRETAGNE"},"geometry":{"type":"MultiPolygon","coordinates":[[[[163665.0,6831980.0],[163208.0,6832862.0],[163644.0,6833903.0],[164962.0,6834607.0],[165330.0,6835705.0],[165220.0,6836855.0],[165714.0,6837896.0],[166441.0,6837722.0],[167129.0,6838067.0],[167149.0,6838072.0],[167716.0,6837315.0],[169318.0,6834784.0],[166997.0,6834597.0],[165434.0,6832826.0],[163665.0,6831980.0]]]]}},{"type":"Feature","properties":{"ID_GEOFLA":9143,"CODE_COMM":"120","INSEE_COM":"29120","NOM_COMM":"LANVEOC","STATUT":"Commune simple","X_CHF_LIEU":1472,"Y_CHF_LIEU":68245,"X_CENTROID":1485,"Y_CENTROID":68232,"Z_MOYEN":50,"SUPERFICIE":1919,"POPULATION":2.2,"CODE_CANT":"11","CODE_ARR":"2","CODE_DEPT":"29","NOM_DEPT":"FINISTERE","CODE_REG":"53","NOM_REGION":"BRETAGNE"},"geometry":{"type":"MultiPolygon","coordinates":[[[[152925.0,6822802.0],[152788.0,6822048.0],[148190.0,6821447.0],[146370.0,6822135.0],[145939.0,6823166.0],[144779.0,6823216.0],[144262.0,6824258.0],[146541.0,6824705.0],[147539.0,6825286.0],[150220.0,6824866.0],[151032.0,6823145.0],[152925.0,6822802.0]]]]}},{"type":"Feature","properties":{"ID_GEOFLA":9392,"CODE_COMM":"189","INSEE_COM":"29189","NOM_COMM":"PLOUGASTEL-DAOULAS","STATUT":"Commune simple","X_CHF_LIEU":1549,"Y_CHF_LIEU":68334,"X_CENTROID":1539,"Y_CENTROID":68322,"Z_MOYEN":57,"SUPERFICIE":4723,"POPULATION":13.1,"CODE_CANT":"12","CODE_ARR":"1","CODE_DEPT":"29","NOM_DEPT":"FINISTERE","CODE_REG":"53","NOM_REGION":"BRETAGNE"},"geometry":{"type":"MultiPolygon","coordinates":[[[[158265.0,6831554.0],[156405.0,6830089.0],[155868.0,6830173.0],[156932.0,6831548.0],[154883.0,6830433.0],[154870.0,6829304.0],[154273.0,6828345.0],[151030.0,6828474.0],[152276.0,6829901.0],[153106.0,6830238.0],[152379.0,6830342.0],[148877.0,6828786.0],[148333.0,6828967.0],[150097.0,6832754.0],[151471.0,6833507.0],[152600.0,6834765.0],[155427.0,6835932.0],[155972.0,6836555.0],[156334.0,6836716.0],[156903.0,6836603.0],[157341.0,6835987.0],[157517.0,6834876.0],[158305.0,6834093.0],[157886.0,6832677.0],[158697.0,6831977.0],[158265.0,6831554.0]]]]}},{"type":"Feature","properties":{"ID_GEOFLA":9462,"CODE_COMM":"168","INSEE_COM":"29168","NOM_COMM":"PLOGOFF","STATUT":"Commune simple","X_CHF_LIEU":1295,"Y_CHF_LIEU":67984,"X_CENTROID":1284,"Y_CENTROID":67983,"Z_MOYEN":46,"SUPERFICIE":1198,"POPULATION":1.4,"CODE_CANT":"33","CODE_ARR":"4","CODE_DEPT":"29","NOM_DEPT":"FINISTERE","CODE_REG":"53","NOM_REGION":"BRETAGNE"},"geometry":{"type":"MultiPolygon","coordinates":[[[[131938.0,6797365.0],[130343.0,6796762.0],[129513.0,6797229.0],[127152.0,6797540.0],[125037.0,6798658.0],[124039.0,6799356.0],[126400.0,6799538.0],[126696.0,6799790.0],[131911.0,6798359.0],[131938.0,6797365.0]]]]}},{"type":"Feature","properties":{"ID_GEOFLA":9505,"CODE_COMM":"034","INSEE_COM":"29034","NOM_COMM":"LE CLOITRE-SAINT-THEGONNEC","STATUT":"Commune simple","X_CHF_LIEU":1984,"Y_CHF_LIEU":68415,"X_CENTROID":1984,"Y_CENTROID":68393,"Z_MOYEN":217,"SUPERFICIE":2860,"POPULATION":0.6,"CODE_CANT":"40","CODE_ARR":"3","CODE_DEPT":"29","NOM_DEPT":"FINISTERE","CODE_REG":"53","NOM_REGION":"BRETAGNE"},"geometry":{"type":"MultiPolygon","coordinates":[[[[199616.0,6836990.0],[197492.0,6836452.0],[197187.0,6835794.0],[195879.0,6836233.0],[195373.0,6838018.0],[196530.0,6839886.0],[196115.0,6840925.0],[196218.0,6842444.0],[197291.0,6842058.0],[198331.0,6842513.0],[199929.0,6841477.0],[200747.0,6842264.0],[201099.0,6842101.0],[201568.0,6841169.0],[201222.0,6840522.0],[201420.0,6839071.0],[201168.0,6837632.0],[199616.0,6836990.0]]]]}},{"type":"Feature","properties":{"ID_GEOFLA":9506,"CODE_COMM":"172","INSEE_COM":"29172","NOM_COMM":"PLOMODIERN","STATUT":"Commune simple","X_CHF_LIEU":1632,"Y_CHF_LIEU":68113,"X_CENTROID":1642,"Y_CENTROID":68112,"Z_MOYEN":91,"SUPERFICIE":4675,"POPULATION":2.2,"CODE_CANT":"08","CODE_ARR":"2","CODE_DEPT":"29","NOM_DEPT":"FINISTERE","CODE_REG":"53","NOM_REGION":"BRETAGNE"},"geometry":{"type":"MultiPolygon","coordinates":[[[[159918.0,6808474.0],[159777.0,6808816.0],[158392.0,6809280.0],[158310.0,6810012.0],[158735.0,6810992.0],[158513.0,6812077.0],[159418.0,6812805.0],[162854.0,6814441.0],[166464.0,6813412.0],[167092.0,6812439.0],[168711.0,6811409.0],[170996.0,6811046.0],[171171.0,6811390.0],[172266.0,6811737.0],[172208.0,6811061.0],[171452.0,6809965.0],[171188.0,6810229.0],[170255.0,6809076.0],[169541.0,6808806.0],[167702.0,6809021.0],[164100.0,6810266.0],[159918.0,6808474.0]]]]}},{"type":"Feature","properties":{"ID_GEOFLA":9581,"CODE_COMM":"020","INSEE_COM":"29020","NOM_COMM":"BRIEC","STATUT":"Chef-lieu canton","X_CHF_LIEU":1797,"Y_CHF_LIEU":68010,"X_CENTROID":1780,"Y_CENTROID":68002,"Z_MOYEN":130,"SUPERFICIE":6749,"POPULATION":5.2,"CODE_CANT":"06","CODE_ARR":"4","CODE_DEPT":"29","NOM_DEPT":"FINISTERE","CODE_REG":"53","NOM_REGION":"BRETAGNE"},"geometry":{"type":"MultiPolygon","coordinates":[[[[178709.0,6793963.0],[178186.0,6793454.0],[177117.0,6793278.0],[174646.0,6793940.0],[174141.0,6795683.0],[174246.0,6796817.0],[175794.0,6799469.0],[175769.0,6800609.0],[176140.0,6801288.0],[175897.0,6801987.0],[174698.0,6802962.0],[174987.0,6803678.0],[174439.0,6804225.0],[175532.0,6805331.0],[175694.0,6807617.0],[175837.0,6807980.0],[176228.0,6807988.0],[177636.0,6808021.0],[178887.0,6807457.0],[179258.0,6805755.0],[179512.0,6804611.0],[178249.0,6803135.0],[178230.0,6802356.0],[178584.0,6801722.0],[179692.0,6801994.0],[180393.0,6801685.0],[180558.0,6800938.0],[180095.0,6798273.0],[180418.0,6798051.0],[181043.0,6798493.0],[181773.0,6800669.0],[183021.0,6801604.0],[184279.0,6800134.0],[184242.0,6797972.0],[183328.0,6796824.0],[182808.0,6797836.0],[181392.0,6798322.0],[179656.0,6796879.0],[178521.0,6796732.0],[177778.0,6795868.0],[178774.0,6794706.0],[178709.0,6793963.0]]]]}},{"type":"Feature","properties":{"ID_GEOFLA":9615,"CODE_COMM":"149","INSEE_COM":"29149","NOM_COMM":"MILIZAC","STATUT":"Commune simple","X_CHF_LIEU":1414,"Y_CHF_LIEU":68453,"X_CENTROID":1413,"Y_CENTROID":68443,"Z_MOYEN":85,"SUPERFICIE":3353,"POPULATION":3.0,"CODE_CANT":"39","CODE_ARR":"1","CODE_DEPT":"29","NOM_DEPT":"FINISTERE","CODE_REG":"53","NOM_REGION":"BRETAGNE"},"geometry":{"type":"MultiPolygon","coordinates":[[[[138711.0,6841253.0],[138615.0,6841617.0],[137924.0,6841867.0],[137794.0,6843703.0],[137147.0,6843733.0],[137301.0,6844408.0],[137979.0,6844563.0],[138105.0,6844910.0],[137983.0,6845994.0],[138322.0,6847403.0],[138602.0,6847589.0],[139830.0,6847151.0],[140184.0,6846484.0],[141251.0,6846761.0],[142110.0,6846093.0],[143067.0,6846682.0],[143724.0,6846634.0],[144139.0,6846081.0],[144469.0,6846187.0],[145306.0,6845122.0],[146010.0,6844950.0],[146102.0,6843491.0],[145477.0,6843637.0],[144780.0,6842982.0],[144430.0,6843005.0],[144164.0,6842384.0],[143846.0,6842532.0],[143039.0,6841917.0],[143165.0,6841590.0],[142780.0,6841628.0],[142165.0,6842570.0],[141417.0,6842682.0],[138711.0,6841253.0]]]]}},{"type":"Feature","properties":{"ID_GEOFLA":9627,"CODE_COMM":"193","INSEE_COM":"29193","NOM_COMM":"PLOUGOURVEST","STATUT":"Commune simple","X_CHF_LIEU":1777,"Y_CHF_LIEU":68517,"X_CENTROID":1786,"Y_CENTROID":68515,"Z_MOYEN":103,"SUPERFICIE":1418,"POPULATION":1.3,"CODE_CANT":"18","CODE_ARR":"3","CODE_DEPT":"29","NOM_DEPT":"FINISTERE","CODE_REG":"53","NOM_REGION":"BRETAGNE"},"geometry":{"type":"MultiPolygon","coordinates":[[[[180375.0,6849329.0],[180111.0,6849069.0],[179113.0,6849511.0],[178373.0,6848748.0],[177699.0,6848950.0],[177549.0,6850016.0],[176505.0,6850096.0],[176441.0,6851194.0],[177199.0,6851989.0],[177158.0,6853117.0],[179301.0,6853957.0],[180729.0,6853732.0],[180418.0,6851847.0],[179633.0,6850078.0],[179707.0,6849697.0],[180375.0,6849329.0]]]]}},{"type":"Feature","properties":{"ID_GEOFLA":9641,"CODE_COMM":"255","INSEE_COM":"29255","NOM_COMM":"SAINT-MEEN","STATUT":"Commune simple","X_CHF_LIEU":1647,"Y_CHF_LIEU":68536,"X_CENTROID":1649,"Y_CENTROID":68529,"Z_MOYEN":67,"SUPERFICIE":1201,"POPULATION":0.7,"CODE_CANT":"21","CODE_ARR":"1","CODE_DEPT":"29","NOM_DEPT":"FINISTERE","CODE_REG":"53","NOM_REGION":"BRETAGNE"},"geometry":{"type":"MultiPolygon","coordinates":[[[[165673.0,6850124.0],[164175.0,6851485.0],[163210.0,6854235.0],[162847.0,6854345.0],[162725.0,6854791.0],[163402.0,6854816.0],[163361.0,6855152.0],[166450.0,6855209.0],[166151.0,6854186.0],[165788.0,6854248.0],[165734.0,6853511.0],[167039.0,6850463.0],[166293.0,6850542.0],[165673.0,6850124.0]]]]}},{"type":"Feature","properties":{"ID_GEOFLA":9707,"CODE_COMM":"006","INSEE_COM":"29006","NOM_COMM":"BENODET","STATUT":"Commune simple","X_CHF_LIEU":1690,"Y_CHF_LIEU":67768,"X_CENTROID":1716,"Y_CENTROID":67767,"Z_MOYEN":18,"SUPERFICIE":1030,"POPULATION":3.2,"CODE_CANT":"15","CODE_ARR":"4","CODE_DEPT":"29","NOM_DEPT":"FINISTERE","CODE_REG":"53","NOM_REGION":"BRETAGNE"},"geometry":{"type":"MultiPolygon","coordinates":[[[[172358.0,6775951.0],[171708.0,6775545.0],[171344.0,6776401.0],[171487.0,6775299.0],[170852.0,6775390.0],[170359.0,6775014.0],[169736.0,6775156.0],[169723.0,6776129.0],[169036.0,6776220.0],[168595.0,6777024.0],[168945.0,6777530.0],[169591.0,6777263.0],[170709.0,6777394.0],[172009.0,6778071.0],[173075.0,6777722.0],[174158.0,6777886.0],[175048.0,6777802.0],[175149.0,6777518.0],[174424.0,6776635.0],[172918.0,6776484.0],[172358.0,6775951.0]]]]}},{"type":"Feature","properties":{"ID_GEOFLA":9708,"CODE_COMM":"039","INSEE_COM":"29039","NOM_COMM":"CONCARNEAU","STATUT":"Chef-lieu canton","X_CHF_LIEU":1834,"Y_CHF_LIEU":67754,"X_CENTROID":1845,"Y_CENTROID":67776,"Z_MOYEN":50,"SUPERFICIE":4101,"POPULATION":20.1,"CODE_CANT":"10","CODE_ARR":"4","CODE_DEPT":"29","NOM_DEPT":"FINISTERE","CODE_REG":"53","NOM_REGION":"BRETAGNE"},"geometry":{"type":"MultiPolygon","coordinates":[[[[186288.0,6773441.0],[184576.0,6772581.0],[183865.0,6772832.0],[183660.0,6773158.0],[184288.0,6773565.0],[184251.0,6773949.0],[183809.0,6774577.0],[182764.0,6775045.0],[182378.0,6776128.0],[181808.0,6776649.0],[181448.0,6777694.0],[181705.0,6778824.0],[181639.0,6780699.0],[182619.0,6781158.0],[183098.0,6782170.0],[182530.0,6782625.0],[183835.0,6783191.0],[184576.0,6782369.0],[185321.0,6782323.0],[186578.0,6780442.0],[185672.0,6779228.0],[186667.0,6776294.0],[188501.0,6775740.0],[188703.0,6775406.0],[188434.0,6774390.0],[187716.0,6774382.0],[186651.0,6773425.0],[186288.0,6773441.0]]]]}},{"type":"Feature","properties":{"ID_GEOFLA":9747,"CODE_COMM":"101","INSEE_COM":"29101","NOM_COMM":"LANDEDA","STATUT":"Commune simple","X_CHF_LIEU":1424,"Y_CHF_LIEU":68586,"X_CENTROID":1420,"Y_CENTROID":68588,"Z_MOYEN":33,"SUPERFICIE":1107,"POPULATION":3.6,"CODE_CANT":"20","CODE_ARR":"1","CODE_DEPT":"29","NOM_DEPT":"FINISTERE","CODE_REG":"53","NOM_REGION":"BRETAGNE"},"geometry":{"type":"MultiPolygon","coordinates":[[[[140622.0,6857424.0],[139480.0,6857793.0],[139960.0,6858766.0],[140103.0,6860802.0],[140816.0,6861049.0],[141582.0,6860323.0],[140790.0,6859518.0],[143268.0,6859843.0],[143592.0,6859311.0],[144435.0,6859700.0],[145622.0,6858973.0],[144570.0,6858609.0],[143954.0,6857667.0],[142471.0,6857504.0],[141051.0,6857925.0],[140622.0,6857424.0]]]]}},{"type":"Feature","properties":{"ID_GEOFLA":10579,"CODE_COMM":"038","INSEE_COM":"29038","NOM_COMM":"COMMANA","STATUT":"Commune simple","X_CHF_LIEU":1860,"Y_CHF_LIEU":68352,"X_CENTROID":1848,"Y_CENTROID":68349,"Z_MOYEN":211,"SUPERFICIE":4022,"POPULATION":1.1,"CODE_CANT":"42","CODE_ARR":"3","CODE_DEPT":"29","NOM_DEPT":"FINISTERE","CODE_REG":"53","NOM_REGION":"BRETAGNE"},"geometry":{"type":"MultiPolygon","coordinates":[[[[186553.0,6831867.0],[186227.0,6832087.0],[184448.0,6831251.0],[183681.0,6831199.0],[181912.0,6832724.0],[181512.0,6834234.0],[180795.0,6835165.0],[180777.0,6835558.0],[181015.0,6835872.0],[182083.0,6836318.0],[182197.0,6836694.0],[181908.0,6836961.0],[182066.0,6837311.0],[184260.0,6837863.0],[184445.0,6838606.0],[185263.0,6839375.0],[185802.0,6838525.0],[186687.0,6838244.0],[187977.0,6836801.0],[188646.0,6833787.0],[188515.0,6833707.0],[186553.0,6831867.0]]]]}},{"type":"Feature","properties":{"ID_GEOFLA":10880,"CODE_COMM":"295","INSEE_COM":"29295","NOM_COMM":"TREMAOUEZAN","STATUT":"Commune simple","X_CHF_LIEU":1648,"Y_CHF_LIEU":68473,"X_CENTROID":1648,"Y_CENTROID":68478,"Z_MOYEN":88,"SUPERFICIE":848,"POPULATION":0.5,"CODE_CANT":"17","CODE_ARR":"1","CODE_DEPT":"29","NOM_DEPT":"FINISTERE","CODE_REG":"53","NOM_REGION":"BRETAGNE"},"geometry":{"type":"MultiPolygon","coordinates":[[[[166773.0,6846770.0],[164166.0,6846264.0],[162903.0,6847722.0],[163318.0,6848781.0],[165741.0,6849699.0],[165877.0,6848194.0],[166532.0,6847831.0],[166773.0,6846770.0]]]]}},{"type":"Feature","properties":{"ID_GEOFLA":10891,"CODE_COMM":"219","INSEE_COM":"29219","NOM_COMM":"LE PONTHOU","STATUT":"Commune simple","X_CHF_LIEU":2107,"Y_CHF_LIEU":68500,"X_CENTROID":2106,"Y_CENTROID":68491,"Z_MOYEN":119,"SUPERFICIE":138,"POPULATION":0.2,"CODE_CANT":"30","CODE_ARR":"3","CODE_DEPT":"29","NOM_DEPT":"FINISTERE","CODE_REG":"53","NOM_REGION":"BRETAGNE"},"geometry":{"type":"MultiPolygon","coordinates":[[[[210129.0,6848031.0],[210230.0,6849176.0],[210825.0,6850560.0],[211062.0,6848766.0],[210129.0,6848031.0]]]]}},{"type":"Feature","properties":{"ID_GEOFLA":11229,"CODE_COMM":"248","INSEE_COM":"29248","NOM_COMM":"SAINT-FREGANT","STATUT":"Commune simple","X_CHF_LIEU":1575,"Y_CHF_LIEU":68589,"X_CENTROID":1570,"Y_CENTROID":68585,"Z_MOYEN":46,"SUPERFICIE":844,"POPULATION":0.6,"CODE_CANT":"21","CODE_ARR":"1","CODE_DEPT":"29","NOM_DEPT":"FINISTERE","CODE_REG":"53","NOM_REGION":"BRETAGNE"},"geometry":{"type":"MultiPolygon","coordinates":[[[[156732.0,6856226.0],[155163.0,6857353.0],[156524.0,6859970.0],[159079.0,6860284.0],[159399.0,6860128.0],[157337.0,6857363.0],[156732.0,6856226.0]]]]}},{"type":"Feature","properties":{"ID_GEOFLA":11452,"CODE_COMM":"085","INSEE_COM":"29085","NOM_COMM":"ILE-TUDY","STATUT":"Commune simple","X_CHF_LIEU":1645,"Y_CHF_LIEU":67734,"X_CENTROID":1651,"Y_CENTROID":67745,"Z_MOYEN":1,"SUPERFICIE":136,"POPULATION":0.7,"CODE_CANT":"34","CODE_ARR":"4","CODE_DEPT":"29","NOM_DEPT":"FINISTERE","CODE_REG":"53","NOM_REGION":"BRETAGNE"},"geometry":{"type":"MultiPolygon","coordinates":[[[[165928.0,6774694.0],[165047.0,6774190.0],[164593.0,6773191.0],[164360.0,6773152.0],[164761.0,6775018.0],[165597.0,6775543.0],[165890.0,6775372.0],[165928.0,6774694.0]]]]}},{"type":"Feature","properties":{"ID_GEOFLA":11513,"CODE_COMM":"112","INSEE_COM":"29112","NOM_COMM":"LANILDUT","STATUT":"Commune simple","X_CHF_LIEU":1283,"Y_CHF_LIEU":68472,"X_CENTROID":1294,"Y_CENTROID":68481,"Z_MOYEN":38,"SUPERFICIE":587,"POPULATION":0.9,"CODE_CANT":"27","CODE_ARR":"1","CODE_DEPT":"29","NOM_DEPT":"FINISTERE","CODE_REG":"53","NOM_REGION":"BRETAGNE"},"geometry":{"type":"MultiPolygon","coordinates":[[[[129990.0,6847526.0],[129573.0,6847305.0],[127549.0,6847097.0],[126525.0,6848031.0],[126939.0,6848194.0],[127521.0,6848552.0],[128506.0,6848132.0],[129217.0,6848263.0],[129842.0,6849136.0],[130575.0,6849314.0],[131673.0,6848994.0],[132118.0,6848412.0],[129990.0,6847526.0]]]]}},{"type":"Feature","properties":{"ID_GEOFLA":11800,"CODE_COMM":"240","INSEE_COM":"29240","NOM_COMM":"ROSNOEN","STATUT":"Commune simple","X_CHF_LIEU":1668,"Y_CHF_LIEU":68201,"X_CENTROID":1665,"Y_CENTROID":68211,"Z_MOYEN":78,"SUPERFICIE":3375,"POPULATION":1.0,"CODE_CANT":"14","CODE_ARR":"2","CODE_DEPT":"29","NOM_DEPT":"FINISTERE","CODE_REG":"53","NOM_REGION":"BRETAGNE"},"geometry":{"type":"MultiPolygon","coordinates":[[[[169946.0,6818381.0],[169526.0,6818228.0],[165868.0,6818850.0],[165194.0,6820096.0],[163482.0,6819473.0],[162755.0,6820900.0],[161279.0,6821963.0],[160602.0,6822430.0],[160862.0,6822767.0],[161822.0,6822430.0],[164468.0,6823727.0],[164805.0,6823157.0],[166543.0,6823753.0],[167024.0,6823340.0],[168860.0,6822212.0],[169284.0,6823640.0],[169616.0,6823822.0],[170314.0,6823555.0],[170647.0,6822125.0],[169845.0,6821336.0],[170429.0,6820376.0],[170621.0,6819277.0],[169946.0,6818381.0]]]]}},{"type":"Feature","properties":{"ID_GEOFLA":12096,"CODE_COMM":"010","INSEE_COM":"29010","NOM_COMM":"BODILIS","STATUT":"Commune simple","X_CHF_LIEU":1752,"Y_CHF_LIEU":68491,"X_CENTROID":1748,"Y_CENTROID":68475,"Z_MOYEN":87,"SUPERFICIE":2004,"POPULATION":1.5,"CODE_CANT":"18","CODE_ARR":"3","CODE_DEPT":"29","NOM_DEPT":"FINISTERE","CODE_REG":"53","NOM_REGION":"BRETAGNE"},"geometry":{"type":"MultiPolygon","coordinates":[[[[172404.0,6844461.0],[172883.0,6847809.0],[173401.0,6849618.0],[173734.0,6849799.0],[174305.0,6850243.0],[175369.0,6849942.0],[176505.0,6850096.0],[177549.0,6850016.0],[177699.0,6848950.0],[176305.0,6847118.0],[176260.0,6845598.0],[174662.0,6844946.0],[172404.0,6844461.0]]]]}},{"type":"Feature","properties":{"ID_GEOFLA":12116,"CODE_COMM":"245","INSEE_COM":"29245","NOM_COMM":"SAINT-DIVY","STATUT":"Commune simple","X_CHF_LIEU":1583,"Y_CHF_LIEU":68422,"X_CENTROID":1587,"Y_CENTROID":68422,"Z_MOYEN":105,"SUPERFICIE":853,"POPULATION":1.3,"CODE_CANT":"17","CODE_ARR":"1","CODE_DEPT":"29","NOM_DEPT":"FINISTERE","CODE_REG":"53","NOM_REGION":"BRETAGNE"},"geometry":{"type":"MultiPolygon","coordinates":[[[[157678.0,6840203.0],[157295.0,6842035.0],[156440.0,6842807.0],[157812.0,6843321.0],[158184.0,6843929.0],[158926.0,6843858.0],[160422.0,6842836.0],[160813.0,6841454.0],[160806.0,6841169.0],[158670.0,6841227.0],[157678.0,6840203.0]]]]}},{"type":"Feature","properties":{"ID_GEOFLA":12328,"CODE_COMM":"059","INSEE_COM":"29059","NOM_COMM":"GARLAN","STATUT":"Commune simple","X_CHF_LIEU":2023,"Y_CHF_LIEU":68547,"X_CENTROID":2017,"Y_CENTROID":68551,"Z_MOYEN":75,"SUPERFICIE":1335,"POPULATION":1.0,"CODE_CANT":"19","CODE_ARR":"3","CODE_DEPT":"29","NOM_DEPT":"FINISTERE","CODE_REG":"53","NOM_REGION":"BRETAGNE"},"geometry":{"type":"MultiPolygon","coordinates":[[[[199694.0,6852759.0],[199542.0,6853505.0],[200138.0,6853987.0],[200360.0,6854703.0],[199941.0,6856162.0],[200904.0,6856469.0],[201761.0,6857617.0],[202536.0,6857598.0],[203169.0,6858026.0],[203516.0,6857061.0],[203252.0,6855716.0],[203023.0,6855418.0],[203268.0,6853593.0],[200790.0,6852765.0],[199694.0,6852759.0]]]]}},{"type":"Feature","properties":{"ID_GEOFLA":12462,"CODE_COMM":"196","INSEE_COM":"29196","NOM_COMM":"PLOUGUIN","STATUT":"Commune simple","X_CHF_LIEU":1395,"Y_CHF_LIEU":68519,"X_CENTROID":1403,"Y_CENTROID":68523,"Z_MOYEN":51,"SUPERFICIE":3036,"POPULATION":2.1,"CODE_CANT":"27","CODE_ARR":"1","CODE_DEPT":"29","NOM_DEPT":"FINISTERE","CODE_REG":"53","NOM_REGION":"BRETAGNE"},"geometry":{"type":"MultiPolygon","coordinates":[[[[140651.0,6849916.0],[140280.0,6850027.0],[139237.0,6849543.0],[137767.0,6849823.0],[137214.0,6850346.0],[137292.0,6851767.0],[136603.0,6853762.0],[137532.0,6853332.0],[137834.0,6853496.0],[137752.0,6854522.0],[140308.0,6855071.0],[141011.0,6855368.0],[141493.0,6855166.0],[142908.0,6854646.0],[143989.0,6851876.0],[142892.0,6850933.0],[142968.0,6849830.0],[141839.0,6849671.0],[141031.0,6850350.0],[140669.0,6850283.0],[140651.0,6849916.0]]]]}},{"type":"Feature","properties":{"ID_GEOFLA":12529,"CODE_COMM":"203","INSEE_COM":"29203","NOM_COMM":"PLOUNEOUR-TREZ","STATUT":"Commune simple","X_CHF_LIEU":1616,"Y_CHF_LIEU":68639,"X_CENTROID":1608,"Y_CENTROID":68636,"Z_MOYEN":15,"SUPERFICIE":1130,"POPULATION":1.2,"CODE_CANT":"21","CODE_ARR":"1","CODE_DEPT":"29","NOM_DEPT":"FINISTERE","CODE_REG":"53","NOM_REGION":"BRETAGNE"},"geometry":{"type":"MultiPolygon","coordinates":[[[[161703.0,6862463.0],[159878.0,6861288.0],[159185.0,6861504.0],[159037.0,6863756.0],[159502.0,6865582.0],[160072.0,6865083.0],[161212.0,6864838.0],[162447.0,6865754.0],[163560.0,6865167.0],[162807.0,6863922.0],[161653.0,6863403.0],[162314.0,6863040.0],[161692.0,6862793.0],[161703.0,6862463.0]]]]}},{"type":"Feature","properties":{"ID_GEOFLA":12563,"CODE_COMM":"201","INSEE_COM":"29201","NOM_COMM":"PLOUMOGUER","STATUT":"Commune simple","X_CHF_LIEU":1292,"Y_CHF_LIEU":68393,"X_CENTROID":1298,"Y_CENTROID":68389,"Z_MOYEN":67,"SUPERFICIE":3885,"POPULATION":1.9,"CODE_CANT":"39","CODE_ARR":"1","CODE_DEPT":"29","NOM_DEPT":"FINISTERE","CODE_REG":"53","NOM_REGION":"BRETAGNE"},"geometry":{"type":"MultiPolygon","coordinates":[[[[131825.0,6836738.0],[129802.0,6835242.0],[129076.0,6835300.0],[129773.0,6836999.0],[129542.0,6837294.0],[128210.0,6836677.0],[127158.0,6835618.0],[127077.0,6836278.0],[126249.0,6836917.0],[125447.0,6838037.0],[125427.0,6840168.0],[126551.0,6841224.0],[128492.0,6841530.0],[131144.0,6840812.0],[132644.0,6841206.0],[134896.0,6840754.0],[135160.0,6839469.0],[135378.0,6838963.0],[134265.0,6838671.0],[133494.0,6837817.0],[132409.0,6838074.0],[131825.0,6836738.0]]]]}},{"type":"Feature","properties":{"ID_GEOFLA":12624,"CODE_COMM":"022","INSEE_COM":"29022","NOM_COMM":"CAMARET-SUR-MER","STATUT":"Commune simple","X_CHF_LIEU":1372,"Y_CHF_LIEU":68243,"X_CENTROID":1378,"Y_CENTROID":68234,"Z_MOYEN":35,"SUPERFICIE":1320,"POPULATION":2.6,"CODE_CANT":"11","CODE_ARR":"2","CODE_DEPT":"29","NOM_DEPT":"FINISTERE","CODE_REG":"53","NOM_REGION":"BRETAGNE"},"geometry":{"type":"MultiPolygon","coordinates":[[[[140015.0,6822188.0],[138169.0,6821645.0],[137063.0,6821967.0],[135946.0,6822858.0],[135012.0,6822339.0],[135713.0,6824467.0],[134649.0,6825141.0],[136180.0,6825089.0],[137062.0,6825686.0],[137477.0,6824363.0],[138748.0,6824518.0],[139588.0,6825282.0],[140071.0,6824703.0],[139958.0,6823952.0],[140693.0,6823100.0],[140015.0,6822188.0]]]]}},{"type":"Feature","properties":{"ID_GEOFLA":12626,"CODE_COMM":"129","INSEE_COM":"29129","NOM_COMM":"LOCMARIA-BERRIEN","STATUT":"Commune simple","X_CHF_LIEU":2046,"Y_CHF_LIEU":68269,"X_CENTROID":2042,"Y_CENTROID":68274,"Z_MOYEN":136,"SUPERFICIE":1710,"POPULATION":0.2,"CODE_CANT":"16","CODE_ARR":"2","CODE_DEPT":"29","NOM_DEPT":"FINISTERE","CODE_REG":"53","NOM_REGION":"BRETAGNE"},"geometry":{"type":"MultiPolygon","coordinates":[[[[205343.0,6823335.0],[202559.0,6826322.0],[201434.0,6826301.0],[201427.0,6826671.0],[202105.0,6826959.0],[203262.0,6828304.0],[203178.0,6829391.0],[203698.0,6830812.0],[204825.0,6830826.0],[205512.0,6830500.0],[205920.0,6828943.0],[205471.0,6827886.0],[205604.0,6825239.0],[205343.0,6823335.0]]]]}},{"type":"Feature","properties":{"ID_GEOFLA":12655,"CODE_COMM":"185","INSEE_COM":"29185","NOM_COMM":"PLOUESCAT","STATUT":"Chef-lieu canton","X_CHF_LIEU":1722,"Y_CHF_LIEU":68636,"X_CENTROID":1719,"Y_CENTROID":68646,"Z_MOYEN":20,"SUPERFICIE":1496,"POPULATION":3.7,"CODE_CANT":"29","CODE_ARR":"3","CODE_DEPT":"29","NOM_DEPT":"FINISTERE","CODE_REG":"53","NOM_REGION":"BRETAGNE"},"geometry":{"type":"MultiPolygon","coordinates":[[[[173507.0,6867185.0],[173532.0,6864914.0],[174016.0,6862727.0],[173529.0,6862256.0],[172452.0,6862601.0],[170774.0,6863218.0],[170382.0,6863727.0],[168813.0,6864065.0],[169612.0,6865028.0],[171637.0,6866799.0],[173507.0,6867185.0]]]]}},{"type":"Feature","properties":{"ID_GEOFLA":12709,"CODE_COMM":"060","INSEE_COM":"29060","NOM_COMM":"GOUESNACH","STATUT":"Commune simple","X_CHF_LIEU":1691,"Y_CHF_LIEU":67806,"X_CENTROID":1695,"Y_CENTROID":67813,"Z_MOYEN":35,"SUPERFICIE":1714,"POPULATION":2.5,"CODE_CANT":"15","CODE_ARR":"4","CODE_DEPT":"29","NOM_DEPT":"FINISTERE","CODE_REG":"53","NOM_REGION":"BRETAGNE"},"geometry":{"type":"MultiPolygon","coordinates":[[[[168981.0,6779106.0],[168053.0,6778759.0],[167113.0,6779602.0],[167089.0,6781002.0],[167554.0,6782345.0],[168091.0,6782279.0],[168239.0,6782809.0],[169176.0,6782748.0],[169879.0,6783382.0],[170001.0,6783885.0],[170756.0,6783859.0],[172076.0,6783119.0],[172186.0,6781294.0],[170783.0,6780948.0],[170813.0,6779458.0],[168981.0,6779106.0]]]]}},{"type":"Feature","properties":{"ID_GEOFLA":12789,"CODE_COMM":"063","INSEE_COM":"29063","NOM_COMM":"GOULIEN","STATUT":"Commune simple","X_CHF_LIEU":1352,"Y_CHF_LIEU":68000,"X_CENTROID":1352,"Y_CENTROID":68002,"Z_MOYEN":61,"SUPERFICIE":1294,"POPULATION":0.4,"CODE_CANT":"33","CODE_ARR":"4","CODE_DEPT":"29","NOM_DEPT":"FINISTERE","CODE_REG":"53","NOM_REGION":"BRETAGNE"},"geometry":{"type":"MultiPolygon","coordinates":[[[[135472.0,6798136.0],[134837.0,6797939.0],[133524.0,6798197.0],[133947.0,6799139.0],[133419.0,6800122.0],[133206.0,6801602.0],[136172.0,6802593.0],[136274.0,6801652.0],[137515.0,6800995.0],[137293.0,6799726.0],[135472.0,6798136.0]]]]}},{"type":"Feature","properties":{"ID_GEOFLA":12818,"CODE_COMM":"302","INSEE_COM":"29302","NOM_COMM":"PONT-DE-BUIS-LES-QUIMERCH","STATUT":"Commune simple","X_CHF_LIEU":1745,"Y_CHF_LIEU":68185,"X_CENTROID":1734,"Y_CENTROID":68209,"Z_MOYEN":97,"SUPERFICIE":4078,"POPULATION":3.8,"CODE_CANT":"14","CODE_ARR":"2","CODE_DEPT":"29","NOM_DEPT":"FINISTERE","CODE_REG":"53","NOM_REGION":"BRETAGNE"},"geometry":{"type":"MultiPolygon","coordinates":[[[[176411.0,6819335.0],[175560.0,6818545.0],[174599.0,6816882.0],[173472.0,6816669.0],[172938.0,6817092.0],[173106.0,6817891.0],[174039.0,6818695.0],[171082.0,6817372.0],[169811.0,6818020.0],[169946.0,6818381.0],[170621.0,6819277.0],[170429.0,6820376.0],[169845.0,6821336.0],[170647.0,6822125.0],[170314.0,6823555.0],[172561.0,6824001.0],[173513.0,6824639.0],[174534.0,6824310.0],[175156.0,6824679.0],[176355.0,6824563.0],[176918.0,6824146.0],[176333.0,6821585.0],[176400.0,6820104.0],[176056.0,6819445.0],[176411.0,6819335.0]]]]}},{"type":"Feature","properties":{"ID_GEOFLA":12880,"CODE_COMM":"004","INSEE_COM":"29004","NOM_COMM":"BANNALEC","STATUT":"Chef-lieu canton","X_CHF_LIEU":2005,"Y_CHF_LIEU":67803,"X_CENTROID":2006,"Y_CENTROID":67805,"Z_MOYEN":95,"SUPERFICIE":7812,"POPULATION":5.2,"CODE_CANT":"02","CODE_ARR":"4","CODE_DEPT":"29","NOM_DEPT":"FINISTERE","CODE_REG":"53","NOM_REGION":"BRETAGNE"},"geometry":{"type":"MultiPolygon","coordinates":[[[[197404.0,6775086.0],[195757.0,6777193.0],[196059.0,6777829.0],[195591.0,6778872.0],[195625.0,6780416.0],[196291.0,6781329.0],[195906.0,6784354.0],[196829.0,6784939.0],[198362.0,6784692.0],[198976.0,6783524.0],[200812.0,6782938.0],[201411.0,6783340.0],[200675.0,6784689.0],[200674.0,6785456.0],[201430.0,6786311.0],[202573.0,6786207.0],[203040.0,6785604.0],[204538.0,6785701.0],[204812.0,6785424.0],[205307.0,6784370.0],[205244.0,6783597.0],[203790.0,6782403.0],[203747.0,6782017.0],[204023.0,6781292.0],[205286.0,6780421.0],[206221.0,6779232.0],[206632.0,6778247.0],[206069.0,6776510.0],[204281.0,6777205.0],[201993.0,6777303.0],[200931.0,6776900.0],[200170.0,6776985.0],[200169.0,6776608.0],[198519.0,6775841.0],[198126.0,6775223.0],[197404.0,6775086.0]]]]}},{"type":"Feature","properties":{"ID_GEOFLA":13547,"CODE_COMM":"013","INSEE_COM":"29013","NOM_COMM":"BOTMEUR","STATUT":"Commune simple","X_CHF_LIEU":1886,"Y_CHF_LIEU":68316,"X_CENTROID":1880,"Y_CENTROID":68309,"Z_MOYEN":256,"SUPERFICIE":1435,"POPULATION":0.2,"CODE_CANT":"16","CODE_ARR":"2","CODE_DEPT":"29","NOM_DEPT":"FINISTERE","CODE_REG":"53","NOM_REGION":"BRETAGNE"},"geometry":{"type":"MultiPolygon","coordinates":[[[[189521.0,6828616.0],[188580.0,6829214.0],[187039.0,6829346.0],[185905.0,6829092.0],[185420.0,6830094.0],[186553.0,6831867.0],[188515.0,6833707.0],[190076.0,6831856.0],[189867.0,6831165.0],[190131.0,6829718.0],[189415.0,6828971.0],[189521.0,6828616.0]]]]}},{"type":"Feature","properties":{"ID_GEOFLA":13878,"CODE_COMM":"272","INSEE_COM":"29272","NOM_COMM":"SAINT-YVI","STATUT":"Commune simple","X_CHF_LIEU":1831,"Y_CHF_LIEU":67857,"X_CENTROID":1827,"Y_CENTROID":67849,"Z_MOYEN":105,"SUPERFICIE":2748,"POPULATION":2.7,"CODE_CANT":"37","CODE_ARR":"4","CODE_DEPT":"29","NOM_DEPT":"FINISTERE","CODE_REG":"53","NOM_REGION":"BRETAGNE"},"geometry":{"type":"MultiPolygon","coordinates":[[[[185321.0,6782323.0],[184576.0,6782369.0],[183835.0,6783191.0],[182530.0,6782625.0],[181394.0,6782576.0],[180340.0,6783604.0],[179282.0,6783266.0],[179725.0,6784694.0],[179233.0,6786124.0],[179913.0,6787812.0],[180902.0,6787675.0],[184604.0,6786425.0],[185997.0,6785154.0],[187499.0,6784834.0],[187270.0,6784155.0],[186228.0,6784213.0],[186017.0,6783923.0],[186227.0,6783245.0],[185321.0,6782323.0]]]]}},{"type":"Feature","properties":{"ID_GEOFLA":14791,"CODE_COMM":"003","INSEE_COM":"29003","NOM_COMM":"AUDIERNE","STATUT":"Commune simple","X_CHF_LIEU":1386,"Y_CHF_LIEU":67961,"X_CENTROID":1384,"Y_CENTROID":67961,"Z_MOYEN":33,"SUPERFICIE":302,"POPULATION":2.3,"CODE_CANT":"33","CODE_ARR":"4","CODE_DEPT":"29","NOM_DEPT":"FINISTERE","CODE_REG":"53","NOM_REGION":"BRETAGNE"},"geometry":{"type":"MultiPolygon","coordinates":[[[[138840.0,6797550.0],[139273.0,6797339.0],[138907.0,6795220.0],[138430.0,6794668.0],[137959.0,6794854.0],[137601.0,6796720.0],[138840.0,6797550.0]]]]}},{"type":"Feature","properties":{"ID_GEOFLA":14872,"CODE_COMM":"043","INSEE_COM":"29043","NOM_COMM":"DAOULAS","STATUT":"Chef-lieu canton","X_CHF_LIEU":1630,"Y_CHF_LIEU":68314,"X_CENTROID":1627,"Y_CENTROID":68308,"Z_MOYEN":31,"SUPERFICIE":569,"POPULATION":1.8,"CODE_CANT":"12","CODE_ARR":"1","CODE_DEPT":"29","NOM_DEPT":"FINISTERE","CODE_REG":"53","NOM_REGION":"BRETAGNE"},"geometry":{"type":"MultiPolygon","coordinates":[[[[163840.0,6829736.0],[162835.0,6829410.0],[161515.0,6829756.0],[160551.0,6830342.0],[162107.0,6830627.0],[162885.0,6831094.0],[162326.0,6831137.0],[162024.0,6832552.0],[163114.0,6832508.0],[163208.0,6832862.0],[163665.0,6831980.0],[163979.0,6830916.0],[163487.0,6830382.0],[163840.0,6829736.0]]]]}},{"type":"Feature","properties":{"ID_GEOFLA":15573,"CODE_COMM":"150","INSEE_COM":"29150","NOM_COMM":"MOELAN-SUR-MER","STATUT":"Commune simple","X_CHF_LIEU":2045,"Y_CHF_LIEU":67667,"X_CENTROID":2031,"Y_CENTROID":67660,"Z_MOYEN":40,"SUPERFICIE":4736,"POPULATION":6.9,"CODE_CANT":"32","CODE_ARR":"4","CODE_DEPT":"29","NOM_DEPT":"FINISTERE","CODE_REG":"53","NOM_REGION":"BRETAGNE"},"geometry":{"type":"MultiPolygon","coordinates":[[[[205006.0,6761789.0],[202726.0,6762680.0],[203453.0,6764353.0],[202402.0,6763056.0],[201248.0,6763354.0],[200521.0,6762836.0],[197408.0,6765546.0],[197408.0,6766104.0],[198615.0,6767129.0],[199121.0,6766675.0],[199198.0,6767634.0],[201405.0,6768097.0],[202536.0,6767760.0],[202986.0,6767699.0],[203811.0,6768499.0],[204421.0,6769763.0],[205428.0,6770115.0],[206065.0,6769735.0],[206258.0,6769409.0],[207742.0,6769400.0],[207811.0,6767632.0],[207962.0,6767280.0],[207191.0,6765974.0],[206272.0,6765338.0],[205052.0,6762535.0],[205006.0,6761789.0]]]]}},{"type":"Feature","properties":{"ID_GEOFLA":15598,"CODE_COMM":"056","INSEE_COM":"29056","NOM_COMM":"LA FOREST-LANDERNEAU","STATUT":"Commune simple","X_CHF_LIEU":1595,"Y_CHF_LIEU":68393,"X_CENTROID":1597,"Y_CENTROID":68399,"Z_MOYEN":63,"SUPERFICIE":927,"POPULATION":1.8,"CODE_CANT":"17","CODE_ARR":"1","CODE_DEPT":"29","NOM_DEPT":"FINISTERE","CODE_REG":"53","NOM_REGION":"BRETAGNE"},"geometry":{"type":"MultiPolygon","coordinates":[[[[158534.0,6838225.0],[157923.0,6838690.0],[157678.0,6840203.0],[158670.0,6841227.0],[160806.0,6841169.0],[161774.0,6841039.0],[162426.0,6840282.0],[159637.0,6838411.0],[158534.0,6838225.0]]]]}},{"type":"Feature","properties":{"ID_GEOFLA":15854,"CODE_COMM":"023","INSEE_COM":"29023","NOM_COMM":"CARANTEC","STATUT":"Commune simple","X_CHF_LIEU":1915,"Y_CHF_LIEU":68631,"X_CENTROID":1914,"Y_CENTROID":68617,"Z_MOYEN":35,"SUPERFICIE":928,"POPULATION":3.3,"CODE_CANT":"43","CODE_ARR":"3","CODE_DEPT":"29","NOM_DEPT":"FINISTERE","CODE_REG":"53","NOM_REGION":"BRETAGNE"},"geometry":{"type":"MultiPolygon","coordinates":[[[[193673.0,6859740.0],[193130.0,6859386.0],[192594.0,6859760.0],[189734.0,6860852.0],[189315.0,6861930.0],[190343.0,6862197.0],[191030.0,6863870.0],[193222.0,6863390.0],[193287.0,6862871.0],[192081.0,6862534.0],[192152.0,6861814.0],[192509.0,6860679.0],[193093.0,6860122.0],[193673.0,6859740.0]]]]}},{"type":"Feature","properties":{"ID_GEOFLA":15932,"CODE_COMM":"008","INSEE_COM":"29008","NOM_COMM":"BEUZEC-CAP-SIZUN","STATUT":"Commune simple","X_CHF_LIEU":1414,"Y_CHF_LIEU":68015,"X_CENTROID":1417,"Y_CENTROID":68011,"Z_MOYEN":64,"SUPERFICIE":3505,"POPULATION":1.1,"CODE_CANT":"33","CODE_ARR":"4","CODE_DEPT":"29","NOM_DEPT":"FINISTERE","CODE_REG":"53","NOM_REGION":"BRETAGNE"},"geometry":{"type":"MultiPolygon","coordinates":[[[[144591.0,6798763.0],[143591.0,6799298.0],[142878.0,6799201.0],[142370.0,6799673.0],[141576.0,6798885.0],[140446.0,6798924.0],[139772.0,6798600.0],[139081.0,6798892.0],[137293.0,6799726.0],[137515.0,6800995.0],[136274.0,6801652.0],[136172.0,6802593.0],[137285.0,6802701.0],[138711.0,6802153.0],[139846.0,6803184.0],[142119.0,6803093.0],[143233.0,6802747.0],[144926.0,6803694.0],[145673.0,6803546.0],[146802.0,6801558.0],[145774.0,6800550.0],[145749.0,6799477.0],[144723.0,6799105.0],[144591.0,6798763.0]]]]}},{"type":"Feature","properties":{"ID_GEOFLA":15961,"CODE_COMM":"251","INSEE_COM":"29251","NOM_COMM":"SAINT-JEAN-DU-DOIGT","STATUT":"Commune simple","X_CHF_LIEU":2021,"Y_CHF_LIEU":68652,"X_CENTROID":2026,"Y_CENTROID":68624,"Z_MOYEN":86,"SUPERFICIE":1999,"POPULATION":0.6,"CODE_CANT":"19","CODE_ARR":"3","CODE_DEPT":"29","NOM_DEPT":"FINISTERE","CODE_REG":"53","NOM_REGION":"BRETAGNE"},"geometry":{"type":"MultiPolygon","coordinates":[[[[203169.0,6858026.0],[202536.0,6857598.0],[201761.0,6857617.0],[202008.0,6858332.0],[201796.0,6858646.0],[200758.0,6859067.0],[200985.0,6859758.0],[200642.0,6860851.0],[201713.0,6862428.0],[201476.0,6863920.0],[201966.0,6865315.0],[201681.0,6866031.0],[202968.0,6866728.0],[204073.0,6866495.0],[204470.0,6864631.0],[204357.0,6863089.0],[203788.0,6862584.0],[203548.0,6861840.0],[203047.0,6859567.0],[203169.0,6858026.0]]]]}},{"type":"Feature","properties":{"ID_GEOFLA":16014,"CODE_COMM":"174","INSEE_COM":"29174","NOM_COMM":"PLONEOUR-LANVERN","STATUT":"Commune simple","X_CHF_LIEU":1565,"Y_CHF_LIEU":67809,"X_CENTROID":1579,"Y_CENTROID":67813,"Z_MOYEN":42,"SUPERFICIE":4887,"POPULATION":5.6,"CODE_CANT":"26","CODE_ARR":"4","CODE_DEPT":"29","NOM_DEPT":"FINISTERE","CODE_REG":"53","NOM_REGION":"BRETAGNE"},"geometry":{"type":"MultiPolygon","coordinates":[[[[160388.0,6777976.0],[160602.0,6777272.0],[160208.0,6776677.0],[158098.0,6777110.0],[157497.0,6776965.0],[156666.0,6778278.0],[155028.0,6777332.0],[154271.0,6777507.0],[151991.0,6777027.0],[151679.0,6777261.0],[152941.0,6777616.0],[155028.0,6778586.0],[155311.0,6779684.0],[154851.0,6780284.0],[154466.0,6780262.0],[153319.0,6781235.0],[154197.0,6781835.0],[154696.0,6783493.0],[155446.0,6784239.0],[156902.0,6783965.0],[158547.0,6785531.0],[159271.0,6785679.0],[160526.0,6785032.0],[161137.0,6785398.0],[161814.0,6785089.0],[163198.0,6784586.0],[163756.0,6783635.0],[159767.0,6781893.0],[159750.0,6779195.0],[160008.0,6778062.0],[160388.0,6777976.0]]]]}},{"type":"Feature","properties":{"ID_GEOFLA":16035,"CODE_COMM":"052","INSEE_COM":"29052","NOM_COMM":"ESQUIBIEN","STATUT":"Commune simple","X_CHF_LIEU":1370,"Y_CHF_LIEU":67963,"X_CENTROID":1369,"Y_CENTROID":67967,"Z_MOYEN":42,"SUPERFICIE":1531,"POPULATION":1.6,"CODE_CANT":"33","CODE_ARR":"4","CODE_DEPT":"29","NOM_DEPT":"FINISTERE","CODE_REG":"53","NOM_REGION":"BRETAGNE"},"geometry":{"type":"MultiPolygon","coordinates":[[[[137959.0,6794854.0],[136589.0,6793681.0],[134933.0,6794577.0],[134392.0,6795568.0],[134013.0,6795575.0],[134196.0,6795903.0],[135973.0,6796383.0],[136164.0,6797854.0],[135472.0,6798136.0],[137293.0,6799726.0],[139081.0,6798892.0],[139860.0,6797656.0],[139390.0,6797430.0],[138840.0,6797550.0],[137601.0,6796720.0],[137959.0,6794854.0]]]]}},{"type":"Feature","properties":{"ID_GEOFLA":16125,"CODE_COMM":"110","INSEE_COM":"29110","NOM_COMM":"LANGOLEN","STATUT":"Commune simple","X_CHF_LIEU":1857,"Y_CHF_LIEU":67965,"X_CENTROID":1855,"Y_CENTROID":67974,"Z_MOYEN":134,"SUPERFICIE":1707,"POPULATION":0.8,"CODE_CANT":"06","CODE_ARR":"4","CODE_DEPT":"29","NOM_DEPT":"FINISTERE","CODE_REG":"53","NOM_REGION":"BRETAGNE"},"geometry":{"type":"MultiPolygon","coordinates":[[[[183517.0,6794754.0],[182892.0,6795563.0],[183328.0,6796824.0],[184242.0,6797972.0],[184279.0,6800134.0],[186901.0,6799938.0],[186703.0,6799616.0],[187178.0,6798204.0],[188628.0,6798447.0],[189018.0,6797827.0],[185435.0,6795278.0],[183517.0,6794754.0]]]]}},{"type":"Feature","properties":{"ID_GEOFLA":16151,"CODE_COMM":"024","INSEE_COM":"29024","NOM_COMM":"CARHAIX-PLOUGUER","STATUT":"Chef-lieu canton","X_CHF_LIEU":2132,"Y_CHF_LIEU":68177,"X_CENTROID":2133,"Y_CENTROID":68167,"Z_MOYEN":123,"SUPERFICIE":2589,"POPULATION":7.7,"CODE_CANT":"07","CODE_ARR":"2","CODE_DEPT":"29","NOM_DEPT":"FINISTERE","CODE_REG":"53","NOM_REGION":"BRETAGNE"},"geometry":{"type":"MultiPolygon","coordinates":[[[[210531.0,6813935.0],[209695.0,6814609.0],[210131.0,6815057.0],[210258.0,6816385.0],[210699.0,6816949.0],[210661.0,6818376.0],[210933.0,6818615.0],[212400.0,6818367.0],[212728.0,6819056.0],[213799.0,6819351.0],[214652.0,6820077.0],[214538.0,6819343.0],[216173.0,6818487.0],[216657.0,6817907.0],[217036.0,6817936.0],[216343.0,6816716.0],[216205.0,6815645.0],[216472.0,6814971.0],[215082.0,6814858.0],[214029.0,6815054.0],[210531.0,6813935.0]]]]}},{"type":"Feature","properties":{"ID_GEOFLA":16313,"CODE_COMM":"166","INSEE_COM":"29166","NOM_COMM":"PLOEVEN","STATUT":"Commune simple","X_CHF_LIEU":1628,"Y_CHF_LIEU":68087,"X_CENTROID":1644,"Y_CENTROID":68086,"Z_MOYEN":51,"SUPERFICIE":1304,"POPULATION":0.5,"CODE_CANT":"08","CODE_ARR":"2","CODE_DEPT":"29","NOM_DEPT":"FINISTERE","CODE_REG":"53","NOM_REGION":"BRETAGNE"},"geometry":{"type":"MultiPolygon","coordinates":[[[[167702.0,6809021.0],[167466.0,6807582.0],[166159.0,6806959.0],[165151.0,6807437.0],[163594.0,6808424.0],[159923.0,6807819.0],[159918.0,6808474.0],[164100.0,6810266.0],[167702.0,6809021.0]]]]}},{"type":"Feature","properties":{"ID_GEOFLA":16314,"CODE_COMM":"025","INSEE_COM":"29025","NOM_COMM":"CAST","STATUT":"Commune simple","X_CHF_LIEU":1698,"Y_CHF_LIEU":68081,"X_CENTROID":1712,"Y_CENTROID":68070,"Z_MOYEN":118,"SUPERFICIE":3736,"POPULATION":1.5,"CODE_CANT":"08","CODE_ARR":"2","CODE_DEPT":"29","NOM_DEPT":"FINISTERE","CODE_REG":"53","NOM_REGION":"BRETAGNE"},"geometry":{"type":"MultiPolygon","coordinates":[[[[173985.0,6803719.0],[173472.0,6804304.0],[172382.0,6804713.0],[171242.0,6804688.0],[170348.0,6806375.0],[169965.0,6806443.0],[167579.0,6805193.0],[165690.0,6805444.0],[165011.0,6806326.0],[165151.0,6807437.0],[166159.0,6806959.0],[167466.0,6807582.0],[167702.0,6809021.0],[169541.0,6808806.0],[170255.0,6809076.0],[171188.0,6810229.0],[171452.0,6809965.0],[172529.0,6809134.0],[173173.0,6809432.0],[173199.0,6809786.0],[173522.0,6809994.0],[174577.0,6809562.0],[174471.0,6808430.0],[174764.0,6808183.0],[176188.0,6808038.0],[176228.0,6807988.0],[175837.0,6807980.0],[175694.0,6807617.0],[175532.0,6805331.0],[174439.0,6804225.0],[173985.0,6803719.0]]]]}},{"type":"Feature","properties":{"ID_GEOFLA":16319,"CODE_COMM":"190","INSEE_COM":"29190","NOM_COMM":"PLOUGONVELIN","STATUT":"Commune simple","X_CHF_LIEU":1295,"Y_CHF_LIEU":68326,"X_CENTROID":1291,"Y_CENTROID":68335,"Z_MOYEN":41,"SUPERFICIE":1898,"POPULATION":3.6,"CODE_CANT":"39","CODE_ARR":"1","CODE_DEPT":"29","NOM_DEPT":"FINISTERE","CODE_REG":"53","NOM_REGION":"BRETAGNE"},"geometry":{"type":"MultiPolygon","coordinates":[[[[132048.0,6833765.0],[130561.0,6833422.0],[130321.0,6831942.0],[129313.0,6831331.0],[127387.0,6831566.0],[125440.0,6831373.0],[124851.0,6831829.0],[125000.0,6832194.0],[127004.0,6833003.0],[127158.0,6834339.0],[129076.0,6835300.0],[129802.0,6835242.0],[131825.0,6836738.0],[132198.0,6836636.0],[132518.0,6835956.0],[132080.0,6834902.0],[132048.0,6833765.0]]]]}},{"type":"Feature","properties":{"ID_GEOFLA":16323,"CODE_COMM":"259","INSEE_COM":"29259","NOM_COMM":"SAINT-POL-DE-LEON","STATUT":"Chef-lieu canton","X_CHF_LIEU":1863,"Y_CHF_LIEU":68655,"X_CENTROID":1861,"Y_CENTROID":68641,"Z_MOYEN":33,"SUPERFICIE":2371,"POPULATION":7.0,"CODE_CANT":"38","CODE_ARR":"3","CODE_DEPT":"29","NOM_DEPT":"FINISTERE","CODE_REG":"53","NOM_REGION":"BRETAGNE"},"geometry":{"type":"MultiPolygon","coordinates":[[[[188141.0,6861195.0],[187077.0,6860978.0],[185226.0,6861965.0],[184555.0,6861891.0],[184580.0,6862274.0],[183249.0,6863007.0],[183865.0,6864818.0],[183589.0,6865929.0],[184584.0,6866906.0],[184933.0,6866903.0],[185630.0,6866745.0],[186448.0,6867420.0],[187486.0,6867507.0],[187446.0,6866746.0],[188060.0,6865764.0],[187559.0,6864760.0],[188675.0,6863812.0],[188596.0,6862265.0],[188141.0,6861195.0]]]]}},{"type":"Feature","properties":{"ID_GEOFLA":16407,"CODE_COMM":"167","INSEE_COM":"29167","NOM_COMM":"PLOGASTEL-SAINT-GERMAIN","STATUT":"Chef-lieu canton","X_CHF_LIEU":1582,"Y_CHF_LIEU":67897,"X_CENTROID":1588,"Y_CENTROID":67889,"Z_MOYEN":98,"SUPERFICIE":3154,"POPULATION":1.8,"CODE_CANT":"26","CODE_ARR":"4","CODE_DEPT":"29","NOM_DEPT":"FINISTERE","CODE_REG":"53","NOM_REGION":"BRETAGNE"},"geometry":{"type":"MultiPolygon","coordinates":[[[[161814.0,6785089.0],[161137.0,6785398.0],[160526.0,6785032.0],[159271.0,6785679.0],[159568.0,6786399.0],[159367.0,6787154.0],[158885.0,6787740.0],[158533.0,6787910.0],[156994.0,6787966.0],[156070.0,6787332.0],[154517.0,6787291.0],[154415.0,6787642.0],[154102.0,6788278.0],[154540.0,6788817.0],[154525.0,6789515.0],[156004.0,6789651.0],[156989.0,6790247.0],[156891.0,6792109.0],[157309.0,6792740.0],[159336.0,6792549.0],[160042.0,6792489.0],[160391.0,6791139.0],[161713.0,6791131.0],[161187.0,6790625.0],[160744.0,6789205.0],[162248.0,6788165.0],[162106.0,6787056.0],[162377.0,6786358.0],[161814.0,6785089.0]]]]}},{"type":"Feature","properties":{"ID_GEOFLA":16415,"CODE_COMM":"287","INSEE_COM":"29287","NOM_COMM":"TREFLEZ","STATUT":"Commune simple","X_CHF_LIEU":1655,"Y_CHF_LIEU":68605,"X_CENTROID":1658,"Y_CENTROID":68608,"Z_MOYEN":26,"SUPERFICIE":1603,"POPULATION":0.9,"CODE_CANT":"29","CODE_ARR":"3","CODE_DEPT":"29","NOM_DEPT":"FINISTERE","CODE_REG":"53","NOM_REGION":"BRETAGNE"},"geometry":{"type":"MultiPolygon","coordinates":[[[[166197.0,6857829.0],[165499.0,6857917.0],[164951.0,6858381.0],[164615.0,6859041.0],[164719.0,6860455.0],[164841.0,6861482.0],[163807.0,6861678.0],[163312.0,6862150.0],[162859.0,6862625.0],[164610.0,6862949.0],[164818.0,6863429.0],[167036.0,6863319.0],[167934.0,6859646.0],[167149.0,6858335.0],[166197.0,6857829.0]]]]}},{"type":"Feature","properties":{"ID_GEOFLA":16519,"CODE_COMM":"072","INSEE_COM":"29072","NOM_COMM":"GUILVINEC","STATUT":"Chef-lieu canton","X_CHF_LIEU":1554,"Y_CHF_LIEU":67690,"X_CENTROID":1553,"Y_CENTROID":67696,"Z_MOYEN":7,"SUPERFICIE":240,"POPULATION":3.0,"CODE_CANT":"49","CODE_ARR":"4","CODE_DEPT":"29","NOM_DEPT":"FINISTERE","CODE_REG":"53","NOM_REGION":"BRETAGNE"},"geometry":{"type":"MultiPolygon","coordinates":[[[[156369.0,6769549.0],[155179.0,6768733.0],[154251.0,6769721.0],[154591.0,6770303.0],[156205.0,6770315.0],[156369.0,6769549.0]]]]}},{"type":"Feature","properties":{"ID_GEOFLA":16616,"CODE_COMM":"094","INSEE_COM":"29094","NOM_COMM":"KERNOUES","STATUT":"Commune simple","X_CHF_LIEU":1588,"Y_CHF_LIEU":68573,"X_CENTROID":1591,"Y_CENTROID":68578,"Z_MOYEN":37,"SUPERFICIE":773,"POPULATION":0.7,"CODE_CANT":"21","CODE_ARR":"1","CODE_DEPT":"29","NOM_DEPT":"FINISTERE","CODE_REG":"53","NOM_REGION":"BRETAGNE"},"geometry":{"type":"MultiPolygon","coordinates":[[[[159819.0,6855737.0],[157337.0,6857363.0],[159399.0,6860128.0],[160157.0,6859025.0],[160763.0,6858703.0],[160059.0,6857445.0],[160193.0,6856365.0],[159819.0,6855737.0]]]]}},{"type":"Feature","properties":{"ID_GEOFLA":16828,"CODE_COMM":"298","INSEE_COM":"29298","NOM_COMM":"TREOGAT","STATUT":"Commune simple","X_CHF_LIEU":1537,"Y_CHF_LIEU":67830,"X_CENTROID":1524,"Y_CENTROID":67821,"Z_MOYEN":23,"SUPERFICIE":905,"POPULATION":0.5,"CODE_CANT":"26","CODE_ARR":"4","CODE_DEPT":"29","NOM_DEPT":"FINISTERE","CODE_REG":"53","NOM_REGION":"BRETAGNE"},"geometry":{"type":"MultiPolygon","coordinates":[[[[152378.0,6780948.0],[150296.0,6780377.0],[149881.0,6781797.0],[151956.0,6782599.0],[152601.0,6783834.0],[153727.0,6783913.0],[154696.0,6783493.0],[154197.0,6781835.0],[153319.0,6781235.0],[152378.0,6780948.0]]]]}},{"type":"Feature","properties":{"ID_GEOFLA":17158,"CODE_COMM":"292","INSEE_COM":"29292","NOM_COMM":"TREGUENNEC","STATUT":"Commune simple","X_CHF_LIEU":1527,"Y_CHF_LIEU":67800,"X_CENTROID":1522,"Y_CENTROID":67792,"Z_MOYEN":21,"SUPERFICIE":898,"POPULATION":0.3,"CODE_CANT":"34","CODE_ARR":"4","CODE_DEPT":"29","NOM_DEPT":"FINISTERE","CODE_REG":"53","NOM_REGION":"BRETAGNE"},"geometry":{"type":"MultiPolygon","coordinates":[[[[151017.0,6776977.0],[150656.0,6778807.0],[150932.0,6779864.0],[152378.0,6780948.0],[153319.0,6781235.0],[154466.0,6780262.0],[152799.0,6778724.0],[152941.0,6777616.0],[151679.0,6777261.0],[151017.0,6776977.0]]]]}},{"type":"Feature","properties":{"ID_GEOFLA":17250,"CODE_COMM":"280","INSEE_COM":"29280","NOM_COMM":"TELGRUC-SUR-MER","STATUT":"Commune simple","X_CHF_LIEU":1545,"Y_CHF_LIEU":68177,"X_CENTROID":1545,"Y_CENTROID":68180,"Z_MOYEN":65,"SUPERFICIE":2840,"POPULATION":2.0,"CODE_CANT":"11","CODE_ARR":"2","CODE_DEPT":"29","NOM_DEPT":"FINISTERE","CODE_REG":"53","NOM_REGION":"BRETAGNE"},"geometry":{"type":"MultiPolygon","coordinates":[[[[156076.0,6814815.0],[153465.0,6814998.0],[152911.0,6816304.0],[150903.0,6817125.0],[151575.0,6818071.0],[151777.0,6819202.0],[152782.0,6820330.0],[153902.0,6820639.0],[154265.0,6821702.0],[154930.0,6821829.0],[155180.0,6821256.0],[156890.0,6820922.0],[156345.0,6819491.0],[157131.0,6818207.0],[157309.0,6817065.0],[156883.0,6815597.0],[156076.0,6814815.0]]]]}},{"type":"Feature","properties":{"ID_GEOFLA":17252,"CODE_COMM":"114","INSEE_COM":"29114","NOM_COMM":"LANNEANOU","STATUT":"Commune simple","X_CHF_LIEU":2075,"Y_CHF_LIEU":68417,"X_CENTROID":2081,"Y_CENTROID":68427,"Z_MOYEN":195,"SUPERFICIE":1633,"POPULATION":0.4,"CODE_CANT":"30","CODE_ARR":"3","CODE_DEPT":"29","NOM_DEPT":"FINISTERE","CODE_REG":"53","NOM_REGION":"BRETAGNE"},"geometry":{"type":"MultiPolygon","coordinates":[[[[209746.0,6840045.0],[208682.0,6839171.0],[207282.0,6839183.0],[207510.0,6840324.0],[207292.0,6842226.0],[206748.0,6843239.0],[206819.0,6844377.0],[206306.0,6845404.0],[206456.0,6846149.0],[208939.0,6845902.0],[209151.0,6845573.0],[208825.0,6844161.0],[209972.0,6842140.0],[209487.0,6841145.0],[209746.0,6840045.0]]]]}},{"type":"Feature","properties":{"ID_GEOFLA":17575,"CODE_COMM":"282","INSEE_COM":"29282","NOM_COMM":"TREBABU","STATUT":"Commune simple","X_CHF_LIEU":1280,"Y_CHF_LIEU":68358,"X_CENTROID":1282,"Y_CENTROID":68357,"Z_MOYEN":34,"SUPERFICIE":440,"POPULATION":0.4,"CODE_CANT":"39","CODE_ARR":"1","CODE_DEPT":"29","NOM_DEPT":"FINISTERE","CODE_REG":"53","NOM_REGION":"BRETAGNE"},"geometry":{"type":"MultiPolygon","coordinates":[[[[127158.0,6834339.0],[126810.0,6834801.0],[126621.0,6835100.0],[127202.0,6835508.0],[127158.0,6835618.0],[128210.0,6836677.0],[129542.0,6837294.0],[129773.0,6836999.0],[129076.0,6835300.0],[127158.0,6834339.0]]]]}},{"type":"Feature","properties":{"ID_GEOFLA":18217,"CODE_COMM":"005","INSEE_COM":"29005","NOM_COMM":"BAYE","STATUT":"Commune simple","X_CHF_LIEU":2066,"Y_CHF_LIEU":67714,"X_CENTROID":2060,"Y_CENTROID":67712,"Z_MOYEN":59,"SUPERFICIE":727,"POPULATION":1.1,"CODE_CANT":"36","CODE_ARR":"4","CODE_DEPT":"29","NOM_DEPT":"FINISTERE","CODE_REG":"53","NOM_REGION":"BRETAGNE"},"geometry":{"type":"MultiPolygon","coordinates":[[[[206065.0,6769735.0],[205428.0,6770115.0],[204421.0,6769763.0],[204855.0,6771186.0],[204793.0,6772254.0],[206100.0,6772862.0],[206376.0,6772318.0],[207688.0,6772135.0],[207769.0,6771023.0],[206065.0,6769735.0]]]]}},{"type":"Feature","properties":{"ID_GEOFLA":18297,"CODE_COMM":"265","INSEE_COM":"29265","NOM_COMM":"SAINTE-SEVE","STATUT":"Commune simple","X_CHF_LIEU":1933,"Y_CHF_LIEU":68507,"X_CENTROID":1923,"Y_CENTROID":68511,"Z_MOYEN":84,"SUPERFICIE":992,"POPULATION":0.9,"CODE_CANT":"22","CODE_ARR":"3","CODE_DEPT":"29","NOM_DEPT":"FINISTERE","CODE_REG":"53","NOM_REGION":"BRETAGNE"},"geometry":{"type":"MultiPolygon","coordinates":[[[[190975.0,6849061.0],[190680.0,6851251.0],[191516.0,6852436.0],[192519.0,6852878.0],[192629.0,6853233.0],[193719.0,6853376.0],[193397.0,6852338.0],[193997.0,6850615.0],[193297.0,6849765.0],[190975.0,6849061.0]]]]}},{"type":"Feature","properties":{"ID_GEOFLA":18298,"CODE_COMM":"064","INSEE_COM":"29064","NOM_COMM":"GOULVEN","STATUT":"Commune simple","X_CHF_LIEU":1627,"Y_CHF_LIEU":68614,"X_CENTROID":1630,"Y_CENTROID":68608,"Z_MOYEN":28,"SUPERFICIE":656,"POPULATION":0.5,"CODE_CANT":"21","CODE_ARR":"1","CODE_DEPT":"29","NOM_DEPT":"FINISTERE","CODE_REG":"53","NOM_REGION":"BRETAGNE"},"geometry":{"type":"MultiPolygon","coordinates":[[[[164719.0,6860455.0],[163108.0,6859423.0],[162016.0,6859784.0],[161429.0,6860712.0],[162011.0,6862147.0],[162697.0,6861843.0],[163312.0,6862150.0],[163807.0,6861678.0],[164841.0,6861482.0],[164719.0,6860455.0]]]]}},{"type":"Feature","properties":{"ID_GEOFLA":18559,"CODE_COMM":"125","INSEE_COM":"29125","NOM_COMM":"LEUHAN","STATUT":"Commune simple","X_CHF_LIEU":1955,"Y_CHF_LIEU":67993,"X_CENTROID":1960,"Y_CENTROID":67994,"Z_MOYEN":170,"SUPERFICIE":3266,"POPULATION":0.8,"CODE_CANT":"09","CODE_ARR":"2","CODE_DEPT":"29","NOM_DEPT":"FINISTERE","CODE_REG":"53","NOM_REGION":"BRETAGNE"},"geometry":{"type":"MultiPolygon","coordinates":[[[[199377.0,6798678.0],[198828.0,6798154.0],[196943.0,6797827.0],[195049.0,6796557.0],[194634.0,6795923.0],[194671.0,6794800.0],[194300.0,6794897.0],[194360.0,6795595.0],[193394.0,6795879.0],[193488.0,6796641.0],[191831.0,6800058.0],[193153.0,6800766.0],[193923.0,6800760.0],[195465.0,6801874.0],[197361.0,6802012.0],[198711.0,6802450.0],[200321.0,6801734.0],[200541.0,6801111.0],[199571.0,6800522.0],[199682.0,6799384.0],[199377.0,6798678.0]]]]}},{"type":"Feature","properties":{"ID_GEOFLA":18651,"CODE_COMM":"055","INSEE_COM":"29055","NOM_COMM":"LE FOLGOET","STATUT":"Commune simple","X_CHF_LIEU":1594,"Y_CHF_LIEU":68541,"X_CENTROID":1582,"Y_CENTROID":68548,"Z_MOYEN":63,"SUPERFICIE":978,"POPULATION":3.0,"CODE_CANT":"21","CODE_ARR":"1","CODE_DEPT":"29","NOM_DEPT":"FINISTERE","CODE_REG":"53","NOM_REGION":"BRETAGNE"},"geometry":{"type":"MultiPolygon","coordinates":[[[[157217.0,6852725.0],[156794.0,6853091.0],[156930.0,6853341.0],[157235.0,6855199.0],[156708.0,6856161.0],[156732.0,6856226.0],[157337.0,6857363.0],[159819.0,6855737.0],[159587.0,6855470.0],[159968.0,6854187.0],[159928.0,6853490.0],[159613.0,6853291.0],[157446.0,6853019.0],[157217.0,6852725.0]]]]}},{"type":"Feature","properties":{"ID_GEOFLA":19214,"CODE_COMM":"016","INSEE_COM":"29016","NOM_COMM":"BRASPARTS","STATUT":"Commune simple","X_CHF_LIEU":1848,"Y_CHF_LIEU":68226,"X_CENTROID":1854,"Y_CENTROID":68247,"Z_MOYEN":169,"SUPERFICIE":4717,"POPULATION":1.0,"CODE_CANT":"25","CODE_ARR":"2","CODE_DEPT":"29","NOM_DEPT":"FINISTERE","CODE_REG":"53","NOM_REGION":"BRETAGNE"},"geometry":{"type":"MultiPolygon","coordinates":[[[[186643.0,6822122.0],[184152.0,6821262.0],[183726.0,6820261.0],[183373.0,6820130.0],[182287.0,6820217.0],[181556.0,6821027.0],[181716.0,6824377.0],[181017.0,6825681.0],[182147.0,6826545.0],[185929.0,6827016.0],[186396.0,6828041.0],[185905.0,6829092.0],[187039.0,6829346.0],[188580.0,6829214.0],[189521.0,6828616.0],[189790.0,6828310.0],[189391.0,6826480.0],[189506.0,6825375.0],[188393.0,6823939.0],[188781.0,6822922.0],[186643.0,6822122.0]]]]}},{"type":"Feature","properties":{"ID_GEOFLA":19345,"CODE_COMM":"104","INSEE_COM":"29104","NOM_COMM":"LANDEVENNEC","STATUT":"Commune simple","X_CHF_LIEU":1618,"Y_CHF_LIEU":68237,"X_CENTROID":1582,"Y_CENTROID":68229,"Z_MOYEN":73,"SUPERFICIE":1387,"POPULATION":0.4,"CODE_CANT":"11","CODE_ARR":"2","CODE_DEPT":"29","NOM_DEPT":"FINISTERE","CODE_REG":"53","NOM_REGION":"BRETAGNE"},"geometry":{"type":"MultiPolygon","coordinates":[[[[156890.0,6820922.0],[155180.0,6821256.0],[154930.0,6821829.0],[156033.0,6822683.0],[156467.0,6823636.0],[158933.0,6824705.0],[162133.0,6824013.0],[161666.0,6822923.0],[161147.0,6823572.0],[160395.0,6823572.0],[160265.0,6822430.0],[159997.0,6822017.0],[157075.0,6821638.0],[156890.0,6820922.0]]]]}},{"type":"Feature","properties":{"ID_GEOFLA":19439,"CODE_COMM":"156","INSEE_COM":"29156","NOM_COMM":"PENCRAN","STATUT":"Commune simple","X_CHF_LIEU":1656,"Y_CHF_LIEU":68397,"X_CENTROID":1666,"Y_CENTROID":68403,"Z_MOYEN":115,"SUPERFICIE":895,"POPULATION":1.6,"CODE_CANT":"17","CODE_ARR":"1","CODE_DEPT":"29","NOM_DEPT":"FINISTERE","CODE_REG":"53","NOM_REGION":"BRETAGNE"},"geometry":{"type":"MultiPolygon","coordinates":[[[[167129.0,6838067.0],[166303.0,6838886.0],[165921.0,6838961.0],[165327.0,6838460.0],[165168.0,6839890.0],[165933.0,6841049.0],[165523.0,6842058.0],[166655.0,6842787.0],[166739.0,6842419.0],[167925.0,6841588.0],[167848.0,6840106.0],[168248.0,6839513.0],[167149.0,6838072.0],[167129.0,6838067.0]]]]}},{"type":"Feature","properties":{"ID_GEOFLA":19524,"CODE_COMM":"199","INSEE_COM":"29199","NOM_COMM":"PLOUIGNEAU","STATUT":"Chef-lieu canton","X_CHF_LIEU":2061,"Y_CHF_LIEU":68506,"X_CENTROID":2060,"Y_CENTROID":68513,"Z_MOYEN":121,"SUPERFICIE":6390,"POPULATION":4.6,"CODE_CANT":"30","CODE_ARR":"3","CODE_DEPT":"29","NOM_DEPT":"FINISTERE","CODE_REG":"53","NOM_REGION":"BRETAGNE"},"geometry":{"type":"MultiPolygon","coordinates":[[[[208939.0,6845902.0],[206456.0,6846149.0],[206105.0,6847248.0],[204401.0,6849809.0],[203022.0,6850519.0],[201090.0,6850598.0],[198898.0,6851253.0],[198147.0,6852030.0],[198293.0,6852372.0],[199694.0,6852759.0],[200790.0,6852765.0],[203268.0,6853593.0],[203023.0,6855418.0],[203252.0,6855716.0],[206344.0,6855841.0],[206999.0,6856268.0],[207711.0,6856046.0],[207878.0,6855698.0],[207748.0,6854550.0],[208048.0,6853864.0],[210207.0,6853113.0],[210895.0,6853451.0],[211153.0,6853125.0],[210507.0,6852260.0],[210825.0,6850560.0],[210230.0,6849176.0],[210129.0,6848031.0],[208939.0,6845902.0]]]]}},{"type":"Feature","properties":{"ID_GEOFLA":19525,"CODE_COMM":"212","INSEE_COM":"29212","NOM_COMM":"PLOUZANE","STATUT":"Commune simple","X_CHF_LIEU":1366,"Y_CHF_LIEU":68363,"X_CENTROID":1381,"Y_CENTROID":68356,"Z_MOYEN":66,"SUPERFICIE":3308,"POPULATION":11.7,"CODE_CANT":"03","CODE_ARR":"1","CODE_DEPT":"29","NOM_DEPT":"FINISTERE","CODE_REG":"53","NOM_REGION":"BRETAGNE"},"geometry":{"type":"MultiPolygon","coordinates":[[[[141332.0,6833531.0],[139955.0,6832440.0],[137149.0,6831407.0],[136076.0,6831454.0],[135927.0,6831805.0],[136575.0,6833575.0],[136468.0,6835449.0],[135846.0,6836402.0],[135378.0,6838963.0],[135160.0,6839469.0],[136246.0,6839758.0],[137378.0,6839489.0],[137962.0,6838979.0],[139102.0,6839208.0],[140593.0,6837112.0],[141003.0,6835636.0],[140444.0,6834236.0],[141332.0,6833531.0]]]]}},{"type":"Feature","properties":{"ID_GEOFLA":19526,"CODE_COMM":"260","INSEE_COM":"29260","NOM_COMM":"SAINT-RENAN","STATUT":"Chef-lieu canton","X_CHF_LIEU":1370,"Y_CHF_LIEU":68416,"X_CENTROID":1368,"Y_CENTROID":68411,"Z_MOYEN":58,"SUPERFICIE":1336,"POPULATION":7.3,"CODE_CANT":"39","CODE_ARR":"1","CODE_DEPT":"29","NOM_DEPT":"FINISTERE","CODE_REG":"53","NOM_REGION":"BRETAGNE"},"geometry":{"type":"MultiPolygon","coordinates":[[[[139102.0,6839208.0],[137962.0,6838979.0],[137378.0,6839489.0],[136246.0,6839758.0],[135160.0,6839469.0],[134896.0,6840754.0],[135186.0,6843322.0],[135412.0,6843027.0],[136520.0,6842958.0],[136882.0,6843041.0],[137147.0,6843733.0],[137794.0,6843703.0],[137924.0,6841867.0],[138615.0,6841617.0],[138711.0,6841253.0],[139102.0,6839208.0]]]]}},{"type":"Feature","properties":{"ID_GEOFLA":19591,"CODE_COMM":"081","INSEE_COM":"29081","NOM_COMM":"HUELGOAT","STATUT":"Chef-lieu canton","X_CHF_LIEU":2010,"Y_CHF_LIEU":68284,"X_CENTROID":2000,"Y_CENTROID":68282,"Z_MOYEN":201,"SUPERFICIE":1481,"POPULATION":1.6,"CODE_CANT":"16","CODE_ARR":"2","CODE_DEPT":"29","NOM_DEPT":"FINISTERE","CODE_REG":"53","NOM_REGION":"BRETAGNE"},"geometry":{"type":"MultiPolygon","coordinates":[[[[201434.0,6826301.0],[200750.0,6826686.0],[198785.0,6826695.0],[197852.0,6827422.0],[196813.0,6828642.0],[196366.0,6829220.0],[196497.0,6829561.0],[197212.0,6829689.0],[198870.0,6828756.0],[199561.0,6829671.0],[200302.0,6829882.0],[201400.0,6829676.0],[202041.0,6828722.0],[202428.0,6828695.0],[202791.0,6829379.0],[203178.0,6829391.0],[203262.0,6828304.0],[202105.0,6826959.0],[201427.0,6826671.0],[201434.0,6826301.0]]]]}},{"type":"Feature","properties":{"ID_GEOFLA":19592,"CODE_COMM":"054","INSEE_COM":"29054","NOM_COMM":"LA FEUILLEE","STATUT":"Commune simple","X_CHF_LIEU":1933,"Y_CHF_LIEU":68320,"X_CENTROID":1933,"Y_CENTROID":68321,"Z_MOYEN":263,"SUPERFICIE":3155,"POPULATION":0.7,"CODE_CANT":"16","CODE_ARR":"2","CODE_DEPT":"29","NOM_DEPT":"FINISTERE","CODE_REG":"53","NOM_REGION":"BRETAGNE"},"geometry":{"type":"MultiPolygon","coordinates":[[[[196813.0,6828642.0],[194520.0,6828663.0],[193549.0,6829817.0],[192053.0,6829990.0],[191761.0,6831081.0],[190458.0,6831927.0],[190076.0,6831856.0],[188515.0,6833707.0],[188646.0,6833787.0],[191143.0,6834772.0],[194141.0,6835436.0],[194372.0,6834314.0],[195085.0,6833986.0],[195465.0,6832921.0],[197071.0,6831246.0],[197212.0,6829689.0],[196497.0,6829561.0],[196366.0,6829220.0],[196813.0,6828642.0]]]]}},{"type":"Feature","properties":{"ID_GEOFLA":19656,"CODE_COMM":"122","INSEE_COM":"29122","NOM_COMM":"LAZ","STATUT":"Commune simple","X_CHF_LIEU":1921,"Y_CHF_LIEU":68039,"X_CENTROID":1918,"Y_CENTROID":68036,"Z_MOYEN":166,"SUPERFICIE":3389,"POPULATION":0.7,"CODE_CANT":"09","CODE_ARR":"2","CODE_DEPT":"29","NOM_DEPT":"FINISTERE","CODE_REG":"53","NOM_REGION":"BRETAGNE"},"geometry":{"type":"MultiPolygon","coordinates":[[[[191831.0,6800058.0],[191507.0,6802297.0],[190762.0,6802442.0],[190261.0,6802977.0],[189120.0,6802926.0],[187375.0,6802221.0],[186793.0,6802505.0],[186617.0,6803138.0],[187685.0,6803456.0],[188717.0,6806179.0],[190108.0,6807287.0],[192170.0,6806250.0],[193331.0,6806127.0],[193082.0,6805398.0],[193526.0,6804766.0],[194612.0,6804408.0],[194750.0,6803648.0],[195098.0,6803482.0],[196627.0,6803354.0],[197361.0,6802012.0],[195465.0,6801874.0],[193923.0,6800760.0],[193153.0,6800766.0],[191831.0,6800058.0]]]]}},{"type":"Feature","properties":{"ID_GEOFLA":19706,"CODE_COMM":"291","INSEE_COM":"29291","NOM_COMM":"TREGOUREZ","STATUT":"Commune simple","X_CHF_LIEU":1898,"Y_CHF_LIEU":68005,"X_CENTROID":1892,"Y_CENTROID":68006,"Z_MOYEN":134,"SUPERFICIE":1761,"POPULATION":0.9,"CODE_CANT":"09","CODE_ARR":"2","CODE_DEPT":"29","NOM_DEPT":"FINISTERE","CODE_REG":"53","NOM_REGION":"BRETAGNE"},"geometry":{"type":"MultiPolygon","coordinates":[[[[189018.0,6797827.0],[188628.0,6798447.0],[187178.0,6798204.0],[186703.0,6799616.0],[186901.0,6799938.0],[187385.0,6800428.0],[187375.0,6802221.0],[189120.0,6802926.0],[190261.0,6802977.0],[190762.0,6802442.0],[191507.0,6802297.0],[191831.0,6800058.0],[190442.0,6799554.0],[189018.0,6797827.0]]]]}},{"type":"Feature","properties":{"ID_GEOFLA":19708,"CODE_COMM":"233","INSEE_COM":"29233","NOM_COMM":"QUIMPERLE","STATUT":"Chef-lieu canton","X_CHF_LIEU":2109,"Y_CHF_LIEU":67727,"X_CENTROID":2102,"Y_CENTROID":67709,"Z_MOYEN":52,"SUPERFICIE":3060,"POPULATION":11.1,"CODE_CANT":"36","CODE_ARR":"4","CODE_DEPT":"29","NOM_DEPT":"FINISTERE","CODE_REG":"53","NOM_REGION":"BRETAGNE"},"geometry":{"type":"MultiPolygon","coordinates":[[[[210955.0,6767137.0],[209893.0,6767454.0],[208444.0,6768578.0],[207811.0,6767632.0],[207742.0,6769400.0],[206258.0,6769409.0],[206065.0,6769735.0],[207769.0,6771023.0],[207688.0,6772135.0],[209822.0,6774147.0],[211230.0,6774640.0],[211970.0,6773463.0],[212690.0,6773474.0],[213959.0,6772684.0],[213343.0,6770965.0],[213596.0,6770261.0],[212961.0,6769929.0],[212687.0,6770001.0],[212233.0,6770916.0],[211507.0,6771020.0],[211442.0,6772057.0],[211157.0,6771072.0],[212000.0,6770462.0],[212298.0,6769476.0],[211274.0,6768698.0],[210955.0,6767137.0]]]]}},{"type":"Feature","properties":{"ID_GEOFLA":19858,"CODE_COMM":"136","INSEE_COM":"29136","NOM_COMM":"LOCUNOLE","STATUT":"Commune simple","X_CHF_LIEU":2168,"Y_CHF_LIEU":67793,"X_CENTROID":2161,"Y_CENTROID":67781,"Z_MOYEN":76,"SUPERFICIE":1687,"POPULATION":1.0,"CODE_CANT":"01","CODE_ARR":"4","CODE_DEPT":"29","NOM_DEPT":"FINISTERE","CODE_REG":"53","NOM_REGION":"BRETAGNE"},"geometry":{"type":"MultiPolygon","coordinates":[[[[215371.0,6775661.0],[214288.0,6777238.0],[214203.0,6778005.0],[213842.0,6778141.0],[214147.0,6778836.0],[213884.0,6779115.0],[214645.0,6780431.0],[214983.0,6780612.0],[215366.0,6780595.0],[216386.0,6780091.0],[217485.0,6780100.0],[218013.0,6779572.0],[218198.0,6778854.0],[217981.0,6778162.0],[218632.0,6777318.0],[217966.0,6776991.0],[217885.0,6775869.0],[215371.0,6775661.0]]]]}},{"type":"Feature","properties":{"ID_GEOFLA":20651,"CODE_COMM":"243","INSEE_COM":"29243","NOM_COMM":"SAINT-COULITZ","STATUT":"Commune simple","X_CHF_LIEU":1759,"Y_CHF_LIEU":68112,"X_CENTROID":1754,"Y_CENTROID":68103,"Z_MOYEN":80,"SUPERFICIE":1105,"POPULATION":0.4,"CODE_CANT":"08","CODE_ARR":"2","CODE_DEPT":"29","NOM_DEPT":"FINISTERE","CODE_REG":"53","NOM_REGION":"BRETAGNE"},"geometry":{"type":"MultiPolygon","coordinates":[[[[176188.0,6808038.0],[174764.0,6808183.0],[174471.0,6808430.0],[174577.0,6809562.0],[173522.0,6809994.0],[173199.0,6809786.0],[173133.0,6810532.0],[173522.0,6811187.0],[174632.0,6811353.0],[176263.0,6812908.0],[176884.0,6812513.0],[176932.0,6812133.0],[176540.0,6810660.0],[177034.0,6810110.0],[177018.0,6809417.0],[176143.0,6808383.0],[176188.0,6808038.0]]]]}},{"type":"Feature","properties":{"ID_GEOFLA":21280,"CODE_COMM":"284","INSEE_COM":"29284","NOM_COMM":"TREFFIAGAT","STATUT":"Commune simple","X_CHF_LIEU":1570,"Y_CHF_LIEU":67698,"X_CENTROID":1573,"Y_CENTROID":67698,"Z_MOYEN":11,"SUPERFICIE":820,"POPULATION":2.3,"CODE_CANT":"49","CODE_ARR":"4","CODE_DEPT":"29","NOM_DEPT":"FINISTERE","CODE_REG":"53","NOM_REGION":"BRETAGNE"},"geometry":{"type":"MultiPolygon","coordinates":[[[[159682.0,6768418.0],[156724.0,6768345.0],[155726.0,6768682.0],[156374.0,6769188.0],[156369.0,6769549.0],[156205.0,6770315.0],[155698.0,6771687.0],[156777.0,6772000.0],[157516.0,6771838.0],[158354.0,6769731.0],[159050.0,6769390.0],[159682.0,6768418.0]]]]}},{"type":"Feature","properties":{"ID_GEOFLA":21313,"CODE_COMM":"093","INSEE_COM":"29093","NOM_COMM":"KERNILIS","STATUT":"Commune simple","X_CHF_LIEU":1534,"Y_CHF_LIEU":68557,"X_CENTROID":1540,"Y_CENTROID":68561,"Z_MOYEN":62,"SUPERFICIE":1015,"POPULATION":1.3,"CODE_CANT":"24","CODE_ARR":"1","CODE_DEPT":"29","NOM_DEPT":"FINISTERE","CODE_REG":"53","NOM_REGION":"BRETAGNE"},"geometry":{"type":"MultiPolygon","coordinates":[[[[154201.0,6854457.0],[153582.0,6854655.0],[151278.0,6855880.0],[153375.0,6857244.0],[153243.0,6857583.0],[153707.0,6858134.0],[155163.0,6857353.0],[156732.0,6856226.0],[156708.0,6856161.0],[155975.0,6855401.0],[155271.0,6855383.0],[154201.0,6854457.0]]]]}},{"type":"Feature","properties":{"ID_GEOFLA":21956,"CODE_COMM":"218","INSEE_COM":"29218","NOM_COMM":"PONT-CROIX","STATUT":"Chef-lieu canton","X_CHF_LIEU":1427,"Y_CHF_LIEU":67977,"X_CENTROID":1422,"Y_CENTROID":67983,"Z_MOYEN":41,"SUPERFICIE":799,"POPULATION":1.8,"CODE_CANT":"33","CODE_ARR":"4","CODE_DEPT":"29","NOM_DEPT":"FINISTERE","CODE_REG":"53","NOM_REGION":"BRETAGNE"},"geometry":{"type":"MultiPolygon","coordinates":[[[[143289.0,6797174.0],[142610.0,6797285.0],[142580.0,6797456.0],[140220.0,6797767.0],[139860.0,6797656.0],[139081.0,6798892.0],[139772.0,6798600.0],[140446.0,6798924.0],[141576.0,6798885.0],[142370.0,6799673.0],[142878.0,6799201.0],[143591.0,6799298.0],[144591.0,6798763.0],[144243.0,6797192.0],[143338.0,6797494.0],[143289.0,6797174.0]]]]}},{"type":"Feature","properties":{"ID_GEOFLA":21959,"CODE_COMM":"230","INSEE_COM":"29230","NOM_COMM":"QUERRIEN","STATUT":"Commune simple","X_CHF_LIEU":2126,"Y_CHF_LIEU":67823,"X_CENTROID":2118,"Y_CENTROID":67819,"Z_MOYEN":111,"SUPERFICIE":5427,"POPULATION":1.7,"CODE_CANT":"41","CODE_ARR":"4","CODE_DEPT":"29","NOM_DEPT":"FINISTERE","CODE_REG":"53","NOM_REGION":"BRETAGNE"},"geometry":{"type":"MultiPolygon","coordinates":[[[[210733.0,6777372.0],[208985.0,6778747.0],[207899.0,6779118.0],[208068.0,6781823.0],[208887.0,6782656.0],[209121.0,6783375.0],[208121.0,6784569.0],[207420.0,6784858.0],[207242.0,6785614.0],[207858.0,6786065.0],[208988.0,6785935.0],[209556.0,6785516.0],[210166.0,6785981.0],[211683.0,6785999.0],[212266.0,6785498.0],[213365.0,6785227.0],[214257.0,6784014.0],[215757.0,6783972.0],[216571.0,6782805.0],[216824.0,6780993.0],[217662.0,6780339.0],[217485.0,6780100.0],[216386.0,6780091.0],[215366.0,6780595.0],[214983.0,6780612.0],[214645.0,6780431.0],[213884.0,6779115.0],[214147.0,6778836.0],[213842.0,6778141.0],[212419.0,6778401.0],[211784.0,6777597.0],[210733.0,6777372.0]]]]}},{"type":"Feature","properties":{"ID_GEOFLA":21960,"CODE_COMM":"147","INSEE_COM":"29147","NOM_COMM":"MELLAC","STATUT":"Commune simple","X_CHF_LIEU":2090,"Y_CHF_LIEU":67764,"X_CENTROID":2082,"Y_CENTROID":67758,"Z_MOYEN":75,"SUPERFICIE":2649,"POPULATION":2.6,"CODE_CANT":"36","CODE_ARR":"4","CODE_DEPT":"29","NOM_DEPT":"FINISTERE","CODE_REG":"53","NOM_REGION":"BRETAGNE"},"geometry":{"type":"MultiPolygon","coordinates":[[[[207688.0,6772135.0],[206376.0,6772318.0],[206100.0,6772862.0],[206403.0,6773310.0],[205993.0,6774373.0],[206359.0,6775802.0],[206069.0,6776510.0],[206632.0,6778247.0],[206221.0,6779232.0],[207104.0,6779718.0],[207899.0,6779118.0],[208985.0,6778747.0],[210733.0,6777372.0],[211304.0,6776095.0],[211230.0,6774640.0],[209822.0,6774147.0],[207688.0,6772135.0]]]]}},{"type":"Feature","properties":{"ID_GEOFLA":22034,"CODE_COMM":"181","INSEE_COM":"29181","NOM_COMM":"PLOUEDERN","STATUT":"Commune simple","X_CHF_LIEU":1653,"Y_CHF_LIEU":68451,"X_CENTROID":1647,"Y_CENTROID":68448,"Z_MOYEN":84,"SUPERFICIE":1959,"POPULATION":2.7,"CODE_CANT":"17","CODE_ARR":"1","CODE_DEPT":"29","NOM_DEPT":"FINISTERE","CODE_REG":"53","NOM_REGION":"BRETAGNE"},"geometry":{"type":"MultiPolygon","coordinates":[[[[165523.0,6842058.0],[164210.0,6843352.0],[162752.0,6843140.0],[162367.0,6843766.0],[162415.0,6846012.0],[161896.0,6847442.0],[162536.0,6847839.0],[162903.0,6847722.0],[164166.0,6846264.0],[166773.0,6846770.0],[167339.0,6846520.0],[167579.0,6845953.0],[167512.0,6845592.0],[167049.0,6845032.0],[167472.0,6843308.0],[166655.0,6842787.0],[165523.0,6842058.0]]]]}},{"type":"Feature","properties":{"ID_GEOFLA":22059,"CODE_COMM":"021","INSEE_COM":"29021","NOM_COMM":"BRIGNOGAN-PLAGE","STATUT":"Commune simple","X_CHF_LIEU":1612,"Y_CHF_LIEU":68654,"X_CENTROID":1607,"Y_CENTROID":68658,"Z_MOYEN":10,"SUPERFICIE":376,"POPULATION":0.8,"CODE_CANT":"21","CODE_ARR":"1","CODE_DEPT":"29","NOM_DEPT":"FINISTERE","CODE_REG":"53","NOM_REGION":"BRETAGNE"},"geometry":{"type":"MultiPolygon","coordinates":[[[[162447.0,6865754.0],[161212.0,6864838.0],[160072.0,6865083.0],[159502.0,6865582.0],[159683.0,6866975.0],[161199.0,6866710.0],[161069.0,6865958.0],[161549.0,6865660.0],[162081.0,6866334.0],[162447.0,6865754.0]]]]}},{"type":"Feature","properties":{"ID_GEOFLA":22435,"CODE_COMM":"186","INSEE_COM":"29186","NOM_COMM":"PLOUEZOC'H","STATUT":"Commune simple","X_CHF_LIEU":1979,"Y_CHF_LIEU":68594,"X_CENTROID":1984,"Y_CENTROID":68590,"Z_MOYEN":60,"SUPERFICIE":1587,"POPULATION":1.6,"CODE_CANT":"19","CODE_ARR":"3","CODE_DEPT":"29","NOM_DEPT":"FINISTERE","CODE_REG":"53","NOM_REGION":"BRETAGNE"},"geometry":{"type":"MultiPolygon","coordinates":[[[[199941.0,6856162.0],[198669.0,6858162.0],[196024.0,6858500.0],[195298.0,6863260.0],[195868.0,6863390.0],[195907.0,6862119.0],[196402.0,6861847.0],[197684.0,6860417.0],[199993.0,6859116.0],[200758.0,6859067.0],[201796.0,6858646.0],[202008.0,6858332.0],[201761.0,6857617.0],[200904.0,6856469.0],[199941.0,6856162.0]]]]}},{"type":"Feature","properties":{"ID_GEOFLA":22436,"CODE_COMM":"289","INSEE_COM":"29289","NOM_COMM":"TREGARVAN","STATUT":"Commune simple","X_CHF_LIEU":1645,"Y_CHF_LIEU":68190,"X_CENTROID":1638,"Y_CENTROID":68175,"Z_MOYEN":94,"SUPERFICIE":962,"POPULATION":0.1,"CODE_CANT":"08","CODE_ARR":"2","CODE_DEPT":"29","NOM_DEPT":"FINISTERE","CODE_REG":"53","NOM_REGION":"BRETAGNE"},"geometry":{"type":"MultiPolygon","coordinates":[[[[162702.0,6816016.0],[161185.0,6816948.0],[162647.0,6817970.0],[163083.0,6818920.0],[164078.0,6819084.0],[164960.0,6819784.0],[165285.0,6818175.0],[165707.0,6817591.0],[165836.0,6816502.0],[162702.0,6816016.0]]]]}},{"type":"Feature","properties":{"ID_GEOFLA":22437,"CODE_COMM":"211","INSEE_COM":"29211","NOM_COMM":"PLOUYE","STATUT":"Commune simple","X_CHF_LIEU":2010,"Y_CHF_LIEU":68229,"X_CENTROID":2014,"Y_CENTROID":68235,"Z_MOYEN":138,"SUPERFICIE":3763,"POPULATION":0.7,"CODE_CANT":"16","CODE_ARR":"2","CODE_DEPT":"29","NOM_DEPT":"FINISTERE","CODE_REG":"53","NOM_REGION":"BRETAGNE"},"geometry":{"type":"MultiPolygon","coordinates":[[[[204025.0,6818299.0],[202970.0,6819328.0],[202678.0,6820372.0],[202042.0,6820788.0],[201578.0,6821807.0],[200090.0,6821607.0],[199743.0,6821772.0],[199160.0,6822269.0],[198848.0,6822960.0],[197760.0,6823338.0],[197221.0,6823883.0],[196660.0,6824088.0],[196924.0,6824619.0],[197858.0,6825698.0],[197138.0,6826547.0],[197050.0,6826866.0],[197852.0,6827422.0],[198785.0,6826695.0],[200750.0,6826686.0],[201434.0,6826301.0],[202559.0,6826322.0],[205343.0,6823335.0],[205279.0,6822581.0],[204228.0,6821573.0],[205185.0,6820422.0],[204025.0,6818299.0]]]]}},{"type":"Feature","properties":{"ID_GEOFLA":22438,"CODE_COMM":"127","INSEE_COM":"29127","NOM_COMM":"LOC-EGUINER-SAINT-THEGONNEC","STATUT":"Commune simple","X_CHF_LIEU":1854,"Y_CHF_LIEU":68407,"X_CENTROID":1865,"Y_CENTROID":68399,"Z_MOYEN":140,"SUPERFICIE":813,"POPULATION":0.3,"CODE_CANT":"40","CODE_ARR":"3","CODE_DEPT":"29","NOM_DEPT":"FINISTERE","CODE_REG":"53","NOM_REGION":"BRETAGNE"},"geometry":{"type":"MultiPolygon","coordinates":[[[[186687.0,6838244.0],[185802.0,6838525.0],[185263.0,6839375.0],[184778.0,6840273.0],[185210.0,6841135.0],[185483.0,6841664.0],[186498.0,6841391.0],[187024.0,6840905.0],[187680.0,6841198.0],[188300.0,6840304.0],[188343.0,6839571.0],[187054.0,6838266.0],[186687.0,6838244.0]]]]}},{"type":"Feature","properties":{"ID_GEOFLA":22635,"CODE_COMM":"229","INSEE_COM":"29229","NOM_COMM":"QUEMENEVEN","STATUT":"Commune simple","X_CHF_LIEU":1707,"Y_CHF_LIEU":68031,"X_CENTROID":1691,"Y_CENTROID":68037,"Z_MOYEN":104,"SUPERFICIE":2791,"POPULATION":1.1,"CODE_CANT":"08","CODE_ARR":"2","CODE_DEPT":"29","NOM_DEPT":"FINISTERE","CODE_REG":"53","NOM_REGION":"BRETAGNE"},"geometry":{"type":"MultiPolygon","coordinates":[[[[172104.0,6802115.0],[169999.0,6801298.0],[168865.0,6802105.0],[166261.0,6801887.0],[165695.0,6802862.0],[164755.0,6803468.0],[164431.0,6803625.0],[164395.0,6804339.0],[165690.0,6805444.0],[167579.0,6805193.0],[169965.0,6806443.0],[170348.0,6806375.0],[171242.0,6804688.0],[172382.0,6804713.0],[173472.0,6804304.0],[173985.0,6803719.0],[173352.0,6802829.0],[172104.0,6802115.0]]]]}},{"type":"Feature","properties":{"ID_GEOFLA":22636,"CODE_COMM":"264","INSEE_COM":"29264","NOM_COMM":"SAINT-SERVAIS","STATUT":"Commune simple","X_CHF_LIEU":1722,"Y_CHF_LIEU":68473,"X_CENTROID":1720,"Y_CENTROID":68478,"Z_MOYEN":92,"SUPERFICIE":1042,"POPULATION":0.6,"CODE_CANT":"18","CODE_ARR":"3","CODE_DEPT":"29","NOM_DEPT":"FINISTERE","CODE_REG":"53","NOM_REGION":"BRETAGNE"},"geometry":{"type":"MultiPolygon","coordinates":[[[[172404.0,6844461.0],[172036.0,6844876.0],[171443.0,6844855.0],[171450.0,6845965.0],[170589.0,6846673.0],[170425.0,6848170.0],[171422.0,6849209.0],[172099.0,6849514.0],[172781.0,6851207.0],[173352.0,6850748.0],[173417.0,6850003.0],[173734.0,6849799.0],[173401.0,6849618.0],[172883.0,6847809.0],[172404.0,6844461.0]]]]}},{"type":"Feature","properties":{"ID_GEOFLA":22675,"CODE_COMM":"171","INSEE_COM":"29171","NOM_COMM":"PLOMEUR","STATUT":"Commune simple","X_CHF_LIEU":1558,"Y_CHF_LIEU":67739,"X_CENTROID":1550,"Y_CENTROID":67738,"Z_MOYEN":22,"SUPERFICIE":2974,"POPULATION":3.6,"CODE_CANT":"34","CODE_ARR":"4","CODE_DEPT":"29","NOM_DEPT":"FINISTERE","CODE_REG":"53","NOM_REGION":"BRETAGNE"},"geometry":{"type":"MultiPolygon","coordinates":[[[[154591.0,6770303.0],[154099.0,6770852.0],[153988.0,6771601.0],[152983.0,6772715.0],[151860.0,6772774.0],[150898.0,6773380.0],[151244.0,6775396.0],[154231.0,6776067.0],[155173.0,6775479.0],[155933.0,6775480.0],[156812.0,6776655.0],[157497.0,6776965.0],[158098.0,6777110.0],[158453.0,6776044.0],[158295.0,6775301.0],[158745.0,6774307.0],[158003.0,6773432.0],[157894.0,6771913.0],[157516.0,6771838.0],[156777.0,6772000.0],[155698.0,6771687.0],[156205.0,6770315.0],[154591.0,6770303.0]]]]}},{"type":"Feature","properties":{"ID_GEOFLA":22697,"CODE_COMM":"029","INSEE_COM":"29029","NOM_COMM":"CLEDEN-POHER","STATUT":"Commune simple","X_CHF_LIEU":2054,"Y_CHF_LIEU":68137,"X_CENTROID":2058,"Y_CENTROID":68145,"Z_MOYEN":115,"SUPERFICIE":3020,"POPULATION":1.1,"CODE_CANT":"07","CODE_ARR":"2","CODE_DEPT":"29","NOM_DEPT":"FINISTERE","CODE_REG":"53","NOM_REGION":"BRETAGNE"},"geometry":{"type":"MultiPolygon","coordinates":[[[[205798.0,6811688.0],[205205.0,6812144.0],[204096.0,6811946.0],[203222.0,6812556.0],[202698.0,6812033.0],[201732.0,6812624.0],[201608.0,6813762.0],[202053.0,6814340.0],[203153.0,6814161.0],[203288.0,6814890.0],[202518.0,6815707.0],[203710.0,6817095.0],[206263.0,6816319.0],[207636.0,6816849.0],[208664.0,6816390.0],[209661.0,6816847.0],[210258.0,6816385.0],[210131.0,6815057.0],[209695.0,6814609.0],[209334.0,6814742.0],[209054.0,6813624.0],[208057.0,6813064.0],[207624.0,6812434.0],[206486.0,6812510.0],[205798.0,6811688.0]]]]}},{"type":"Feature","properties":{"ID_GEOFLA":22824,"CODE_COMM":"135","INSEE_COM":"29135","NOM_COMM":"LOCTUDY","STATUT":"Commune simple","X_CHF_LIEU":1643,"Y_CHF_LIEU":67724,"X_CENTROID":1629,"Y_CENTROID":67715,"Z_MOYEN":8,"SUPERFICIE":1337,"POPULATION":4.2,"CODE_CANT":"49","CODE_ARR":"4","CODE_DEPT":"29","NOM_DEPT":"FINISTERE","CODE_REG":"53","NOM_REGION":"BRETAGNE"},"geometry":{"type":"MultiPolygon","coordinates":[[[[162741.0,6774799.0],[163361.0,6773114.0],[165008.0,6772491.0],[164464.0,6770273.0],[163841.0,6770247.0],[163893.0,6769560.0],[162298.0,6768418.0],[161142.0,6769191.0],[161769.0,6769639.0],[162098.0,6770753.0],[161553.0,6772195.0],[161583.0,6773709.0],[161793.0,6774427.0],[162523.0,6774495.0],[162741.0,6774799.0]]]]}},{"type":"Feature","properties":{"ID_GEOFLA":22905,"CODE_COMM":"250","INSEE_COM":"29250","NOM_COMM":"SAINT-HERNIN","STATUT":"Commune simple","X_CHF_LIEU":2078,"Y_CHF_LIEU":68114,"X_CENTROID":2094,"Y_CENTROID":68103,"Z_MOYEN":156,"SUPERFICIE":2934,"POPULATION":0.8,"CODE_CANT":"07","CODE_ARR":"2","CODE_DEPT":"29","NOM_DEPT":"FINISTERE","CODE_REG":"53","NOM_REGION":"BRETAGNE"},"geometry":{"type":"MultiPolygon","coordinates":[[[[208397.0,6806246.0],[208320.0,6808863.0],[207987.0,6809957.0],[206529.0,6810413.0],[205798.0,6811688.0],[206486.0,6812510.0],[207624.0,6812434.0],[208057.0,6813064.0],[209054.0,6813624.0],[209334.0,6814742.0],[209695.0,6814609.0],[210531.0,6813935.0],[211293.0,6812647.0],[211046.0,6811990.0],[211673.0,6811022.0],[211585.0,6809149.0],[212579.0,6808021.0],[212675.0,6807535.0],[208397.0,6806246.0]]]]}},{"type":"Feature","properties":{"ID_GEOFLA":22921,"CODE_COMM":"145","INSEE_COM":"29145","NOM_COMM":"CONFORT-MEILARS","STATUT":"Commune simple","X_CHF_LIEU":1474,"Y_CHF_LIEU":67982,"X_CENTROID":1469,"Y_CENTROID":67988,"Z_MOYEN":51,"SUPERFICIE":1477,"POPULATION":0.8,"CODE_CANT":"33","CODE_ARR":"4","CODE_DEPT":"29","NOM_DEPT":"FINISTERE","CODE_REG":"53","NOM_REGION":"BRETAGNE"},"geometry":{"type":"MultiPolygon","coordinates":[[[[149266.0,6797356.0],[149168.0,6796581.0],[146180.0,6797368.0],[144243.0,6797192.0],[144591.0,6798763.0],[144723.0,6799105.0],[145749.0,6799477.0],[145774.0,6800550.0],[146802.0,6801558.0],[147946.0,6801679.0],[148159.0,6801355.0],[148128.0,6799108.0],[149278.0,6798125.0],[149266.0,6797356.0]]]]}},{"type":"Feature","properties":{"ID_GEOFLA":23103,"CODE_COMM":"087","INSEE_COM":"29087","NOM_COMM":"LE JUCH","STATUT":"Commune simple","X_CHF_LIEU":1603,"Y_CHF_LIEU":67987,"X_CENTROID":1594,"Y_CENTROID":67976,"Z_MOYEN":91,"SUPERFICIE":1425,"POPULATION":0.8,"CODE_CANT":"13","CODE_ARR":"4","CODE_DEPT":"29","NOM_DEPT":"FINISTERE","CODE_REG":"53","NOM_REGION":"BRETAGNE"},"geometry":{"type":"MultiPolygon","coordinates":[[[[161020.0,6795129.0],[159311.0,6796027.0],[158549.0,6796086.0],[158035.0,6796667.0],[156929.0,6797125.0],[157869.0,6799402.0],[158343.0,6799956.0],[159392.0,6800238.0],[160365.0,6799376.0],[161099.0,6798101.0],[161250.0,6797419.0],[161953.0,6796624.0],[161020.0,6795129.0]]]]}},{"type":"Feature","properties":{"ID_GEOFLA":23106,"CODE_COMM":"095","INSEE_COM":"29095","NOM_COMM":"KERSAINT-PLABENNEC","STATUT":"Commune simple","X_CHF_LIEU":1557,"Y_CHF_LIEU":68445,"X_CENTROID":1566,"Y_CENTROID":68452,"Z_MOYEN":86,"SUPERFICIE":1192,"POPULATION":1.3,"CODE_CANT":"24","CODE_ARR":"1","CODE_DEPT":"29","NOM_DEPT":"FINISTERE","CODE_REG":"53","NOM_REGION":"BRETAGNE"},"geometry":{"type":"MultiPolygon","coordinates":[[[[156440.0,6842807.0],[155388.0,6842645.0],[154613.0,6843330.0],[155151.0,6843762.0],[155101.0,6844910.0],[156024.0,6846035.0],[156094.0,6847173.0],[156820.0,6847265.0],[157114.0,6847975.0],[156817.0,6849083.0],[157452.0,6849206.0],[157970.0,6847548.0],[157599.0,6846079.0],[158184.0,6843929.0],[157812.0,6843321.0],[156440.0,6842807.0]]]]}},{"type":"Feature","properties":{"ID_GEOFLA":23232,"CODE_COMM":"228","INSEE_COM":"29228","NOM_COMM":"PRIMELIN","STATUT":"Commune simple","X_CHF_LIEU":1335,"Y_CHF_LIEU":67967,"X_CENTROID":1339,"Y_CENTROID":67971,"Z_MOYEN":32,"SUPERFICIE":869,"POPULATION":0.7,"CODE_CANT":"33","CODE_ARR":"4","CODE_DEPT":"29","NOM_DEPT":"FINISTERE","CODE_REG":"53","NOM_REGION":"BRETAGNE"},"geometry":{"type":"MultiPolygon","coordinates":[[[[134013.0,6795575.0],[132622.0,6796049.0],[131938.0,6797365.0],[131911.0,6798359.0],[133524.0,6798197.0],[134837.0,6797939.0],[135472.0,6798136.0],[136164.0,6797854.0],[135973.0,6796383.0],[134196.0,6795903.0],[134013.0,6795575.0]]]]}},{"type":"Feature","properties":{"ID_GEOFLA":23305,"CODE_COMM":"153","INSEE_COM":"29153","NOM_COMM":"NEVEZ","STATUT":"Commune simple","X_CHF_LIEU":1923,"Y_CHF_LIEU":67684,"X_CENTROID":1935,"Y_CENTROID":67678,"Z_MOYEN":29,"SUPERFICIE":2558,"POPULATION":2.7,"CODE_CANT":"32","CODE_ARR":"4","CODE_DEPT":"29","NOM_DEPT":"FINISTERE","CODE_REG":"53","NOM_REGION":"BRETAGNE"},"geometry":{"type":"MultiPolygon","coordinates":[[[[195372.0,6770910.0],[195713.0,6770705.0],[195025.0,6770044.0],[195816.0,6768941.0],[195829.0,6768059.0],[194999.0,6767968.0],[195777.0,6767683.0],[196193.0,6765725.0],[194416.0,6764895.0],[192541.0,6765290.0],[191504.0,6764979.0],[190933.0,6765147.0],[190713.0,6765741.0],[191373.0,6768752.0],[191937.0,6770155.0],[192749.0,6770991.0],[194110.0,6771364.0],[195372.0,6770910.0]]]]}},{"type":"Feature","properties":{"ID_GEOFLA":23320,"CODE_COMM":"012","INSEE_COM":"29012","NOM_COMM":"BOLAZEC","STATUT":"Commune simple","X_CHF_LIEU":2136,"Y_CHF_LIEU":68362,"X_CENTROID":2128,"Y_CENTROID":68361,"Z_MOYEN":206,"SUPERFICIE":1761,"POPULATION":0.2,"CODE_CANT":"16","CODE_ARR":"2","CODE_DEPT":"29","NOM_DEPT":"FINISTERE","CODE_REG":"53","NOM_REGION":"BRETAGNE"},"geometry":{"type":"MultiPolygon","coordinates":[[[[211831.0,6831542.0],[211399.0,6833814.0],[210507.0,6834987.0],[211017.0,6836439.0],[211792.0,6837294.0],[211762.0,6838431.0],[211840.0,6839012.0],[212746.0,6839322.0],[213085.0,6839253.0],[213235.0,6838579.0],[214211.0,6838300.0],[214167.0,6837945.0],[214839.0,6837155.0],[215909.0,6837149.0],[216151.0,6836476.0],[214903.0,6835584.0],[213468.0,6835046.0],[212360.0,6833983.0],[212065.0,6831738.0],[211831.0,6831542.0]]]]}},{"type":"Feature","properties":{"ID_GEOFLA":23702,"CODE_COMM":"222","INSEE_COM":"29222","NOM_COMM":"PORT-LAUNAY","STATUT":"Commune simple","X_CHF_LIEU":1755,"Y_CHF_LIEU":68140,"X_CENTROID":1746,"Y_CENTROID":68143,"Z_MOYEN":53,"SUPERFICIE":191,"POPULATION":0.5,"CODE_CANT":"08","CODE_ARR":"2","CODE_DEPT":"29","NOM_DEPT":"FINISTERE","CODE_REG":"53","NOM_REGION":"BRETAGNE"},"geometry":{"type":"MultiPolygon","coordinates":[[[[175684.0,6814258.0],[175558.0,6813605.0],[174822.0,6814273.0],[173496.0,6813746.0],[173399.0,6814120.0],[173930.0,6814678.0],[174972.0,6815111.0],[175684.0,6814258.0]]]]}},{"type":"Feature","properties":{"ID_GEOFLA":23706,"CODE_COMM":"079","INSEE_COM":"29079","NOM_COMM":"HENVIC","STATUT":"Commune simple","X_CHF_LIEU":1901,"Y_CHF_LIEU":68592,"X_CENTROID":1899,"Y_CENTROID":68593,"Z_MOYEN":50,"SUPERFICIE":994,"POPULATION":1.3,"CODE_CANT":"43","CODE_ARR":"3","CODE_DEPT":"29","NOM_DEPT":"FINISTERE","CODE_REG":"53","NOM_REGION":"BRETAGNE"},"geometry":{"type":"MultiPolygon","coordinates":[[[[192594.0,6859760.0],[191877.0,6858926.0],[190874.0,6858530.0],[189818.0,6857083.0],[189159.0,6857386.0],[188817.0,6857559.0],[188401.0,6858622.0],[188866.0,6860472.0],[188653.0,6861544.0],[189315.0,6861930.0],[189734.0,6860852.0],[192594.0,6859760.0]]]]}},{"type":"Feature","properties":{"ID_GEOFLA":24593,"CODE_COMM":"083","INSEE_COM":"29083","NOM_COMM":"ILE-DE-SEIN","STATUT":"Commune simple","X_CHF_LIEU":1158,"Y_CHF_LIEU":67996,"X_CENTROID":1156,"Y_CENTROID":68000,"Z_MOYEN":3,"SUPERFICIE":60,"POPULATION":0.2,"CODE_CANT":"33","CODE_ARR":"4","CODE_DEPT":"29","NOM_DEPT":"FINISTERE","CODE_REG":"53","NOM_REGION":"BRETAGNE"},"geometry":{"type":"MultiPolygon","coordinates":[[[[116159.0,6799160.0],[115852.0,6799228.0],[115461.0,6800010.0],[114912.0,6800244.0],[114707.0,6800005.0],[114450.0,6800343.0],[114707.0,6800706.0],[115046.0,6800419.0],[115385.0,6800373.0],[115653.0,6800104.0],[115922.0,6800186.0],[115945.0,6799362.0],[116500.0,6799204.0],[116159.0,6799160.0]]]]}},{"type":"Feature","properties":{"ID_GEOFLA":25086,"CODE_COMM":"084","INSEE_COM":"29084","NOM_COMM":"ILE-MOLENE","STATUT":"Commune simple","X_CHF_LIEU":1120,"Y_CHF_LIEU":68403,"X_CENTROID":1117,"Y_CENTROID":68402,"Z_MOYEN":13,"SUPERFICIE":94,"POPULATION":0.2,"CODE_CANT":"39","CODE_ARR":"1","CODE_DEPT":"29","NOM_DEPT":"FINISTERE","CODE_REG":"53","NOM_REGION":"BRETAGNE"},"geometry":{"type":"MultiPolygon","coordinates":[[[[111766.0,6839573.0],[111469.0,6839796.0],[111336.0,6840536.0],[111731.0,6840919.0],[112240.0,6840140.0],[111766.0,6839573.0]]]]}},{"type":"Feature","properties":{"ID_GEOFLA":25088,"CODE_COMM":"116","INSEE_COM":"29116","NOM_COMM":"LANNEUFFRET","STATUT":"Commune simple","X_CHF_LIEU":1685,"Y_CHF_LIEU":68461,"X_CENTROID":1686,"Y_CENTROID":68459,"Z_MOYEN":85,"SUPERFICIE":223,"POPULATION":0.1,"CODE_CANT":"28","CODE_ARR":"1","CODE_DEPT":"29","NOM_DEPT":"FINISTERE","CODE_REG":"53","NOM_REGION":"BRETAGNE"},"geometry":{"type":"MultiPolygon","coordinates":[[[[168568.0,6844788.0],[168249.0,6845464.0],[167512.0,6845592.0],[167579.0,6845953.0],[168245.0,6846312.0],[168610.0,6846976.0],[168971.0,6846863.0],[169573.0,6845900.0],[168568.0,6844788.0]]]]}},{"type":"Feature","properties":{"ID_GEOFLA":25089,"CODE_COMM":"257","INSEE_COM":"29257","NOM_COMM":"SAINT-PABU","STATUT":"Commune simple","X_CHF_LIEU":1402,"Y_CHF_LIEU":68563,"X_CENTROID":1385,"Y_CENTROID":68562,"Z_MOYEN":37,"SUPERFICIE":984,"POPULATION":1.8,"CODE_CANT":"27","CODE_ARR":"1","CODE_DEPT":"29","NOM_DEPT":"FINISTERE","CODE_REG":"53","NOM_REGION":"BRETAGNE"},"geometry":{"type":"MultiPolygon","coordinates":[[[[137752.0,6854522.0],[136671.0,6856770.0],[136719.0,6857510.0],[138115.0,6858038.0],[140166.0,6857157.0],[140610.0,6855760.0],[140308.0,6855071.0],[137752.0,6854522.0]]]]}},{"type":"Feature","properties":{"ID_GEOFLA":25431,"CODE_COMM":"281","INSEE_COM":"29281","NOM_COMM":"TOURCH","STATUT":"Commune simple","X_CHF_LIEU":1918,"Y_CHF_LIEU":67913,"X_CENTROID":1919,"Y_CENTROID":67915,"Z_MOYEN":169,"SUPERFICIE":1983,"POPULATION":0.9,"CODE_CANT":"37","CODE_ARR":"4","CODE_DEPT":"29","NOM_DEPT":"FINISTERE","CODE_REG":"53","NOM_REGION":"BRETAGNE"},"geometry":{"type":"MultiPolygon","coordinates":[[[[192462.0,6788106.0],[192172.0,6787483.0],[190684.0,6788161.0],[190007.0,6789473.0],[189930.0,6790584.0],[190445.0,6791980.0],[190143.0,6793017.0],[192740.0,6794526.0],[193394.0,6795879.0],[194360.0,6795595.0],[194300.0,6794897.0],[193458.0,6792691.0],[192462.0,6788106.0]]]]}},{"type":"Feature","properties":{"ID_GEOFLA":25432,"CODE_COMM":"049","INSEE_COM":"29049","NOM_COMM":"ELLIANT","STATUT":"Commune simple","X_CHF_LIEU":1867,"Y_CHF_LIEU":67884,"X_CENTROID":1859,"Y_CENTROID":67899,"Z_MOYEN":121,"SUPERFICIE":7043,"POPULATION":3.2,"CODE_CANT":"37","CODE_ARR":"4","CODE_DEPT":"29","NOM_DEPT":"FINISTERE","CODE_REG":"53","NOM_REGION":"BRETAGNE"},"geometry":{"type":"MultiPolygon","coordinates":[[[[190684.0,6788161.0],[189190.0,6786436.0],[188891.0,6784556.0],[188138.0,6784414.0],[187499.0,6784834.0],[185997.0,6785154.0],[184604.0,6786425.0],[180902.0,6787675.0],[182469.0,6792773.0],[180971.0,6793870.0],[181575.0,6794224.0],[182643.0,6794159.0],[183517.0,6794754.0],[185435.0,6795278.0],[185470.0,6794512.0],[186088.0,6794075.0],[187599.0,6794089.0],[188630.0,6793727.0],[189007.0,6793063.0],[190143.0,6793017.0],[190445.0,6791980.0],[189930.0,6790584.0],[190007.0,6789473.0],[190684.0,6788161.0]]]]}},{"type":"Feature","properties":{"ID_GEOFLA":25711,"CODE_COMM":"214","INSEE_COM":"29214","NOM_COMM":"PLOVAN","STATUT":"Commune simple","X_CHF_LIEU":1508,"Y_CHF_LIEU":67829,"X_CENTROID":1511,"Y_CENTROID":67847,"Z_MOYEN":30,"SUPERFICIE":1578,"POPULATION":0.7,"CODE_CANT":"26","CODE_ARR":"4","CODE_DEPT":"29","NOM_DEPT":"FINISTERE","CODE_REG":"53","NOM_REGION":"BRETAGNE"},"geometry":{"type":"MultiPolygon","coordinates":[[[[149881.0,6781797.0],[148342.0,6785537.0],[149367.0,6786037.0],[151261.0,6786019.0],[151907.0,6786849.0],[154415.0,6787642.0],[154517.0,6787291.0],[152814.0,6785317.0],[152601.0,6783834.0],[151956.0,6782599.0],[149881.0,6781797.0]]]]}},{"type":"Feature","properties":{"ID_GEOFLA":26017,"CODE_COMM":"124","INSEE_COM":"29124","NOM_COMM":"LESNEVEN","STATUT":"Chef-lieu canton","X_CHF_LIEU":1610,"Y_CHF_LIEU":68551,"X_CENTROID":1613,"Y_CENTROID":68560,"Z_MOYEN":52,"SUPERFICIE":1019,"POPULATION":6.8,"CODE_CANT":"21","CODE_ARR":"1","CODE_DEPT":"29","NOM_DEPT":"FINISTERE","CODE_REG":"53","NOM_REGION":"BRETAGNE"},"geometry":{"type":"MultiPolygon","coordinates":[[[[162725.0,6854791.0],[161661.0,6854694.0],[161005.0,6853907.0],[159968.0,6854187.0],[159587.0,6855470.0],[159819.0,6855737.0],[160193.0,6856365.0],[160059.0,6857445.0],[160763.0,6858703.0],[161142.0,6858598.0],[161664.0,6857541.0],[162932.0,6856612.0],[163361.0,6855152.0],[163402.0,6854816.0],[162725.0,6854791.0]]]]}},{"type":"Feature","properties":{"ID_GEOFLA":26106,"CODE_COMM":"068","INSEE_COM":"29068","NOM_COMM":"GUICLAN","STATUT":"Commune simple","X_CHF_LIEU":1868,"Y_CHF_LIEU":68505,"X_CENTROID":1854,"Y_CENTROID":68497,"Z_MOYEN":98,"SUPERFICIE":4293,"POPULATION":2.1,"CODE_CANT":"43","CODE_ARR":"3","CODE_DEPT":"29","NOM_DEPT":"FINISTERE","CODE_REG":"53","NOM_REGION":"BRETAGNE"},"geometry":{"type":"MultiPolygon","coordinates":[[[[185103.0,6844844.0],[182321.0,6845362.0],[181465.0,6846010.0],[182105.0,6847824.0],[182141.0,6848979.0],[181838.0,6849222.0],[182307.0,6850606.0],[183309.0,6851728.0],[184715.0,6852323.0],[185396.0,6851993.0],[186517.0,6853475.0],[187534.0,6853959.0],[189295.0,6855561.0],[190042.0,6854350.0],[189767.0,6853644.0],[189095.0,6852265.0],[188952.0,6851124.0],[186964.0,6848806.0],[186859.0,6847683.0],[185861.0,6846513.0],[185426.0,6845055.0],[185103.0,6844844.0]]]]}},{"type":"Feature","properties":{"ID_GEOFLA":26121,"CODE_COMM":"045","INSEE_COM":"29045","NOM_COMM":"DIRINON","STATUT":"Commune simple","X_CHF_LIEU":1626,"Y_CHF_LIEU":68355,"X_CENTROID":1627,"Y_CENTROID":68359,"Z_MOYEN":87,"SUPERFICIE":3288,"POPULATION":2.5,"CODE_CANT":"17","CODE_ARR":"1","CODE_DEPT":"29","NOM_DEPT":"FINISTERE","CODE_REG":"53","NOM_REGION":"BRETAGNE"},"geometry":{"type":"MultiPolygon","coordinates":[[[[162326.0,6831137.0],[160489.0,6830848.0],[159833.0,6831142.0],[159599.0,6832277.0],[159947.0,6832971.0],[161547.0,6834068.0],[161662.0,6834442.0],[161135.0,6836304.0],[160304.0,6837611.0],[159587.0,6837866.0],[163082.0,6840609.0],[163711.0,6839278.0],[165327.0,6838460.0],[165921.0,6838961.0],[166303.0,6838886.0],[167129.0,6838067.0],[166441.0,6837722.0],[165714.0,6837896.0],[165220.0,6836855.0],[165330.0,6835705.0],[164962.0,6834607.0],[163644.0,6833903.0],[163208.0,6832862.0],[163114.0,6832508.0],[162024.0,6832552.0],[162326.0,6831137.0]]]]}},{"type":"Feature","properties":{"ID_GEOFLA":26227,"CODE_COMM":"105","INSEE_COM":"29105","NOM_COMM":"LANDIVISIAU","STATUT":"Chef-lieu canton","X_CHF_LIEU":1786,"Y_CHF_LIEU":68465,"X_CENTROID":1792,"Y_CENTROID":68472,"Z_MOYEN":94,"SUPERFICIE":1916,"POPULATION":9.0,"CODE_CANT":"18","CODE_ARR":"3","CODE_DEPT":"29","NOM_DEPT":"FINISTERE","CODE_REG":"53","NOM_REGION":"BRETAGNE"},"geometry":{"type":"MultiPolygon","coordinates":[[[[177621.0,6845038.0],[176260.0,6845598.0],[176305.0,6847118.0],[177699.0,6848950.0],[178373.0,6848748.0],[179113.0,6849511.0],[180111.0,6849069.0],[180375.0,6849329.0],[181838.0,6849222.0],[182141.0,6848979.0],[182105.0,6847824.0],[181465.0,6846010.0],[177621.0,6845038.0]]]]}},{"type":"Feature","properties":{"ID_GEOFLA":26229,"CODE_COMM":"180","INSEE_COM":"29180","NOM_COMM":"PLOUDIRY","STATUT":"Chef-lieu canton","X_CHF_LIEU":1725,"Y_CHF_LIEU":68409,"X_CENTROID":1736,"Y_CENTROID":68412,"Z_MOYEN":130,"SUPERFICIE":2778,"POPULATION":0.9,"CODE_CANT":"28","CODE_ARR":"1","CODE_DEPT":"29","NOM_DEPT":"FINISTERE","CODE_REG":"53","NOM_REGION":"BRETAGNE"},"geometry":{"type":"MultiPolygon","coordinates":[[[[174993.0,6836243.0],[173355.0,6837710.0],[173097.0,6838802.0],[172196.0,6840047.0],[169996.0,6842148.0],[170366.0,6842156.0],[170848.0,6843470.0],[172404.0,6844461.0],[174662.0,6844946.0],[175444.0,6843697.0],[175517.0,6843321.0],[174934.0,6842343.0],[175775.0,6841644.0],[175718.0,6840521.0],[176756.0,6840274.0],[176006.0,6839267.0],[175116.0,6838144.0],[175437.0,6836742.0],[174993.0,6836243.0]]]]}},{"type":"Feature","properties":{"ID_GEOFLA":26281,"CODE_COMM":"071","INSEE_COM":"29071","NOM_COMM":"GUILLIGOMARC'H","STATUT":"Commune simple","X_CHF_LIEU":2214,"Y_CHF_LIEU":67789,"X_CENTROID":2207,"Y_CENTROID":67798,"Z_MOYEN":95,"SUPERFICIE":2300,"POPULATION":0.7,"CODE_CANT":"01","CODE_ARR":"4","CODE_DEPT":"29","NOM_DEPT":"FINISTERE","CODE_REG":"53","NOM_REGION":"BRETAGNE"},"geometry":{"type":"MultiPolygon","coordinates":[[[[222001.0,6776836.0],[220883.0,6777845.0],[219392.0,6778127.0],[218632.0,6777318.0],[217981.0,6778162.0],[218198.0,6778854.0],[218013.0,6779572.0],[217485.0,6780100.0],[217662.0,6780339.0],[217982.0,6780540.0],[218271.0,6781634.0],[219758.0,6781796.0],[221644.0,6782981.0],[222008.0,6783082.0],[222291.0,6782381.0],[222664.0,6782322.0],[222762.0,6781614.0],[223334.0,6781184.0],[223279.0,6780473.0],[222618.0,6779538.0],[223448.0,6777803.0],[223103.0,6777102.0],[222001.0,6776836.0]]]]}},{"type":"Feature","properties":{"ID_GEOFLA":26282,"CODE_COMM":"206","INSEE_COM":"29206","NOM_COMM":"PLOUNEVEZ-LOCHRIST","STATUT":"Commune simple","X_CHF_LIEU":1691,"Y_CHF_LIEU":68594,"X_CENTROID":1701,"Y_CENTROID":68596,"Z_MOYEN":57,"SUPERFICIE":3965,"POPULATION":2.4,"CODE_CANT":"29","CODE_ARR":"3","CODE_DEPT":"29","NOM_DEPT":"FINISTERE","CODE_REG":"53","NOM_REGION":"BRETAGNE"},"geometry":{"type":"MultiPolygon","coordinates":[[[[171980.0,6856609.0],[170883.0,6856301.0],[170331.0,6856737.0],[169358.0,6856200.0],[167844.0,6856302.0],[166443.0,6856899.0],[166197.0,6857829.0],[167149.0,6858335.0],[167934.0,6859646.0],[167036.0,6863319.0],[168618.0,6863883.0],[168021.0,6863221.0],[168902.0,6863045.0],[170774.0,6863218.0],[172452.0,6862601.0],[173932.0,6859545.0],[172927.0,6857193.0],[171980.0,6856609.0]]]]}},{"type":"Feature","properties":{"ID_GEOFLA":26524,"CODE_COMM":"216","INSEE_COM":"29216","NOM_COMM":"PLUGUFFAN","STATUT":"Commune simple","X_CHF_LIEU":1651,"Y_CHF_LIEU":67888,"X_CENTROID":1644,"Y_CENTROID":67879,"Z_MOYEN":83,"SUPERFICIE":3225,"POPULATION":3.4,"CODE_CANT":"52","CODE_ARR":"4","CODE_DEPT":"29","NOM_DEPT":"FINISTERE","CODE_REG":"53","NOM_REGION":"BRETAGNE"},"geometry":{"type":"MultiPolygon","coordinates":[[[[163953.0,6783279.0],[163756.0,6783635.0],[163198.0,6784586.0],[161814.0,6785089.0],[162377.0,6786358.0],[162106.0,6787056.0],[162248.0,6788165.0],[160744.0,6789205.0],[161187.0,6790625.0],[161713.0,6791131.0],[162070.0,6790483.0],[163100.0,6790871.0],[163654.0,6790342.0],[165176.0,6791373.0],[166523.0,6789581.0],[167190.0,6789343.0],[168419.0,6788473.0],[168802.0,6786667.0],[167289.0,6786916.0],[165944.0,6786109.0],[164837.0,6784999.0],[163953.0,6783279.0]]]]}},{"type":"Feature","properties":{"ID_GEOFLA":26603,"CODE_COMM":"132","INSEE_COM":"29132","NOM_COMM":"LOCQUENOLE","STATUT":"Commune simple","X_CHF_LIEU":1949,"Y_CHF_LIEU":68579,"X_CENTROID":1947,"Y_CENTROID":68578,"Z_MOYEN":47,"SUPERFICIE":93,"POPULATION":0.8,"CODE_CANT":"43","CODE_ARR":"3","CODE_DEPT":"29","NOM_DEPT":"FINISTERE","CODE_REG":"53","NOM_REGION":"BRETAGNE"},"geometry":{"type":"MultiPolygon","coordinates":[[[[195126.0,6857264.0],[194216.0,6857767.0],[194236.0,6858122.0],[195222.0,6858443.0],[195126.0,6857264.0]]]]}},{"type":"Feature","properties":{"ID_GEOFLA":26880,"CODE_COMM":"173","INSEE_COM":"29173","NOM_COMM":"PLONEIS","STATUT":"Commune simple","X_CHF_LIEU":1631,"Y_CHF_LIEU":67930,"X_CENTROID":1631,"Y_CENTROID":67924,"Z_MOYEN":127,"SUPERFICIE":2201,"POPULATION":1.9,"CODE_CANT":"26","CODE_ARR":"4","CODE_DEPT":"29","NOM_DEPT":"FINISTERE","CODE_REG":"53","NOM_REGION":"BRETAGNE"},"geometry":{"type":"MultiPolygon","coordinates":[[[[167190.0,6789343.0],[166523.0,6789581.0],[165176.0,6791373.0],[163654.0,6790342.0],[163100.0,6790871.0],[162070.0,6790483.0],[161713.0,6791131.0],[160391.0,6791139.0],[160042.0,6792489.0],[159336.0,6792549.0],[161079.0,6795018.0],[162762.0,6794197.0],[163367.0,6794656.0],[164102.0,6794630.0],[164379.0,6793919.0],[165338.0,6793306.0],[166771.0,6791590.0],[167190.0,6789343.0]]]]}},{"type":"Feature","properties":{"ID_GEOFLA":26957,"CODE_COMM":"256","INSEE_COM":"29256","NOM_COMM":"SAINT-NIC","STATUT":"Commune simple","X_CHF_LIEU":1597,"Y_CHF_LIEU":68140,"X_CENTROID":1599,"Y_CENTROID":68149,"Z_MOYEN":103,"SUPERFICIE":1799,"POPULATION":0.7,"CODE_CANT":"08","CODE_ARR":"2","CODE_DEPT":"29","NOM_DEPT":"FINISTERE","CODE_REG":"53","NOM_REGION":"BRETAGNE"},"geometry":{"type":"MultiPolygon","coordinates":[[[[158513.0,6812077.0],[158034.0,6813415.0],[157411.0,6813758.0],[157225.0,6814440.0],[156873.0,6814489.0],[158672.0,6816773.0],[159727.0,6817156.0],[161185.0,6816948.0],[162702.0,6816016.0],[162854.0,6814441.0],[159418.0,6812805.0],[158513.0,6812077.0]]]]}},{"type":"Feature","properties":{"ID_GEOFLA":27356,"CODE_COMM":"111","INSEE_COM":"29111","NOM_COMM":"LANHOUARNEAU","STATUT":"Commune simple","X_CHF_LIEU":1689,"Y_CHF_LIEU":68554,"X_CENTROID":1692,"Y_CENTROID":68548,"Z_MOYEN":85,"SUPERFICIE":1801,"POPULATION":1.1,"CODE_CANT":"29","CODE_ARR":"3","CODE_DEPT":"29","NOM_DEPT":"FINISTERE","CODE_REG":"53","NOM_REGION":"BRETAGNE"},"geometry":{"type":"MultiPolygon","coordinates":[[[[171782.0,6853656.0],[171459.0,6853837.0],[171175.0,6853600.0],[170472.0,6852380.0],[168436.0,6853231.0],[166151.0,6854186.0],[166450.0,6855209.0],[166443.0,6856899.0],[167844.0,6856302.0],[169358.0,6856200.0],[170331.0,6856737.0],[170883.0,6856301.0],[171980.0,6856609.0],[172144.0,6855859.0],[171782.0,6853656.0]]]]}},{"type":"Feature","properties":{"ID_GEOFLA":27729,"CODE_COMM":"286","INSEE_COM":"29286","NOM_COMM":"TREFLEVENEZ","STATUT":"Commune simple","X_CHF_LIEU":1701,"Y_CHF_LIEU":68368,"X_CENTROID":1697,"Y_CENTROID":68368,"Z_MOYEN":114,"SUPERFICIE":975,"POPULATION":0.3,"CODE_CANT":"28","CODE_ARR":"1","CODE_DEPT":"29","NOM_DEPT":"FINISTERE","CODE_REG":"53","NOM_REGION":"BRETAGNE"},"geometry":{"type":"MultiPolygon","coordinates":[[[[169318.0,6834784.0],[167716.0,6837315.0],[168414.0,6837572.0],[168771.0,6838619.0],[170299.0,6838734.0],[171266.0,6837530.0],[171292.0,6835630.0],[170739.0,6835151.0],[169318.0,6834784.0]]]]}},{"type":"Feature","properties":{"ID_GEOFLA":27730,"CODE_COMM":"261","INSEE_COM":"29261","NOM_COMM":"SAINT-RIVOAL","STATUT":"Commune simple","X_CHF_LIEU":1823,"Y_CHF_LIEU":68283,"X_CENTROID":1829,"Y_CENTROID":68283,"Z_MOYEN":234,"SUPERFICIE":1907,"POPULATION":0.2,"CODE_CANT":"25","CODE_ARR":"2","CODE_DEPT":"29","NOM_DEPT":"FINISTERE","CODE_REG":"53","NOM_REGION":"BRETAGNE"},"geometry":{"type":"MultiPolygon","coordinates":[[[[181017.0,6825681.0],[181061.0,6827167.0],[180589.0,6828583.0],[178592.0,6829675.0],[182074.0,6830299.0],[184643.0,6829319.0],[185026.0,6829411.0],[185420.0,6830094.0],[185905.0,6829092.0],[186396.0,6828041.0],[185929.0,6827016.0],[182147.0,6826545.0],[181017.0,6825681.0]]]]}},{"type":"Feature","properties":{"ID_GEOFLA":27732,"CODE_COMM":"099","INSEE_COM":"29099","NOM_COMM":"LAMPAUL-PLOUDALMEZEAU","STATUT":"Commune simple","X_CHF_LIEU":1359,"Y_CHF_LIEU":68562,"X_CENTROID":1364,"Y_CENTROID":68554,"Z_MOYEN":38,"SUPERFICIE":623,"POPULATION":0.7,"CODE_CANT":"27","CODE_ARR":"1","CODE_DEPT":"29","NOM_DEPT":"FINISTERE","CODE_REG":"53","NOM_REGION":"BRETAGNE"},"geometry":{"type":"MultiPolygon","coordinates":[[[[137752.0,6854522.0],[137834.0,6853496.0],[137532.0,6853332.0],[136603.0,6853762.0],[135603.0,6854747.0],[135321.0,6856579.0],[135508.0,6857271.0],[135729.0,6857523.0],[136719.0,6857510.0],[136671.0,6856770.0],[137752.0,6854522.0]]]]}},{"type":"Feature","properties":{"ID_GEOFLA":27980,"CODE_COMM":"300","INSEE_COM":"29300","NOM_COMM":"LE TREVOUX","STATUT":"Commune simple","X_CHF_LIEU":2042,"Y_CHF_LIEU":67757,"X_CENTROID":2031,"Y_CENTROID":67752,"Z_MOYEN":81,"SUPERFICIE":2084,"POPULATION":1.4,"CODE_CANT":"02","CODE_ARR":"4","CODE_DEPT":"29","NOM_DEPT":"FINISTERE","CODE_REG":"53","NOM_REGION":"BRETAGNE"},"geometry":{"type":"MultiPolygon","coordinates":[[[[206403.0,6773310.0],[204630.0,6773953.0],[202682.0,6772777.0],[201518.0,6772852.0],[200609.0,6773581.0],[200169.0,6776608.0],[200170.0,6776985.0],[200931.0,6776900.0],[201993.0,6777303.0],[204281.0,6777205.0],[206069.0,6776510.0],[206359.0,6775802.0],[205993.0,6774373.0],[206403.0,6773310.0]]]]}},{"type":"Feature","properties":{"ID_GEOFLA":28102,"CODE_COMM":"075","INSEE_COM":"29075","NOM_COMM":"GUIPAVAS","STATUT":"Chef-lieu canton","X_CHF_LIEU":1533,"Y_CHF_LIEU":68404,"X_CENTROID":1536,"Y_CENTROID":68400,"Z_MOYEN":76,"SUPERFICIE":4386,"POPULATION":13.8,"CODE_CANT":"51","CODE_ARR":"1","CODE_DEPT":"29","NOM_DEPT":"FINISTERE","CODE_REG":"53","NOM_REGION":"BRETAGNE"},"geometry":{"type":"MultiPolygon","coordinates":[[[[150561.0,6836555.0],[149724.0,6837292.0],[148984.0,6838568.0],[149231.0,6839194.0],[148940.0,6839851.0],[150173.0,6840666.0],[150621.0,6842081.0],[151296.0,6842353.0],[151409.0,6843439.0],[153988.0,6843758.0],[154613.0,6843330.0],[155388.0,6842645.0],[156440.0,6842807.0],[157295.0,6842035.0],[157678.0,6840203.0],[157923.0,6838690.0],[158534.0,6838225.0],[157026.0,6837315.0],[155571.0,6837271.0],[155217.0,6836618.0],[154847.0,6836580.0],[154009.0,6838250.0],[153258.0,6838363.0],[151852.0,6837824.0],[151209.0,6836932.0],[151346.0,6836577.0],[150561.0,6836555.0]]]]}},{"type":"Feature","properties":{"ID_GEOFLA":28103,"CODE_COMM":"290","INSEE_COM":"29290","NOM_COMM":"TREGLONOU","STATUT":"Commune simple","X_CHF_LIEU":1443,"Y_CHF_LIEU":68543,"X_CENTROID":1437,"Y_CENTROID":68540,"Z_MOYEN":39,"SUPERFICIE":585,"POPULATION":0.6,"CODE_CANT":"20","CODE_ARR":"1","CODE_DEPT":"29","NOM_DEPT":"FINISTERE","CODE_REG":"53","NOM_REGION":"BRETAGNE"},"geometry":{"type":"MultiPolygon","coordinates":[[[[143989.0,6851876.0],[142908.0,6854646.0],[141493.0,6855166.0],[141167.0,6855744.0],[141694.0,6855681.0],[143211.0,6855400.0],[144281.0,6854974.0],[145022.0,6854102.0],[145247.0,6853081.0],[143989.0,6851876.0]]]]}},{"type":"Feature","properties":{"ID_GEOFLA":28104,"CODE_COMM":"014","INSEE_COM":"29014","NOM_COMM":"BOTSORHEL","STATUT":"Commune simple","X_CHF_LIEU":2101,"Y_CHF_LIEU":68457,"X_CENTROID":2109,"Y_CENTROID":68433,"Z_MOYEN":202,"SUPERFICIE":2559,"POPULATION":0.5,"CODE_CANT":"30","CODE_ARR":"3","CODE_DEPT":"29","NOM_DEPT":"FINISTERE","CODE_REG":"53","NOM_REGION":"BRETAGNE"},"geometry":{"type":"MultiPolygon","coordinates":[[[[211762.0,6838431.0],[211043.0,6838633.0],[210682.0,6839697.0],[209931.0,6839719.0],[209746.0,6840045.0],[209487.0,6841145.0],[209972.0,6842140.0],[208825.0,6844161.0],[209151.0,6845573.0],[208939.0,6845902.0],[210129.0,6848031.0],[211062.0,6848766.0],[211420.0,6847365.0],[211983.0,6846343.0],[211901.0,6844766.0],[213145.0,6842389.0],[212625.0,6841926.0],[212710.0,6840844.0],[212424.0,6840180.0],[212887.0,6839656.0],[212746.0,6839322.0],[211840.0,6839012.0],[211762.0,6838431.0]]]]}},{"type":"Feature","properties":{"ID_GEOFLA":29401,"CODE_COMM":"062","INSEE_COM":"29062","NOM_COMM":"GOUEZEC","STATUT":"Commune simple","X_CHF_LIEU":1823,"Y_CHF_LIEU":68083,"X_CENTROID":1823,"Y_CENTROID":68083,"Z_MOYEN":108,"SUPERFICIE":3097,"POPULATION":1.1,"CODE_CANT":"25","CODE_ARR":"2","CODE_DEPT":"29","NOM_DEPT":"FINISTERE","CODE_REG":"53","NOM_REGION":"BRETAGNE"},"geometry":{"type":"MultiPolygon","coordinates":[[[[184952.0,6806159.0],[183786.0,6806293.0],[179971.0,6805497.0],[179258.0,6805755.0],[178887.0,6807457.0],[179306.0,6808495.0],[180319.0,6809612.0],[180394.0,6809983.0],[179826.0,6810914.0],[179910.0,6811661.0],[180642.0,6811673.0],[181297.0,6810790.0],[182875.0,6811787.0],[183254.0,6811744.0],[183521.0,6810272.0],[185356.0,6810338.0],[185658.0,6808649.0],[186123.0,6808234.0],[185910.0,6807164.0],[184952.0,6806159.0]]]]}},{"type":"Feature","properties":{"ID_GEOFLA":29406,"CODE_COMM":"163","INSEE_COM":"29163","NOM_COMM":"PLEYBER-CHRIST","STATUT":"Commune simple","X_CHF_LIEU":1927,"Y_CHF_LIEU":68448,"X_CENTROID":1930,"Y_CENTROID":68454,"Z_MOYEN":127,"SUPERFICIE":4576,"POPULATION":3.1,"CODE_CANT":"40","CODE_ARR":"3","CODE_DEPT":"29","NOM_DEPT":"FINISTERE","CODE_REG":"53","NOM_REGION":"BRETAGNE"},"geometry":{"type":"MultiPolygon","coordinates":[[[[196115.0,6840925.0],[195727.0,6840845.0],[193426.0,6842261.0],[191482.0,6841931.0],[189099.0,6840532.0],[188723.0,6840646.0],[188644.0,6841034.0],[189016.0,6841156.0],[189232.0,6842306.0],[190716.0,6842576.0],[191008.0,6842836.0],[190923.0,6843606.0],[189551.0,6845483.0],[190192.0,6847721.0],[190975.0,6849061.0],[193297.0,6849765.0],[193891.0,6849367.0],[194597.0,6849502.0],[195130.0,6849031.0],[196088.0,6850056.0],[196724.0,6848710.0],[195712.0,6846621.0],[195606.0,6845461.0],[196218.0,6842444.0],[196115.0,6840925.0]]]]}},{"type":"Feature","properties":{"ID_GEOFLA":29423,"CODE_COMM":"198","INSEE_COM":"29198","NOM_COMM":"PLOUIDER","STATUT":"Commune simple","X_CHF_LIEU":1627,"Y_CHF_LIEU":68590,"X_CENTROID":1629,"Y_CENTROID":68583,"Z_MOYEN":41,"SUPERFICIE":2348,"POPULATION":1.9,"CODE_CANT":"21","CODE_ARR":"1","CODE_DEPT":"29","NOM_DEPT":"FINISTERE","CODE_REG":"53","NOM_REGION":"BRETAGNE"},"geometry":{"type":"MultiPolygon","coordinates":[[[[163361.0,6855152.0],[162932.0,6856612.0],[161664.0,6857541.0],[161142.0,6858598.0],[160763.0,6858703.0],[160157.0,6859025.0],[159399.0,6860128.0],[159079.0,6860284.0],[158698.0,6861066.0],[159185.0,6861504.0],[159878.0,6861288.0],[161703.0,6862463.0],[162011.0,6862147.0],[161429.0,6860712.0],[162016.0,6859784.0],[163108.0,6859423.0],[164719.0,6860455.0],[164615.0,6859041.0],[164951.0,6858381.0],[165499.0,6857917.0],[166197.0,6857829.0],[166443.0,6856899.0],[166450.0,6855209.0],[163361.0,6855152.0]]]]}},{"type":"Feature","properties":{"ID_GEOFLA":29941,"CODE_COMM":"098","INSEE_COM":"29098","NOM_COMM":"LAMPAUL-PLOUARZEL","STATUT":"Commune simple","X_CHF_LIEU":1265,"Y_CHF_LIEU":68447,"X_CENTROID":1267,"Y_CENTROID":68449,"Z_MOYEN":26,"SUPERFICIE":405,"POPULATION":2.1,"CODE_CANT":"39","CODE_ARR":"1","CODE_DEPT":"29","NOM_DEPT":"FINISTERE","CODE_REG":"53","NOM_REGION":"BRETAGNE"},"geometry":{"type":"MultiPolygon","coordinates":[[[[127245.0,6845888.0],[127189.0,6844791.0],[127935.0,6844080.0],[126606.0,6843466.0],[125858.0,6844250.0],[125543.0,6844440.0],[125649.0,6844793.0],[126899.0,6846583.0],[127224.0,6846886.0],[127522.0,6846782.0],[127245.0,6845888.0]]]]}},{"type":"Feature","properties":{"ID_GEOFLA":30667,"CODE_COMM":"041","INSEE_COM":"29041","NOM_COMM":"CORAY","STATUT":"Commune simple","X_CHF_LIEU":1918,"Y_CHF_LIEU":67954,"X_CENTROID":1900,"Y_CENTROID":67960,"Z_MOYEN":159,"SUPERFICIE":3156,"POPULATION":1.8,"CODE_CANT":"09","CODE_ARR":"2","CODE_DEPT":"29","NOM_DEPT":"FINISTERE","CODE_REG":"53","NOM_REGION":"BRETAGNE"},"geometry":{"type":"MultiPolygon","coordinates":[[[[190143.0,6793017.0],[189007.0,6793063.0],[188630.0,6793727.0],[187599.0,6794089.0],[186088.0,6794075.0],[185470.0,6794512.0],[185435.0,6795278.0],[189018.0,6797827.0],[190442.0,6799554.0],[191831.0,6800058.0],[193488.0,6796641.0],[193394.0,6795879.0],[192740.0,6794526.0],[190143.0,6793017.0]]]]}},{"type":"Feature","properties":{"ID_GEOFLA":30713,"CODE_COMM":"301","INSEE_COM":"29301","NOM_COMM":"TREZILIDE","STATUT":"Commune simple","X_CHF_LIEU":1781,"Y_CHF_LIEU":68577,"X_CENTROID":1784,"Y_CENTROID":68578,"Z_MOYEN":65,"SUPERFICIE":459,"POPULATION":0.3,"CODE_CANT":"31","CODE_ARR":"3","CODE_DEPT":"29","NOM_DEPT":"FINISTERE","CODE_REG":"53","NOM_REGION":"BRETAGNE"},"geometry":{"type":"MultiPolygon","coordinates":[[[[180075.0,6856977.0],[179381.0,6856652.0],[177256.0,6857448.0],[176911.0,6858057.0],[177323.0,6858698.0],[177119.0,6859021.0],[178020.0,6858734.0],[179023.0,6858921.0],[179108.0,6858842.0],[179090.0,6858146.0],[179758.0,6857969.0],[180075.0,6856977.0]]]]}},{"type":"Feature","properties":{"ID_GEOFLA":31095,"CODE_COMM":"126","INSEE_COM":"29126","NOM_COMM":"LOC-BREVALAIRE","STATUT":"Commune simple","X_CHF_LIEU":1543,"Y_CHF_LIEU":68538,"X_CENTROID":1541,"Y_CENTROID":68538,"Z_MOYEN":59,"SUPERFICIE":168,"POPULATION":0.2,"CODE_CANT":"24","CODE_ARR":"1","CODE_DEPT":"29","NOM_DEPT":"FINISTERE","CODE_REG":"53","NOM_REGION":"BRETAGNE"},"geometry":{"type":"MultiPolygon","coordinates":[[[[154474.0,6853042.0],[154080.0,6853043.0],[153417.0,6853922.0],[153582.0,6854655.0],[154201.0,6854457.0],[155118.0,6853883.0],[154474.0,6853042.0]]]]}},{"type":"Feature","properties":{"ID_GEOFLA":31746,"CODE_COMM":"065","INSEE_COM":"29065","NOM_COMM":"GOURLIZON","STATUT":"Commune simple","X_CHF_LIEU":1590,"Y_CHF_LIEU":67937,"X_CENTROID":1588,"Y_CENTROID":67944,"Z_MOYEN":119,"SUPERFICIE":988,"POPULATION":0.9,"CODE_CANT":"26","CODE_ARR":"4","CODE_DEPT":"29","NOM_DEPT":"FINISTERE","CODE_REG":"53","NOM_REGION":"BRETAGNE"},"geometry":{"type":"MultiPolygon","coordinates":[[[[159336.0,6792549.0],[157309.0,6792740.0],[156927.0,6793148.0],[157473.0,6793711.0],[157333.0,6794856.0],[158035.0,6796667.0],[158549.0,6796086.0],[159311.0,6796027.0],[161020.0,6795129.0],[161079.0,6795018.0],[159336.0,6792549.0]]]]}},{"type":"Feature","properties":{"ID_GEOFLA":32208,"CODE_COMM":"091","INSEE_COM":"29091","NOM_COMM":"KERLOUAN","STATUT":"Commune simple","X_CHF_LIEU":1581,"Y_CHF_LIEU":68636,"X_CENTROID":1572,"Y_CENTROID":68639,"Z_MOYEN":12,"SUPERFICIE":1797,"POPULATION":2.3,"CODE_CANT":"21","CODE_ARR":"1","CODE_DEPT":"29","NOM_DEPT":"FINISTERE","CODE_REG":"53","NOM_REGION":"BRETAGNE"},"geometry":{"type":"MultiPolygon","coordinates":[[[[158698.0,6861066.0],[156900.0,6861827.0],[155731.0,6862869.0],[153527.0,6864331.0],[153271.0,6865005.0],[155953.0,6865061.0],[159683.0,6866975.0],[159502.0,6865582.0],[159037.0,6863756.0],[159185.0,6861504.0],[158698.0,6861066.0]]]]}},{"type":"Feature","properties":{"ID_GEOFLA":32802,"CODE_COMM":"263","INSEE_COM":"29263","NOM_COMM":"SAINT-SEGAL","STATUT":"Commune simple","X_CHF_LIEU":1761,"Y_CHF_LIEU":68168,"X_CENTROID":1752,"Y_CENTROID":68163,"Z_MOYEN":78,"SUPERFICIE":1625,"POPULATION":1.0,"CODE_CANT":"08","CODE_ARR":"2","CODE_DEPT":"29","NOM_DEPT":"FINISTERE","CODE_REG":"53","NOM_REGION":"BRETAGNE"},"geometry":{"type":"MultiPolygon","coordinates":[[[[172628.0,6813343.0],[172159.0,6813943.0],[172080.0,6814692.0],[172938.0,6817092.0],[173472.0,6816669.0],[174599.0,6816882.0],[175560.0,6818545.0],[176411.0,6819335.0],[177715.0,6818245.0],[177879.0,6817528.0],[178828.0,6816469.0],[178350.0,6815935.0],[177668.0,6816211.0],[176011.0,6815607.0],[175650.0,6814990.0],[175684.0,6814258.0],[174972.0,6815111.0],[173930.0,6814678.0],[173399.0,6814120.0],[173496.0,6813746.0],[172628.0,6813343.0]]]]}},{"type":"Feature","properties":{"ID_GEOFLA":32871,"CODE_COMM":"160","INSEE_COM":"29160","NOM_COMM":"PLABENNEC","STATUT":"Chef-lieu canton","X_CHF_LIEU":1522,"Y_CHF_LIEU":68481,"X_CENTROID":1526,"Y_CENTROID":68472,"Z_MOYEN":76,"SUPERFICIE":5053,"POPULATION":7.8,"CODE_CANT":"24","CODE_ARR":"1","CODE_DEPT":"29","NOM_DEPT":"FINISTERE","CODE_REG":"53","NOM_REGION":"BRETAGNE"},"geometry":{"type":"MultiPolygon","coordinates":[[[[151409.0,6843439.0],[150341.0,6843146.0],[149259.0,6843425.0],[148613.0,6844657.0],[148349.0,6844924.0],[148016.0,6844752.0],[147442.0,6845710.0],[148808.0,6846049.0],[150006.0,6847435.0],[149914.0,6847798.0],[150694.0,6850307.0],[152619.0,6851483.0],[152803.0,6852228.0],[154080.0,6853043.0],[154474.0,6853042.0],[154167.0,6852815.0],[154155.0,6852057.0],[154767.0,6850321.0],[155458.0,6850005.0],[155720.0,6849289.0],[156817.0,6849083.0],[157114.0,6847975.0],[156820.0,6847265.0],[156094.0,6847173.0],[156024.0,6846035.0],[155101.0,6844910.0],[155151.0,6843762.0],[154613.0,6843330.0],[153988.0,6843758.0],[151409.0,6843439.0]]]]}},{"type":"Feature","properties":{"ID_GEOFLA":32906,"CODE_COMM":"267","INSEE_COM":"29267","NOM_COMM":"SAINT-THOIS","STATUT":"Commune simple","X_CHF_LIEU":1888,"Y_CHF_LIEU":68072,"X_CENTROID":1870,"Y_CENTROID":68061,"Z_MOYEN":133,"SUPERFICIE":1786,"POPULATION":0.7,"CODE_CANT":"09","CODE_ARR":"2","CODE_DEPT":"29","NOM_DEPT":"FINISTERE","CODE_REG":"53","NOM_REGION":"BRETAGNE"},"geometry":{"type":"MultiPolygon","coordinates":[[[[186617.0,6803138.0],[185229.0,6803573.0],[185153.0,6804679.0],[184614.0,6805189.0],[185041.0,6805797.0],[184952.0,6806159.0],[185910.0,6807164.0],[186123.0,6808234.0],[187269.0,6809052.0],[187947.0,6808893.0],[190108.0,6807287.0],[188717.0,6806179.0],[187685.0,6803456.0],[186617.0,6803138.0]]]]}},{"type":"Feature","properties":{"ID_GEOFLA":32940,"CODE_COMM":"103","INSEE_COM":"29103","NOM_COMM":"LANDERNEAU","STATUT":"Chef-lieu canton","X_CHF_LIEU":1647,"Y_CHF_LIEU":68413,"X_CENTROID":1636,"Y_CENTROID":68414,"Z_MOYEN":64,"SUPERFICIE":1358,"POPULATION":15.0,"CODE_CANT":"17","CODE_ARR":"1","CODE_DEPT":"29","NOM_DEPT":"FINISTERE","CODE_REG":"53","NOM_REGION":"BRETAGNE"},"geometry":{"type":"MultiPolygon","coordinates":[[[[165327.0,6838460.0],[163711.0,6839278.0],[163082.0,6840609.0],[162802.0,6840716.0],[162426.0,6840282.0],[161774.0,6841039.0],[160806.0,6841169.0],[160813.0,6841454.0],[161426.0,6841890.0],[161711.0,6842607.0],[161738.0,6844134.0],[162367.0,6843766.0],[162752.0,6843140.0],[164210.0,6843352.0],[165523.0,6842058.0],[165933.0,6841049.0],[165168.0,6839890.0],[165327.0,6838460.0]]]]}},{"type":"Feature","properties":{"ID_GEOFLA":33027,"CODE_COMM":"061","INSEE_COM":"29061","NOM_COMM":"GOUESNOU","STATUT":"Commune simple","X_CHF_LIEU":1488,"Y_CHF_LIEU":68431,"X_CENTROID":1488,"Y_CENTROID":68423,"Z_MOYEN":83,"SUPERFICIE":1220,"POPULATION":6.3,"CODE_CANT":"46","CODE_ARR":"1","CODE_DEPT":"29","NOM_DEPT":"FINISTERE","CODE_REG":"53","NOM_REGION":"BRETAGNE"},"geometry":{"type":"MultiPolygon","coordinates":[[[[148940.0,6839851.0],[148087.0,6840414.0],[147254.0,6841572.0],[146816.0,6843328.0],[148016.0,6844752.0],[148349.0,6844924.0],[148613.0,6844657.0],[149259.0,6843425.0],[150341.0,6843146.0],[151409.0,6843439.0],[151296.0,6842353.0],[150621.0,6842081.0],[150173.0,6840666.0],[148940.0,6839851.0]]]]}},{"type":"Feature","properties":{"ID_GEOFLA":33028,"CODE_COMM":"221","INSEE_COM":"29221","NOM_COMM":"PORSPODER","STATUT":"Commune simple","X_CHF_LIEU":1273,"Y_CHF_LIEU":68513,"X_CENTROID":1281,"Y_CENTROID":68501,"Z_MOYEN":34,"SUPERFICIE":1154,"POPULATION":1.6,"CODE_CANT":"27","CODE_ARR":"1","CODE_DEPT":"29","NOM_DEPT":"FINISTERE","CODE_REG":"53","NOM_REGION":"BRETAGNE"},"geometry":{"type":"MultiPolygon","coordinates":[[[[129842.0,6849136.0],[129217.0,6848263.0],[128506.0,6848132.0],[127521.0,6848552.0],[126939.0,6848194.0],[126552.0,6848828.0],[126357.0,6850306.0],[126940.0,6851987.0],[127353.0,6852217.0],[127596.0,6852500.0],[128599.0,6852085.0],[130029.0,6850514.0],[129842.0,6849136.0]]]]}},{"type":"Feature","properties":{"ID_GEOFLA":33304,"CODE_COMM":"097","INSEE_COM":"29097","NOM_COMM":"LAMPAUL-GUIMILIAU","STATUT":"Commune simple","X_CHF_LIEU":1803,"Y_CHF_LIEU":68444,"X_CENTROID":1803,"Y_CENTROID":68435,"Z_MOYEN":105,"SUPERFICIE":1761,"POPULATION":2.0,"CODE_CANT":"18","CODE_ARR":"3","CODE_DEPT":"29","NOM_DEPT":"FINISTERE","CODE_REG":"53","NOM_REGION":"BRETAGNE"},"geometry":{"type":"MultiPolygon","coordinates":[[[[181928.0,6841179.0],[181703.0,6840176.0],[181013.0,6840299.0],[178697.0,6842843.0],[177937.0,6843022.0],[177621.0,6845038.0],[181465.0,6846010.0],[182321.0,6845362.0],[182826.0,6843975.0],[182277.0,6843004.0],[181606.0,6842657.0],[181928.0,6841179.0]]]]}},{"type":"Feature","properties":{"ID_GEOFLA":33663,"CODE_COMM":"058","INSEE_COM":"29058","NOM_COMM":"FOUESNANT","STATUT":"Chef-lieu canton","X_CHF_LIEU":1766,"Y_CHF_LIEU":67780,"X_CENTROID":1760,"Y_CENTROID":67763,"Z_MOYEN":22,"SUPERFICIE":3241,"POPULATION":9.6,"CODE_CANT":"15","CODE_ARR":"4","CODE_DEPT":"29","NOM_DEPT":"FINISTERE","CODE_REG":"53","NOM_REGION":"BRETAGNE"},"geometry":{"type":"MultiPolygon","coordinates":[[[[178268.0,6778312.0],[178611.0,6777456.0],[179506.0,6777482.0],[178222.0,6776704.0],[178611.0,6774304.0],[179091.0,6773500.0],[174094.0,6773094.0],[170864.0,6775027.0],[173627.0,6773794.0],[171902.0,6775416.0],[172358.0,6775951.0],[172918.0,6776484.0],[174424.0,6776635.0],[175149.0,6777518.0],[175900.0,6778306.0],[175714.0,6778991.0],[176191.0,6779998.0],[175990.0,6780311.0],[176339.0,6781341.0],[176984.0,6781705.0],[177559.0,6781260.0],[178195.0,6781646.0],[177849.0,6780644.0],[178268.0,6778312.0]]]]}},{"type":"Feature","properties":{"ID_GEOFLA":34079,"CODE_COMM":"011","INSEE_COM":"29011","NOM_COMM":"BOHARS","STATUT":"Commune simple","X_CHF_LIEU":1450,"Y_CHF_LIEU":68407,"X_CENTROID":1444,"Y_CENTROID":68410,"Z_MOYEN":69,"SUPERFICIE":735,"POPULATION":3.3,"CODE_CANT":"44","CODE_ARR":"1","CODE_DEPT":"29","NOM_DEPT":"FINISTERE","CODE_REG":"53","NOM_REGION":"BRETAGNE"},"geometry":{"type":"MultiPolygon","coordinates":[[[[143952.0,6838642.0],[143165.0,6841590.0],[143039.0,6841917.0],[143846.0,6842532.0],[144164.0,6842384.0],[144430.0,6843005.0],[144780.0,6842982.0],[145713.0,6842343.0],[145879.0,6841262.0],[144314.0,6838752.0],[143952.0,6838642.0]]]]}},{"type":"Feature","properties":{"ID_GEOFLA":34081,"CODE_COMM":"131","INSEE_COM":"29131","NOM_COMM":"LOCMELAR","STATUT":"Commune simple","X_CHF_LIEU":1782,"Y_CHF_LIEU":68404,"X_CENTROID":1787,"Y_CENTROID":68399,"Z_MOYEN":124,"SUPERFICIE":1598,"POPULATION":0.4,"CODE_CANT":"42","CODE_ARR":"3","CODE_DEPT":"29","NOM_DEPT":"FINISTERE","CODE_REG":"53","NOM_REGION":"BRETAGNE"},"geometry":{"type":"MultiPolygon","coordinates":[[[[180986.0,6838655.0],[180547.0,6838049.0],[178632.0,6837802.0],[176522.0,6838696.0],[176006.0,6839267.0],[176756.0,6840274.0],[177514.0,6840995.0],[177937.0,6843022.0],[178697.0,6842843.0],[181013.0,6840299.0],[180986.0,6838655.0]]]]}},{"type":"Feature","properties":{"ID_GEOFLA":34082,"CODE_COMM":"239","INSEE_COM":"29239","NOM_COMM":"ROSCOFF","STATUT":"Commune simple","X_CHF_LIEU":1868,"Y_CHF_LIEU":68700,"X_CENTROID":1864,"Y_CENTROID":68685,"Z_MOYEN":22,"SUPERFICIE":655,"POPULATION":3.6,"CODE_CANT":"38","CODE_ARR":"3","CODE_DEPT":"29","NOM_DEPT":"FINISTERE","CODE_REG":"53","NOM_REGION":"BRETAGNE"},"geometry":{"type":"MultiPolygon","coordinates":[[[[187486.0,6867507.0],[186448.0,6867420.0],[185630.0,6866745.0],[184933.0,6866903.0],[184943.0,6869091.0],[185263.0,6870166.0],[185541.0,6870194.0],[185606.0,6868585.0],[186761.0,6870310.0],[188317.0,6869415.0],[187486.0,6867507.0]]]]}},{"type":"Feature","properties":{"ID_GEOFLA":34449,"CODE_COMM":"188","INSEE_COM":"29188","NOM_COMM":"PLOUGASNOU","STATUT":"Commune simple","X_CHF_LIEU":2009,"Y_CHF_LIEU":68653,"X_CENTROID":1990,"Y_CENTROID":68635,"Z_MOYEN":60,"SUPERFICIE":3439,"POPULATION":3.2,"CODE_CANT":"19","CODE_ARR":"3","CODE_DEPT":"29","NOM_DEPT":"FINISTERE","CODE_REG":"53","NOM_REGION":"BRETAGNE"},"geometry":{"type":"MultiPolygon","coordinates":[[[[200758.0,6859067.0],[199993.0,6859116.0],[197684.0,6860417.0],[196402.0,6861847.0],[196193.0,6864947.0],[197872.0,6867573.0],[198897.0,6866159.0],[198624.0,6868312.0],[199675.0,6867275.0],[200324.0,6867391.0],[200765.0,6866224.0],[201681.0,6866031.0],[201966.0,6865315.0],[201476.0,6863920.0],[201713.0,6862428.0],[200642.0,6860851.0],[200985.0,6859758.0],[200758.0,6859067.0]]]]}},{"type":"Feature","properties":{"ID_GEOFLA":34450,"CODE_COMM":"026","INSEE_COM":"29026","NOM_COMM":"CHATEAULIN","STATUT":"Sous-pr\u00e9fecture","X_CHF_LIEU":1735,"Y_CHF_LIEU":68120,"X_CENTROID":1751,"Y_CENTROID":68127,"Z_MOYEN":68,"SUPERFICIE":2012,"POPULATION":5.2,"CODE_CANT":"08","CODE_ARR":"2","CODE_DEPT":"29","NOM_DEPT":"FINISTERE","CODE_REG":"53","NOM_REGION":"BRETAGNE"},"geometry":{"type":"MultiPolygon","coordinates":[[[[173199.0,6809786.0],[173173.0,6809432.0],[172529.0,6809134.0],[171452.0,6809965.0],[172208.0,6811061.0],[172266.0,6811737.0],[171999.0,6812311.0],[172686.0,6813010.0],[172628.0,6813343.0],[173496.0,6813746.0],[174822.0,6814273.0],[175558.0,6813605.0],[175684.0,6814258.0],[175650.0,6814990.0],[176011.0,6815607.0],[177668.0,6816211.0],[178004.0,6815167.0],[177593.0,6814562.0],[178353.0,6813817.0],[177881.0,6813232.0],[177813.0,6810896.0],[177034.0,6810110.0],[176540.0,6810660.0],[176932.0,6812133.0],[176884.0,6812513.0],[176263.0,6812908.0],[174632.0,6811353.0],[173522.0,6811187.0],[173133.0,6810532.0],[173199.0,6809786.0]]]]}},{"type":"Feature","properties":{"ID_GEOFLA":34958,"CODE_COMM":"046","INSEE_COM":"29046","NOM_COMM":"DOUARNENEZ","STATUT":"Chef-lieu canton","X_CHF_LIEU":1550,"Y_CHF_LIEU":68021,"X_CENTROID":1551,"Y_CENTROID":68008,"Z_MOYEN":46,"SUPERFICIE":2554,"POPULATION":15.1,"CODE_CANT":"13","CODE_ARR":"4","CODE_DEPT":"29","NOM_DEPT":"FINISTERE","CODE_REG":"53","NOM_REGION":"BRETAGNE"},"geometry":{"type":"MultiPolygon","coordinates":[[[[156929.0,6797125.0],[155555.0,6798446.0],[155169.0,6799916.0],[153043.0,6799130.0],[153111.0,6799506.0],[152017.0,6799761.0],[151684.0,6800445.0],[151882.0,6801154.0],[152575.0,6801466.0],[151615.0,6804263.0],[152820.0,6804428.0],[154290.0,6803029.0],[154973.0,6800874.0],[154896.0,6802793.0],[155362.0,6802819.0],[156770.0,6801729.0],[157517.0,6801952.0],[159164.0,6800958.0],[159392.0,6800238.0],[158343.0,6799956.0],[157869.0,6799402.0],[156929.0,6797125.0]]]]}},{"type":"Feature","properties":{"ID_GEOFLA":35129,"CODE_COMM":"252","INSEE_COM":"29252","NOM_COMM":"SAINT-JEAN-TROLIMON","STATUT":"Commune simple","X_CHF_LIEU":1564,"Y_CHF_LIEU":67768,"X_CENTROID":1542,"Y_CENTROID":67766,"Z_MOYEN":25,"SUPERFICIE":1444,"POPULATION":1.0,"CODE_CANT":"34","CODE_ARR":"4","CODE_DEPT":"29","NOM_DEPT":"FINISTERE","CODE_REG":"53","NOM_REGION":"BRETAGNE"},"geometry":{"type":"MultiPolygon","coordinates":[[[[152941.0,6777616.0],[152799.0,6778724.0],[154466.0,6780262.0],[154851.0,6780284.0],[155311.0,6779684.0],[155028.0,6778586.0],[152941.0,6777616.0]]],[[[151244.0,6775396.0],[151017.0,6776977.0],[151679.0,6777261.0],[151991.0,6777027.0],[154271.0,6777507.0],[155028.0,6777332.0],[156666.0,6778278.0],[157497.0,6776965.0],[156812.0,6776655.0],[155933.0,6775480.0],[155173.0,6775479.0],[154231.0,6776067.0],[151244.0,6775396.0]]]]}},{"type":"Feature","properties":{"ID_GEOFLA":35319,"CODE_COMM":"235","INSEE_COM":"29235","NOM_COMM":"LE RELECQ-KERHUON","STATUT":"Commune simple","X_CHF_LIEU":1533,"Y_CHF_LIEU":68376,"X_CENTROID":1529,"Y_CENTROID":68370,"Z_MOYEN":38,"SUPERFICIE":649,"POPULATION":10.8,"CODE_CANT":"51","CODE_ARR":"1","CODE_DEPT":"29","NOM_DEPT":"FINISTERE","CODE_REG":"53","NOM_REGION":"BRETAGNE"},"geometry":{"type":"MultiPolygon","coordinates":[[[[154847.0,6836580.0],[154480.0,6836334.0],[153832.0,6836386.0],[152509.0,6835712.0],[151346.0,6836577.0],[151209.0,6836932.0],[151852.0,6837824.0],[153258.0,6838363.0],[154009.0,6838250.0],[154847.0,6836580.0]]]]}},{"type":"Feature","properties":{"ID_GEOFLA":35504,"CODE_COMM":"048","INSEE_COM":"29048","NOM_COMM":"EDERN","STATUT":"Commune simple","X_CHF_LIEU":1813,"Y_CHF_LIEU":68010,"X_CENTROID":1827,"Y_CENTROID":68028,"Z_MOYEN":167,"SUPERFICIE":4016,"POPULATION":2.1,"CODE_CANT":"06","CODE_ARR":"4","CODE_DEPT":"29","NOM_DEPT":"FINISTERE","CODE_REG":"53","NOM_REGION":"BRETAGNE"},"geometry":{"type":"MultiPolygon","coordinates":[[[[184279.0,6800134.0],[183021.0,6801604.0],[181773.0,6800669.0],[181043.0,6798493.0],[180418.0,6798051.0],[180095.0,6798273.0],[180558.0,6800938.0],[180393.0,6801685.0],[179692.0,6801994.0],[178584.0,6801722.0],[178230.0,6802356.0],[178249.0,6803135.0],[179512.0,6804611.0],[179258.0,6805755.0],[179971.0,6805497.0],[183786.0,6806293.0],[184952.0,6806159.0],[185041.0,6805797.0],[184614.0,6805189.0],[185153.0,6804679.0],[185229.0,6803573.0],[186617.0,6803138.0],[186793.0,6802505.0],[187375.0,6802221.0],[187385.0,6800428.0],[186901.0,6799938.0],[184279.0,6800134.0]]]]}},{"type":"Feature","properties":{"ID_GEOFLA":35545,"CODE_COMM":"183","INSEE_COM":"29183","NOM_COMM":"PLOUEGAT-MOYSAN","STATUT":"Commune simple","X_CHF_LIEU":2128,"Y_CHF_LIEU":68505,"X_CENTROID":2123,"Y_CENTROID":68503,"Z_MOYEN":144,"SUPERFICIE":1500,"POPULATION":0.6,"CODE_CANT":"30","CODE_ARR":"3","CODE_DEPT":"29","NOM_DEPT":"FINISTERE","CODE_REG":"53","NOM_REGION":"BRETAGNE"},"geometry":{"type":"MultiPolygon","coordinates":[[[[211420.0,6847365.0],[211062.0,6848766.0],[210825.0,6850560.0],[210507.0,6852260.0],[211153.0,6853125.0],[211654.0,6852529.0],[212806.0,6852528.0],[213804.0,6851929.0],[214181.0,6852025.0],[214717.0,6850588.0],[213573.0,6849049.0],[212843.0,6847834.0],[211420.0,6847365.0]]]]}},{"type":"Feature","properties":{"ID_GEOFLA":35906,"CODE_COMM":"100","INSEE_COM":"29100","NOM_COMM":"LANARVILY","STATUT":"Commune simple","X_CHF_LIEU":1555,"Y_CHF_LIEU":68534,"X_CENTROID":1560,"Y_CENTROID":68544,"Z_MOYEN":59,"SUPERFICIE":581,"POPULATION":0.4,"CODE_CANT":"24","CODE_ARR":"1","CODE_DEPT":"29","NOM_DEPT":"FINISTERE","CODE_REG":"53","NOM_REGION":"BRETAGNE"},"geometry":{"type":"MultiPolygon","coordinates":[[[[156930.0,6853341.0],[155777.0,6852672.0],[155118.0,6853883.0],[154201.0,6854457.0],[155271.0,6855383.0],[155975.0,6855401.0],[156708.0,6856161.0],[157235.0,6855199.0],[156930.0,6853341.0]]]]}},{"type":"Feature","properties":{"ID_GEOFLA":36111,"CODE_COMM":"069","INSEE_COM":"29069","NOM_COMM":"GUILERS","STATUT":"Commune simple","X_CHF_LIEU":1416,"Y_CHF_LIEU":68405,"X_CENTROID":1413,"Y_CENTROID":68399,"Z_MOYEN":66,"SUPERFICIE":1888,"POPULATION":7.4,"CODE_CANT":"44","CODE_ARR":"1","CODE_DEPT":"29","NOM_DEPT":"FINISTERE","CODE_REG":"53","NOM_REGION":"BRETAGNE"},"geometry":{"type":"MultiPolygon","coordinates":[[[[140593.0,6837112.0],[139102.0,6839208.0],[138711.0,6841253.0],[141417.0,6842682.0],[142165.0,6842570.0],[142780.0,6841628.0],[143165.0,6841590.0],[143952.0,6838642.0],[143587.0,6838089.0],[141063.0,6837644.0],[140593.0,6837112.0]]]]}},{"type":"Feature","properties":{"ID_GEOFLA":36179,"CODE_COMM":"299","INSEE_COM":"29299","NOM_COMM":"TREOUERGAT","STATUT":"Commune simple","X_CHF_LIEU":1391,"Y_CHF_LIEU":68488,"X_CENTROID":1391,"Y_CENTROID":68486,"Z_MOYEN":55,"SUPERFICIE":616,"POPULATION":0.3,"CODE_CANT":"27","CODE_ARR":"1","CODE_DEPT":"29","NOM_DEPT":"FINISTERE","CODE_REG":"53","NOM_REGION":"BRETAGNE"},"geometry":{"type":"MultiPolygon","coordinates":[[[[139830.0,6847151.0],[138602.0,6847589.0],[138322.0,6847403.0],[137868.0,6848804.0],[137118.0,6848826.0],[137277.0,6849463.0],[137767.0,6849823.0],[139237.0,6849543.0],[140280.0,6850027.0],[140651.0,6849916.0],[140402.0,6847642.0],[139830.0,6847151.0]]]]}}]}