{"type":"FeatureCollection","features":[{"type":"Feature","geometry":{"type":"MultiPolygon","coordinates":[[[[-3.5262,48.2621],[-3.5258,48.2621],[-3.5258,48.2621],[-3.5258,48.2621],[-3.5259,48.2621],[-3.526,48.262],[-3.526,48.262],[-3.5261,48.262],[-3.5262,48.2621]]]]},"properties":{"NATURE":"Industriel, agricole ou commercial","USAGE1":"Agricole","ETAT":"En service","surface":330.7544838410249,"HAUTEUR":7.1}},{"type":"Feature","geometry":{"type":"MultiPolygon","coordinates":[[[[-4.0484,48.1504],[-4.0484,48.1502],[-4.0486,48.1502],[-4.0486,48.1504],[-4.0484,48.1504]]]]},"properties":{"NATURE":"Industriel, agricole ou commercial","USAGE1":"Agricole","ETAT":"En service","surface":318.06419093202567,"HAUTEUR":5.8}},{"type":"Feature","geometry":{"type":"MultiPolygon","coordinates":[[[[-4.0495,48.1508],[-4.0495,48.1508],[-4.0491,48.1509],[-4.049,48.1507],[-4.0494,48.1506],[-4.0495,48.1508]]]]},"properties":{"NATURE":"Industriel, agricole ou commercial","USAGE1":"Agricole","ETAT":"En service","surface":679.4699617512524,"HAUTEUR":3.2}},{"type":"Feature","geometry":{"type":"MultiPolygon","coordinates":[[[[-4.0523,48.1575],[-4.0521,48.1575],[-4.0521,48.1572],[-4.0523,48.1572],[-4.0524,48.1572],[-4.0524,48.1573],[-4.0523,48.1573],[-4.0523,48.1575]]]]},"properties":{"NATURE":"Industriel, agricole ou commercial","USAGE1":"Indiff\u00e9renci\u00e9","ETAT":"En ruine","surface":516.0497747159679,"HAUTEUR":5.6}},{"type":"Feature","geometry":{"type":"MultiPolygon","coordinates":[[[[-4.0535,48.155],[-4.0532,48.1549],[-4.0532,48.1549],[-4.053,48.1548],[-4.0532,48.1546],[-4.0534,48.1547],[-4.0533,48.1547],[-4.0536,48.1548],[-4.0535,48.155]]]]},"properties":{"NATURE":"Industriel, agricole ou commercial","USAGE1":"Indiff\u00e9renci\u00e9","ETAT":"En service","surface":815.5888722790405,"HAUTEUR":4.1}},{"type":"Feature","geometry":{"type":"MultiPolygon","coordinates":[[[[-4.0492,48.1589],[-4.0492,48.159],[-4.0494,48.159],[-4.0493,48.1591],[-4.0493,48.1591],[-4.0492,48.1591],[-4.0492,48.1591],[-4.0491,48.1591],[-4.0492,48.1589]]]]},"properties":{"NATURE":"Industriel, agricole ou commercial","USAGE1":"Indiff\u00e9renci\u00e9","ETAT":"En service","surface":229.97685366868973,"HAUTEUR":3.3}},{"type":"Feature","geometry":{"type":"MultiPolygon","coordinates":[[[[-4.054,48.1545],[-4.0537,48.1543],[-4.0537,48.1542],[-4.0541,48.1538],[-4.0546,48.154],[-4.0556,48.1543],[-4.0553,48.1547],[-4.0543,48.1544],[-4.0543,48.1545],[-4.0541,48.1544],[-4.054,48.1545]]]]},"properties":{"NATURE":"Industriel, agricole ou commercial","USAGE1":"Agricole","ETAT":"En service","surface":7024.398164339364,"HAUTEUR":12.6}},{"type":"Feature","geometry":{"type":"MultiPolygon","coordinates":[[[[-4.0535,48.154],[-4.0533,48.1541],[-4.0532,48.154],[-4.0533,48.1539],[-4.0535,48.154]]]]},"properties":{"NATURE":"Industriel, agricole ou commercial","USAGE1":"Agricole","ETAT":"En service","surface":346.4536342471838,"HAUTEUR":5.3}},{"type":"Feature","geometry":{"type":"MultiPolygon","coordinates":[[[[-4.053,48.1604],[-4.053,48.1604],[-4.053,48.1603],[-4.0531,48.1602],[-4.0533,48.1604],[-4.053,48.1605],[-4.053,48.1604]]]]},"properties":{"NATURE":"Industriel, agricole ou commercial","USAGE1":"Agricole","ETAT":"En service","surface":374.8819186389446,"HAUTEUR":6.1}},{"type":"Feature","geometry":{"type":"MultiPolygon","coordinates":[[[[-4.053,48.1604],[-4.0527,48.1605],[-4.0526,48.1604],[-4.0525,48.1605],[-4.0524,48.1603],[-4.0526,48.1602],[-4.0526,48.1603],[-4.0528,48.1602],[-4.0528,48.1602],[-4.0529,48.1602],[-4.053,48.1603],[-4.053,48.1604],[-4.053,48.1604]]]]},"properties":{"NATURE":"Industriel, agricole ou commercial","USAGE1":"Agricole","ETAT":"En service","surface":932.0792250223458,"HAUTEUR":5.3}},{"type":"Feature","geometry":{"type":"MultiPolygon","coordinates":[[[[-4.0361,48.1525],[-4.0359,48.1526],[-4.0357,48.1524],[-4.0359,48.1524],[-4.0361,48.1525]]]]},"properties":{"NATURE":"Industriel, agricole ou commercial","USAGE1":"Indiff\u00e9renci\u00e9","ETAT":"En service","surface":257.0876623913646,"HAUTEUR":4.7}},{"type":"Feature","geometry":{"type":"MultiPolygon","coordinates":[[[[-4.0297,48.1518],[-4.0296,48.1518],[-4.0296,48.1519],[-4.0295,48.1519],[-4.0295,48.1519],[-4.0295,48.1519],[-4.0294,48.1517],[-4.0295,48.1517],[-4.0296,48.1517],[-4.0296,48.1517],[-4.0297,48.1518],[-4.0297,48.1518]]]]},"properties":{"NATURE":"Industriel, agricole ou commercial","USAGE1":"Indiff\u00e9renci\u00e9","ETAT":"En service","surface":377.83829690981656,"HAUTEUR":4.4}},{"type":"Feature","geometry":{"type":"MultiPolygon","coordinates":[[[[-4.0314,48.1454],[-4.0315,48.1454],[-4.0316,48.1455],[-4.0314,48.1456],[-4.0313,48.1455],[-4.0314,48.1454]]]]},"properties":{"NATURE":"Industriel, agricole ou commercial","USAGE1":"Indiff\u00e9renci\u00e9","ETAT":"En service","surface":324.923190202564,"HAUTEUR":4.8}},{"type":"Feature","geometry":{"type":"MultiPolygon","coordinates":[[[[-4.0284,48.1473],[-4.0275,48.1478],[-4.0275,48.1478],[-4.0275,48.1478],[-4.0274,48.1477],[-4.0275,48.1477],[-4.0274,48.1476],[-4.0283,48.1472],[-4.0284,48.1473]]]]},"properties":{"NATURE":"Industriel, agricole ou commercial","USAGE1":"Agricole","ETAT":"En service","surface":1297.2975227814168,"HAUTEUR":4.1}},{"type":"Feature","geometry":{"type":"MultiPolygon","coordinates":[[[[-4.0287,48.1475],[-4.0278,48.148],[-4.0277,48.148],[-4.0278,48.1479],[-4.0277,48.1479],[-4.0285,48.1474],[-4.0287,48.1475]]]]},"properties":{"NATURE":"Industriel, agricole ou commercial","USAGE1":"Agricole","ETAT":"En service","surface":1199.416111472994,"HAUTEUR":4.1}},{"type":"Feature","geometry":{"type":"MultiPolygon","coordinates":[[[[-4.0233,48.1442],[-4.0231,48.1443],[-4.023,48.1442],[-4.0232,48.1441],[-4.0233,48.1442]]]]},"properties":{"NATURE":"Industriel, agricole ou commercial","USAGE1":"Indiff\u00e9renci\u00e9","ETAT":"En service","surface":280.2599800154567,"HAUTEUR":3.3}},{"type":"Feature","geometry":{"type":"MultiPolygon","coordinates":[[[[-4.0158,48.1405],[-4.0161,48.1405],[-4.0161,48.1406],[-4.0158,48.1405],[-4.0158,48.1405]]]]},"properties":{"NATURE":"Industriel, agricole ou commercial","USAGE1":"Indiff\u00e9renci\u00e9","ETAT":"En service","surface":205.09394952841103,"HAUTEUR":3.2}},{"type":"Feature","geometry":{"type":"MultiPolygon","coordinates":[[[[-4.0198,48.1436],[-4.0205,48.1434],[-4.0206,48.1435],[-4.0198,48.1437],[-4.0198,48.1436]]]]},"properties":{"NATURE":"Industriel, agricole ou commercial","USAGE1":"Agricole","ETAT":"En service","surface":908.0788375139236,"HAUTEUR":3.1}},{"type":"Feature","geometry":{"type":"MultiPolygon","coordinates":[[[[-4.021,48.1436],[-4.0209,48.1434],[-4.0209,48.1434],[-4.0211,48.1434],[-4.0212,48.1435],[-4.0211,48.1435],[-4.021,48.1436]]]]},"properties":{"NATURE":"Industriel, agricole ou commercial","USAGE1":"Agricole","ETAT":"En service","surface":275.06455336883664,"HAUTEUR":6.5}},{"type":"Feature","geometry":{"type":"MultiPolygon","coordinates":[[[[-4.0208,48.1437],[-4.0208,48.1438],[-4.0209,48.1438],[-4.0209,48.1438],[-4.0208,48.1438],[-4.0208,48.1438],[-4.02,48.144],[-4.0199,48.1439],[-4.0208,48.1437]]]]},"properties":{"NATURE":"Industriel, agricole ou commercial","USAGE1":"Agricole","ETAT":"En service","surface":1182.2570526434574,"HAUTEUR":3.9}},{"type":"Feature","geometry":{"type":"MultiPolygon","coordinates":[[[[-4.0177,48.1412],[-4.0174,48.1412],[-4.0176,48.1409],[-4.0179,48.141],[-4.0177,48.1412]]]]},"properties":{"NATURE":"Industriel, agricole ou commercial","USAGE1":"Agricole","ETAT":"En service","surface":636.8150018006563,"HAUTEUR":4.9}},{"type":"Feature","geometry":{"type":"MultiPolygon","coordinates":[[[[-4.0171,48.1399],[-4.0171,48.14],[-4.0168,48.14],[-4.0168,48.1399],[-4.0171,48.1399]]]]},"properties":{"NATURE":"Industriel, agricole ou commercial","USAGE1":"Agricole","ETAT":"En service","surface":236.48836104013026,"HAUTEUR":2.7}},{"type":"Feature","geometry":{"type":"MultiPolygon","coordinates":[[[[-4.017,48.1397],[-4.0173,48.1397],[-4.0173,48.1398],[-4.0171,48.1398],[-4.017,48.1397]]]]},"properties":{"NATURE":"Industriel, agricole ou commercial","USAGE1":"Agricole","ETAT":"En service","surface":236.0779762081802,"HAUTEUR":3.5}},{"type":"Feature","geometry":{"type":"MultiPolygon","coordinates":[[[[-4.0155,48.1405],[-4.0156,48.1405],[-4.0156,48.1405],[-4.0156,48.1406],[-4.0156,48.1406],[-4.0155,48.1407],[-4.0155,48.1406],[-4.0155,48.1407],[-4.0154,48.1407],[-4.0155,48.1405],[-4.0155,48.1405],[-4.0155,48.1405]]]]},"properties":{"NATURE":"Industriel, agricole ou commercial","USAGE1":"Agricole","ETAT":"En service","surface":203.06169255022542,"HAUTEUR":3.6}},{"type":"Feature","geometry":{"type":"MultiPolygon","coordinates":[[[[-4.0155,48.1407],[-4.0157,48.1407],[-4.0157,48.1407],[-4.0157,48.1408],[-4.0157,48.1408],[-4.0155,48.1408],[-4.0154,48.1408],[-4.0155,48.1407],[-4.0155,48.1406],[-4.0155,48.1407]]]]},"properties":{"NATURE":"Industriel, agricole ou commercial","USAGE1":"Agricole","ETAT":"En service","surface":277.1325447713025,"HAUTEUR":5.4}},{"type":"Feature","geometry":{"type":"MultiPolygon","coordinates":[[[[-4.0174,48.1395],[-4.0178,48.1394],[-4.0179,48.1395],[-4.0175,48.1396],[-4.0174,48.1395],[-4.0174,48.1395],[-4.0174,48.1395]]]]},"properties":{"NATURE":"Industriel, agricole ou commercial","USAGE1":"Agricole","ETAT":"En service","surface":315.1244054697454,"HAUTEUR":4.5}},{"type":"Feature","geometry":{"type":"MultiPolygon","coordinates":[[[[-4.0175,48.14],[-4.0175,48.1399],[-4.0178,48.1398],[-4.0178,48.1399],[-4.0175,48.14]]]]},"properties":{"NATURE":"Industriel, agricole ou commercial","USAGE1":"Agricole","ETAT":"En service","surface":231.54298235476017,"HAUTEUR":3.6}},{"type":"Feature","geometry":{"type":"MultiPolygon","coordinates":[[[[-4.0166,48.141],[-4.0166,48.141],[-4.0158,48.1408],[-4.0158,48.1408],[-4.0166,48.1409],[-4.0166,48.141],[-4.0166,48.141]]]]},"properties":{"NATURE":"Industriel, agricole ou commercial","USAGE1":"Agricole","ETAT":"En service","surface":454.10569727700204,"HAUTEUR":2.9}},{"type":"Feature","geometry":{"type":"MultiPolygon","coordinates":[[[[-4.0165,48.1407],[-4.0166,48.1407],[-4.0163,48.1408],[-4.0163,48.1407],[-4.0162,48.1407],[-4.0162,48.1406],[-4.0164,48.1406],[-4.0164,48.1406],[-4.0164,48.1406],[-4.0165,48.1406],[-4.0165,48.1407]]]]},"properties":{"NATURE":"Industriel, agricole ou commercial","USAGE1":"Agricole","ETAT":"En service","surface":368.00178307667375,"HAUTEUR":3.3}},{"type":"Feature","geometry":{"type":"MultiPolygon","coordinates":[[[[-4.0162,48.1407],[-4.0158,48.1407],[-4.0158,48.1406],[-4.0162,48.1406],[-4.0162,48.1407]]]]},"properties":{"NATURE":"Industriel, agricole ou commercial","USAGE1":"Agricole","ETAT":"En service","surface":302.93574721738696,"HAUTEUR":2.1}},{"type":"Feature","geometry":{"type":"MultiPolygon","coordinates":[[[[-4.0179,48.1396],[-4.0179,48.1397],[-4.0179,48.1397],[-4.0175,48.1398],[-4.0175,48.1397],[-4.0179,48.1396]]]]},"properties":{"NATURE":"Industriel, agricole ou commercial","USAGE1":"Indiff\u00e9renci\u00e9","ETAT":"En ruine","surface":223.66441864194348,"HAUTEUR":3.8}},{"type":"Feature","geometry":{"type":"MultiPolygon","coordinates":[[[[-4.0112,48.1326],[-4.0114,48.1328],[-4.0113,48.1328],[-4.0113,48.1328],[-4.0113,48.1328],[-4.0112,48.1328],[-4.0111,48.1329],[-4.011,48.1329],[-4.011,48.1329],[-4.0109,48.1327],[-4.0112,48.1326],[-4.0111,48.1326],[-4.0111,48.1326],[-4.0112,48.1326]]]]},"properties":{"NATURE":"Industriel, agricole ou commercial","USAGE1":"Agricole","ETAT":"En service","surface":652.0320363147184,"HAUTEUR":5.9}},{"type":"Feature","geometry":{"type":"MultiPolygon","coordinates":[[[[-4.0112,48.1326],[-4.0109,48.1327],[-4.011,48.1329],[-4.0109,48.1329],[-4.0108,48.1327],[-4.0111,48.1326],[-4.0111,48.1326],[-4.0111,48.1326],[-4.0112,48.1326]]]]},"properties":{"NATURE":"Industriel, agricole ou commercial","USAGE1":"Agricole","ETAT":"En service","surface":227.96067980863154,"HAUTEUR":4.0}},{"type":"Feature","geometry":{"type":"MultiPolygon","coordinates":[[[[-4.0229,48.1516],[-4.023,48.1516],[-4.0231,48.1516],[-4.0231,48.1518],[-4.0229,48.1518],[-4.0229,48.1516]]]]},"properties":{"NATURE":"Industriel, agricole ou commercial","USAGE1":"Indiff\u00e9renci\u00e9","ETAT":"En service","surface":282.76059249881655,"HAUTEUR":2.8}},{"type":"Feature","geometry":{"type":"MultiPolygon","coordinates":[[[[-4.0243,48.147],[-4.0245,48.1472],[-4.0244,48.1472],[-4.0242,48.1471],[-4.0243,48.147]]]]},"properties":{"NATURE":"Industriel, agricole ou commercial","USAGE1":"Agricole","ETAT":"En service","surface":252.11365442723036,"HAUTEUR":2.4}},{"type":"Feature","geometry":{"type":"MultiPolygon","coordinates":[[[[-4.0247,48.1473],[-4.0246,48.1473],[-4.0245,48.1472],[-4.0246,48.1471],[-4.0247,48.1472],[-4.0247,48.1473]]]]},"properties":{"NATURE":"Industriel, agricole ou commercial","USAGE1":"Agricole","ETAT":"En service","surface":214.98332058265805,"HAUTEUR":5.4}},{"type":"Feature","geometry":{"type":"MultiPolygon","coordinates":[[[[-4.0274,48.148],[-4.0275,48.148],[-4.0276,48.1481],[-4.0274,48.1482],[-4.0273,48.1482],[-4.0274,48.148]]]]},"properties":{"NATURE":"Industriel, agricole ou commercial","USAGE1":"Agricole","ETAT":"En service","surface":341.88571451976895,"HAUTEUR":4.9}},{"type":"Feature","geometry":{"type":"MultiPolygon","coordinates":[[[[-4.0271,48.1551],[-4.0269,48.1552],[-4.0268,48.155],[-4.0271,48.155],[-4.0271,48.1551]]]]},"properties":{"NATURE":"Industriel, agricole ou commercial","USAGE1":"Indiff\u00e9renci\u00e9","ETAT":"En service","surface":262.8081314172596,"HAUTEUR":5.4}},{"type":"Feature","geometry":{"type":"MultiPolygon","coordinates":[[[[-3.4951,47.8308],[-3.4949,47.8306],[-3.4951,47.8306],[-3.4952,47.8305],[-3.4954,47.8307],[-3.4951,47.8308]]]]},"properties":{"NATURE":"Industriel, agricole ou commercial","USAGE1":"Agricole","ETAT":"En service","surface":560.749054916203,"HAUTEUR":6.2}},{"type":"Feature","geometry":{"type":"MultiPolygon","coordinates":[[[[-3.4954,47.8307],[-3.4952,47.8305],[-3.4953,47.8305],[-3.4955,47.8306],[-3.4954,47.8307]]]]},"properties":{"NATURE":"Industriel, agricole ou commercial","USAGE1":"Agricole","ETAT":"En service","surface":261.69892620295286,"HAUTEUR":7.2}},{"type":"Feature","geometry":{"type":"MultiPolygon","coordinates":[[[[-3.4967,47.8325],[-3.4957,47.832],[-3.4959,47.8318],[-3.4963,47.832],[-3.4964,47.8319],[-3.4961,47.8318],[-3.4962,47.8317],[-3.4967,47.8319],[-3.4966,47.832],[-3.4966,47.832],[-3.4965,47.8321],[-3.4969,47.8323],[-3.4967,47.8325]]]]},"properties":{"NATURE":"Industriel, agricole ou commercial","USAGE1":"Agricole","ETAT":"En service","surface":3241.9576238431036,"HAUTEUR":5.5}},{"type":"Feature","geometry":{"type":"MultiPolygon","coordinates":[[[[-3.4966,47.8307],[-3.4965,47.8308],[-3.4965,47.8308],[-3.4963,47.8306],[-3.4965,47.8306],[-3.4965,47.8306],[-3.4966,47.8307]]]]},"properties":{"NATURE":"Industriel, agricole ou commercial","USAGE1":"Agricole","ETAT":"En service","surface":220.34218575432897,"HAUTEUR":3.6}},{"type":"Feature","geometry":{"type":"MultiPolygon","coordinates":[[[[-3.4902,47.8275],[-3.49,47.8275],[-3.49,47.8273],[-3.4902,47.8273],[-3.4902,47.8275]]]]},"properties":{"NATURE":"Industriel, agricole ou commercial","USAGE1":"Industriel","ETAT":"En service","surface":368.5614302251488,"HAUTEUR":4.0}},{"type":"Feature","geometry":{"type":"MultiPolygon","coordinates":[[[[-3.4931,47.8273],[-3.4931,47.8273],[-3.4927,47.8273],[-3.4927,47.8273],[-3.4931,47.8273],[-3.4931,47.8273]]]]},"properties":{"NATURE":"Industriel, agricole ou commercial","USAGE1":"Indiff\u00e9renci\u00e9","ETAT":"En service","surface":202.8938061419176,"HAUTEUR":3.4}},{"type":"Feature","geometry":{"type":"MultiPolygon","coordinates":[[[[-3.4905,47.8276],[-3.4903,47.8275],[-3.4903,47.8271],[-3.4906,47.8271],[-3.4905,47.8276]]]]},"properties":{"NATURE":"Industriel, agricole ou commercial","USAGE1":"Industriel","ETAT":"En service","surface":956.4693053290248,"HAUTEUR":3.2}},{"type":"Feature","geometry":{"type":"MultiPolygon","coordinates":[[[[-3.4959,47.8307],[-3.4958,47.8306],[-3.4958,47.8306],[-3.4957,47.8305],[-3.4956,47.8304],[-3.4959,47.8303],[-3.4961,47.8306],[-3.4962,47.8306],[-3.496,47.8307],[-3.496,47.8306],[-3.4959,47.8307]]]]},"properties":{"NATURE":"Industriel, agricole ou commercial","USAGE1":"Agricole","ETAT":"En service","surface":925.1639331355691,"HAUTEUR":6.3}},{"type":"Feature","geometry":{"type":"MultiPolygon","coordinates":[[[[-3.4954,47.831],[-3.4957,47.8308],[-3.4958,47.8309],[-3.4959,47.831],[-3.4956,47.8311],[-3.4954,47.831]]]]},"properties":{"NATURE":"Industriel, agricole ou commercial","USAGE1":"Agricole","ETAT":"En service","surface":491.7593018449843,"HAUTEUR":7.2}},{"type":"Feature","geometry":{"type":"MultiPolygon","coordinates":[[[[-3.492,47.8267],[-3.4921,47.8268],[-3.492,47.8268],[-3.492,47.8269],[-3.492,47.8271],[-3.4919,47.8271],[-3.4919,47.8267],[-3.492,47.8267]]]]},"properties":{"NATURE":"Industriel, agricole ou commercial","USAGE1":"Industriel","ETAT":"En service","surface":394.3320050248876,"HAUTEUR":4.2}},{"type":"Feature","geometry":{"type":"MultiPolygon","coordinates":[[[[-3.4915,47.8274],[-3.4915,47.8275],[-3.4915,47.8275],[-3.4915,47.8275],[-3.4915,47.8275],[-3.4914,47.8275],[-3.4914,47.8275],[-3.4914,47.8275],[-3.491,47.8275],[-3.4911,47.8274],[-3.4911,47.8274],[-3.4911,47.8273],[-3.4915,47.8274]]]]},"properties":{"NATURE":"Industriel, agricole ou commercial","USAGE1":"Industriel","ETAT":"En service","surface":501.2938034412218,"HAUTEUR":3.2}},{"type":"Feature","geometry":{"type":"MultiPolygon","coordinates":[[[[-3.4918,47.8269],[-3.4913,47.8269],[-3.4913,47.8268],[-3.4917,47.8268],[-3.4918,47.8269]]]]},"properties":{"NATURE":"Industriel, agricole ou commercial","USAGE1":"Industriel","ETAT":"En service","surface":438.8231685347855,"HAUTEUR":5.2}},{"type":"Feature","geometry":{"type":"MultiPolygon","coordinates":[[[[-3.4915,47.8272],[-3.4915,47.8272],[-3.4915,47.8272],[-3.4913,47.8272],[-3.4913,47.8272],[-3.4912,47.8272],[-3.4912,47.827],[-3.4913,47.827],[-3.4913,47.8272],[-3.4913,47.8272],[-3.4915,47.8272]]]]},"properties":{"NATURE":"Industriel, agricole ou commercial","USAGE1":"Industriel","ETAT":"En service","surface":274.29195362562314,"HAUTEUR":4.1}},{"type":"Feature","geometry":{"type":"MultiPolygon","coordinates":[[[[-3.5056,47.839],[-3.5057,47.839],[-3.5058,47.8391],[-3.5057,47.8391],[-3.5058,47.8392],[-3.5057,47.8393],[-3.5056,47.8391],[-3.5056,47.8391],[-3.5056,47.839]]]]},"properties":{"NATURE":"Industriel, agricole ou commercial","USAGE1":"Agricole","ETAT":"En service","surface":227.88597837183625,"HAUTEUR":2.9}},{"type":"Feature","geometry":{"type":"MultiPolygon","coordinates":[[[[-3.5061,47.8394],[-3.5061,47.8393],[-3.5065,47.8392],[-3.5066,47.8393],[-3.5063,47.8394],[-3.5063,47.8394],[-3.5062,47.8394],[-3.5062,47.8394],[-3.5061,47.8394]]]]},"properties":{"NATURE":"Industriel, agricole ou commercial","USAGE1":"Agricole","ETAT":"En service","surface":348.16006190143526,"HAUTEUR":4.5}},{"type":"Feature","geometry":{"type":"MultiPolygon","coordinates":[[[[-3.5078,47.8386],[-3.5079,47.8387],[-3.5074,47.8389],[-3.507,47.839],[-3.5067,47.8391],[-3.5066,47.839],[-3.5073,47.8388],[-3.5078,47.8386]]]]},"properties":{"NATURE":"Industriel, agricole ou commercial","USAGE1":"Agricole","ETAT":"En service","surface":1532.0109170638025,"HAUTEUR":3.5}},{"type":"Feature","geometry":{"type":"MultiPolygon","coordinates":[[[[-3.5067,47.8386],[-3.5067,47.8385],[-3.5067,47.8385],[-3.5067,47.8385],[-3.5072,47.8383],[-3.5073,47.8384],[-3.5067,47.8386]]]]},"properties":{"NATURE":"Industriel, agricole ou commercial","USAGE1":"Agricole","ETAT":"En service","surface":697.0265469253063,"HAUTEUR":2.5}},{"type":"Feature","geometry":{"type":"MultiPolygon","coordinates":[[[[-3.5106,47.8369],[-3.5108,47.8369],[-3.5108,47.8369],[-3.5109,47.8369],[-3.5109,47.8369],[-3.5109,47.837],[-3.5109,47.837],[-3.5107,47.8371],[-3.5106,47.8369]]]]},"properties":{"NATURE":"Industriel, agricole ou commercial","USAGE1":"Agricole","ETAT":"En service","surface":336.85525556767243,"HAUTEUR":4.7}},{"type":"Feature","geometry":{"type":"MultiPolygon","coordinates":[[[[-3.5109,47.8369],[-3.5111,47.8368],[-3.5111,47.837],[-3.5109,47.837],[-3.5109,47.8369]]]]},"properties":{"NATURE":"Industriel, agricole ou commercial","USAGE1":"Agricole","ETAT":"En service","surface":242.6815838292241,"HAUTEUR":4.5}},{"type":"Feature","geometry":{"type":"MultiPolygon","coordinates":[[[[-3.5106,47.8369],[-3.5106,47.8369],[-3.5107,47.8368],[-3.5109,47.8368],[-3.5109,47.8368],[-3.511,47.8368],[-3.5111,47.8368],[-3.5109,47.8369],[-3.5109,47.8369],[-3.5108,47.8369],[-3.5108,47.8369],[-3.5106,47.8369]]]]},"properties":{"NATURE":"Industriel, agricole ou commercial","USAGE1":"Agricole","ETAT":"En service","surface":233.09351342337322,"HAUTEUR":4.6}},{"type":"Feature","geometry":{"type":"MultiPolygon","coordinates":[[[[-3.5105,47.837],[-3.5106,47.8371],[-3.5105,47.8372],[-3.5104,47.8369],[-3.5105,47.8369],[-3.5105,47.837]]]]},"properties":{"NATURE":"Industriel, agricole ou commercial","USAGE1":"Agricole","ETAT":"En service","surface":270.199183460325,"HAUTEUR":4.8}},{"type":"Feature","geometry":{"type":"MultiPolygon","coordinates":[[[[-3.5076,47.8385],[-3.5071,47.8387],[-3.5067,47.8389],[-3.5067,47.8388],[-3.5067,47.8388],[-3.5066,47.8388],[-3.5071,47.8386],[-3.5074,47.8385],[-3.5074,47.8384],[-3.5073,47.8384],[-3.5073,47.8383],[-3.5073,47.8383],[-3.5072,47.8382],[-3.5073,47.8382],[-3.5073,47.8382],[-3.5073,47.8382],[-3.5073,47.8382],[-3.5074,47.8383],[-3.5074,47.8383],[-3.5075,47.8384],[-3.5076,47.8385]]]]},"properties":{"NATURE":"Industriel, agricole ou commercial","USAGE1":"Agricole","ETAT":"En service","surface":1139.8760101071093,"HAUTEUR":3.5}},{"type":"Feature","geometry":{"type":"MultiPolygon","coordinates":[[[[-3.5073,47.8467],[-3.5068,47.8466],[-3.5072,47.8461],[-3.5074,47.8459],[-3.5078,47.8461],[-3.5073,47.8467]]]]},"properties":{"NATURE":"Industriel, agricole ou commercial","USAGE1":"Industriel","ETAT":"En service","surface":3206.7171946913004,"HAUTEUR":13.4}},{"type":"Feature","geometry":{"type":"MultiPolygon","coordinates":[[[[-3.5072,47.8461],[-3.507,47.846],[-3.5072,47.8458],[-3.5074,47.8459],[-3.5074,47.8459],[-3.5072,47.8461]]]]},"properties":{"NATURE":"Industriel, agricole ou commercial","USAGE1":"Industriel","ETAT":"En service","surface":541.9114993438125,"HAUTEUR":7.1}},{"type":"Feature","geometry":{"type":"MultiPolygon","coordinates":[[[[-3.5055,47.8429],[-3.5054,47.8429],[-3.5054,47.8427],[-3.5056,47.8427],[-3.5055,47.8429]]]]},"properties":{"NATURE":"Industriel, agricole ou commercial","USAGE1":"Commercial et services","ETAT":"En service","surface":239.91166270524263,"HAUTEUR":6.4}},{"type":"Feature","geometry":{"type":"MultiPolygon","coordinates":[[[[-3.5152,47.8457],[-3.5152,47.846],[-3.5149,47.846],[-3.5149,47.8457],[-3.5152,47.8457]]]]},"properties":{"NATURE":"Industriel, agricole ou commercial","USAGE1":"Agricole","ETAT":"En service","surface":717.2748891573865,"HAUTEUR":6.2}},{"type":"Feature","geometry":{"type":"MultiPolygon","coordinates":[[[[-3.5126,47.8478],[-3.5126,47.8479],[-3.5126,47.8479],[-3.5129,47.8479],[-3.5129,47.8479],[-3.5129,47.8479],[-3.5129,47.848],[-3.5125,47.848],[-3.5126,47.8479],[-3.5126,47.8478]]]]},"properties":{"NATURE":"Industriel, agricole ou commercial","USAGE1":"Agricole","ETAT":"En service","surface":427.2099169502035,"HAUTEUR":5.7}},{"type":"Feature","geometry":{"type":"MultiPolygon","coordinates":[[[[-3.5164,47.8458],[-3.5164,47.846],[-3.5163,47.846],[-3.5163,47.8459],[-3.5163,47.8458],[-3.5164,47.8458]]]]},"properties":{"NATURE":"Industriel, agricole ou commercial","USAGE1":"Agricole","ETAT":"En service","surface":285.1275249039754,"HAUTEUR":6.0}},{"type":"Feature","geometry":{"type":"MultiPolygon","coordinates":[[[[-3.5067,47.8449],[-3.5066,47.8447],[-3.5069,47.8446],[-3.507,47.8448],[-3.507,47.8448],[-3.507,47.8449],[-3.5069,47.8449],[-3.5069,47.8449],[-3.5067,47.8449]]]]},"properties":{"NATURE":"Industriel, agricole ou commercial","USAGE1":"Industriel","ETAT":"En service","surface":632.0295804785565,"HAUTEUR":5.8}},{"type":"Feature","geometry":{"type":"MultiPolygon","coordinates":[[[[-3.5066,47.844],[-3.5067,47.8441],[-3.5065,47.8442],[-3.5064,47.8441],[-3.5063,47.844],[-3.5065,47.8439],[-3.5066,47.844]]]]},"properties":{"NATURE":"Industriel, agricole ou commercial","USAGE1":"Industriel","ETAT":"En service","surface":573.0446933358908,"HAUTEUR":3.3}},{"type":"Feature","geometry":{"type":"MultiPolygon","coordinates":[[[[-3.5051,47.8459],[-3.5045,47.8456],[-3.5048,47.8454],[-3.5053,47.8457],[-3.5051,47.8459]]]]},"properties":{"NATURE":"Industriel, agricole ou commercial","USAGE1":"Industriel","ETAT":"En service","surface":1337.4379968196154,"HAUTEUR":5.2}},{"type":"Feature","geometry":{"type":"MultiPolygon","coordinates":[[[[-3.5062,47.8453],[-3.506,47.8455],[-3.5059,47.8454],[-3.5059,47.8454],[-3.5059,47.8454],[-3.5059,47.8454],[-3.5055,47.8452],[-3.5056,47.8451],[-3.5055,47.845],[-3.5055,47.845],[-3.5055,47.845],[-3.5056,47.845],[-3.5056,47.8449],[-3.5058,47.845],[-3.5058,47.845],[-3.5063,47.8452],[-3.5062,47.8453]]]]},"properties":{"NATURE":"Industriel, agricole ou commercial","USAGE1":"Industriel","ETAT":"En service","surface":1742.2739240180817,"HAUTEUR":8.0}},{"type":"Feature","geometry":{"type":"MultiPolygon","coordinates":[[[[-3.5078,47.8468],[-3.5079,47.8468],[-3.5079,47.8469],[-3.508,47.8469],[-3.508,47.847],[-3.5079,47.847],[-3.5079,47.847],[-3.508,47.847],[-3.508,47.8471],[-3.508,47.8471],[-3.5081,47.8471],[-3.5081,47.8471],[-3.5081,47.8471],[-3.5081,47.8471],[-3.5081,47.8472],[-3.5081,47.8472],[-3.5081,47.8472],[-3.5081,47.8471],[-3.508,47.8471],[-3.5078,47.8472],[-3.5077,47.8471],[-3.5077,47.8471],[-3.5077,47.8471],[-3.5077,47.8471],[-3.5077,47.847],[-3.5075,47.847],[-3.5075,47.8468],[-3.5078,47.8468]]]]},"properties":{"NATURE":"Industriel, agricole ou commercial","USAGE1":"Industriel","ETAT":"En service","surface":1239.743877331959,"HAUTEUR":3.5}},{"type":"Feature","geometry":{"type":"MultiPolygon","coordinates":[[[[-3.506,47.8435],[-3.5057,47.8436],[-3.5056,47.8435],[-3.5059,47.8434],[-3.506,47.8435]]]]},"properties":{"NATURE":"Industriel, agricole ou commercial","USAGE1":"Industriel","ETAT":"En service","surface":365.7778287678957,"HAUTEUR":4.3}},{"type":"Feature","geometry":{"type":"MultiPolygon","coordinates":[[[[-3.5072,47.8469],[-3.5067,47.8467],[-3.5068,47.8466],[-3.5073,47.8467],[-3.5072,47.8469]]]]},"properties":{"NATURE":"Industriel, agricole ou commercial","USAGE1":"Industriel","ETAT":"En service","surface":795.2803259119391,"HAUTEUR":9.6}},{"type":"Feature","geometry":{"type":"MultiPolygon","coordinates":[[[[-3.5062,47.8443],[-3.5062,47.8443],[-3.5062,47.8444],[-3.506,47.8445],[-3.5059,47.8443],[-3.5061,47.8442],[-3.5062,47.8443]]]]},"properties":{"NATURE":"Industriel, agricole ou commercial","USAGE1":"Industriel","ETAT":"En service","surface":502.13811345025897,"HAUTEUR":4.0}},{"type":"Feature","geometry":{"type":"MultiPolygon","coordinates":[[[[-3.5002,47.8415],[-3.4993,47.8422],[-3.4988,47.8419],[-3.4992,47.8417],[-3.4991,47.8416],[-3.4993,47.8415],[-3.4993,47.8415],[-3.4998,47.8412],[-3.5002,47.8415]]]]},"properties":{"NATURE":"Industriel, agricole ou commercial","USAGE1":"Industriel","ETAT":"En service","surface":5136.243514828384,"HAUTEUR":6.4}},{"type":"Feature","geometry":{"type":"MultiPolygon","coordinates":[[[[-3.4903,47.8341],[-3.4906,47.8344],[-3.4905,47.8345],[-3.4901,47.8342],[-3.4903,47.8341]]]]},"properties":{"NATURE":"Industriel, agricole ou commercial","USAGE1":"Agricole","ETAT":"En service","surface":619.1473357379436,"HAUTEUR":7.4}},{"type":"Feature","geometry":{"type":"MultiPolygon","coordinates":[[[[-3.4923,47.8492],[-3.4922,47.8492],[-3.4923,47.849],[-3.4924,47.8491],[-3.4923,47.8492]]]]},"properties":{"NATURE":"Industriel, agricole ou commercial","USAGE1":"Indiff\u00e9renci\u00e9","ETAT":"En service","surface":230.86316318809986,"HAUTEUR":5.4}},{"type":"Feature","geometry":{"type":"MultiPolygon","coordinates":[[[[-3.4939,47.8492],[-3.4941,47.8494],[-3.4938,47.8495],[-3.4936,47.8494],[-3.4939,47.8492]]]]},"properties":{"NATURE":"Industriel, agricole ou commercial","USAGE1":"Indiff\u00e9renci\u00e9","ETAT":"En service","surface":528.8222400695086,"HAUTEUR":2.7}},{"type":"Feature","geometry":{"type":"MultiPolygon","coordinates":[[[[-3.4917,47.8443],[-3.4916,47.8443],[-3.4917,47.8443],[-3.4915,47.8443],[-3.4914,47.8443],[-3.4914,47.8442],[-3.4916,47.8441],[-3.4916,47.8441],[-3.4917,47.8443]]]]},"properties":{"NATURE":"Industriel, agricole ou commercial","USAGE1":"Indiff\u00e9renci\u00e9","ETAT":"En service","surface":304.48423572583124,"HAUTEUR":5.2}},{"type":"Feature","geometry":{"type":"MultiPolygon","coordinates":[[[[-3.4921,47.8443],[-3.4921,47.8442],[-3.4925,47.8442],[-3.4925,47.8443],[-3.4924,47.8443],[-3.4922,47.8443],[-3.4922,47.8443],[-3.4921,47.8443]]]]},"properties":{"NATURE":"Industriel, agricole ou commercial","USAGE1":"Indiff\u00e9renci\u00e9","ETAT":"En service","surface":321.592513099662,"HAUTEUR":3.7}},{"type":"Feature","geometry":{"type":"MultiPolygon","coordinates":[[[[-3.503,47.8462],[-3.5028,47.8463],[-3.5026,47.8461],[-3.5027,47.846],[-3.503,47.8462]]]]},"properties":{"NATURE":"Industriel, agricole ou commercial","USAGE1":"Indiff\u00e9renci\u00e9","ETAT":"En service","surface":566.4697658270597,"HAUTEUR":4.0}},{"type":"Feature","geometry":{"type":"MultiPolygon","coordinates":[[[[-3.5028,47.8444],[-3.5026,47.8445],[-3.5023,47.8443],[-3.5025,47.8442],[-3.5028,47.8444]]]]},"properties":{"NATURE":"Industriel, agricole ou commercial","USAGE1":"Industriel","ETAT":"En service","surface":452.9161421507597,"HAUTEUR":3.3}},{"type":"Feature","geometry":{"type":"MultiPolygon","coordinates":[[[[-3.5031,47.8421],[-3.5029,47.8421],[-3.5029,47.8422],[-3.5028,47.8422],[-3.5029,47.8416],[-3.5032,47.8416],[-3.5031,47.8421]]]]},"properties":{"NATURE":"Industriel, agricole ou commercial","USAGE1":"Industriel","ETAT":"En service","surface":1133.7395785190165,"HAUTEUR":5.7}},{"type":"Feature","geometry":{"type":"MultiPolygon","coordinates":[[[[-3.5035,47.8417],[-3.5037,47.8417],[-3.5036,47.8419],[-3.5037,47.8419],[-3.5037,47.8421],[-3.5036,47.842],[-3.5036,47.8422],[-3.5033,47.8422],[-3.5035,47.8417]]]]},"properties":{"NATURE":"Industriel, agricole ou commercial","USAGE1":"Industriel","ETAT":"En service","surface":1181.1190522871912,"HAUTEUR":9.1}},{"type":"Feature","geometry":{"type":"MultiPolygon","coordinates":[[[[-3.4891,47.8339],[-3.489,47.8339],[-3.489,47.8339],[-3.4891,47.8338],[-3.4891,47.8338],[-3.4893,47.8337],[-3.4893,47.8338],[-3.4892,47.8338],[-3.4893,47.8338],[-3.4891,47.8339]]]]},"properties":{"NATURE":"Industriel, agricole ou commercial","USAGE1":"Agricole","ETAT":"En service","surface":209.8122062040493,"HAUTEUR":4.4}},{"type":"Feature","geometry":{"type":"MultiPolygon","coordinates":[[[[-3.4897,47.8339],[-3.4899,47.834],[-3.4896,47.8341],[-3.4895,47.834],[-3.4893,47.8338],[-3.4892,47.8338],[-3.4893,47.8338],[-3.4893,47.8337],[-3.4894,47.8337],[-3.4897,47.8339]]]]},"properties":{"NATURE":"Industriel, agricole ou commercial","USAGE1":"Agricole","ETAT":"En service","surface":1030.4705452444032,"HAUTEUR":6.6}},{"type":"Feature","geometry":{"type":"MultiPolygon","coordinates":[[[[-3.4888,47.834],[-3.489,47.8339],[-3.4891,47.8339],[-3.489,47.834],[-3.489,47.834],[-3.4888,47.8341],[-3.4888,47.8341],[-3.4887,47.8341],[-3.4888,47.834]]]]},"properties":{"NATURE":"Industriel, agricole ou commercial","USAGE1":"Agricole","ETAT":"En service","surface":267.13063361961395,"HAUTEUR":5.7}},{"type":"Feature","geometry":{"type":"MultiPolygon","coordinates":[[[[-3.4818,47.8371],[-3.4823,47.8369],[-3.4824,47.837],[-3.4823,47.837],[-3.4823,47.8371],[-3.4824,47.8371],[-3.4823,47.8372],[-3.4824,47.8373],[-3.4824,47.8373],[-3.482,47.8374],[-3.482,47.8372],[-3.4819,47.8373],[-3.4818,47.8371]]]]},"properties":{"NATURE":"Industriel, agricole ou commercial","USAGE1":"Agricole","ETAT":"En service","surface":1187.5674543539062,"HAUTEUR":6.6}},{"type":"Feature","geometry":{"type":"MultiPolygon","coordinates":[[[[-3.4798,47.8372],[-3.48,47.8371],[-3.4801,47.8372],[-3.4799,47.8373],[-3.4798,47.8372],[-3.4798,47.8372]]]]},"properties":{"NATURE":"Industriel, agricole ou commercial","USAGE1":"Agricole","ETAT":"En service","surface":314.72498755529523,"HAUTEUR":4.8}},{"type":"Feature","geometry":{"type":"MultiPolygon","coordinates":[[[[-3.479,47.8377],[-3.4791,47.8378],[-3.4788,47.8378],[-3.4788,47.8377],[-3.4789,47.8377],[-3.479,47.8377]]]]},"properties":{"NATURE":"Industriel, agricole ou commercial","USAGE1":"Agricole","ETAT":"En service","surface":209.26580158248544,"HAUTEUR":5.4}},{"type":"Feature","geometry":{"type":"MultiPolygon","coordinates":[[[[-3.4915,47.8505],[-3.4914,47.8505],[-3.4919,47.85],[-3.4919,47.85],[-3.4919,47.85],[-3.492,47.8501],[-3.492,47.8501],[-3.4915,47.8505]]]]},"properties":{"NATURE":"Industriel, agricole ou commercial","USAGE1":"Agricole","ETAT":"En service","surface":973.3544199857861,"HAUTEUR":2.9}},{"type":"Feature","geometry":{"type":"MultiPolygon","coordinates":[[[[-3.4738,47.8374],[-3.4736,47.8374],[-3.4736,47.8375],[-3.4735,47.8374],[-3.4737,47.8373],[-3.4738,47.8374]]]]},"properties":{"NATURE":"Industriel, agricole ou commercial","USAGE1":"Indiff\u00e9renci\u00e9","ETAT":"En service","surface":226.45434772968292,"HAUTEUR":4.6}},{"type":"Feature","geometry":{"type":"MultiPolygon","coordinates":[[[[-3.4731,47.8376],[-3.4729,47.8377],[-3.4728,47.8375],[-3.473,47.8375],[-3.473,47.8376],[-3.4731,47.8376]]]]},"properties":{"NATURE":"Industriel, agricole ou commercial","USAGE1":"Indiff\u00e9renci\u00e9","ETAT":"En service","surface":202.38645505532622,"HAUTEUR":4.0}},{"type":"Feature","geometry":{"type":"MultiPolygon","coordinates":[[[[-3.5067,47.8546],[-3.5068,47.8546],[-3.5068,47.8548],[-3.5067,47.8548],[-3.5067,47.8546]]]]},"properties":{"NATURE":"Industriel, agricole ou commercial","USAGE1":"Indiff\u00e9renci\u00e9","ETAT":"En service","surface":218.88591403514147,"HAUTEUR":3.0}},{"type":"Feature","geometry":{"type":"MultiPolygon","coordinates":[[[[-3.5062,47.8553],[-3.5062,47.8553],[-3.5061,47.8553],[-3.5061,47.8553],[-3.5059,47.8553],[-3.5059,47.8553],[-3.5059,47.8553],[-3.5059,47.8552],[-3.5061,47.8552],[-3.5061,47.8552],[-3.5062,47.8552],[-3.5062,47.8553]]]]},"properties":{"NATURE":"Industriel, agricole ou commercial","USAGE1":"Indiff\u00e9renci\u00e9","ETAT":"En service","surface":334.30680447258055,"HAUTEUR":4.9}},{"type":"Feature","geometry":{"type":"MultiPolygon","coordinates":[[[[-3.5123,47.8549],[-3.5123,47.8553],[-3.512,47.8552],[-3.512,47.8549],[-3.5123,47.8549]]]]},"properties":{"NATURE":"Industriel, agricole ou commercial","USAGE1":"Commercial et services","ETAT":"En service","surface":844.7267227172852,"HAUTEUR":4.9}},{"type":"Feature","geometry":{"type":"MultiPolygon","coordinates":[[[[-3.5079,47.8526],[-3.5077,47.8527],[-3.5075,47.8524],[-3.5077,47.8524],[-3.5079,47.8526]]]]},"properties":{"NATURE":"Industriel, agricole ou commercial","USAGE1":"Agricole","ETAT":"En service","surface":496.5521675348282,"HAUTEUR":5.3}},{"type":"Feature","geometry":{"type":"MultiPolygon","coordinates":[[[[-3.5173,47.8606],[-3.5172,47.8606],[-3.5169,47.8605],[-3.5169,47.8605],[-3.5173,47.8606]]]]},"properties":{"NATURE":"Industriel, agricole ou commercial","USAGE1":"Indiff\u00e9renci\u00e9","ETAT":"En service","surface":274.9103296920657,"HAUTEUR":5.3}},{"type":"Feature","geometry":{"type":"MultiPolygon","coordinates":[[[[-3.5173,47.8606],[-3.5169,47.8605],[-3.517,47.8603],[-3.5174,47.8604],[-3.5173,47.8606]]]]},"properties":{"NATURE":"Industriel, agricole ou commercial","USAGE1":"Commercial et services","ETAT":"En service","surface":690.9108115285635,"HAUTEUR":5.6}},{"type":"Feature","geometry":{"type":"MultiPolygon","coordinates":[[[[-3.5072,47.8625],[-3.5073,47.8626],[-3.5072,47.8628],[-3.5068,47.8626],[-3.5067,47.8626],[-3.5066,47.8627],[-3.5063,47.8625],[-3.5068,47.8621],[-3.5072,47.8622],[-3.5072,47.8622],[-3.5073,47.8622],[-3.5073,47.8623],[-3.5072,47.8625],[-3.5072,47.8625],[-3.5072,47.8625]]]]},"properties":{"NATURE":"Industriel, agricole ou commercial","USAGE1":"Industriel","ETAT":"En service","surface":3314.730152977165,"HAUTEUR":5.0}},{"type":"Feature","geometry":{"type":"MultiPolygon","coordinates":[[[[-3.507,47.8618],[-3.5068,47.8618],[-3.5068,47.8618],[-3.5067,47.8618],[-3.5067,47.8618],[-3.5067,47.8618],[-3.5066,47.8616],[-3.5067,47.8616],[-3.5067,47.8617],[-3.5068,47.8616],[-3.5069,47.8617],[-3.5069,47.8617],[-3.507,47.8618]]]]},"properties":{"NATURE":"Industriel, agricole ou commercial","USAGE1":"Industriel","ETAT":"En service","surface":316.0053744497709,"HAUTEUR":3.6}},{"type":"Feature","geometry":{"type":"MultiPolygon","coordinates":[[[[-3.5046,47.8513],[-3.5046,47.8515],[-3.5044,47.8515],[-3.5043,47.8514],[-3.5046,47.8513]]]]},"properties":{"NATURE":"Industriel, agricole ou commercial","USAGE1":"Indiff\u00e9renci\u00e9","ETAT":"En service","surface":328.0694080404937,"HAUTEUR":6.9}},{"type":"Feature","geometry":{"type":"MultiPolygon","coordinates":[[[[-3.5045,47.8621],[-3.5043,47.862],[-3.5044,47.8618],[-3.5046,47.8618],[-3.5045,47.8621]]]]},"properties":{"NATURE":"Industriel, agricole ou commercial","USAGE1":"Industriel","ETAT":"En service","surface":554.5163607746363,"HAUTEUR":5.7}},{"type":"Feature","geometry":{"type":"MultiPolygon","coordinates":[[[[-3.5056,47.8618],[-3.5057,47.8618],[-3.5055,47.8621],[-3.5054,47.8624],[-3.5053,47.8624],[-3.5053,47.8623],[-3.5054,47.8621],[-3.5055,47.862],[-3.5055,47.862],[-3.5056,47.8618]]]]},"properties":{"NATURE":"Industriel, agricole ou commercial","USAGE1":"Industriel","ETAT":"En service","surface":482.8097737580538,"HAUTEUR":6.8}},{"type":"Feature","geometry":{"type":"MultiPolygon","coordinates":[[[[-3.5053,47.8624],[-3.5049,47.8623],[-3.5051,47.862],[-3.5052,47.862],[-3.5052,47.862],[-3.5054,47.862],[-3.5054,47.8621],[-3.5054,47.8621],[-3.5053,47.8623],[-3.5053,47.8624]]]]},"properties":{"NATURE":"Industriel, agricole ou commercial","USAGE1":"Industriel","ETAT":"En service","surface":1102.829152520746,"HAUTEUR":5.7}},{"type":"Feature","geometry":{"type":"MultiPolygon","coordinates":[[[[-3.5057,47.8618],[-3.5057,47.8618],[-3.5055,47.8622],[-3.5054,47.8624],[-3.5054,47.8624],[-3.5055,47.8621],[-3.5057,47.8618]]]]},"properties":{"NATURE":"Industriel, agricole ou commercial","USAGE1":"Industriel","ETAT":"En service","surface":231.57666010037065,"HAUTEUR":6.9}},{"type":"Feature","geometry":{"type":"MultiPolygon","coordinates":[[[[-3.5057,47.8618],[-3.5059,47.8619],[-3.5056,47.8624],[-3.5054,47.8624],[-3.5055,47.8622],[-3.5057,47.8618]]]]},"properties":{"NATURE":"Industriel, agricole ou commercial","USAGE1":"Industriel","ETAT":"En service","surface":951.9261174350977,"HAUTEUR":6.9}},{"type":"Feature","geometry":{"type":"MultiPolygon","coordinates":[[[[-3.5035,47.8616],[-3.5033,47.8616],[-3.5033,47.8616],[-3.5032,47.8616],[-3.5032,47.8615],[-3.5033,47.8615],[-3.5033,47.8612],[-3.5036,47.8612],[-3.5035,47.8616]]]]},"properties":{"NATURE":"Industriel, agricole ou commercial","USAGE1":"Industriel","ETAT":"En service","surface":1131.8839529798133,"HAUTEUR":8.0}},{"type":"Feature","geometry":{"type":"MultiPolygon","coordinates":[[[[-3.5066,47.8612],[-3.5067,47.8614],[-3.5067,47.8615],[-3.5066,47.8615],[-3.5063,47.8615],[-3.5063,47.8613],[-3.5062,47.8613],[-3.5062,47.8612],[-3.5066,47.8612]]]]},"properties":{"NATURE":"Industriel, agricole ou commercial","USAGE1":"Industriel","ETAT":"En service","surface":906.2051574392826,"HAUTEUR":6.1}},{"type":"Feature","geometry":{"type":"MultiPolygon","coordinates":[[[[-3.5062,47.8616],[-3.5059,47.8616],[-3.5059,47.8612],[-3.5061,47.8612],[-3.5061,47.8615],[-3.5062,47.8615],[-3.5062,47.8616]]]]},"properties":{"NATURE":"Industriel, agricole ou commercial","USAGE1":"Industriel","ETAT":"En service","surface":683.0847052000463,"HAUTEUR":4.8}},{"type":"Feature","geometry":{"type":"MultiPolygon","coordinates":[[[[-3.5029,47.8608],[-3.5021,47.8608],[-3.5021,47.8607],[-3.5029,47.8607],[-3.5029,47.8608]]]]},"properties":{"NATURE":"Industriel, agricole ou commercial","USAGE1":"Indiff\u00e9renci\u00e9","ETAT":"En ruine","surface":654.5115765579976,"HAUTEUR":5.2}},{"type":"Feature","geometry":{"type":"MultiPolygon","coordinates":[[[[-3.504,47.8608],[-3.5037,47.8608],[-3.5037,47.8606],[-3.504,47.8606],[-3.504,47.8608]]]]},"properties":{"NATURE":"Industriel, agricole ou commercial","USAGE1":"Industriel","ETAT":"En service","surface":587.3511589507107,"HAUTEUR":7.1}},{"type":"Feature","geometry":{"type":"MultiPolygon","coordinates":[[[[-3.5042,47.8599],[-3.5041,47.8599],[-3.504,47.8599],[-3.5041,47.8597],[-3.5042,47.8597],[-3.5043,47.8598],[-3.5042,47.8599],[-3.5042,47.8599]]]]},"properties":{"NATURE":"Industriel, agricole ou commercial","USAGE1":"Industriel","ETAT":"En ruine","surface":330.78583074733615,"HAUTEUR":2.5}},{"type":"Feature","geometry":{"type":"MultiPolygon","coordinates":[[[[-3.503,47.8606],[-3.5022,47.8605],[-3.5022,47.8604],[-3.5021,47.8604],[-3.5022,47.8602],[-3.5023,47.8602],[-3.5023,47.8602],[-3.5023,47.8602],[-3.5023,47.8602],[-3.5025,47.8602],[-3.5025,47.8602],[-3.5028,47.8602],[-3.5028,47.8602],[-3.5029,47.8602],[-3.5029,47.8602],[-3.5031,47.8603],[-3.503,47.8606]]]]},"properties":{"NATURE":"Industriel, agricole ou commercial","USAGE1":"Industriel","ETAT":"En service","surface":2602.5112554773805,"HAUTEUR":4.0}},{"type":"Feature","geometry":{"type":"MultiPolygon","coordinates":[[[[-3.7556,48.2243],[-3.7558,48.2244],[-3.7556,48.2245],[-3.7555,48.2244],[-3.7556,48.2243]]]]},"properties":{"NATURE":"Industriel, agricole ou commercial","USAGE1":"Indiff\u00e9renci\u00e9","ETAT":"En service","surface":227.8141744211316,"HAUTEUR":4.0}},{"type":"Feature","geometry":{"type":"MultiPolygon","coordinates":[[[[-3.757,48.2181],[-3.7572,48.218],[-3.7573,48.2181],[-3.7572,48.2182],[-3.757,48.2181]]]]},"properties":{"NATURE":"Industriel, agricole ou commercial","USAGE1":"Agricole","ETAT":"En service","surface":236.75974209606647,"HAUTEUR":5.3}},{"type":"Feature","geometry":{"type":"MultiPolygon","coordinates":[[[[-3.789,48.213],[-3.7887,48.213],[-3.7887,48.2129],[-3.7889,48.2129],[-3.789,48.213]]]]},"properties":{"NATURE":"Industriel, agricole ou commercial","USAGE1":"Indiff\u00e9renci\u00e9","ETAT":"En service","surface":275.9208708945662,"HAUTEUR":5.5}},{"type":"Feature","geometry":{"type":"MultiPolygon","coordinates":[[[[-3.75,48.2246],[-3.7499,48.2245],[-3.7503,48.2244],[-3.7503,48.2244],[-3.7503,48.2245],[-3.75,48.2246]]]]},"properties":{"NATURE":"Industriel, agricole ou commercial","USAGE1":"Agricole","ETAT":"En service","surface":219.405684158206,"HAUTEUR":3.4}},{"type":"Feature","geometry":{"type":"MultiPolygon","coordinates":[[[[-3.7498,48.224],[-3.7501,48.2239],[-3.7501,48.2239],[-3.7502,48.2239],[-3.7503,48.2241],[-3.75,48.2242],[-3.7499,48.2241],[-3.7498,48.224]]]]},"properties":{"NATURE":"Industriel, agricole ou commercial","USAGE1":"Agricole","ETAT":"En service","surface":746.881579099223,"HAUTEUR":5.9}},{"type":"Feature","geometry":{"type":"MultiPolygon","coordinates":[[[[-3.7406,48.2215],[-3.7407,48.2215],[-3.7408,48.2214],[-3.7408,48.2216],[-3.7407,48.2216],[-3.7406,48.2215],[-3.7406,48.2215]]]]},"properties":{"NATURE":"Industriel, agricole ou commercial","USAGE1":"Agricole","ETAT":"En service","surface":224.68669416289777,"HAUTEUR":7.2}},{"type":"Feature","geometry":{"type":"MultiPolygon","coordinates":[[[[-3.7406,48.2215],[-3.7407,48.2216],[-3.7405,48.2217],[-3.7405,48.2215],[-3.7406,48.2215]]]]},"properties":{"NATURE":"Industriel, agricole ou commercial","USAGE1":"Agricole","ETAT":"En service","surface":244.6117982417345,"HAUTEUR":5.3}},{"type":"Feature","geometry":{"type":"MultiPolygon","coordinates":[[[[-3.7411,48.2217],[-3.741,48.2217],[-3.741,48.2214],[-3.741,48.2214],[-3.7413,48.2214],[-3.7414,48.2217],[-3.7411,48.2217],[-3.7411,48.2217],[-3.7411,48.2217]]]]},"properties":{"NATURE":"Industriel, agricole ou commercial","USAGE1":"Agricole","ETAT":"En service","surface":708.08440547809,"HAUTEUR":6.0}},{"type":"Feature","geometry":{"type":"MultiPolygon","coordinates":[[[[-3.8107,48.2126],[-3.8109,48.2125],[-3.8111,48.2127],[-3.8109,48.2128],[-3.8108,48.2127],[-3.8108,48.2127],[-3.8107,48.2126]]]]},"properties":{"NATURE":"Industriel, agricole ou commercial","USAGE1":"Indiff\u00e9renci\u00e9","ETAT":"En service","surface":381.03300588205457,"HAUTEUR":7.9}},{"type":"Feature","geometry":{"type":"MultiPolygon","coordinates":[[[[-3.8101,48.2133],[-3.8101,48.2133],[-3.8103,48.2132],[-3.8104,48.2133],[-3.8102,48.2134],[-3.8101,48.2133]]]]},"properties":{"NATURE":"Industriel, agricole ou commercial","USAGE1":"Agricole","ETAT":"En service","surface":337.84878985211253,"HAUTEUR":5.6}},{"type":"Feature","geometry":{"type":"MultiPolygon","coordinates":[[[[-3.8108,48.2134],[-3.811,48.2133],[-3.8111,48.2134],[-3.8109,48.2135],[-3.8108,48.2134]]]]},"properties":{"NATURE":"Industriel, agricole ou commercial","USAGE1":"Indiff\u00e9renci\u00e9","ETAT":"En service","surface":209.49314576387405,"HAUTEUR":3.4}},{"type":"Feature","geometry":{"type":"MultiPolygon","coordinates":[[[[-3.7219,48.2209],[-3.7219,48.221],[-3.722,48.221],[-3.722,48.2211],[-3.7219,48.2211],[-3.7219,48.2211],[-3.7216,48.2211],[-3.7216,48.2209],[-3.7217,48.2209],[-3.7219,48.2209],[-3.7219,48.2209]]]]},"properties":{"NATURE":"Industriel, agricole ou commercial","USAGE1":"Indiff\u00e9renci\u00e9","ETAT":"En service","surface":538.858992759313,"HAUTEUR":7.6}},{"type":"Feature","geometry":{"type":"MultiPolygon","coordinates":[[[[-3.7224,48.223],[-3.7222,48.223],[-3.7224,48.2228],[-3.7225,48.2229],[-3.7224,48.223]]]]},"properties":{"NATURE":"Industriel, agricole ou commercial","USAGE1":"Annexe","ETAT":"En service","surface":274.186238668859,"HAUTEUR":5.8}},{"type":"Feature","geometry":{"type":"MultiPolygon","coordinates":[[[[-3.7651,48.224],[-3.7648,48.2241],[-3.7647,48.224],[-3.765,48.2239],[-3.7651,48.224]]]]},"properties":{"NATURE":"Industriel, agricole ou commercial","USAGE1":"Agricole","ETAT":"En service","surface":278.0197947025299,"HAUTEUR":6.8}},{"type":"Feature","geometry":{"type":"MultiPolygon","coordinates":[[[[-3.8285,48.2124],[-3.8285,48.2124],[-3.8287,48.2124],[-3.8287,48.2125],[-3.8287,48.2125],[-3.8286,48.2126],[-3.8285,48.2124]]]]},"properties":{"NATURE":"Industriel, agricole ou commercial","USAGE1":"Indiff\u00e9renci\u00e9","ETAT":"En service","surface":212.15105575881898,"HAUTEUR":3.1}},{"type":"Feature","geometry":{"type":"MultiPolygon","coordinates":[[[[-3.874,48.209],[-3.8741,48.2092],[-3.8741,48.2092],[-3.874,48.2092],[-3.8738,48.2091],[-3.874,48.209]]]]},"properties":{"NATURE":"Industriel, agricole ou commercial","USAGE1":"Agricole","ETAT":"En service","surface":275.0661024823785,"HAUTEUR":4.2}},{"type":"Feature","geometry":{"type":"MultiPolygon","coordinates":[[[[-3.8742,48.2091],[-3.8741,48.2091],[-3.8741,48.2091],[-3.874,48.2089],[-3.8742,48.2089],[-3.8743,48.209],[-3.8742,48.2091]]]]},"properties":{"NATURE":"Industriel, agricole ou commercial","USAGE1":"Agricole","ETAT":"En service","surface":232.9831399973482,"HAUTEUR":4.9}},{"type":"Feature","geometry":{"type":"MultiPolygon","coordinates":[[[[-3.8739,48.2089],[-3.874,48.209],[-3.874,48.209],[-3.8738,48.2091],[-3.8737,48.2089],[-3.8739,48.2089]]]]},"properties":{"NATURE":"Industriel, agricole ou commercial","USAGE1":"Agricole","ETAT":"En service","surface":272.0530708655715,"HAUTEUR":5.7}},{"type":"Feature","geometry":{"type":"MultiPolygon","coordinates":[[[[-3.8737,48.2089],[-3.8738,48.2091],[-3.8738,48.2091],[-3.8738,48.2091],[-3.8738,48.2091],[-3.8737,48.2092],[-3.8735,48.209],[-3.8737,48.2089]]]]},"properties":{"NATURE":"Industriel, agricole ou commercial","USAGE1":"Agricole","ETAT":"En service","surface":319.6016447432339,"HAUTEUR":5.6}},{"type":"Feature","geometry":{"type":"MultiPolygon","coordinates":[[[[-3.8738,48.2087],[-3.8739,48.2088],[-3.8737,48.2088],[-3.8737,48.2088],[-3.8736,48.2088],[-3.8736,48.2087],[-3.8738,48.2087],[-3.8738,48.2087]]]]},"properties":{"NATURE":"Industriel, agricole ou commercial","USAGE1":"Agricole","ETAT":"En service","surface":223.3032845305279,"HAUTEUR":6.8}},{"type":"Feature","geometry":{"type":"MultiPolygon","coordinates":[[[[-3.7283,48.2282],[-3.7282,48.2282],[-3.7281,48.2282],[-3.7281,48.2282],[-3.728,48.2282],[-3.728,48.2282],[-3.7279,48.2281],[-3.7279,48.228],[-3.7279,48.2279],[-3.7279,48.2279],[-3.728,48.2279],[-3.7282,48.2279],[-3.7282,48.2281],[-3.7282,48.2281],[-3.7282,48.2281],[-3.7282,48.2281],[-3.7282,48.2281],[-3.7283,48.2281],[-3.7283,48.2281],[-3.7283,48.2282],[-3.7283,48.2282]]]]},"properties":{"NATURE":"Industriel, agricole ou commercial","USAGE1":"Annexe","ETAT":"En service","surface":705.4769733399153,"HAUTEUR":4.0}},{"type":"Feature","geometry":{"type":"MultiPolygon","coordinates":[[[[-3.7341,48.2287],[-3.7342,48.2287],[-3.7343,48.2287],[-3.7343,48.2289],[-3.7341,48.2289],[-3.7341,48.2287]]]]},"properties":{"NATURE":"Industriel, agricole ou commercial","USAGE1":"Indiff\u00e9renci\u00e9","ETAT":"En service","surface":393.60912958323024,"HAUTEUR":3.4}},{"type":"Feature","geometry":{"type":"MultiPolygon","coordinates":[[[[-3.7666,48.2128],[-3.7665,48.2128],[-3.7664,48.2128],[-3.7664,48.2127],[-3.7666,48.2127],[-3.7666,48.2128]]]]},"properties":{"NATURE":"Industriel, agricole ou commercial","USAGE1":"Agricole","ETAT":"En service","surface":240.7150797881186,"HAUTEUR":5.1}},{"type":"Feature","geometry":{"type":"MultiPolygon","coordinates":[[[[-3.7666,48.2127],[-3.7668,48.2127],[-3.7668,48.2128],[-3.7666,48.2128],[-3.7666,48.2127]]]]},"properties":{"NATURE":"Industriel, agricole ou commercial","USAGE1":"Agricole","ETAT":"En service","surface":206.2800213145092,"HAUTEUR":3.9}},{"type":"Feature","geometry":{"type":"MultiPolygon","coordinates":[[[[-3.7671,48.2131],[-3.7671,48.2132],[-3.7669,48.2132],[-3.7669,48.2132],[-3.7668,48.2131],[-3.7671,48.2131],[-3.7671,48.2131]]]]},"properties":{"NATURE":"Industriel, agricole ou commercial","USAGE1":"Agricole","ETAT":"En service","surface":207.21588988229632,"HAUTEUR":3.9}},{"type":"Feature","geometry":{"type":"MultiPolygon","coordinates":[[[[-3.8222,48.2108],[-3.8221,48.2107],[-3.8224,48.2106],[-3.8225,48.2108],[-3.8222,48.2108]]]]},"properties":{"NATURE":"Industriel, agricole ou commercial","USAGE1":"Agricole","ETAT":"En service","surface":416.4348659813404,"HAUTEUR":4.9}},{"type":"Feature","geometry":{"type":"MultiPolygon","coordinates":[[[[-3.8219,48.2108],[-3.8219,48.2109],[-3.822,48.2109],[-3.822,48.211],[-3.8217,48.211],[-3.8216,48.211],[-3.8216,48.2109],[-3.8216,48.2108],[-3.8216,48.2107],[-3.8219,48.2107],[-3.8219,48.2108]]]]},"properties":{"NATURE":"Industriel, agricole ou commercial","USAGE1":"Agricole","ETAT":"En service","surface":675.2888806481278,"HAUTEUR":5.0}},{"type":"Feature","geometry":{"type":"MultiPolygon","coordinates":[[[[-3.7474,48.2118],[-3.7474,48.2118],[-3.7477,48.2117],[-3.7477,48.2117],[-3.7477,48.2118],[-3.7477,48.2119],[-3.7477,48.2119],[-3.7476,48.2119],[-3.7474,48.2119],[-3.7474,48.2118]]]]},"properties":{"NATURE":"Industriel, agricole ou commercial","USAGE1":"Agricole","ETAT":"En service","surface":505.55521208493155,"HAUTEUR":3.5}},{"type":"Feature","geometry":{"type":"MultiPolygon","coordinates":[[[[-3.7478,48.2122],[-3.7477,48.212],[-3.7479,48.212],[-3.748,48.212],[-3.748,48.2122],[-3.7478,48.2122]]]]},"properties":{"NATURE":"Industriel, agricole ou commercial","USAGE1":"Agricole","ETAT":"En service","surface":414.26207216084003,"HAUTEUR":2.3}},{"type":"Feature","geometry":{"type":"MultiPolygon","coordinates":[[[[-3.747,48.2118],[-3.747,48.2117],[-3.7469,48.2117],[-3.7469,48.2117],[-3.7472,48.2116],[-3.7473,48.2118],[-3.747,48.2118]]]]},"properties":{"NATURE":"Industriel, agricole ou commercial","USAGE1":"Agricole","ETAT":"En service","surface":451.0497149415314,"HAUTEUR":5.1}},{"type":"Feature","geometry":{"type":"MultiPolygon","coordinates":[[[[-3.7516,48.21],[-3.7514,48.21],[-3.7513,48.21],[-3.7513,48.2101],[-3.7513,48.21],[-3.7512,48.2099],[-3.7516,48.2099],[-3.7516,48.21]]]]},"properties":{"NATURE":"Industriel, agricole ou commercial","USAGE1":"Indiff\u00e9renci\u00e9","ETAT":"En service","surface":392.74100654758513,"HAUTEUR":4.2}},{"type":"Feature","geometry":{"type":"MultiPolygon","coordinates":[[[[-3.747,48.2121],[-3.747,48.2121],[-3.7471,48.2123],[-3.7468,48.2124],[-3.7468,48.2121],[-3.747,48.2121]]]]},"properties":{"NATURE":"Industriel, agricole ou commercial","USAGE1":"Agricole","ETAT":"En service","surface":610.2516788132489,"HAUTEUR":3.7}},{"type":"Feature","geometry":{"type":"MultiPolygon","coordinates":[[[[-3.7462,48.2118],[-3.7465,48.2117],[-3.7466,48.2119],[-3.7464,48.212],[-3.7462,48.2118]]]]},"properties":{"NATURE":"Industriel, agricole ou commercial","USAGE1":"Agricole","ETAT":"En service","surface":479.9791556596756,"HAUTEUR":3.8}},{"type":"Feature","geometry":{"type":"MultiPolygon","coordinates":[[[[-3.7488,48.2117],[-3.7488,48.2117],[-3.7488,48.2116],[-3.7491,48.2116],[-3.7492,48.2117],[-3.749,48.2118],[-3.7488,48.2118],[-3.7488,48.2117],[-3.7488,48.2117]]]]},"properties":{"NATURE":"Industriel, agricole ou commercial","USAGE1":"Agricole","ETAT":"En service","surface":484.8141627749428,"HAUTEUR":5.4}},{"type":"Feature","geometry":{"type":"MultiPolygon","coordinates":[[[[-3.7452,48.212],[-3.7452,48.212],[-3.7456,48.2119],[-3.7457,48.2121],[-3.7454,48.2122],[-3.7453,48.2122],[-3.7453,48.2122],[-3.7449,48.2123],[-3.7448,48.2121],[-3.7452,48.212],[-3.7452,48.212]]]]},"properties":{"NATURE":"Industriel, agricole ou commercial","USAGE1":"Agricole","ETAT":"En service","surface":1325.370380864595,"HAUTEUR":5.6}},{"type":"Feature","geometry":{"type":"MultiPolygon","coordinates":[[[[-3.8745,48.2096],[-3.8744,48.2092],[-3.8746,48.2092],[-3.8748,48.2095],[-3.8745,48.2096]]]]},"properties":{"NATURE":"Industriel, agricole ou commercial","USAGE1":"Agricole","ETAT":"En service","surface":913.6083931028843,"HAUTEUR":5.5}},{"type":"Feature","geometry":{"type":"MultiPolygon","coordinates":[[[[-3.8744,48.2091],[-3.8744,48.209],[-3.8743,48.209],[-3.8742,48.2089],[-3.8744,48.2088],[-3.8745,48.2089],[-3.8745,48.2089],[-3.8746,48.2091],[-3.8744,48.2091],[-3.8744,48.2091]]]]},"properties":{"NATURE":"Industriel, agricole ou commercial","USAGE1":"Agricole","ETAT":"En service","surface":361.5045396303758,"HAUTEUR":4.7}},{"type":"Feature","geometry":{"type":"MultiPolygon","coordinates":[[[[-3.7663,48.2129],[-3.7665,48.2129],[-3.7665,48.2131],[-3.7663,48.2131],[-3.7663,48.2129]]]]},"properties":{"NATURE":"Industriel, agricole ou commercial","USAGE1":"Agricole","ETAT":"En service","surface":273.71860428340733,"HAUTEUR":4.4}},{"type":"Feature","geometry":{"type":"MultiPolygon","coordinates":[[[[-3.765,48.2138],[-3.765,48.2136],[-3.7657,48.2137],[-3.7657,48.2138],[-3.7656,48.2138],[-3.7656,48.2139],[-3.765,48.2138]]]]},"properties":{"NATURE":"Industriel, agricole ou commercial","USAGE1":"Agricole","ETAT":"En service","surface":1044.2371030291542,"HAUTEUR":6.2}},{"type":"Feature","geometry":{"type":"MultiPolygon","coordinates":[[[[-3.766,48.2125],[-3.766,48.2125],[-3.7659,48.2125],[-3.7656,48.2124],[-3.7656,48.2124],[-3.766,48.2125]]]]},"properties":{"NATURE":"Industriel, agricole ou commercial","USAGE1":"Agricole","ETAT":"En service","surface":254.1438313946128,"HAUTEUR":5.2}},{"type":"Feature","geometry":{"type":"MultiPolygon","coordinates":[[[[-3.7659,48.213],[-3.7658,48.2136],[-3.7656,48.2136],[-3.7656,48.2134],[-3.7656,48.2134],[-3.7657,48.2127],[-3.7657,48.2127],[-3.7658,48.2127],[-3.7659,48.2127],[-3.7659,48.2129],[-3.7659,48.213]]]]},"properties":{"NATURE":"Industriel, agricole ou commercial","USAGE1":"Agricole","ETAT":"En service","surface":1451.1318491001148,"HAUTEUR":4.1}},{"type":"Feature","geometry":{"type":"MultiPolygon","coordinates":[[[[-3.7657,48.2127],[-3.7656,48.2127],[-3.7656,48.2128],[-3.7656,48.2128],[-3.7656,48.2135],[-3.7653,48.2134],[-3.7653,48.213],[-3.7654,48.213],[-3.7654,48.2126],[-3.7656,48.2126],[-3.7656,48.2127],[-3.7657,48.2127],[-3.7657,48.2127],[-3.7657,48.2127]]]]},"properties":{"NATURE":"Industriel, agricole ou commercial","USAGE1":"Agricole","ETAT":"En service","surface":1788.7857055936474,"HAUTEUR":5.1}},{"type":"Feature","geometry":{"type":"MultiPolygon","coordinates":[[[[-3.727,48.2265],[-3.7268,48.2265],[-3.7268,48.2264],[-3.7271,48.2264],[-3.727,48.2265]]]]},"properties":{"NATURE":"Industriel, agricole ou commercial","USAGE1":"Commercial et services","ETAT":"En service","surface":291.81792185269296,"HAUTEUR":9.2}},{"type":"Feature","geometry":{"type":"MultiPolygon","coordinates":[[[[-3.77,48.2181],[-3.7699,48.2179],[-3.7702,48.2179],[-3.7702,48.218],[-3.77,48.2181]]]]},"properties":{"NATURE":"Industriel, agricole ou commercial","USAGE1":"Agricole","ETAT":"En service","surface":204.3869726099074,"HAUTEUR":5.2}},{"type":"Feature","geometry":{"type":"MultiPolygon","coordinates":[[[[-3.7695,48.2175],[-3.7697,48.2174],[-3.7699,48.2175],[-3.7699,48.2175],[-3.7698,48.2176],[-3.7697,48.2176],[-3.7696,48.2176],[-3.7695,48.2175]]]]},"properties":{"NATURE":"Industriel, agricole ou commercial","USAGE1":"Agricole","ETAT":"En service","surface":355.2149059646763,"HAUTEUR":6.0}},{"type":"Feature","geometry":{"type":"MultiPolygon","coordinates":[[[[-3.8559,48.2083],[-3.8557,48.2081],[-3.8559,48.208],[-3.8561,48.2082],[-3.8559,48.2083]]]]},"properties":{"NATURE":"Industriel, agricole ou commercial","USAGE1":"Agricole","ETAT":"En service","surface":446.5117771625519,"HAUTEUR":7.4}},{"type":"Feature","geometry":{"type":"MultiPolygon","coordinates":[[[[-3.7008,48.2391],[-3.7009,48.2392],[-3.7008,48.2392],[-3.7008,48.2392],[-3.7007,48.2392],[-3.7006,48.2392],[-3.7006,48.2391],[-3.7008,48.2391],[-3.7008,48.2391]]]]},"properties":{"NATURE":"Industriel, agricole ou commercial","USAGE1":"Agricole","ETAT":"En service","surface":322.82471140660346,"HAUTEUR":4.2}},{"type":"Feature","geometry":{"type":"MultiPolygon","coordinates":[[[[-3.8718,48.2036],[-3.8718,48.2039],[-3.8716,48.2039],[-3.8715,48.2039],[-3.8715,48.2039],[-3.8715,48.2037],[-3.8715,48.2037],[-3.8717,48.2037],[-3.8717,48.2036],[-3.8718,48.2036]]]]},"properties":{"NATURE":"Industriel, agricole ou commercial","USAGE1":"Agricole","ETAT":"En service","surface":649.0218540681526,"HAUTEUR":6.1}},{"type":"Feature","geometry":{"type":"MultiPolygon","coordinates":[[[[-3.8719,48.2038],[-3.8725,48.2038],[-3.8725,48.2039],[-3.8719,48.2039],[-3.8719,48.2038]]]]},"properties":{"NATURE":"Industriel, agricole ou commercial","USAGE1":"Agricole","ETAT":"En service","surface":407.0682377368212,"HAUTEUR":2.3}},{"type":"Feature","geometry":{"type":"MultiPolygon","coordinates":[[[[-3.8723,48.2035],[-3.8724,48.2035],[-3.8725,48.2035],[-3.8725,48.2037],[-3.8725,48.2037],[-3.8725,48.2037],[-3.8724,48.2037],[-3.872,48.2037],[-3.872,48.2035],[-3.8722,48.2035],[-3.8722,48.2034],[-3.8723,48.2035]]]]},"properties":{"NATURE":"Industriel, agricole ou commercial","USAGE1":"Agricole","ETAT":"En service","surface":889.0687000351027,"HAUTEUR":7.7}},{"type":"Feature","geometry":{"type":"MultiPolygon","coordinates":[[[[-3.8703,48.2037],[-3.8705,48.2037],[-3.8705,48.2038],[-3.8705,48.2038],[-3.8705,48.2038],[-3.8703,48.2038],[-3.8703,48.2038],[-3.8701,48.2038],[-3.8701,48.2037],[-3.8702,48.2037],[-3.8702,48.2037],[-3.8703,48.2037]]]]},"properties":{"NATURE":"Industriel, agricole ou commercial","USAGE1":"Agricole","ETAT":"En service","surface":315.18888169294223,"HAUTEUR":5.5}},{"type":"Feature","geometry":{"type":"MultiPolygon","coordinates":[[[[-3.8709,48.2034],[-3.8709,48.2034],[-3.8709,48.2035],[-3.8706,48.2037],[-3.8705,48.2036],[-3.8705,48.2036],[-3.8704,48.2035],[-3.8705,48.2034],[-3.8706,48.2034],[-3.8707,48.2033],[-3.8709,48.2034]]]]},"properties":{"NATURE":"Industriel, agricole ou commercial","USAGE1":"Agricole","ETAT":"En service","surface":940.5667093349621,"HAUTEUR":3.3}},{"type":"Feature","geometry":{"type":"MultiPolygon","coordinates":[[[[-3.8698,48.2028],[-3.8702,48.2029],[-3.87,48.2031],[-3.8697,48.2029],[-3.8698,48.2028]]]]},"properties":{"NATURE":"Industriel, agricole ou commercial","USAGE1":"Agricole","ETAT":"En service","surface":696.6864550411701,"HAUTEUR":5.0}},{"type":"Feature","geometry":{"type":"MultiPolygon","coordinates":[[[[-3.87,48.2034],[-3.8698,48.2036],[-3.8697,48.2036],[-3.8697,48.2036],[-3.8695,48.2035],[-3.8697,48.2034],[-3.8698,48.2033],[-3.87,48.2034],[-3.87,48.2034]]]]},"properties":{"NATURE":"Industriel, agricole ou commercial","USAGE1":"Agricole","ETAT":"En service","surface":599.8365572895855,"HAUTEUR":4.1}},{"type":"Feature","geometry":{"type":"MultiPolygon","coordinates":[[[[-3.8699,48.2035],[-3.87,48.2034],[-3.87,48.2034],[-3.8702,48.2035],[-3.87,48.2036],[-3.87,48.2037],[-3.87,48.2037],[-3.8698,48.2037],[-3.8698,48.2037],[-3.8699,48.2036],[-3.8699,48.2035]]]]},"properties":{"NATURE":"Industriel, agricole ou commercial","USAGE1":"Agricole","ETAT":"En service","surface":407.2785590500571,"HAUTEUR":3.5}},{"type":"Feature","geometry":{"type":"MultiPolygon","coordinates":[[[[-3.8697,48.2032],[-3.8696,48.2032],[-3.8695,48.2031],[-3.8697,48.2029],[-3.8699,48.2031],[-3.8697,48.2032],[-3.8697,48.2032]]]]},"properties":{"NATURE":"Industriel, agricole ou commercial","USAGE1":"Agricole","ETAT":"En service","surface":466.2444107197225,"HAUTEUR":5.6}},{"type":"Feature","geometry":{"type":"MultiPolygon","coordinates":[[[[-3.8691,48.2032],[-3.8694,48.2029],[-3.8695,48.203],[-3.8694,48.2031],[-3.8695,48.2031],[-3.8696,48.2032],[-3.8693,48.2035],[-3.8691,48.2034],[-3.8691,48.2034],[-3.869,48.2033],[-3.8691,48.2032]]]]},"properties":{"NATURE":"Industriel, agricole ou commercial","USAGE1":"Agricole","ETAT":"En service","surface":1334.4970123562962,"HAUTEUR":5.0}},{"type":"Feature","geometry":{"type":"MultiPolygon","coordinates":[[[[-3.7287,48.2244],[-3.7287,48.2244],[-3.7288,48.2246],[-3.7286,48.2246],[-3.7286,48.2246],[-3.7285,48.2246],[-3.7285,48.2245],[-3.7285,48.2244],[-3.7287,48.2244]]]]},"properties":{"NATURE":"Industriel, agricole ou commercial","USAGE1":"Agricole","ETAT":"En service","surface":417.5149379912764,"HAUTEUR":4.9}},{"type":"Feature","geometry":{"type":"MultiPolygon","coordinates":[[[[-3.5665,47.857],[-3.5667,47.8571],[-3.5667,47.8572],[-3.5667,47.8572],[-3.5666,47.8572],[-3.5666,47.8572],[-3.5664,47.8571],[-3.5665,47.857]]]]},"properties":{"NATURE":"Industriel, agricole ou commercial","USAGE1":"Commercial et services","ETAT":"En service","surface":248.83590313326567,"HAUTEUR":2.7}},{"type":"Feature","geometry":{"type":"MultiPolygon","coordinates":[[[[-3.5706,47.8621],[-3.5708,47.8621],[-3.5709,47.8621],[-3.5709,47.8623],[-3.5707,47.8623],[-3.5706,47.8622],[-3.5706,47.8621],[-3.5706,47.8621]]]]},"properties":{"NATURE":"Industriel, agricole ou commercial","USAGE1":"Indiff\u00e9renci\u00e9","ETAT":"En service","surface":488.6075428649783,"HAUTEUR":3.6}},{"type":"Feature","geometry":{"type":"MultiPolygon","coordinates":[[[[-3.5672,47.858],[-3.5671,47.8581],[-3.5668,47.858],[-3.5669,47.8579],[-3.5672,47.858]]]]},"properties":{"NATURE":"Industriel, agricole ou commercial","USAGE1":"Annexe","ETAT":"En service","surface":275.6719413548708,"HAUTEUR":4.3}},{"type":"Feature","geometry":{"type":"MultiPolygon","coordinates":[[[[-3.5607,47.8589],[-3.5609,47.8588],[-3.5609,47.8589],[-3.561,47.8589],[-3.561,47.8589],[-3.561,47.8589],[-3.561,47.859],[-3.5611,47.859],[-3.5611,47.859],[-3.561,47.859],[-3.561,47.859],[-3.5608,47.859],[-3.5608,47.859],[-3.5607,47.8589]]]]},"properties":{"NATURE":"Industriel, agricole ou commercial","USAGE1":"Agricole","ETAT":"En service","surface":443.65823997184634,"HAUTEUR":3.4}},{"type":"Feature","geometry":{"type":"MultiPolygon","coordinates":[[[[-3.5611,47.859],[-3.5611,47.8589],[-3.5612,47.8589],[-3.5613,47.859],[-3.5613,47.859],[-3.5613,47.859],[-3.5611,47.8591],[-3.5611,47.859],[-3.5611,47.859],[-3.5611,47.859]]]]},"properties":{"NATURE":"Industriel, agricole ou commercial","USAGE1":"Agricole","ETAT":"En service","surface":255.5946618532762,"HAUTEUR":3.5}},{"type":"Feature","geometry":{"type":"MultiPolygon","coordinates":[[[[-3.562,47.8586],[-3.562,47.8586],[-3.5618,47.8587],[-3.5618,47.8586],[-3.5618,47.8586],[-3.5617,47.8585],[-3.562,47.8585],[-3.562,47.8586]]]]},"properties":{"NATURE":"Industriel, agricole ou commercial","USAGE1":"Agricole","ETAT":"En service","surface":317.3329945728183,"HAUTEUR":4.5}},{"type":"Feature","geometry":{"type":"MultiPolygon","coordinates":[[[[-3.5608,47.8585],[-3.5608,47.8584],[-3.5611,47.8584],[-3.5611,47.8585],[-3.5612,47.8585],[-3.5612,47.8586],[-3.5609,47.8586],[-3.5608,47.8585]]]]},"properties":{"NATURE":"Industriel, agricole ou commercial","USAGE1":"Agricole","ETAT":"En service","surface":477.3288290640339,"HAUTEUR":4.5}},{"type":"Feature","geometry":{"type":"MultiPolygon","coordinates":[[[[-3.5709,47.8591],[-3.571,47.859],[-3.5712,47.859],[-3.5712,47.8591],[-3.5712,47.8591],[-3.5712,47.8591],[-3.5712,47.8592],[-3.5711,47.8592],[-3.5711,47.8591],[-3.5711,47.8591],[-3.5711,47.8591],[-3.5709,47.8591],[-3.5709,47.8591],[-3.5709,47.8591],[-3.5709,47.8591]]]]},"properties":{"NATURE":"Industriel, agricole ou commercial","USAGE1":"Agricole","ETAT":"En service","surface":282.78627775702626,"HAUTEUR":3.0}},{"type":"Feature","geometry":{"type":"MultiPolygon","coordinates":[[[[-3.5709,47.8593],[-3.5707,47.8593],[-3.5707,47.8592],[-3.5708,47.8592],[-3.5711,47.8591],[-3.5711,47.8592],[-3.5712,47.8593],[-3.5712,47.8593],[-3.571,47.8594],[-3.5709,47.8594],[-3.5709,47.8593]]]]},"properties":{"NATURE":"Industriel, agricole ou commercial","USAGE1":"Agricole","ETAT":"En service","surface":675.1302022761665,"HAUTEUR":6.1}},{"type":"Feature","geometry":{"type":"MultiPolygon","coordinates":[[[[-3.5721,47.8587],[-3.5721,47.8587],[-3.5722,47.8586],[-3.5724,47.8586],[-3.5724,47.8588],[-3.5722,47.8588],[-3.5721,47.8587]]]]},"properties":{"NATURE":"Industriel, agricole ou commercial","USAGE1":"Agricole","ETAT":"En service","surface":408.80130207911134,"HAUTEUR":4.0}},{"type":"Feature","geometry":{"type":"MultiPolygon","coordinates":[[[[-3.571,47.8588],[-3.571,47.859],[-3.5709,47.859],[-3.5708,47.859],[-3.5708,47.859],[-3.5708,47.8588],[-3.571,47.8588],[-3.571,47.8588]]]]},"properties":{"NATURE":"Industriel, agricole ou commercial","USAGE1":"Agricole","ETAT":"En service","surface":283.056694354862,"HAUTEUR":3.9}},{"type":"Feature","geometry":{"type":"MultiPolygon","coordinates":[[[[-3.5707,47.8588],[-3.5707,47.859],[-3.5705,47.859],[-3.5705,47.8588],[-3.5707,47.8588]]]]},"properties":{"NATURE":"Industriel, agricole ou commercial","USAGE1":"Agricole","ETAT":"En service","surface":274.71043863892555,"HAUTEUR":4.0}},{"type":"Feature","geometry":{"type":"MultiPolygon","coordinates":[[[[-3.5713,47.8624],[-3.5714,47.8627],[-3.5713,47.8627],[-3.5712,47.8625],[-3.5713,47.8624]]]]},"properties":{"NATURE":"Industriel, agricole ou commercial","USAGE1":"Indiff\u00e9renci\u00e9","ETAT":"En service","surface":250.9826937764883,"HAUTEUR":5.0}},{"type":"Feature","geometry":{"type":"MultiPolygon","coordinates":[[[[-3.5753,47.8706],[-3.5753,47.8708],[-3.5753,47.8708],[-3.5752,47.8708],[-3.5751,47.8708],[-3.575,47.8707],[-3.5753,47.8706]]]]},"properties":{"NATURE":"Industriel, agricole ou commercial","USAGE1":"Indiff\u00e9renci\u00e9","ETAT":"En service","surface":247.02569573000073,"HAUTEUR":6.7}},{"type":"Feature","geometry":{"type":"MultiPolygon","coordinates":[[[[-3.569,47.8736],[-3.5689,47.8737],[-3.5688,47.8737],[-3.5687,47.8736],[-3.5688,47.8735],[-3.5689,47.8735],[-3.569,47.8736],[-3.569,47.8736],[-3.569,47.8736]]]]},"properties":{"NATURE":"Industriel, agricole ou commercial","USAGE1":"Commercial et services","ETAT":"En service","surface":385.16969171445817,"HAUTEUR":3.5}},{"type":"Feature","geometry":{"type":"MultiPolygon","coordinates":[[[[-3.5682,47.8704],[-3.5678,47.8704],[-3.5678,47.8703],[-3.5682,47.8703],[-3.5682,47.8704]]]]},"properties":{"NATURE":"Industriel, agricole ou commercial","USAGE1":"Indiff\u00e9renci\u00e9","ETAT":"En service","surface":218.30231263535097,"HAUTEUR":3.2}},{"type":"Feature","geometry":{"type":"MultiPolygon","coordinates":[[[[-3.5748,47.8698],[-3.5748,47.8699],[-3.5745,47.87],[-3.5745,47.8701],[-3.5744,47.8701],[-3.5743,47.8699],[-3.5748,47.8698]]]]},"properties":{"NATURE":"Industriel, agricole ou commercial","USAGE1":"Commercial et services","ETAT":"En service","surface":632.9427245818079,"HAUTEUR":5.2}},{"type":"Feature","geometry":{"type":"MultiPolygon","coordinates":[[[[-3.5669,47.8695],[-3.567,47.8695],[-3.5671,47.8697],[-3.567,47.8697],[-3.5669,47.8697],[-3.567,47.8698],[-3.5669,47.8699],[-3.5667,47.8696],[-3.5669,47.8695]]]]},"properties":{"NATURE":"Industriel, agricole ou commercial","USAGE1":"Commercial et services","ETAT":"En service","surface":600.4843936413527,"HAUTEUR":9.4}},{"type":"Feature","geometry":{"type":"MultiPolygon","coordinates":[[[[-3.5667,47.8696],[-3.5669,47.8699],[-3.5665,47.87],[-3.5664,47.87],[-3.5663,47.8699],[-3.5662,47.8697],[-3.566,47.8695],[-3.5664,47.8695],[-3.5665,47.8694],[-3.5666,47.8694],[-3.5667,47.8694],[-3.5667,47.8696]]]]},"properties":{"NATURE":"Industriel, agricole ou commercial","USAGE1":"Commercial et services","ETAT":"En service","surface":2268.9894310235977,"HAUTEUR":7.0}},{"type":"Feature","geometry":{"type":"MultiPolygon","coordinates":[[[[-3.567,47.8698],[-3.5672,47.8702],[-3.5671,47.8702],[-3.567,47.8702],[-3.567,47.8701],[-3.567,47.8701],[-3.5669,47.8699],[-3.5669,47.8699],[-3.567,47.8698]]]]},"properties":{"NATURE":"Industriel, agricole ou commercial","USAGE1":"Commercial et services","ETAT":"En service","surface":381.89646469056606,"HAUTEUR":9.3}},{"type":"Feature","geometry":{"type":"MultiPolygon","coordinates":[[[[-3.5669,47.8699],[-3.5669,47.8699],[-3.567,47.8701],[-3.567,47.8701],[-3.567,47.8702],[-3.567,47.8702],[-3.567,47.8702],[-3.567,47.8702],[-3.5667,47.8703],[-3.5666,47.8701],[-3.5664,47.87],[-3.5665,47.87],[-3.5669,47.8699]]]]},"properties":{"NATURE":"Industriel, agricole ou commercial","USAGE1":"Commercial et services","ETAT":"En service","surface":1295.049356548814,"HAUTEUR":6.2}},{"type":"Feature","geometry":{"type":"MultiPolygon","coordinates":[[[[-3.5667,47.8703],[-3.567,47.8702],[-3.567,47.8702],[-3.567,47.8703],[-3.567,47.8703],[-3.567,47.8703],[-3.567,47.8703],[-3.5669,47.8704],[-3.5669,47.8704],[-3.5668,47.8704],[-3.5668,47.8704],[-3.5667,47.8704],[-3.5661,47.8705],[-3.5661,47.8705],[-3.5661,47.8705],[-3.5667,47.8703]]]]},"properties":{"NATURE":"Industriel, agricole ou commercial","USAGE1":"Commercial et services","ETAT":"En service","surface":563.124004518846,"HAUTEUR":6.2}},{"type":"Feature","geometry":{"type":"MultiPolygon","coordinates":[[[[-3.5664,47.87],[-3.5666,47.8701],[-3.5667,47.8703],[-3.5661,47.8705],[-3.5661,47.8705],[-3.5661,47.8705],[-3.566,47.8704],[-3.566,47.8703],[-3.566,47.8704],[-3.5658,47.8701],[-3.5664,47.87]]]]},"properties":{"NATURE":"Industriel, agricole ou commercial","USAGE1":"Commercial et services","ETAT":"En service","surface":2192.0904526952654,"HAUTEUR":5.9}},{"type":"Feature","geometry":{"type":"MultiPolygon","coordinates":[[[[-3.5672,47.8702],[-3.5673,47.8703],[-3.5667,47.8704],[-3.5667,47.8704],[-3.5668,47.8704],[-3.5668,47.8704],[-3.5669,47.8704],[-3.5669,47.8704],[-3.567,47.8703],[-3.567,47.8703],[-3.5671,47.8703],[-3.5671,47.8702],[-3.5672,47.8702]]]]},"properties":{"NATURE":"Industriel, agricole ou commercial","USAGE1":"Commercial et services","ETAT":"En service","surface":297.9289683154784,"HAUTEUR":9.2}},{"type":"Feature","geometry":{"type":"MultiPolygon","coordinates":[[[[-3.5664,47.8695],[-3.566,47.8695],[-3.566,47.8695],[-3.5663,47.8694],[-3.5664,47.8693],[-3.5664,47.8695]]]]},"properties":{"NATURE":"Industriel, agricole ou commercial","USAGE1":"Commercial et services","ETAT":"En service","surface":395.43480656668544,"HAUTEUR":6.7}},{"type":"Feature","geometry":{"type":"MultiPolygon","coordinates":[[[[-3.5664,47.87],[-3.5658,47.8701],[-3.5658,47.8701],[-3.5657,47.87],[-3.5656,47.8699],[-3.5656,47.8698],[-3.5655,47.8697],[-3.5655,47.8697],[-3.5659,47.8696],[-3.566,47.8695],[-3.5662,47.8697],[-3.5663,47.8699],[-3.5664,47.87]]]]},"properties":{"NATURE":"Industriel, agricole ou commercial","USAGE1":"Commercial et services","ETAT":"En service","surface":2574.2780745998025,"HAUTEUR":6.7}},{"type":"Feature","geometry":{"type":"MultiPolygon","coordinates":[[[[-3.5654,47.8697],[-3.5654,47.8697],[-3.5655,47.8698],[-3.5656,47.8699],[-3.5657,47.8701],[-3.5658,47.8701],[-3.5657,47.8702],[-3.5656,47.8701],[-3.5654,47.8702],[-3.5652,47.8697],[-3.5654,47.8697]]]]},"properties":{"NATURE":"Industriel, agricole ou commercial","USAGE1":"Commercial et services","ETAT":"En service","surface":1195.3409671196714,"HAUTEUR":9.5}},{"type":"Feature","geometry":{"type":"MultiPolygon","coordinates":[[[[-3.5657,47.8702],[-3.5658,47.8704],[-3.5657,47.8704],[-3.5657,47.8704],[-3.5656,47.8702],[-3.5654,47.8702],[-3.5654,47.8702],[-3.5656,47.8701],[-3.5657,47.8702],[-3.5657,47.8702]]]]},"properties":{"NATURE":"Industriel, agricole ou commercial","USAGE1":"Commercial et services","ETAT":"En service","surface":251.6219430817291,"HAUTEUR":5.6}},{"type":"Feature","geometry":{"type":"MultiPolygon","coordinates":[[[[-3.5656,47.8699],[-3.5657,47.87],[-3.5658,47.8701],[-3.5658,47.8701],[-3.5658,47.8701],[-3.5657,47.8701],[-3.5656,47.8699],[-3.5655,47.8698],[-3.5654,47.8697],[-3.5654,47.8697],[-3.5655,47.8697],[-3.5655,47.8697],[-3.5656,47.8698],[-3.5656,47.8699]]]]},"properties":{"NATURE":"Industriel, agricole ou commercial","USAGE1":"Commercial et services","ETAT":"En service","surface":229.20204431936145,"HAUTEUR":8.7}},{"type":"Feature","geometry":{"type":"MultiPolygon","coordinates":[[[[-3.5652,47.8697],[-3.5654,47.8702],[-3.5653,47.8702],[-3.5653,47.8701],[-3.565,47.8702],[-3.5648,47.8698],[-3.5652,47.8697],[-3.5652,47.8697]]]]},"properties":{"NATURE":"Industriel, agricole ou commercial","USAGE1":"Commercial et services","ETAT":"En service","surface":1593.1237148400396,"HAUTEUR":11.1}},{"type":"Feature","geometry":{"type":"MultiPolygon","coordinates":[[[[-3.5725,47.8675],[-3.5727,47.8679],[-3.5727,47.8679],[-3.5724,47.868],[-3.5721,47.8676],[-3.5723,47.8676],[-3.5724,47.8675],[-3.5724,47.8675],[-3.5724,47.8675],[-3.5725,47.8675]]]]},"properties":{"NATURE":"Industriel, agricole ou commercial","USAGE1":"Commercial et services","ETAT":"En service","surface":1225.613751713885,"HAUTEUR":7.9}},{"type":"Feature","geometry":{"type":"MultiPolygon","coordinates":[[[[-3.5738,47.8674],[-3.5736,47.8675],[-3.5736,47.8674],[-3.5735,47.8674],[-3.5735,47.8675],[-3.5733,47.8675],[-3.5733,47.8676],[-3.5732,47.8677],[-3.5732,47.8674],[-3.5731,47.8673],[-3.5731,47.8673],[-3.5731,47.8672],[-3.5729,47.8671],[-3.5734,47.867],[-3.5735,47.8673],[-3.5736,47.8672],[-3.5737,47.8673],[-3.5738,47.8674]]]]},"properties":{"NATURE":"Industriel, agricole ou commercial","USAGE1":"Commercial et services","ETAT":"En service","surface":2155.9422425632365,"HAUTEUR":6.2}},{"type":"Feature","geometry":{"type":"MultiPolygon","coordinates":[[[[-3.5698,47.8695],[-3.5698,47.8696],[-3.5695,47.8696],[-3.5694,47.8693],[-3.5697,47.8693],[-3.5697,47.8693],[-3.5698,47.8695]]]]},"properties":{"NATURE":"Industriel, agricole ou commercial","USAGE1":"Commercial et services","ETAT":"En service","surface":830.0671030003577,"HAUTEUR":5.0}},{"type":"Feature","geometry":{"type":"MultiPolygon","coordinates":[[[[-3.5743,47.8683],[-3.5741,47.868],[-3.5743,47.868],[-3.5744,47.868],[-3.5743,47.8681],[-3.5745,47.8683],[-3.5743,47.8683]]]]},"properties":{"NATURE":"Industriel, agricole ou commercial","USAGE1":"Commercial et services","ETAT":"En service","surface":468.4130516126752,"HAUTEUR":4.6}},{"type":"Feature","geometry":{"type":"MultiPolygon","coordinates":[[[[-3.5721,47.868],[-3.5716,47.8682],[-3.5713,47.8678],[-3.5718,47.8676],[-3.5721,47.868]]]]},"properties":{"NATURE":"Industriel, agricole ou commercial","USAGE1":"Commercial et services","ETAT":"En service","surface":1895.046343177557,"HAUTEUR":7.7}},{"type":"Feature","geometry":{"type":"MultiPolygon","coordinates":[[[[-3.5697,47.8687],[-3.5696,47.8685],[-3.5701,47.8684],[-3.5702,47.8686],[-3.5699,47.8687],[-3.5699,47.8687],[-3.5698,47.8687],[-3.5698,47.8687],[-3.5697,47.8687]]]]},"properties":{"NATURE":"Industriel, agricole ou commercial","USAGE1":"Commercial et services","ETAT":"En service","surface":1182.6402927786112,"HAUTEUR":5.7}},{"type":"Feature","geometry":{"type":"MultiPolygon","coordinates":[[[[-3.5734,47.8688],[-3.573,47.8689],[-3.5729,47.8688],[-3.5729,47.8688],[-3.5726,47.8684],[-3.5727,47.8684],[-3.5727,47.8684],[-3.573,47.8682],[-3.5734,47.8688]]]]},"properties":{"NATURE":"Industriel, agricole ou commercial","USAGE1":"Commercial et services","ETAT":"En service","surface":2144.7549552540295,"HAUTEUR":7.1}},{"type":"Feature","geometry":{"type":"MultiPolygon","coordinates":[[[[-3.5705,47.8685],[-3.5703,47.8681],[-3.5708,47.868],[-3.5709,47.8681],[-3.5711,47.868],[-3.5712,47.8682],[-3.571,47.8682],[-3.571,47.8683],[-3.5705,47.8685]]]]},"properties":{"NATURE":"Industriel, agricole ou commercial","USAGE1":"Commercial et services","ETAT":"En service","surface":2023.102524627,"HAUTEUR":5.4}},{"type":"Feature","geometry":{"type":"MultiPolygon","coordinates":[[[[-3.5694,47.8686],[-3.5695,47.8688],[-3.5692,47.8689],[-3.5691,47.8689],[-3.569,47.8687],[-3.5692,47.8686],[-3.5693,47.8687],[-3.5694,47.8686]]]]},"properties":{"NATURE":"Industriel, agricole ou commercial","USAGE1":"Commercial et services","ETAT":"En service","surface":689.9097142964602,"HAUTEUR":4.4}},{"type":"Feature","geometry":{"type":"MultiPolygon","coordinates":[[[[-3.5708,47.8697],[-3.5706,47.8698],[-3.5706,47.8698],[-3.5705,47.8698],[-3.5704,47.8698],[-3.5704,47.8698],[-3.5703,47.8696],[-3.5708,47.8696],[-3.5708,47.8697]]]]},"properties":{"NATURE":"Industriel, agricole ou commercial","USAGE1":"Commercial et services","ETAT":"En service","surface":753.5994783649221,"HAUTEUR":5.1}},{"type":"Feature","geometry":{"type":"MultiPolygon","coordinates":[[[[-3.5683,47.8697],[-3.5673,47.8699],[-3.5672,47.8697],[-3.5672,47.8697],[-3.5681,47.8695],[-3.5681,47.8695],[-3.5681,47.8694],[-3.568,47.8692],[-3.568,47.8692],[-3.5683,47.8697]]]]},"properties":{"NATURE":"Industriel, agricole ou commercial","USAGE1":"Commercial et services","ETAT":"En service","surface":1680.4360937122256,"HAUTEUR":9.0}},{"type":"Feature","geometry":{"type":"MultiPolygon","coordinates":[[[[-3.5681,47.8695],[-3.5672,47.8697],[-3.5672,47.8697],[-3.5671,47.8697],[-3.5671,47.8697],[-3.567,47.8695],[-3.5669,47.8692],[-3.5669,47.8692],[-3.5668,47.8692],[-3.5678,47.869],[-3.5679,47.8692],[-3.568,47.8692],[-3.5681,47.8694],[-3.5681,47.8695],[-3.5681,47.8695]]]]},"properties":{"NATURE":"Industriel, agricole ou commercial","USAGE1":"Commercial et services","ETAT":"En service","surface":5085.063062470406,"HAUTEUR":9.0}},{"type":"Feature","geometry":{"type":"MultiPolygon","coordinates":[[[[-3.5448,47.8524],[-3.5449,47.8525],[-3.5447,47.8525],[-3.5447,47.8525],[-3.5447,47.8524],[-3.5448,47.8524],[-3.5448,47.8524]]]]},"properties":{"NATURE":"Industriel, agricole ou commercial","USAGE1":"Agricole","ETAT":"En service","surface":255.7061720150523,"HAUTEUR":6.3}},{"type":"Feature","geometry":{"type":"MultiPolygon","coordinates":[[[[-3.5445,47.8522],[-3.5446,47.8522],[-3.5447,47.8523],[-3.5448,47.8523],[-3.5447,47.8523],[-3.5447,47.8523],[-3.5446,47.8523],[-3.5446,47.8523],[-3.5444,47.8524],[-3.5443,47.8522],[-3.5443,47.8522],[-3.5444,47.8522],[-3.5444,47.8522],[-3.5445,47.8522]]]]},"properties":{"NATURE":"Industriel, agricole ou commercial","USAGE1":"Agricole","ETAT":"En service","surface":401.06299657095224,"HAUTEUR":5.0}},{"type":"Feature","geometry":{"type":"MultiPolygon","coordinates":[[[[-3.5448,47.8527],[-3.5448,47.8526],[-3.5447,47.8525],[-3.5447,47.8525],[-3.5449,47.8525],[-3.545,47.8527],[-3.5448,47.8527]]]]},"properties":{"NATURE":"Industriel, agricole ou commercial","USAGE1":"Agricole","ETAT":"En service","surface":309.60407004877925,"HAUTEUR":6.0}},{"type":"Feature","geometry":{"type":"MultiPolygon","coordinates":[[[[-3.5446,47.8528],[-3.5446,47.8529],[-3.5444,47.853],[-3.5444,47.853],[-3.5444,47.853],[-3.5443,47.8529],[-3.5446,47.8528]]]]},"properties":{"NATURE":"Industriel, agricole ou commercial","USAGE1":"Agricole","ETAT":"En service","surface":214.86577602103353,"HAUTEUR":5.4}},{"type":"Feature","geometry":{"type":"MultiPolygon","coordinates":[[[[-3.5446,47.8529],[-3.5447,47.853],[-3.5445,47.8531],[-3.5445,47.853],[-3.5444,47.853],[-3.5444,47.853],[-3.5446,47.8529]]]]},"properties":{"NATURE":"Industriel, agricole ou commercial","USAGE1":"Agricole","ETAT":"En service","surface":247.62012322247028,"HAUTEUR":6.6}},{"type":"Feature","geometry":{"type":"MultiPolygon","coordinates":[[[[-3.5879,47.8635],[-3.5877,47.8636],[-3.5875,47.8635],[-3.5877,47.8634],[-3.5879,47.8635]]]]},"properties":{"NATURE":"Industriel, agricole ou commercial","USAGE1":"Commercial et services","ETAT":"En service","surface":439.33577148616314,"HAUTEUR":4.9}},{"type":"Feature","geometry":{"type":"MultiPolygon","coordinates":[[[[-3.5861,47.863],[-3.5863,47.8633],[-3.5862,47.8633],[-3.5861,47.8633],[-3.5861,47.8634],[-3.5859,47.8632],[-3.586,47.8632],[-3.5859,47.8631],[-3.586,47.8631],[-3.5861,47.863]]]]},"properties":{"NATURE":"Industriel, agricole ou commercial","USAGE1":"Commercial et services","ETAT":"En service","surface":565.160069078207,"HAUTEUR":5.5}},{"type":"Feature","geometry":{"type":"MultiPolygon","coordinates":[[[[-3.5861,47.863],[-3.5862,47.863],[-3.5863,47.8631],[-3.5863,47.8631],[-3.5864,47.8632],[-3.5863,47.8632],[-3.5864,47.8632],[-3.5863,47.8633],[-3.5861,47.863]]]]},"properties":{"NATURE":"Industriel, agricole ou commercial","USAGE1":"Commercial et services","ETAT":"En service","surface":296.67399800755084,"HAUTEUR":5.7}},{"type":"Feature","geometry":{"type":"MultiPolygon","coordinates":[[[[-3.5344,47.8657],[-3.534,47.8661],[-3.5331,47.8656],[-3.5335,47.8653],[-3.5336,47.8653],[-3.5338,47.8652],[-3.5336,47.8651],[-3.5338,47.8649],[-3.534,47.865],[-3.5341,47.8649],[-3.5341,47.8648],[-3.5342,47.8647],[-3.5344,47.8647],[-3.5343,47.8648],[-3.5347,47.865],[-3.534,47.8655],[-3.5344,47.8657]]]]},"properties":{"NATURE":"Industriel, agricole ou commercial","USAGE1":"Industriel","ETAT":"En service","surface":7462.002417899668,"HAUTEUR":7.2}},{"type":"Feature","geometry":{"type":"MultiPolygon","coordinates":[[[[-3.5345,47.8662],[-3.5344,47.8663],[-3.5342,47.8663],[-3.5344,47.866],[-3.5345,47.8661],[-3.5344,47.8661],[-3.5345,47.8662]]]]},"properties":{"NATURE":"Industriel, agricole ou commercial","USAGE1":"Commercial et services","ETAT":"En service","surface":366.51704528182745,"HAUTEUR":5.0}},{"type":"Feature","geometry":{"type":"MultiPolygon","coordinates":[[[[-3.5334,47.8629],[-3.5335,47.8628],[-3.534,47.863],[-3.534,47.8631],[-3.534,47.8632],[-3.5339,47.8632],[-3.5339,47.8633],[-3.5333,47.8631],[-3.5334,47.863],[-3.5334,47.8629]]]]},"properties":{"NATURE":"Industriel, agricole ou commercial","USAGE1":"Industriel","ETAT":"En service","surface":1662.7564996476285,"HAUTEUR":7.4}},{"type":"Feature","geometry":{"type":"MultiPolygon","coordinates":[[[[-3.5327,47.8643],[-3.5328,47.8641],[-3.5331,47.8642],[-3.533,47.8643],[-3.5331,47.8643],[-3.5331,47.8643],[-3.5332,47.8643],[-3.5332,47.8645],[-3.5331,47.8645],[-3.533,47.8647],[-3.5328,47.8647],[-3.5328,47.8647],[-3.5325,47.8647],[-3.5325,47.8646],[-3.5326,47.8645],[-3.5326,47.8645],[-3.5327,47.8644],[-3.5327,47.8643]]]]},"properties":{"NATURE":"Industriel, agricole ou commercial","USAGE1":"Industriel","ETAT":"En service","surface":2123.9643709068187,"HAUTEUR":5.1}},{"type":"Feature","geometry":{"type":"MultiPolygon","coordinates":[[[[-3.5325,47.8646],[-3.5325,47.8646],[-3.5325,47.8647],[-3.5322,47.8646],[-3.5323,47.8645],[-3.5326,47.8645],[-3.5326,47.8645],[-3.5325,47.8646]]]]},"properties":{"NATURE":"Industriel, agricole ou commercial","USAGE1":"Industriel","ETAT":"En service","surface":360.22406452102587,"HAUTEUR":6.0}},{"type":"Feature","geometry":{"type":"MultiPolygon","coordinates":[[[[-3.5251,47.8655],[-3.5246,47.8655],[-3.5246,47.8654],[-3.5248,47.8653],[-3.5247,47.8653],[-3.525,47.8653],[-3.525,47.8653],[-3.5251,47.8653],[-3.5251,47.8655]]]]},"properties":{"NATURE":"Industriel, agricole ou commercial","USAGE1":"Commercial et services","ETAT":"En service","surface":841.3850670475513,"HAUTEUR":8.4}},{"type":"Feature","geometry":{"type":"MultiPolygon","coordinates":[[[[-3.5259,47.8652],[-3.5259,47.8654],[-3.5259,47.8654],[-3.5259,47.8654],[-3.5257,47.8655],[-3.5257,47.8654],[-3.5255,47.8655],[-3.5254,47.8653],[-3.5259,47.8652]]]]},"properties":{"NATURE":"Industriel, agricole ou commercial","USAGE1":"Commercial et services","ETAT":"En service","surface":771.8416794613004,"HAUTEUR":4.5}},{"type":"Feature","geometry":{"type":"MultiPolygon","coordinates":[[[[-3.5215,47.867],[-3.5209,47.8669],[-3.521,47.8666],[-3.5216,47.8668],[-3.5215,47.867]]]]},"properties":{"NATURE":"Industriel, agricole ou commercial","USAGE1":"Commercial et services","ETAT":"En service","surface":1287.8932879418135,"HAUTEUR":4.9}},{"type":"Feature","geometry":{"type":"MultiPolygon","coordinates":[[[[-3.5315,47.8647],[-3.5313,47.8649],[-3.5311,47.8649],[-3.5313,47.8647],[-3.5315,47.8647]]]]},"properties":{"NATURE":"Industriel, agricole ou commercial","USAGE1":"Industriel","ETAT":"En service","surface":458.3208006769419,"HAUTEUR":5.1}},{"type":"Feature","geometry":{"type":"MultiPolygon","coordinates":[[[[-3.5314,47.8651],[-3.5315,47.865],[-3.5318,47.865],[-3.5317,47.8652],[-3.5317,47.8652],[-3.5314,47.8651],[-3.5314,47.8651]]]]},"properties":{"NATURE":"Industriel, agricole ou commercial","USAGE1":"Industriel","ETAT":"En service","surface":384.44145509414375,"HAUTEUR":5.3}},{"type":"Feature","geometry":{"type":"MultiPolygon","coordinates":[[[[-3.5318,47.8654],[-3.5318,47.8654],[-3.5316,47.8654],[-3.5315,47.8654],[-3.5315,47.8653],[-3.5315,47.8652],[-3.5318,47.8653],[-3.5318,47.8654]]]]},"properties":{"NATURE":"Industriel, agricole ou commercial","USAGE1":"Commercial et services","ETAT":"En service","surface":282.65464995987713,"HAUTEUR":5.3}},{"type":"Feature","geometry":{"type":"MultiPolygon","coordinates":[[[[-3.5321,47.8654],[-3.5319,47.8654],[-3.5319,47.8654],[-3.5318,47.8654],[-3.5318,47.8653],[-3.5322,47.8653],[-3.5321,47.8654]]]]},"properties":{"NATURE":"Industriel, agricole ou commercial","USAGE1":"Commercial et services","ETAT":"En service","surface":310.2216644883156,"HAUTEUR":6.5}},{"type":"Feature","geometry":{"type":"MultiPolygon","coordinates":[[[[-3.5317,47.8656],[-3.5314,47.8656],[-3.5314,47.8655],[-3.5313,47.8655],[-3.5313,47.8654],[-3.5314,47.8654],[-3.5314,47.8653],[-3.5315,47.8653],[-3.5315,47.8654],[-3.5316,47.8654],[-3.5318,47.8654],[-3.5317,47.8656]]]]},"properties":{"NATURE":"Industriel, agricole ou commercial","USAGE1":"Commercial et services","ETAT":"En service","surface":687.5684474743903,"HAUTEUR":4.7}},{"type":"Feature","geometry":{"type":"MultiPolygon","coordinates":[[[[-3.5321,47.8654],[-3.5321,47.8656],[-3.5318,47.8656],[-3.5319,47.8655],[-3.5318,47.8655],[-3.5318,47.8655],[-3.5318,47.8655],[-3.5318,47.8654],[-3.5319,47.8654],[-3.5319,47.8654],[-3.5319,47.8654],[-3.5321,47.8654]]]]},"properties":{"NATURE":"Industriel, agricole ou commercial","USAGE1":"Commercial et services","ETAT":"En service","surface":548.8220928127412,"HAUTEUR":5.3}},{"type":"Feature","geometry":{"type":"MultiPolygon","coordinates":[[[[-3.5338,47.8637],[-3.5336,47.8639],[-3.5334,47.8639],[-3.5336,47.8637],[-3.5338,47.8637]]]]},"properties":{"NATURE":"Industriel, agricole ou commercial","USAGE1":"Industriel","ETAT":"En service","surface":300.4739785939455,"HAUTEUR":5.1}},{"type":"Feature","geometry":{"type":"MultiPolygon","coordinates":[[[[-3.5335,47.8633],[-3.5331,47.8638],[-3.5328,47.8637],[-3.5333,47.8632],[-3.5335,47.8633]]]]},"properties":{"NATURE":"Industriel, agricole ou commercial","USAGE1":"Industriel","ETAT":"En service","surface":1506.5358149707317,"HAUTEUR":7.7}},{"type":"Feature","geometry":{"type":"MultiPolygon","coordinates":[[[[-3.5326,47.8627],[-3.5325,47.8629],[-3.5321,47.8627],[-3.5323,47.8626],[-3.5326,47.8627]]]]},"properties":{"NATURE":"Industriel, agricole ou commercial","USAGE1":"Industriel","ETAT":"En service","surface":587.5353995710611,"HAUTEUR":3.4}},{"type":"Feature","geometry":{"type":"MultiPolygon","coordinates":[[[[-3.5295,47.8606],[-3.5295,47.8606],[-3.5295,47.8605],[-3.5294,47.8605],[-3.5294,47.8605],[-3.5295,47.8605],[-3.5295,47.8604],[-3.5294,47.8604],[-3.5295,47.8603],[-3.5296,47.8604],[-3.5295,47.8604],[-3.5296,47.8604],[-3.5296,47.8604],[-3.5297,47.8604],[-3.5297,47.8604],[-3.5296,47.8604],[-3.5296,47.8605],[-3.5296,47.8605],[-3.5295,47.8606]]]]},"properties":{"NATURE":"Industriel, agricole ou commercial","USAGE1":"Industriel","ETAT":"En service","surface":323.9614412141964,"HAUTEUR":2.0}},{"type":"Feature","geometry":{"type":"MultiPolygon","coordinates":[[[[-3.5302,47.8607],[-3.5299,47.8606],[-3.53,47.8604],[-3.5303,47.8606],[-3.5302,47.8607]]]]},"properties":{"NATURE":"Industriel, agricole ou commercial","USAGE1":"Industriel","ETAT":"En service","surface":494.85663340985775,"HAUTEUR":5.1}},{"type":"Feature","geometry":{"type":"MultiPolygon","coordinates":[[[[-3.5333,47.8626],[-3.5332,47.8627],[-3.5329,47.8626],[-3.533,47.8625],[-3.5333,47.8626]]]]},"properties":{"NATURE":"Industriel, agricole ou commercial","USAGE1":"Industriel","ETAT":"En service","surface":321.016910366714,"HAUTEUR":4.8}},{"type":"Feature","geometry":{"type":"MultiPolygon","coordinates":[[[[-3.5303,47.8603],[-3.5301,47.8602],[-3.5302,47.8601],[-3.5304,47.8602],[-3.5303,47.8603]]]]},"properties":{"NATURE":"Industriel, agricole ou commercial","USAGE1":"Industriel","ETAT":"En service","surface":298.9478085041046,"HAUTEUR":5.2}},{"type":"Feature","geometry":{"type":"MultiPolygon","coordinates":[[[[-3.5332,47.8622],[-3.5336,47.8624],[-3.5334,47.8625],[-3.5331,47.8624],[-3.5332,47.8622]]]]},"properties":{"NATURE":"Industriel, agricole ou commercial","USAGE1":"Industriel","ETAT":"En service","surface":588.5419267863035,"HAUTEUR":3.8}},{"type":"Feature","geometry":{"type":"MultiPolygon","coordinates":[[[[-3.5329,47.8624],[-3.5328,47.8625],[-3.5326,47.8624],[-3.5327,47.8623],[-3.5329,47.8624]]]]},"properties":{"NATURE":"Industriel, agricole ou commercial","USAGE1":"Industriel","ETAT":"En service","surface":305.3759024888277,"HAUTEUR":4.5}},{"type":"Feature","geometry":{"type":"MultiPolygon","coordinates":[[[[-3.5322,47.8632],[-3.5322,47.8632],[-3.5322,47.8632],[-3.532,47.8634],[-3.5318,47.8632],[-3.532,47.863],[-3.532,47.863],[-3.532,47.8631],[-3.5322,47.8632],[-3.5322,47.8632],[-3.5322,47.8632]]]]},"properties":{"NATURE":"Industriel, agricole ou commercial","USAGE1":"Industriel","ETAT":"En service","surface":614.9119901987724,"HAUTEUR":4.2}},{"type":"Feature","geometry":{"type":"MultiPolygon","coordinates":[[[[-3.5331,47.8621],[-3.533,47.8623],[-3.5328,47.8623],[-3.533,47.8621],[-3.5331,47.8621]]]]},"properties":{"NATURE":"Industriel, agricole ou commercial","USAGE1":"Industriel","ETAT":"En service","surface":282.30993343889713,"HAUTEUR":3.7}},{"type":"Feature","geometry":{"type":"MultiPolygon","coordinates":[[[[-3.5304,47.861],[-3.5303,47.8609],[-3.5305,47.8606],[-3.5306,47.8607],[-3.5306,47.8607],[-3.5306,47.8607],[-3.5307,47.8608],[-3.5306,47.8608],[-3.5306,47.8608],[-3.5306,47.8609],[-3.5306,47.8609],[-3.5305,47.8608],[-3.5304,47.861]]]]},"properties":{"NATURE":"Industriel, agricole ou commercial","USAGE1":"Industriel","ETAT":"En service","surface":538.0446715978906,"HAUTEUR":7.0}},{"type":"Feature","geometry":{"type":"MultiPolygon","coordinates":[[[[-3.5327,47.8632],[-3.5326,47.8632],[-3.5324,47.8631],[-3.5323,47.8631],[-3.5326,47.8629],[-3.5326,47.8629],[-3.5327,47.8628],[-3.533,47.8629],[-3.5327,47.8632]]]]},"properties":{"NATURE":"Industriel, agricole ou commercial","USAGE1":"Industriel","ETAT":"En service","surface":1303.4983171895146,"HAUTEUR":5.4}},{"type":"Feature","geometry":{"type":"MultiPolygon","coordinates":[[[[-3.5327,47.8633],[-3.5325,47.8635],[-3.5323,47.8635],[-3.5324,47.8634],[-3.5324,47.8634],[-3.5326,47.8632],[-3.5327,47.8633]]]]},"properties":{"NATURE":"Industriel, agricole ou commercial","USAGE1":"Industriel","ETAT":"En service","surface":313.837024345994,"HAUTEUR":5.3}},{"type":"Feature","geometry":{"type":"MultiPolygon","coordinates":[[[[-3.5246,47.8611],[-3.5249,47.861],[-3.5249,47.8611],[-3.5246,47.8612],[-3.5246,47.8611],[-3.5246,47.8611]]]]},"properties":{"NATURE":"Industriel, agricole ou commercial","USAGE1":"Agricole","ETAT":"En service","surface":275.40587645443156,"HAUTEUR":3.4}},{"type":"Feature","geometry":{"type":"MultiPolygon","coordinates":[[[[-3.525,47.8613],[-3.5247,47.8614],[-3.5247,47.8612],[-3.5249,47.8612],[-3.525,47.8613]]]]},"properties":{"NATURE":"Industriel, agricole ou commercial","USAGE1":"Agricole","ETAT":"En service","surface":400.1287860199809,"HAUTEUR":3.6}},{"type":"Feature","geometry":{"type":"MultiPolygon","coordinates":[[[[-3.5283,47.8638],[-3.5283,47.8638],[-3.5285,47.8638],[-3.5285,47.8637],[-3.5285,47.8638],[-3.5285,47.8638],[-3.5286,47.8638],[-3.529,47.8638],[-3.5289,47.8641],[-3.5284,47.864],[-3.5283,47.864],[-3.5284,47.8638],[-3.5283,47.8638]]]]},"properties":{"NATURE":"Industriel, agricole ou commercial","USAGE1":"Commercial et services","ETAT":"En service","surface":1115.1290878243744,"HAUTEUR":6.7}},{"type":"Feature","geometry":{"type":"MultiPolygon","coordinates":[[[[-3.5293,47.8647],[-3.5292,47.865],[-3.529,47.865],[-3.529,47.865],[-3.5287,47.8649],[-3.5287,47.8649],[-3.5286,47.8649],[-3.5286,47.8649],[-3.5287,47.8649],[-3.5288,47.8648],[-3.5288,47.8647],[-3.5289,47.8647],[-3.5289,47.8645],[-3.5293,47.8646],[-3.5293,47.8647]]]]},"properties":{"NATURE":"Industriel, agricole ou commercial","USAGE1":"Commercial et services","ETAT":"En service","surface":1600.0898920721374,"HAUTEUR":5.4}},{"type":"Feature","geometry":{"type":"MultiPolygon","coordinates":[[[[-3.5273,47.8644],[-3.5273,47.8645],[-3.5273,47.8645],[-3.5272,47.8646],[-3.5269,47.8646],[-3.5269,47.8644],[-3.527,47.8644],[-3.527,47.8644],[-3.527,47.8644],[-3.527,47.8644],[-3.527,47.8643],[-3.5273,47.8644]]]]},"properties":{"NATURE":"Industriel, agricole ou commercial","USAGE1":"Commercial et services","ETAT":"En service","surface":816.8277078587562,"HAUTEUR":5.8}},{"type":"Feature","geometry":{"type":"MultiPolygon","coordinates":[[[[-3.5264,47.8643],[-3.5267,47.8643],[-3.5267,47.8644],[-3.5267,47.8644],[-3.5266,47.8644],[-3.5265,47.8644],[-3.5265,47.8644],[-3.5265,47.8644],[-3.5264,47.8644],[-3.5264,47.8643]]]]},"properties":{"NATURE":"Industriel, agricole ou commercial","USAGE1":"Indiff\u00e9renci\u00e9","ETAT":"En service","surface":329.4527713183925,"HAUTEUR":4.0}},{"type":"Feature","geometry":{"type":"MultiPolygon","coordinates":[[[[-3.5287,47.8617],[-3.5288,47.8619],[-3.5286,47.8619],[-3.5285,47.8618],[-3.5287,47.8617],[-3.5287,47.8617],[-3.5287,47.8617]]]]},"properties":{"NATURE":"Industriel, agricole ou commercial","USAGE1":"Commercial et services","ETAT":"En service","surface":271.0097984087188,"HAUTEUR":4.0}},{"type":"Feature","geometry":{"type":"MultiPolygon","coordinates":[[[[-3.5305,47.8651],[-3.5308,47.8652],[-3.5308,47.8653],[-3.5305,47.8652],[-3.5305,47.8651]]]]},"properties":{"NATURE":"Industriel, agricole ou commercial","USAGE1":"Commercial et services","ETAT":"En service","surface":357.1297216080129,"HAUTEUR":4.4}},{"type":"Feature","geometry":{"type":"MultiPolygon","coordinates":[[[[-3.5293,47.8644],[-3.5293,47.8643],[-3.5294,47.8643],[-3.5295,47.8643],[-3.5295,47.8643],[-3.5296,47.8643],[-3.5296,47.8644],[-3.5293,47.8644]]]]},"properties":{"NATURE":"Industriel, agricole ou commercial","USAGE1":"Commercial et services","ETAT":"En service","surface":204.73514821659774,"HAUTEUR":5.3}},{"type":"Feature","geometry":{"type":"MultiPolygon","coordinates":[[[[-3.5306,47.8649],[-3.5307,47.8649],[-3.5306,47.8649],[-3.5306,47.8648],[-3.5306,47.8648],[-3.5306,47.8648],[-3.5306,47.8648],[-3.5306,47.8647],[-3.5306,47.8647],[-3.5307,47.8647],[-3.5307,47.8648],[-3.531,47.8648],[-3.5309,47.865],[-3.5306,47.8649]]]]},"properties":{"NATURE":"Industriel, agricole ou commercial","USAGE1":"Commercial et services","ETAT":"En service","surface":449.5189573438838,"HAUTEUR":4.4}},{"type":"Feature","geometry":{"type":"MultiPolygon","coordinates":[[[[-3.5306,47.8645],[-3.5305,47.8645],[-3.5305,47.8646],[-3.5304,47.8646],[-3.5304,47.8645],[-3.5304,47.8645],[-3.5304,47.8645],[-3.5304,47.8645],[-3.5304,47.8644],[-3.5304,47.8644],[-3.5304,47.8644],[-3.5305,47.8644],[-3.5305,47.8644],[-3.5305,47.8644],[-3.5306,47.8645],[-3.5306,47.8645],[-3.5306,47.8645],[-3.5306,47.8645]]]]},"properties":{"NATURE":"Industriel, agricole ou commercial","USAGE1":"Commercial et services","ETAT":"En service","surface":227.16527705723138,"HAUTEUR":3.3}},{"type":"Feature","geometry":{"type":"MultiPolygon","coordinates":[[[[-3.5321,47.8637],[-3.5319,47.8641],[-3.5316,47.864],[-3.5319,47.8636],[-3.5321,47.8637]]]]},"properties":{"NATURE":"Industriel, agricole ou commercial","USAGE1":"Industriel","ETAT":"En service","surface":852.3358752131462,"HAUTEUR":5.6}},{"type":"Feature","geometry":{"type":"MultiPolygon","coordinates":[[[[-3.5317,47.8637],[-3.5317,47.8638],[-3.5313,47.8636],[-3.5314,47.8634],[-3.5318,47.8635],[-3.5317,47.8637],[-3.5317,47.8637]]]]},"properties":{"NATURE":"Industriel, agricole ou commercial","USAGE1":"Industriel","ETAT":"En service","surface":784.0943104103208,"HAUTEUR":5.6}},{"type":"Feature","geometry":{"type":"MultiPolygon","coordinates":[[[[-3.5326,47.8653],[-3.5324,47.8653],[-3.5322,47.8653],[-3.532,47.8652],[-3.5322,47.8648],[-3.5325,47.8648],[-3.5323,47.8652],[-3.5326,47.8653],[-3.5326,47.8653]]]]},"properties":{"NATURE":"Industriel, agricole ou commercial","USAGE1":"Industriel","ETAT":"En service","surface":1107.9784570001066,"HAUTEUR":5.6}},{"type":"Feature","geometry":{"type":"MultiPolygon","coordinates":[[[[-3.5336,47.8623],[-3.5336,47.8624],[-3.5332,47.8622],[-3.5333,47.8622],[-3.5333,47.8622],[-3.5334,47.8622],[-3.5334,47.8622],[-3.5336,47.8623],[-3.5336,47.8623]]]]},"properties":{"NATURE":"Industriel, agricole ou commercial","USAGE1":"Industriel","ETAT":"En service","surface":241.4749362799339,"HAUTEUR":3.8}},{"type":"Feature","geometry":{"type":"MultiPolygon","coordinates":[[[[-3.5521,47.8656],[-3.5521,47.8656],[-3.5522,47.8657],[-3.552,47.8658],[-3.5519,47.8658],[-3.5519,47.8658],[-3.5517,47.8658],[-3.5517,47.8658],[-3.5518,47.8658],[-3.5518,47.8657],[-3.552,47.8656],[-3.552,47.8656],[-3.552,47.8655],[-3.5519,47.8655],[-3.5518,47.8654],[-3.5519,47.8653],[-3.552,47.8654],[-3.552,47.8654],[-3.552,47.8654],[-3.5521,47.8656]]]]},"properties":{"NATURE":"Industriel, agricole ou commercial","USAGE1":"Industriel","ETAT":"En service","surface":521.0396944866516,"HAUTEUR":8.2}},{"type":"Feature","geometry":{"type":"MultiPolygon","coordinates":[[[[-3.5538,47.8659],[-3.5536,47.866],[-3.5535,47.866],[-3.5534,47.8658],[-3.5534,47.8655],[-3.5536,47.8655],[-3.5539,47.8654],[-3.5541,47.8654],[-3.5541,47.8653],[-3.5541,47.8653],[-3.5541,47.8653],[-3.5541,47.8652],[-3.554,47.8652],[-3.5541,47.8652],[-3.5542,47.8652],[-3.5544,47.8651],[-3.5545,47.8651],[-3.5547,47.8652],[-3.5547,47.8653],[-3.5547,47.8655],[-3.5548,47.8656],[-3.5548,47.8657],[-3.5548,47.8658],[-3.5543,47.8659],[-3.5539,47.8659],[-3.5538,47.8659]]]]},"properties":{"NATURE":"Industriel, agricole ou commercial","USAGE1":"Industriel","ETAT":"En service","surface":6690.9456148818135,"HAUTEUR":11.3}},{"type":"Feature","geometry":{"type":"MultiPolygon","coordinates":[[[[-3.5522,47.8666],[-3.5522,47.8665],[-3.5522,47.8665],[-3.5522,47.8665],[-3.5521,47.8664],[-3.5521,47.8664],[-3.5521,47.8664],[-3.552,47.8663],[-3.552,47.8663],[-3.552,47.8662],[-3.552,47.8662],[-3.5519,47.8662],[-3.5519,47.8661],[-3.5519,47.8661],[-3.5519,47.866],[-3.5519,47.866],[-3.5518,47.866],[-3.5518,47.8659],[-3.5518,47.8659],[-3.5517,47.8658],[-3.5519,47.8658],[-3.5519,47.8658],[-3.552,47.8658],[-3.5522,47.8657],[-3.5522,47.8658],[-3.5523,47.8659],[-3.5524,47.8661],[-3.5522,47.8661],[-3.5523,47.8663],[-3.5524,47.8664],[-3.5527,47.8663],[-3.553,47.8662],[-3.5529,47.8661],[-3.5531,47.866],[-3.5531,47.866],[-3.5532,47.8662],[-3.5532,47.8662],[-3.5533,47.8663],[-3.5532,47.8664],[-3.5529,47.8664],[-3.5529,47.8664],[-3.5529,47.8664],[-3.5526,47.8665],[-3.5526,47.8665],[-3.5525,47.8665],[-3.5522,47.8666]]]]},"properties":{"NATURE":"Industriel, agricole ou commercial","USAGE1":"Industriel","ETAT":"En service","surface":4352.533094041399,"HAUTEUR":11.4}},{"type":"Feature","geometry":{"type":"MultiPolygon","coordinates":[[[[-3.5522,47.8666],[-3.5522,47.8666],[-3.5522,47.8666],[-3.5521,47.8666],[-3.5521,47.8665],[-3.5521,47.8665],[-3.552,47.8664],[-3.552,47.8663],[-3.5519,47.8662],[-3.5519,47.8661],[-3.5519,47.8661],[-3.5518,47.8661],[-3.5517,47.866],[-3.5517,47.8659],[-3.5517,47.8658],[-3.5518,47.8659],[-3.5518,47.8659],[-3.5518,47.866],[-3.5519,47.866],[-3.5519,47.866],[-3.5519,47.8661],[-3.5519,47.8661],[-3.5519,47.8662],[-3.552,47.8662],[-3.552,47.8662],[-3.552,47.8663],[-3.552,47.8663],[-3.5521,47.8664],[-3.5521,47.8664],[-3.5521,47.8664],[-3.5522,47.8665],[-3.5522,47.8665],[-3.5522,47.8665],[-3.5522,47.8666],[-3.5522,47.8666]]]]},"properties":{"NATURE":"Industriel, agricole ou commercial","USAGE1":"Industriel","ETAT":"En service","surface":386.1383521744501,"HAUTEUR":8.2}},{"type":"Feature","geometry":{"type":"MultiPolygon","coordinates":[[[[-3.5538,47.8659],[-3.5538,47.8661],[-3.5537,47.8661],[-3.5536,47.866],[-3.5538,47.8659]]]]},"properties":{"NATURE":"Industriel, agricole ou commercial","USAGE1":"Industriel","ETAT":"En service","surface":237.4688196964562,"HAUTEUR":11.8}},{"type":"Feature","geometry":{"type":"MultiPolygon","coordinates":[[[[-3.5506,47.8741],[-3.5505,47.874],[-3.5505,47.874],[-3.5508,47.8739],[-3.5508,47.8741],[-3.5506,47.8741]]]]},"properties":{"NATURE":"Industriel, agricole ou commercial","USAGE1":"Indiff\u00e9renci\u00e9","ETAT":"En service","surface":289.98740390781313,"HAUTEUR":5.8}},{"type":"Feature","geometry":{"type":"MultiPolygon","coordinates":[[[[-3.5545,47.8738],[-3.5546,47.8738],[-3.5546,47.8738],[-3.5547,47.8738],[-3.5547,47.8737],[-3.5548,47.8737],[-3.5548,47.8737],[-3.5548,47.8737],[-3.5549,47.874],[-3.5548,47.874],[-3.5545,47.874],[-3.5545,47.8738]]]]},"properties":{"NATURE":"Industriel, agricole ou commercial","USAGE1":"Industriel","ETAT":"En service","surface":769.8736280873418,"HAUTEUR":7.9}},{"type":"Feature","geometry":{"type":"MultiPolygon","coordinates":[[[[-3.5509,47.8725],[-3.5509,47.8726],[-3.5507,47.8726],[-3.5506,47.8724],[-3.5507,47.8724],[-3.5508,47.8723],[-3.5508,47.8724],[-3.5508,47.8724],[-3.5509,47.8725]]]]},"properties":{"NATURE":"Industriel, agricole ou commercial","USAGE1":"Commercial et services","ETAT":"En service","surface":319.94284652359784,"HAUTEUR":6.7}},{"type":"Feature","geometry":{"type":"MultiPolygon","coordinates":[[[[-3.557,47.8713],[-3.5573,47.8713],[-3.5575,47.8713],[-3.5575,47.8714],[-3.5575,47.8715],[-3.5574,47.8715],[-3.5574,47.8716],[-3.557,47.8717],[-3.5569,47.8716],[-3.557,47.8716],[-3.557,47.8713],[-3.557,47.8713]]]]},"properties":{"NATURE":"Industriel, agricole ou commercial","USAGE1":"Industriel","ETAT":"En service","surface":1523.8640535062077,"HAUTEUR":4.9}},{"type":"Feature","geometry":{"type":"MultiPolygon","coordinates":[[[[-3.557,47.8711],[-3.557,47.8713],[-3.557,47.8713],[-3.557,47.8713],[-3.557,47.8716],[-3.5569,47.8716],[-3.5568,47.8716],[-3.5568,47.8715],[-3.5568,47.8714],[-3.5568,47.8713],[-3.5567,47.8713],[-3.5566,47.8713],[-3.5566,47.8713],[-3.5566,47.8712],[-3.5566,47.8712],[-3.5566,47.8712],[-3.5566,47.8712],[-3.5567,47.8712],[-3.5567,47.8712],[-3.5569,47.8711],[-3.557,47.8711]]]]},"properties":{"NATURE":"Industriel, agricole ou commercial","USAGE1":"Industriel","ETAT":"En service","surface":992.9437360259108,"HAUTEUR":4.9}},{"type":"Feature","geometry":{"type":"MultiPolygon","coordinates":[[[[-3.5546,47.8722],[-3.5544,47.8723],[-3.5544,47.8722],[-3.5543,47.8722],[-3.5543,47.8721],[-3.5543,47.8721],[-3.5544,47.8721],[-3.5545,47.8721],[-3.5545,47.8722],[-3.5546,47.8722],[-3.5546,47.8722]]]]},"properties":{"NATURE":"Industriel, agricole ou commercial","USAGE1":"Industriel","ETAT":"En service","surface":239.2049264665693,"HAUTEUR":6.4}},{"type":"Feature","geometry":{"type":"MultiPolygon","coordinates":[[[[-3.5551,47.8726],[-3.5549,47.8727],[-3.5548,47.8727],[-3.5545,47.8728],[-3.5543,47.8729],[-3.5543,47.8728],[-3.5546,47.8726],[-3.5544,47.8724],[-3.5547,47.8723],[-3.5548,47.8724],[-3.5549,47.8724],[-3.5551,47.8726]]]]},"properties":{"NATURE":"Industriel, agricole ou commercial","USAGE1":"Industriel","ETAT":"En service","surface":1550.9738588035107,"HAUTEUR":8.8}},{"type":"Feature","geometry":{"type":"MultiPolygon","coordinates":[[[[-3.5563,47.8714],[-3.5564,47.8714],[-3.5565,47.8714],[-3.5565,47.8714],[-3.5565,47.8714],[-3.5564,47.8714],[-3.5564,47.8714],[-3.5563,47.8715],[-3.5563,47.8715],[-3.5562,47.8715],[-3.5563,47.8716],[-3.5563,47.8716],[-3.5563,47.8717],[-3.5561,47.8717],[-3.5561,47.8716],[-3.5561,47.8716],[-3.5561,47.8714],[-3.5561,47.8714],[-3.5561,47.8714],[-3.5562,47.8714],[-3.5562,47.8714],[-3.5563,47.8714]]]]},"properties":{"NATURE":"Industriel, agricole ou commercial","USAGE1":"Industriel","ETAT":"En service","surface":547.8580538842943,"HAUTEUR":5.5}},{"type":"Feature","geometry":{"type":"MultiPolygon","coordinates":[[[[-3.5537,47.8731],[-3.5539,47.8735],[-3.5538,47.8735],[-3.5537,47.8733],[-3.5537,47.8731],[-3.5536,47.873],[-3.5536,47.8729],[-3.5536,47.8729],[-3.5537,47.873],[-3.5537,47.8731],[-3.5537,47.8731],[-3.5537,47.8731]]]]},"properties":{"NATURE":"Industriel, agricole ou commercial","USAGE1":"Industriel","ETAT":"En service","surface":348.5108164176345,"HAUTEUR":5.8}},{"type":"Feature","geometry":{"type":"MultiPolygon","coordinates":[[[[-3.5533,47.873],[-3.5536,47.8729],[-3.5536,47.873],[-3.5537,47.8731],[-3.5534,47.8731],[-3.5533,47.8731],[-3.5533,47.873]]]]},"properties":{"NATURE":"Industriel, agricole ou commercial","USAGE1":"Industriel","ETAT":"En service","surface":436.4434166997671,"HAUTEUR":7.0}},{"type":"Feature","geometry":{"type":"MultiPolygon","coordinates":[[[[-3.5538,47.8735],[-3.5537,47.8735],[-3.5536,47.8735],[-3.5535,47.8735],[-3.5535,47.8735],[-3.5535,47.8734],[-3.5534,47.8733],[-3.5534,47.8731],[-3.5537,47.8731],[-3.5537,47.8733],[-3.5538,47.8735]]]]},"properties":{"NATURE":"Industriel, agricole ou commercial","USAGE1":"Industriel","ETAT":"En service","surface":909.0950522609055,"HAUTEUR":6.9}},{"type":"Feature","geometry":{"type":"MultiPolygon","coordinates":[[[[-3.5591,47.8724],[-3.5591,47.8725],[-3.5589,47.8724],[-3.5589,47.8721],[-3.5589,47.872],[-3.5591,47.872],[-3.5591,47.8724]]]]},"properties":{"NATURE":"Industriel, agricole ou commercial","USAGE1":"Industriel","ETAT":"En service","surface":605.2645053886808,"HAUTEUR":4.3}},{"type":"Feature","geometry":{"type":"MultiPolygon","coordinates":[[[[-3.5494,47.867],[-3.5493,47.867],[-3.5493,47.867],[-3.5493,47.8668],[-3.5496,47.8668],[-3.5496,47.867],[-3.5495,47.867],[-3.5495,47.867],[-3.5494,47.867]]]]},"properties":{"NATURE":"Industriel, agricole ou commercial","USAGE1":"Annexe","ETAT":"En service","surface":330.46343028670526,"HAUTEUR":4.4}},{"type":"Feature","geometry":{"type":"MultiPolygon","coordinates":[[[[-3.5492,47.8676],[-3.5491,47.8677],[-3.549,47.8677],[-3.549,47.8677],[-3.5489,47.8677],[-3.549,47.8676],[-3.5488,47.8675],[-3.5489,47.8675],[-3.5489,47.8675],[-3.5492,47.8676]]]]},"properties":{"NATURE":"Industriel, agricole ou commercial","USAGE1":"Commercial et services","ETAT":"En service","surface":282.8043241929263,"HAUTEUR":7.9}},{"type":"Feature","geometry":{"type":"MultiPolygon","coordinates":[[[[-3.55,47.8678],[-3.55,47.8679],[-3.5499,47.868],[-3.5497,47.868],[-3.5497,47.8679],[-3.5498,47.8677],[-3.5499,47.8678],[-3.55,47.8678]]]]},"properties":{"NATURE":"Industriel, agricole ou commercial","USAGE1":"Commercial et services","ETAT":"En service","surface":485.90162954851985,"HAUTEUR":10.1}},{"type":"Feature","geometry":{"type":"MultiPolygon","coordinates":[[[[-3.5498,47.8677],[-3.5497,47.8679],[-3.5496,47.8679],[-3.5494,47.8677],[-3.5494,47.8677],[-3.5494,47.8677],[-3.5494,47.8676],[-3.5495,47.8677],[-3.5496,47.8677],[-3.5497,47.8677],[-3.5498,47.8677]]]]},"properties":{"NATURE":"Industriel, agricole ou commercial","USAGE1":"Commercial et services","ETAT":"En service","surface":320.18443590123206,"HAUTEUR":8.8}},{"type":"Feature","geometry":{"type":"MultiPolygon","coordinates":[[[[-3.5536,47.8679],[-3.5534,47.8679],[-3.5534,47.868],[-3.5533,47.868],[-3.5533,47.868],[-3.5533,47.868],[-3.5532,47.8679],[-3.5535,47.8678],[-3.5536,47.8679]]]]},"properties":{"NATURE":"Industriel, agricole ou commercial","USAGE1":"Indiff\u00e9renci\u00e9","ETAT":"En service","surface":260.8297634217888,"HAUTEUR":3.0}},{"type":"Feature","geometry":{"type":"MultiPolygon","coordinates":[[[[-3.5541,47.8681],[-3.5539,47.8681],[-3.5537,47.8679],[-3.5539,47.8679],[-3.554,47.8679],[-3.554,47.8679],[-3.5541,47.868],[-3.554,47.868],[-3.5541,47.8681]]]]},"properties":{"NATURE":"Industriel, agricole ou commercial","USAGE1":"Indiff\u00e9renci\u00e9","ETAT":"En service","surface":417.14437798410654,"HAUTEUR":5.6}},{"type":"Feature","geometry":{"type":"MultiPolygon","coordinates":[[[[-3.5561,47.8662],[-3.5559,47.8663],[-3.5558,47.8662],[-3.556,47.8661],[-3.556,47.8661],[-3.556,47.8661],[-3.5559,47.866],[-3.556,47.866],[-3.556,47.866],[-3.5561,47.8662]]]]},"properties":{"NATURE":"Industriel, agricole ou commercial","USAGE1":"Commercial et services","ETAT":"En service","surface":255.16255551902577,"HAUTEUR":4.9}},{"type":"Feature","geometry":{"type":"MultiPolygon","coordinates":[[[[-3.5544,47.8675],[-3.5543,47.8674],[-3.5545,47.8673],[-3.5546,47.8674],[-3.5544,47.8675]]]]},"properties":{"NATURE":"Industriel, agricole ou commercial","USAGE1":"Commercial et services","ETAT":"En service","surface":242.2750246450305,"HAUTEUR":5.6}},{"type":"Feature","geometry":{"type":"MultiPolygon","coordinates":[[[[-3.5608,47.8668],[-3.5607,47.8667],[-3.5606,47.8667],[-3.5606,47.8667],[-3.5605,47.8667],[-3.5605,47.8667],[-3.5605,47.8667],[-3.5605,47.8666],[-3.5606,47.8666],[-3.5607,47.8666],[-3.5608,47.8666],[-3.5607,47.8666],[-3.5609,47.8666],[-3.5609,47.8666],[-3.5609,47.8666],[-3.5609,47.8667],[-3.5608,47.8667],[-3.5609,47.8667],[-3.5608,47.8668],[-3.5608,47.8668],[-3.5608,47.8668]]]]},"properties":{"NATURE":"Industriel, agricole ou commercial","USAGE1":"Commercial et services","ETAT":"En service","surface":389.47771805431694,"HAUTEUR":3.7}},{"type":"Feature","geometry":{"type":"MultiPolygon","coordinates":[[[[-3.5528,47.8727],[-3.5528,47.8728],[-3.5527,47.8728],[-3.5527,47.8728],[-3.5526,47.8728],[-3.5525,47.8728],[-3.5525,47.8728],[-3.5525,47.8728],[-3.5524,47.8728],[-3.5524,47.8728],[-3.5523,47.8729],[-3.5523,47.8729],[-3.5523,47.8729],[-3.5523,47.8729],[-3.5522,47.8729],[-3.5522,47.8729],[-3.5521,47.8728],[-3.552,47.8727],[-3.552,47.8727],[-3.5519,47.8726],[-3.5519,47.8726],[-3.5519,47.8726],[-3.5519,47.8726],[-3.552,47.8725],[-3.5521,47.8725],[-3.5521,47.8725],[-3.5521,47.8725],[-3.5521,47.8725],[-3.5522,47.8725],[-3.5522,47.8725],[-3.5523,47.8725],[-3.5524,47.8725],[-3.5524,47.8726],[-3.5524,47.8726],[-3.5524,47.8726],[-3.5526,47.8726],[-3.5527,47.8726],[-3.5527,47.8726],[-3.5528,47.8726],[-3.5528,47.8726],[-3.5528,47.8727]]]]},"properties":{"NATURE":"Industriel, agricole ou commercial","USAGE1":"Commercial et services","ETAT":"En service","surface":1784.541042563098,"HAUTEUR":4.9}},{"type":"Feature","geometry":{"type":"MultiPolygon","coordinates":[[[[-3.5519,47.868],[-3.5518,47.868],[-3.5518,47.868],[-3.5516,47.868],[-3.5516,47.868],[-3.5516,47.868],[-3.5515,47.868],[-3.5515,47.868],[-3.5515,47.868],[-3.5514,47.868],[-3.5514,47.868],[-3.5514,47.868],[-3.5514,47.868],[-3.5514,47.8679],[-3.5516,47.8679],[-3.5519,47.8679],[-3.5519,47.868]]]]},"properties":{"NATURE":"Industriel, agricole ou commercial","USAGE1":"Indiff\u00e9renci\u00e9","ETAT":"En service","surface":435.29372543789214,"HAUTEUR":3.0}},{"type":"Feature","geometry":{"type":"MultiPolygon","coordinates":[[[[-3.5345,47.8664],[-3.5346,47.8663],[-3.5351,47.8666],[-3.5349,47.8667],[-3.5348,47.8667],[-3.5344,47.8665],[-3.5345,47.8664]]]]},"properties":{"NATURE":"Industriel, agricole ou commercial","USAGE1":"Commercial et services","ETAT":"En service","surface":1304.4458129107952,"HAUTEUR":6.1}},{"type":"Feature","geometry":{"type":"MultiPolygon","coordinates":[[[[-3.5354,47.87],[-3.5354,47.87],[-3.5354,47.8701],[-3.5353,47.8702],[-3.5352,47.8701],[-3.5351,47.87],[-3.535,47.87],[-3.5351,47.8699],[-3.5353,47.87],[-3.5354,47.87],[-3.5354,47.87]]]]},"properties":{"NATURE":"Industriel, agricole ou commercial","USAGE1":"Commercial et services","ETAT":"En service","surface":360.79820098914206,"HAUTEUR":3.7}},{"type":"Feature","geometry":{"type":"MultiPolygon","coordinates":[[[[-3.5392,47.8687],[-3.5392,47.8687],[-3.539,47.8687],[-3.5389,47.8687],[-3.5389,47.8687],[-3.5388,47.8687],[-3.5385,47.8686],[-3.5386,47.8685],[-3.5386,47.8683],[-3.5389,47.8684],[-3.539,47.8684],[-3.5393,47.8684],[-3.5393,47.8684],[-3.5393,47.8684],[-3.5393,47.8685],[-3.5392,47.8687]]]]},"properties":{"NATURE":"Industriel, agricole ou commercial","USAGE1":"Commercial et services","ETAT":"En service","surface":1804.9846076059766,"HAUTEUR":6.1}},{"type":"Feature","geometry":{"type":"MultiPolygon","coordinates":[[[[-3.5395,47.8688],[-3.5394,47.8688],[-3.5393,47.8688],[-3.5393,47.8688],[-3.5392,47.8687],[-3.5393,47.8685],[-3.5393,47.8684],[-3.5393,47.8684],[-3.5393,47.8684],[-3.5394,47.8684],[-3.5395,47.8684],[-3.5395,47.8685],[-3.5395,47.8687],[-3.5395,47.8687],[-3.5395,47.8688],[-3.5395,47.8688]]]]},"properties":{"NATURE":"Industriel, agricole ou commercial","USAGE1":"Commercial et services","ETAT":"En service","surface":718.7133968213893,"HAUTEUR":5.9}},{"type":"Feature","geometry":{"type":"MultiPolygon","coordinates":[[[[-3.5467,47.8666],[-3.5466,47.8665],[-3.5469,47.8664],[-3.5469,47.8665],[-3.5467,47.8666]]]]},"properties":{"NATURE":"Industriel, agricole ou commercial","USAGE1":"Commercial et services","ETAT":"En service","surface":219.43954295228468,"HAUTEUR":9.1}},{"type":"Feature","geometry":{"type":"MultiPolygon","coordinates":[[[[-3.5434,47.8669],[-3.5433,47.8668],[-3.5433,47.8667],[-3.5433,47.8667],[-3.5433,47.8667],[-3.5434,47.8666],[-3.5434,47.8666],[-3.5435,47.8669],[-3.5435,47.8669],[-3.5435,47.867],[-3.5435,47.867],[-3.5434,47.867],[-3.5434,47.8669],[-3.5434,47.8669]]]]},"properties":{"NATURE":"Industriel, agricole ou commercial","USAGE1":"Commercial et services","ETAT":"En service","surface":371.5986541241873,"HAUTEUR":3.9}},{"type":"Feature","geometry":{"type":"MultiPolygon","coordinates":[[[[-3.5428,47.8668],[-3.5428,47.8667],[-3.5428,47.8667],[-3.5432,47.8666],[-3.5432,47.8666],[-3.5432,47.8668],[-3.5432,47.8668],[-3.5429,47.8669],[-3.5429,47.8669],[-3.5428,47.8668]]]]},"properties":{"NATURE":"Industriel, agricole ou commercial","USAGE1":"Commercial et services","ETAT":"En service","surface":554.8596175349085,"HAUTEUR":6.8}},{"type":"Feature","geometry":{"type":"MultiPolygon","coordinates":[[[[-3.5444,47.871],[-3.5444,47.871],[-3.5443,47.871],[-3.5443,47.871],[-3.5441,47.8711],[-3.5441,47.8711],[-3.5439,47.871],[-3.544,47.8709],[-3.5441,47.8709],[-3.5441,47.8708],[-3.5442,47.8708],[-3.5442,47.8708],[-3.5443,47.8708],[-3.5444,47.8708],[-3.5443,47.8708],[-3.5443,47.8709],[-3.5444,47.8709],[-3.5444,47.8709],[-3.5444,47.871]]]]},"properties":{"NATURE":"Industriel, agricole ou commercial","USAGE1":"Indiff\u00e9renci\u00e9","ETAT":"En service","surface":782.8528416799381,"HAUTEUR":9.5}},{"type":"Feature","geometry":{"type":"MultiPolygon","coordinates":[[[[-3.5375,47.8678],[-3.5375,47.8678],[-3.5374,47.8678],[-3.5374,47.8678],[-3.5373,47.8678],[-3.5373,47.8678],[-3.5369,47.8677],[-3.537,47.8676],[-3.537,47.8675],[-3.5367,47.8674],[-3.5367,47.8673],[-3.5367,47.8673],[-3.5367,47.8673],[-3.5372,47.8674],[-3.5376,47.8676],[-3.5375,47.8678]]]]},"properties":{"NATURE":"Industriel, agricole ou commercial","USAGE1":"Commercial et services","ETAT":"En service","surface":1732.2935035065748,"HAUTEUR":4.6}},{"type":"Feature","geometry":{"type":"MultiPolygon","coordinates":[[[[-3.5223,47.8701],[-3.5221,47.8701],[-3.522,47.87],[-3.5222,47.87],[-3.5223,47.8701]]]]},"properties":{"NATURE":"Industriel, agricole ou commercial","USAGE1":"Indiff\u00e9renci\u00e9","ETAT":"En service","surface":202.16574364341795,"HAUTEUR":3.3}},{"type":"Feature","geometry":{"type":"MultiPolygon","coordinates":[[[[-3.5269,47.8687],[-3.5267,47.8687],[-3.5267,47.8681],[-3.527,47.8681],[-3.5269,47.8687]]]]},"properties":{"NATURE":"Industriel, agricole ou commercial","USAGE1":"Agricole","ETAT":"En service","surface":1010.6248438283801,"HAUTEUR":3.7}},{"type":"Feature","geometry":{"type":"MultiPolygon","coordinates":[[[[-3.5278,47.8679],[-3.5275,47.868],[-3.5275,47.8677],[-3.5278,47.8677],[-3.5278,47.8679]]]]},"properties":{"NATURE":"Industriel, agricole ou commercial","USAGE1":"Agricole","ETAT":"En service","surface":530.2511161901057,"HAUTEUR":2.8}},{"type":"Feature","geometry":{"type":"MultiPolygon","coordinates":[[[[-3.5305,47.8713],[-3.5301,47.8713],[-3.5301,47.8713],[-3.5303,47.8712],[-3.5303,47.8712],[-3.5304,47.8712],[-3.5304,47.8712],[-3.5305,47.8712],[-3.5305,47.8712],[-3.5305,47.8712],[-3.5305,47.8713]]]]},"properties":{"NATURE":"Industriel, agricole ou commercial","USAGE1":"R\u00e9sidentiel","ETAT":"En service","surface":323.08236036088783,"HAUTEUR":2.8}},{"type":"Feature","geometry":{"type":"MultiPolygon","coordinates":[[[[-3.5169,47.8579],[-3.5168,47.8579],[-3.5168,47.8577],[-3.5169,47.8577],[-3.5169,47.8579]]]]},"properties":{"NATURE":"Industriel, agricole ou commercial","USAGE1":"Commercial et services","ETAT":"En service","surface":226.58073435910046,"HAUTEUR":4.5}},{"type":"Feature","geometry":{"type":"MultiPolygon","coordinates":[[[[-3.5158,47.854],[-3.5157,47.8538],[-3.516,47.8537],[-3.516,47.8537],[-3.516,47.8537],[-3.516,47.8537],[-3.516,47.8538],[-3.5161,47.8539],[-3.5158,47.854]]]]},"properties":{"NATURE":"Industriel, agricole ou commercial","USAGE1":"Indiff\u00e9renci\u00e9","ETAT":"En service","surface":516.91918411199,"HAUTEUR":5.1}},{"type":"Feature","geometry":{"type":"MultiPolygon","coordinates":[[[[-3.5109,47.85],[-3.5107,47.8501],[-3.5106,47.8501],[-3.5106,47.85],[-3.5109,47.8499],[-3.5109,47.85]]]]},"properties":{"NATURE":"Industriel, agricole ou commercial","USAGE1":"Agricole","ETAT":"En service","surface":255.30613814294338,"HAUTEUR":7.5}},{"type":"Feature","geometry":{"type":"MultiPolygon","coordinates":[[[[-3.5438,47.8626],[-3.5436,47.8625],[-3.5437,47.8623],[-3.5439,47.8624],[-3.5439,47.8623],[-3.544,47.8624],[-3.5439,47.8625],[-3.5438,47.8626]]]]},"properties":{"NATURE":"Industriel, agricole ou commercial","USAGE1":"Indiff\u00e9renci\u00e9","ETAT":"En service","surface":536.0863064341247,"HAUTEUR":3.6}},{"type":"Feature","geometry":{"type":"MultiPolygon","coordinates":[[[[-3.5497,47.8644],[-3.5494,47.8643],[-3.5494,47.8643],[-3.5495,47.864],[-3.5495,47.864],[-3.5495,47.8639],[-3.5495,47.8639],[-3.5496,47.8638],[-3.5498,47.8638],[-3.5498,47.8639],[-3.5498,47.8639],[-3.5498,47.8641],[-3.5497,47.8641],[-3.5497,47.8644]]]]},"properties":{"NATURE":"Industriel, agricole ou commercial","USAGE1":"Industriel","ETAT":"En service","surface":1332.9767654575408,"HAUTEUR":5.0}},{"type":"Feature","geometry":{"type":"MultiPolygon","coordinates":[[[[-3.552,47.8653],[-3.5519,47.8652],[-3.5519,47.8651],[-3.5519,47.865],[-3.5519,47.8649],[-3.5521,47.8649],[-3.5521,47.865],[-3.5522,47.865],[-3.5522,47.8649],[-3.5522,47.8649],[-3.5522,47.8649],[-3.5523,47.8649],[-3.5522,47.8648],[-3.5522,47.8648],[-3.5522,47.8648],[-3.5522,47.8648],[-3.5522,47.8647],[-3.5522,47.8645],[-3.5521,47.8644],[-3.5521,47.8643],[-3.5523,47.8643],[-3.5524,47.8643],[-3.5525,47.8642],[-3.5526,47.8642],[-3.5526,47.8643],[-3.5528,47.8643],[-3.5529,47.8644],[-3.553,47.8644],[-3.5531,47.8645],[-3.5533,47.8645],[-3.5533,47.8647],[-3.5534,47.8647],[-3.5534,47.8648],[-3.5534,47.8648],[-3.5534,47.8648],[-3.5534,47.8648],[-3.5534,47.8649],[-3.5533,47.8649],[-3.5533,47.8649],[-3.5532,47.8649],[-3.5532,47.8649],[-3.5532,47.8649],[-3.5531,47.865],[-3.553,47.865],[-3.5529,47.865],[-3.5529,47.865],[-3.5528,47.865],[-3.5527,47.865],[-3.5526,47.8649],[-3.5525,47.865],[-3.5525,47.865],[-3.5523,47.865],[-3.5523,47.865],[-3.5523,47.8649],[-3.5522,47.8649],[-3.5522,47.8651],[-3.5522,47.8651],[-3.5522,47.8651],[-3.552,47.8651],[-3.5521,47.8653],[-3.552,47.8653]]]]},"properties":{"NATURE":"Industriel, agricole ou commercial","USAGE1":"Industriel","ETAT":"En service","surface":6633.0577616871815,"HAUTEUR":10.4}},{"type":"Feature","geometry":{"type":"MultiPolygon","coordinates":[[[[-3.5535,47.8649],[-3.5535,47.8649],[-3.5535,47.8651],[-3.5535,47.8651],[-3.5536,47.8651],[-3.5535,47.8651],[-3.5536,47.8652],[-3.5535,47.8652],[-3.5535,47.8652],[-3.5534,47.865],[-3.5534,47.8649],[-3.5535,47.8649]]]]},"properties":{"NATURE":"Industriel, agricole ou commercial","USAGE1":"Industriel","ETAT":"En service","surface":206.74272499675862,"HAUTEUR":7.7}},{"type":"Feature","geometry":{"type":"MultiPolygon","coordinates":[[[[-3.5526,47.8652],[-3.5526,47.8649],[-3.5527,47.865],[-3.5528,47.865],[-3.5529,47.865],[-3.5529,47.865],[-3.553,47.865],[-3.5531,47.865],[-3.5532,47.8649],[-3.5532,47.8649],[-3.5532,47.8649],[-3.5533,47.8649],[-3.5533,47.8649],[-3.5534,47.8649],[-3.5534,47.865],[-3.5535,47.8652],[-3.5533,47.8652],[-3.5532,47.8652],[-3.5532,47.8652],[-3.553,47.8653],[-3.553,47.8652],[-3.553,47.8652],[-3.5526,47.8652]]]]},"properties":{"NATURE":"Industriel, agricole ou commercial","USAGE1":"Industriel","ETAT":"En service","surface":1978.9084112579003,"HAUTEUR":8.8}},{"type":"Feature","geometry":{"type":"MultiPolygon","coordinates":[[[[-3.5535,47.8652],[-3.5535,47.8653],[-3.5533,47.8653],[-3.5532,47.8653],[-3.553,47.8654],[-3.553,47.8653],[-3.553,47.8653],[-3.5532,47.8652],[-3.5532,47.8652],[-3.5533,47.8652],[-3.5535,47.8652],[-3.5535,47.8652]]]]},"properties":{"NATURE":"Industriel, agricole ou commercial","USAGE1":"Industriel","ETAT":"En service","surface":450.68536042864434,"HAUTEUR":9.2}},{"type":"Feature","geometry":{"type":"MultiPolygon","coordinates":[[[[-3.5523,47.8653],[-3.5522,47.8653],[-3.5522,47.8651],[-3.5522,47.8651],[-3.5522,47.8651],[-3.5522,47.8649],[-3.5523,47.8649],[-3.5523,47.865],[-3.5523,47.865],[-3.5525,47.865],[-3.5525,47.865],[-3.5526,47.8649],[-3.5526,47.8652],[-3.5525,47.8652],[-3.5523,47.8653]]]]},"properties":{"NATURE":"Industriel, agricole ou commercial","USAGE1":"Industriel","ETAT":"En service","surface":913.4871278388891,"HAUTEUR":11.8}},{"type":"Feature","geometry":{"type":"MultiPolygon","coordinates":[[[[-3.5525,47.8652],[-3.5526,47.8652],[-3.553,47.8652],[-3.553,47.8652],[-3.553,47.8653],[-3.553,47.8653],[-3.5528,47.8653],[-3.5526,47.8653],[-3.5525,47.8653],[-3.5525,47.8652]]]]},"properties":{"NATURE":"Industriel, agricole ou commercial","USAGE1":"Industriel","ETAT":"En service","surface":449.99944775691256,"HAUTEUR":10.4}},{"type":"Feature","geometry":{"type":"MultiPolygon","coordinates":[[[[-3.5524,47.8654],[-3.5525,47.8653],[-3.5526,47.8653],[-3.5528,47.8653],[-3.553,47.8653],[-3.553,47.8654],[-3.5528,47.8654],[-3.5528,47.8654],[-3.5527,47.8654],[-3.5525,47.8654],[-3.5524,47.8654],[-3.5524,47.8654],[-3.5524,47.8654]]]]},"properties":{"NATURE":"Industriel, agricole ou commercial","USAGE1":"Industriel","ETAT":"En service","surface":410.7316606505774,"HAUTEUR":9.9}},{"type":"Feature","geometry":{"type":"MultiPolygon","coordinates":[[[[-3.5515,47.8652],[-3.5515,47.8652],[-3.5517,47.8651],[-3.5517,47.8652],[-3.5518,47.8652],[-3.5519,47.8653],[-3.5519,47.8653],[-3.5518,47.8653],[-3.5518,47.8653],[-3.5517,47.8654],[-3.5515,47.8654],[-3.5514,47.8654],[-3.5513,47.8653],[-3.5514,47.8652],[-3.5515,47.8652]]]]},"properties":{"NATURE":"Industriel, agricole ou commercial","USAGE1":"Industriel","ETAT":"En service","surface":682.5217514345422,"HAUTEUR":5.8}},{"type":"Feature","geometry":{"type":"MultiPolygon","coordinates":[[[[-3.5523,47.8653],[-3.5523,47.8653],[-3.5525,47.8652],[-3.5525,47.8653],[-3.5524,47.8654],[-3.5523,47.8654],[-3.5523,47.8654],[-3.5523,47.8653]]]]},"properties":{"NATURE":"Industriel, agricole ou commercial","USAGE1":"Industriel","ETAT":"En service","surface":210.79312450019643,"HAUTEUR":8.5}},{"type":"Feature","geometry":{"type":"MultiPolygon","coordinates":[[[[-3.552,47.8656],[-3.552,47.8656],[-3.5518,47.8657],[-3.5518,47.8658],[-3.5517,47.8658],[-3.5517,47.8658],[-3.5516,47.8657],[-3.5516,47.8656],[-3.5515,47.8656],[-3.5515,47.8656],[-3.5515,47.8655],[-3.5517,47.8654],[-3.5518,47.8654],[-3.5519,47.8655],[-3.552,47.8655],[-3.552,47.8656]]]]},"properties":{"NATURE":"Industriel, agricole ou commercial","USAGE1":"Industriel","ETAT":"En service","surface":1084.0608444605023,"HAUTEUR":12.4}},{"type":"Feature","geometry":{"type":"MultiPolygon","coordinates":[[[[-3.5515,47.8637],[-3.5513,47.8637],[-3.5513,47.8634],[-3.5515,47.8634],[-3.5515,47.8637]]]]},"properties":{"NATURE":"Industriel, agricole ou commercial","USAGE1":"Industriel","ETAT":"En service","surface":489.02757320553064,"HAUTEUR":6.0}},{"type":"Feature","geometry":{"type":"MultiPolygon","coordinates":[[[[-3.5511,47.8634],[-3.5511,47.8635],[-3.5511,47.8635],[-3.5511,47.8637],[-3.551,47.8637],[-3.5509,47.8634],[-3.5511,47.8634],[-3.5511,47.8634],[-3.5511,47.8634]]]]},"properties":{"NATURE":"Industriel, agricole ou commercial","USAGE1":"Industriel","ETAT":"En service","surface":369.0612572618993,"HAUTEUR":4.4}},{"type":"Feature","geometry":{"type":"MultiPolygon","coordinates":[[[[-3.5547,47.8637],[-3.5549,47.8637],[-3.555,47.8637],[-3.555,47.8638],[-3.5552,47.8638],[-3.5552,47.8637],[-3.5552,47.8636],[-3.5551,47.8636],[-3.5548,47.8636],[-3.5546,47.8636],[-3.5546,47.8636],[-3.5547,47.8636],[-3.5549,47.8636],[-3.5549,47.8636],[-3.5551,47.8636],[-3.5551,47.8636],[-3.5552,47.8636],[-3.5552,47.8636],[-3.5554,47.8636],[-3.5555,47.8636],[-3.5556,47.8636],[-3.5557,47.8636],[-3.5558,47.8636],[-3.5558,47.8636],[-3.5559,47.8636],[-3.556,47.8636],[-3.556,47.8636],[-3.5561,47.8636],[-3.5561,47.8637],[-3.5561,47.8637],[-3.5561,47.8637],[-3.5561,47.8638],[-3.5561,47.864],[-3.5561,47.8641],[-3.5559,47.8641],[-3.5557,47.8641],[-3.5557,47.8641],[-3.5555,47.8641],[-3.5555,47.8641],[-3.5552,47.8641],[-3.555,47.8641],[-3.5549,47.8641],[-3.5547,47.8641],[-3.5547,47.864],[-3.5547,47.864],[-3.5547,47.8639],[-3.5547,47.8638],[-3.5547,47.8638],[-3.5547,47.8637]]]]},"properties":{"NATURE":"Industriel, agricole ou commercial","USAGE1":"Industriel","ETAT":"En service","surface":5049.14803272557,"HAUTEUR":11.2}},{"type":"Feature","geometry":{"type":"MultiPolygon","coordinates":[[[[-3.5567,47.8646],[-3.5565,47.8646],[-3.5563,47.8646],[-3.5563,47.8646],[-3.5561,47.8646],[-3.5561,47.8645],[-3.5561,47.8644],[-3.5561,47.8643],[-3.5561,47.8643],[-3.5561,47.8642],[-3.5561,47.8642],[-3.5561,47.8641],[-3.5561,47.864],[-3.5561,47.8638],[-3.5562,47.8637],[-3.5564,47.8637],[-3.5565,47.8637],[-3.5565,47.8636],[-3.5565,47.8635],[-3.5568,47.8635],[-3.5568,47.8636],[-3.5568,47.8638],[-3.5568,47.8638],[-3.5568,47.8639],[-3.5568,47.864],[-3.5568,47.8641],[-3.5568,47.8643],[-3.5568,47.8644],[-3.5567,47.8646]]]]},"properties":{"NATURE":"Industriel, agricole ou commercial","USAGE1":"Industriel","ETAT":"En service","surface":5465.351318159344,"HAUTEUR":7.6}},{"type":"Feature","geometry":{"type":"MultiPolygon","coordinates":[[[[-3.5574,47.8642],[-3.5574,47.8642],[-3.5574,47.8643],[-3.5574,47.8643],[-3.5573,47.8644],[-3.5573,47.8644],[-3.5572,47.8646],[-3.5572,47.8646],[-3.5572,47.8647],[-3.557,47.8647],[-3.557,47.8646],[-3.5567,47.8646],[-3.5568,47.8644],[-3.5568,47.8643],[-3.5568,47.8641],[-3.5568,47.864],[-3.5568,47.8639],[-3.5568,47.8638],[-3.5568,47.8638],[-3.5568,47.8636],[-3.5568,47.8635],[-3.5569,47.8635],[-3.5571,47.8635],[-3.5571,47.8635],[-3.5571,47.8635],[-3.5572,47.8635],[-3.5572,47.8635],[-3.5572,47.8635],[-3.5573,47.8635],[-3.5575,47.8635],[-3.5575,47.8636],[-3.5575,47.8637],[-3.5575,47.8638],[-3.5575,47.8639],[-3.5574,47.864],[-3.5574,47.8641],[-3.5575,47.8641],[-3.5575,47.8641],[-3.5574,47.8641],[-3.5574,47.8642]]]]},"properties":{"NATURE":"Industriel, agricole ou commercial","USAGE1":"Industriel","ETAT":"En service","surface":6172.347031315323,"HAUTEUR":8.0}},{"type":"Feature","geometry":{"type":"MultiPolygon","coordinates":[[[[-3.5547,47.8641],[-3.5549,47.8641],[-3.555,47.8641],[-3.5552,47.8641],[-3.5555,47.8641],[-3.5553,47.8641],[-3.5552,47.8641],[-3.5551,47.8642],[-3.555,47.8642],[-3.5549,47.8642],[-3.5547,47.8642],[-3.5547,47.8641],[-3.5547,47.8641]]]]},"properties":{"NATURE":"Industriel, agricole ou commercial","USAGE1":"Industriel","ETAT":"En service","surface":632.5852854121476,"HAUTEUR":11.7}},{"type":"Feature","geometry":{"type":"MultiPolygon","coordinates":[[[[-3.5546,47.8637],[-3.5547,47.8637],[-3.5547,47.8638],[-3.5547,47.8638],[-3.5547,47.8639],[-3.5547,47.864],[-3.5547,47.864],[-3.5547,47.8641],[-3.5547,47.8641],[-3.5547,47.8642],[-3.5547,47.8643],[-3.5547,47.8644],[-3.5547,47.8644],[-3.5547,47.8645],[-3.5547,47.8646],[-3.5547,47.8647],[-3.5547,47.8648],[-3.5547,47.8648],[-3.5547,47.8649],[-3.5547,47.8649],[-3.5547,47.8649],[-3.5546,47.8648],[-3.5546,47.8648],[-3.5546,47.8647],[-3.5546,47.8647],[-3.5546,47.8645],[-3.5545,47.8645],[-3.5545,47.8644],[-3.5544,47.8644],[-3.5541,47.8644],[-3.5541,47.8643],[-3.5541,47.8641],[-3.5539,47.8641],[-3.5539,47.8642],[-3.5538,47.8642],[-3.5538,47.8641],[-3.5537,47.8641],[-3.5536,47.8641],[-3.5536,47.8642],[-3.5535,47.8642],[-3.5535,47.8641],[-3.5534,47.8641],[-3.5533,47.8643],[-3.5531,47.8642],[-3.5529,47.8641],[-3.5529,47.864],[-3.5529,47.8639],[-3.5529,47.8636],[-3.5532,47.8636],[-3.5534,47.8636],[-3.5534,47.8637],[-3.5537,47.8637],[-3.5539,47.8637],[-3.5541,47.8637],[-3.5541,47.8637],[-3.5543,47.8637],[-3.5546,47.8637]]]]},"properties":{"NATURE":"Industriel, agricole ou commercial","USAGE1":"Industriel","ETAT":"En service","surface":9003.487804369579,"HAUTEUR":13.2}},{"type":"Feature","geometry":{"type":"MultiPolygon","coordinates":[[[[-3.5561,47.8646],[-3.5561,47.8648],[-3.5562,47.8648],[-3.5562,47.8649],[-3.5565,47.8649],[-3.5565,47.865],[-3.5562,47.865],[-3.5562,47.865],[-3.5562,47.865],[-3.5561,47.865],[-3.5561,47.865],[-3.556,47.865],[-3.5559,47.865],[-3.5559,47.8651],[-3.5556,47.8651],[-3.5556,47.8649],[-3.5547,47.8649],[-3.5547,47.8649],[-3.5547,47.8648],[-3.5547,47.8648],[-3.5547,47.8647],[-3.5547,47.8646],[-3.5547,47.8645],[-3.5547,47.8644],[-3.5547,47.8644],[-3.5547,47.8643],[-3.5547,47.8642],[-3.5549,47.8642],[-3.555,47.8642],[-3.5551,47.8642],[-3.5552,47.8641],[-3.5553,47.8641],[-3.5555,47.8641],[-3.5555,47.8641],[-3.5557,47.8641],[-3.5557,47.8641],[-3.5559,47.8641],[-3.5561,47.8641],[-3.5561,47.8642],[-3.5561,47.8642],[-3.5561,47.8643],[-3.5561,47.8643],[-3.5561,47.8644],[-3.5561,47.8645],[-3.5561,47.8646]]]]},"properties":{"NATURE":"Industriel, agricole ou commercial","USAGE1":"Industriel","ETAT":"En service","surface":9803.669210557739,"HAUTEUR":11.4}},{"type":"Feature","geometry":{"type":"MultiPolygon","coordinates":[[[[-3.5574,47.8643],[-3.5574,47.8643],[-3.5574,47.8646],[-3.5573,47.8646],[-3.5573,47.8647],[-3.5572,47.8647],[-3.5572,47.8647],[-3.5572,47.8647],[-3.5573,47.8646],[-3.5573,47.8645],[-3.5574,47.8644],[-3.5574,47.8643],[-3.5574,47.8643]]]]},"properties":{"NATURE":"Industriel, agricole ou commercial","USAGE1":"Industriel","ETAT":"En service","surface":280.04634690403327,"HAUTEUR":11.7}},{"type":"Feature","geometry":{"type":"MultiPolygon","coordinates":[[[[-3.5579,47.8633],[-3.5578,47.8633],[-3.5576,47.8633],[-3.5574,47.8633],[-3.5574,47.8631],[-3.5574,47.863],[-3.5577,47.863],[-3.558,47.863],[-3.5582,47.863],[-3.5582,47.8631],[-3.5582,47.8633],[-3.558,47.8633],[-3.558,47.8633],[-3.5579,47.8633]]]]},"properties":{"NATURE":"Industriel, agricole ou commercial","USAGE1":"Industriel","ETAT":"En service","surface":1951.5648045798298,"HAUTEUR":9.9}},{"type":"Feature","geometry":{"type":"MultiPolygon","coordinates":[[[[-3.5579,47.8633],[-3.558,47.8633],[-3.558,47.8633],[-3.5578,47.8633],[-3.5578,47.8633],[-3.5576,47.8633],[-3.5576,47.8633],[-3.5578,47.8633],[-3.5579,47.8633]]]]},"properties":{"NATURE":"Industriel, agricole ou commercial","USAGE1":"Industriel","ETAT":"En service","surface":285.3537529594032,"HAUTEUR":6.6}},{"type":"Feature","geometry":{"type":"MultiPolygon","coordinates":[[[[-3.5589,47.8628],[-3.5589,47.8628],[-3.5591,47.8628],[-3.5591,47.863],[-3.559,47.863],[-3.559,47.863],[-3.5589,47.863],[-3.5589,47.8629],[-3.559,47.8629],[-3.559,47.8628],[-3.5589,47.8628]]]]},"properties":{"NATURE":"Industriel, agricole ou commercial","USAGE1":"Industriel","ETAT":"En service","surface":348.613935681984,"HAUTEUR":7.9}},{"type":"Feature","geometry":{"type":"MultiPolygon","coordinates":[[[[-3.5504,47.8636],[-3.5497,47.8635],[-3.5498,47.8634],[-3.5498,47.8632],[-3.5499,47.8632],[-3.5502,47.8633],[-3.5505,47.8633],[-3.5505,47.8634],[-3.5504,47.8636]]]]},"properties":{"NATURE":"Industriel, agricole ou commercial","USAGE1":"Industriel","ETAT":"En service","surface":1560.1680721491575,"HAUTEUR":8.5}},{"type":"Feature","geometry":{"type":"MultiPolygon","coordinates":[[[[-3.5561,47.8636],[-3.556,47.8636],[-3.556,47.8636],[-3.5559,47.8636],[-3.5558,47.8636],[-3.5558,47.8636],[-3.5557,47.8636],[-3.5556,47.8636],[-3.5555,47.8636],[-3.5554,47.8636],[-3.5552,47.8636],[-3.5552,47.8636],[-3.5551,47.8636],[-3.5551,47.8636],[-3.5549,47.8636],[-3.5549,47.8636],[-3.5547,47.8636],[-3.5546,47.8636],[-3.5546,47.8635],[-3.5546,47.8634],[-3.5549,47.8634],[-3.5549,47.8631],[-3.5552,47.8631],[-3.5555,47.8631],[-3.5557,47.8631],[-3.5557,47.8631],[-3.5555,47.8631],[-3.5552,47.8631],[-3.5552,47.863],[-3.5552,47.8629],[-3.5555,47.8629],[-3.5558,47.8629],[-3.5558,47.863],[-3.5557,47.8631],[-3.5557,47.8632],[-3.5557,47.8634],[-3.5557,47.8635],[-3.5558,47.8635],[-3.5558,47.8634],[-3.5561,47.8634],[-3.5561,47.8636]]]]},"properties":{"NATURE":"Industriel, agricole ou commercial","USAGE1":"Industriel","ETAT":"En service","surface":4669.584815177135,"HAUTEUR":12.4}},{"type":"Feature","geometry":{"type":"MultiPolygon","coordinates":[[[[-3.5545,47.8635],[-3.5545,47.8636],[-3.5542,47.8636],[-3.5542,47.8635],[-3.5544,47.8635],[-3.5544,47.8634],[-3.5545,47.8634],[-3.5545,47.8635],[-3.5545,47.8635]]]]},"properties":{"NATURE":"Industriel, agricole ou commercial","USAGE1":"Industriel","ETAT":"En service","surface":321.9429125976749,"HAUTEUR":8.5}},{"type":"Feature","geometry":{"type":"MultiPolygon","coordinates":[[[[-3.5456,47.8766],[-3.5454,47.8766],[-3.5454,47.8763],[-3.5456,47.8764],[-3.5455,47.8765],[-3.5456,47.8765],[-3.5456,47.8765],[-3.5456,47.8765],[-3.5456,47.8765],[-3.5456,47.8766],[-3.5456,47.8766]]]]},"properties":{"NATURE":"Industriel, agricole ou commercial","USAGE1":"Indiff\u00e9renci\u00e9","ETAT":"En service","surface":388.1126931863837,"HAUTEUR":7.8}},{"type":"Feature","geometry":{"type":"MultiPolygon","coordinates":[[[[-3.5455,47.8757],[-3.5454,47.8759],[-3.5453,47.8759],[-3.5453,47.8759],[-3.5453,47.8759],[-3.5454,47.8757],[-3.5454,47.8757],[-3.5455,47.8757],[-3.5455,47.8757]]]]},"properties":{"NATURE":"Industriel, agricole ou commercial","USAGE1":"Indiff\u00e9renci\u00e9","ETAT":"En service","surface":288.46996558178216,"HAUTEUR":6.2}},{"type":"Feature","geometry":{"type":"MultiPolygon","coordinates":[[[[-3.5454,47.8759],[-3.5455,47.8757],[-3.5456,47.8756],[-3.5456,47.8756],[-3.5457,47.8757],[-3.5456,47.8758],[-3.5457,47.8758],[-3.5457,47.8757],[-3.5457,47.8757],[-3.5457,47.8756],[-3.5457,47.8756],[-3.546,47.8757],[-3.5459,47.8758],[-3.546,47.8758],[-3.5459,47.8759],[-3.5459,47.876],[-3.5459,47.876],[-3.5459,47.876],[-3.5458,47.8761],[-3.5458,47.8762],[-3.5458,47.8762],[-3.5457,47.8762],[-3.5457,47.8761],[-3.5453,47.876],[-3.5453,47.876],[-3.5453,47.8759],[-3.5454,47.8759]]]]},"properties":{"NATURE":"Industriel, agricole ou commercial","USAGE1":"Indiff\u00e9renci\u00e9","ETAT":"En service","surface":1676.7574549830751,"HAUTEUR":6.3}},{"type":"Feature","geometry":{"type":"MultiPolygon","coordinates":[[[[-3.5458,47.8762],[-3.5458,47.8763],[-3.5458,47.8763],[-3.5456,47.8763],[-3.5454,47.8763],[-3.5454,47.8762],[-3.5456,47.8762],[-3.5456,47.8762],[-3.5458,47.8762]]]]},"properties":{"NATURE":"Industriel, agricole ou commercial","USAGE1":"Indiff\u00e9renci\u00e9","ETAT":"En service","surface":372.7573049539933,"HAUTEUR":5.0}},{"type":"Feature","geometry":{"type":"MultiPolygon","coordinates":[[[[-3.5564,47.8774],[-3.5565,47.8772],[-3.5566,47.8772],[-3.5569,47.8773],[-3.5577,47.8776],[-3.5576,47.8778],[-3.557,47.8776],[-3.5564,47.8774]]]]},"properties":{"NATURE":"Industriel, agricole ou commercial","USAGE1":"Industriel","ETAT":"En service","surface":2664.612121015787,"HAUTEUR":6.5}},{"type":"Feature","geometry":{"type":"MultiPolygon","coordinates":[[[[-3.5518,47.8751],[-3.5518,47.8752],[-3.5516,47.8752],[-3.5514,47.8753],[-3.5513,47.8753],[-3.5513,47.8753],[-3.5513,47.8753],[-3.5512,47.8752],[-3.5513,47.8752],[-3.5513,47.8752],[-3.5516,47.8752],[-3.5518,47.8752],[-3.5518,47.8751]]]]},"properties":{"NATURE":"Industriel, agricole ou commercial","USAGE1":"Indiff\u00e9renci\u00e9","ETAT":"En service","surface":263.76209596614353,"HAUTEUR":6.6}},{"type":"Feature","geometry":{"type":"MultiPolygon","coordinates":[[[[-3.5548,47.8758],[-3.5548,47.8758],[-3.5549,47.8758],[-3.5549,47.8758],[-3.5549,47.8758],[-3.555,47.8759],[-3.555,47.8759],[-3.555,47.8759],[-3.5551,47.876],[-3.5551,47.8761],[-3.5551,47.8761],[-3.5549,47.8759],[-3.5548,47.8758]]]]},"properties":{"NATURE":"Industriel, agricole ou commercial","USAGE1":"Commercial et services","ETAT":"En service","surface":227.37840953818522,"HAUTEUR":3.3}},{"type":"Feature","geometry":{"type":"MultiPolygon","coordinates":[[[[-3.5553,47.8765],[-3.5549,47.8762],[-3.555,47.8761],[-3.5554,47.8765],[-3.5553,47.8765]]]]},"properties":{"NATURE":"Industriel, agricole ou commercial","USAGE1":"Indiff\u00e9renci\u00e9","ETAT":"En service","surface":525.8514884859324,"HAUTEUR":4.9}},{"type":"Feature","geometry":{"type":"MultiPolygon","coordinates":[[[[-3.5552,47.876],[-3.5552,47.876],[-3.5552,47.876],[-3.5556,47.8764],[-3.5556,47.8764],[-3.5555,47.8764],[-3.5555,47.8764],[-3.5552,47.8762],[-3.5552,47.8762],[-3.5551,47.8761],[-3.5551,47.8761],[-3.5552,47.876]]]]},"properties":{"NATURE":"Industriel, agricole ou commercial","USAGE1":"Indiff\u00e9renci\u00e9","ETAT":"En service","surface":535.5995075579267,"HAUTEUR":7.8}},{"type":"Feature","geometry":{"type":"MultiPolygon","coordinates":[[[[-3.5555,47.8764],[-3.5556,47.8764],[-3.5556,47.8764],[-3.5558,47.8765],[-3.5558,47.8766],[-3.5558,47.8766],[-3.5558,47.8767],[-3.5557,47.8766],[-3.5555,47.8764]]]]},"properties":{"NATURE":"Industriel, agricole ou commercial","USAGE1":"Indiff\u00e9renci\u00e9","ETAT":"En service","surface":200.52247785124928,"HAUTEUR":6.8}},{"type":"Feature","geometry":{"type":"MultiPolygon","coordinates":[[[[-3.556,47.8798],[-3.5559,47.8799],[-3.5558,47.8799],[-3.5557,47.8799],[-3.5557,47.8799],[-3.5556,47.8798],[-3.5557,47.8798],[-3.556,47.8798],[-3.556,47.8798]]]]},"properties":{"NATURE":"Industriel, agricole ou commercial","USAGE1":"Indiff\u00e9renci\u00e9","ETAT":"En service","surface":214.5255361907184,"HAUTEUR":7.2}},{"type":"Feature","geometry":{"type":"MultiPolygon","coordinates":[[[[-3.5568,47.8793],[-3.5569,47.8793],[-3.557,47.8795],[-3.557,47.8795],[-3.5569,47.8795],[-3.557,47.8795],[-3.5568,47.8796],[-3.5565,47.8796],[-3.5563,47.8797],[-3.556,47.8798],[-3.5557,47.8798],[-3.5556,47.8797],[-3.5556,47.8796],[-3.5555,47.8795],[-3.5555,47.8795],[-3.5555,47.8795],[-3.5555,47.8795],[-3.5556,47.8794],[-3.5558,47.8794],[-3.556,47.8793],[-3.5562,47.8793],[-3.5564,47.8792],[-3.5566,47.8792],[-3.5566,47.8793],[-3.5566,47.8793],[-3.5568,47.8793],[-3.5568,47.8793],[-3.5568,47.8793]]]]},"properties":{"NATURE":"Industriel, agricole ou commercial","USAGE1":"Commercial et services","ETAT":"En service","surface":4399.947928177193,"HAUTEUR":8.4}},{"type":"Feature","geometry":{"type":"MultiPolygon","coordinates":[[[[-3.59,47.8635],[-3.5899,47.8635],[-3.5896,47.8632],[-3.5896,47.8631],[-3.5897,47.8631],[-3.59,47.8635]]]]},"properties":{"NATURE":"Industriel, agricole ou commercial","USAGE1":"Commercial et services","ETAT":"En service","surface":298.7667963989079,"HAUTEUR":5.3}},{"type":"Feature","geometry":{"type":"MultiPolygon","coordinates":[[[[-3.5882,47.8637],[-3.589,47.8633],[-3.5891,47.8633],[-3.5892,47.8633],[-3.5892,47.8633],[-3.5892,47.8633],[-3.5891,47.8634],[-3.5892,47.8635],[-3.5893,47.8635],[-3.5893,47.8636],[-3.5894,47.8637],[-3.5894,47.8638],[-3.5895,47.8638],[-3.5895,47.8639],[-3.5896,47.8639],[-3.5896,47.8639],[-3.5896,47.8639],[-3.5896,47.8639],[-3.5897,47.8639],[-3.5897,47.8639],[-3.5896,47.8639],[-3.5891,47.8642],[-3.5891,47.8643],[-3.589,47.8643],[-3.589,47.8642],[-3.5888,47.8643],[-3.5887,47.8642],[-3.5886,47.8642],[-3.5884,47.8639],[-3.5882,47.8639],[-3.5881,47.8638],[-3.5882,47.8638],[-3.5882,47.8637],[-3.5882,47.8637]]]]},"properties":{"NATURE":"Industriel, agricole ou commercial","USAGE1":"Commercial et services","ETAT":"En service","surface":6743.606152534485,"HAUTEUR":7.3}},{"type":"Feature","geometry":{"type":"MultiPolygon","coordinates":[[[[-3.5896,47.8638],[-3.5895,47.8636],[-3.5894,47.8636],[-3.5895,47.8635],[-3.5897,47.8637],[-3.5896,47.8638]]]]},"properties":{"NATURE":"Industriel, agricole ou commercial","USAGE1":"Commercial et services","ETAT":"En service","surface":206.94323386996984,"HAUTEUR":7.2}},{"type":"Feature","geometry":{"type":"MultiPolygon","coordinates":[[[[-3.5893,47.8646],[-3.589,47.8647],[-3.5889,47.8647],[-3.5889,47.8647],[-3.5889,47.8647],[-3.5889,47.8647],[-3.5888,47.8646],[-3.5892,47.8645],[-3.5893,47.8646]]]]},"properties":{"NATURE":"Industriel, agricole ou commercial","USAGE1":"Commercial et services","ETAT":"En service","surface":616.3482256531715,"HAUTEUR":4.5}},{"type":"Feature","geometry":{"type":"MultiPolygon","coordinates":[[[[-3.5887,47.8658],[-3.5884,47.8655],[-3.5889,47.8653],[-3.5889,47.8654],[-3.5891,47.8655],[-3.5892,47.8656],[-3.5892,47.8656],[-3.5887,47.8658]]]]},"properties":{"NATURE":"Industriel, agricole ou commercial","USAGE1":"Commercial et services","ETAT":"En service","surface":1579.4962070835754,"HAUTEUR":4.7}},{"type":"Feature","geometry":{"type":"MultiPolygon","coordinates":[[[[-3.5887,47.8658],[-3.5884,47.866],[-3.5881,47.8657],[-3.5884,47.8655],[-3.5887,47.8658]]]]},"properties":{"NATURE":"Industriel, agricole ou commercial","USAGE1":"Commercial et services","ETAT":"En service","surface":1255.1855006217957,"HAUTEUR":4.5}},{"type":"Feature","geometry":{"type":"MultiPolygon","coordinates":[[[[-3.5877,47.8649],[-3.5875,47.8647],[-3.5879,47.8645],[-3.588,47.8646],[-3.5881,47.8645],[-3.5883,47.8647],[-3.588,47.8649],[-3.5877,47.8649]]]]},"properties":{"NATURE":"Industriel, agricole ou commercial","USAGE1":"Commercial et services","ETAT":"En service","surface":1370.4163856431842,"HAUTEUR":4.0}},{"type":"Feature","geometry":{"type":"MultiPolygon","coordinates":[[[[-3.5884,47.865],[-3.5882,47.8651],[-3.588,47.8649],[-3.5882,47.8648],[-3.5884,47.865]]]]},"properties":{"NATURE":"Industriel, agricole ou commercial","USAGE1":"Commercial et services","ETAT":"En service","surface":431.4446318000555,"HAUTEUR":5.4}},{"type":"Feature","geometry":{"type":"MultiPolygon","coordinates":[[[[-3.5879,47.8644],[-3.5877,47.8644],[-3.5876,47.8643],[-3.5877,47.8643],[-3.5876,47.8643],[-3.5877,47.8643],[-3.5877,47.8643],[-3.5878,47.8643],[-3.5879,47.8644]]]]},"properties":{"NATURE":"Industriel, agricole ou commercial","USAGE1":"Commercial et services","ETAT":"En service","surface":268.4507911289111,"HAUTEUR":4.3}},{"type":"Feature","geometry":{"type":"MultiPolygon","coordinates":[[[[-3.5878,47.8651],[-3.5878,47.865],[-3.5881,47.8651],[-3.5879,47.8652],[-3.5878,47.8651],[-3.5878,47.8651]]]]},"properties":{"NATURE":"Industriel, agricole ou commercial","USAGE1":"Commercial et services","ETAT":"En service","surface":212.8008676096797,"HAUTEUR":3.4}},{"type":"Feature","geometry":{"type":"MultiPolygon","coordinates":[[[[-3.5881,47.8651],[-3.5882,47.8652],[-3.5882,47.8652],[-3.5882,47.8652],[-3.5882,47.8652],[-3.5883,47.8653],[-3.5882,47.8654],[-3.5879,47.8652],[-3.5881,47.8651]]]]},"properties":{"NATURE":"Industriel, agricole ou commercial","USAGE1":"Commercial et services","ETAT":"En service","surface":368.89549866877496,"HAUTEUR":4.3}},{"type":"Feature","geometry":{"type":"MultiPolygon","coordinates":[[[[-3.59,47.8652],[-3.5901,47.8654],[-3.5898,47.8655],[-3.5898,47.8655],[-3.5898,47.8654],[-3.5897,47.8655],[-3.5897,47.8654],[-3.5897,47.8654],[-3.5896,47.8652],[-3.5898,47.8651],[-3.5895,47.8648],[-3.5898,47.8647],[-3.5901,47.8651],[-3.59,47.8652]]]]},"properties":{"NATURE":"Industriel, agricole ou commercial","USAGE1":"Commercial et services","ETAT":"En service","surface":2076.9300066418946,"HAUTEUR":6.8}},{"type":"Feature","geometry":{"type":"MultiPolygon","coordinates":[[[[-3.5882,47.8654],[-3.5878,47.8655],[-3.5877,47.8653],[-3.5877,47.8652],[-3.5878,47.8651],[-3.5879,47.8652],[-3.5882,47.8654],[-3.5882,47.8654]]]]},"properties":{"NATURE":"Industriel, agricole ou commercial","USAGE1":"Commercial et services","ETAT":"En service","surface":773.8043611375615,"HAUTEUR":6.3}},{"type":"Feature","geometry":{"type":"MultiPolygon","coordinates":[[[[-3.5875,47.8574],[-3.5875,47.8576],[-3.5872,47.8576],[-3.5872,47.8575],[-3.5875,47.8574]]]]},"properties":{"NATURE":"Industriel, agricole ou commercial","USAGE1":"Indiff\u00e9renci\u00e9","ETAT":"En service","surface":305.8878159709275,"HAUTEUR":5.5}},{"type":"Feature","geometry":{"type":"MultiPolygon","coordinates":[[[[-3.5879,47.8661],[-3.5875,47.8662],[-3.5874,47.8659],[-3.5878,47.8658],[-3.5879,47.8661]]]]},"properties":{"NATURE":"Industriel, agricole ou commercial","USAGE1":"Commercial et services","ETAT":"En service","surface":1255.6308329030871,"HAUTEUR":3.8}},{"type":"Feature","geometry":{"type":"MultiPolygon","coordinates":[[[[-3.5865,47.8659],[-3.5862,47.8658],[-3.5863,47.8657],[-3.5862,47.8657],[-3.5862,47.8657],[-3.5862,47.8657],[-3.5862,47.8657],[-3.586,47.8656],[-3.5861,47.8655],[-3.5867,47.8657],[-3.5865,47.8659]]]]},"properties":{"NATURE":"Industriel, agricole ou commercial","USAGE1":"Commercial et services","ETAT":"En service","surface":1148.7475947141647,"HAUTEUR":4.5}},{"type":"Feature","geometry":{"type":"MultiPolygon","coordinates":[[[[-3.5872,47.8655],[-3.587,47.8655],[-3.5869,47.8652],[-3.5872,47.8652],[-3.5872,47.8655]]]]},"properties":{"NATURE":"Industriel, agricole ou commercial","USAGE1":"Commercial et services","ETAT":"En service","surface":517.2697691047506,"HAUTEUR":4.7}},{"type":"Feature","geometry":{"type":"MultiPolygon","coordinates":[[[[-3.587,47.864],[-3.5872,47.864],[-3.5872,47.864],[-3.5873,47.8641],[-3.5871,47.8642],[-3.587,47.864]]]]},"properties":{"NATURE":"Industriel, agricole ou commercial","USAGE1":"Commercial et services","ETAT":"En service","surface":289.45909537002444,"HAUTEUR":4.3}},{"type":"Feature","geometry":{"type":"MultiPolygon","coordinates":[[[[-3.5872,47.864],[-3.5872,47.864],[-3.5874,47.8639],[-3.5875,47.864],[-3.5872,47.864]]]]},"properties":{"NATURE":"Industriel, agricole ou commercial","USAGE1":"Commercial et services","ETAT":"En service","surface":219.91061785817146,"HAUTEUR":4.3}},{"type":"Feature","geometry":{"type":"MultiPolygon","coordinates":[[[[-3.5866,47.8652],[-3.5863,47.865],[-3.5864,47.8649],[-3.5867,47.8651],[-3.5866,47.8652]]]]},"properties":{"NATURE":"Industriel, agricole ou commercial","USAGE1":"Commercial et services","ETAT":"En service","surface":292.34772668778896,"HAUTEUR":5.5}},{"type":"Feature","geometry":{"type":"MultiPolygon","coordinates":[[[[-3.587,47.8645],[-3.5868,47.8645],[-3.5868,47.8644],[-3.5869,47.8644],[-3.5869,47.8643],[-3.5871,47.8643],[-3.5871,47.8644],[-3.587,47.8644],[-3.587,47.8645]]]]},"properties":{"NATURE":"Industriel, agricole ou commercial","USAGE1":"Commercial et services","ETAT":"En service","surface":225.51807956583798,"HAUTEUR":6.9}},{"type":"Feature","geometry":{"type":"MultiPolygon","coordinates":[[[[-3.5843,47.8702],[-3.5839,47.8702],[-3.5838,47.8697],[-3.5839,47.8697],[-3.5839,47.8696],[-3.5842,47.8696],[-3.5842,47.8697],[-3.5842,47.8697],[-3.5843,47.8702]]]]},"properties":{"NATURE":"Industriel, agricole ou commercial","USAGE1":"Industriel","ETAT":"En service","surface":1801.6831084266305,"HAUTEUR":12.2}},{"type":"Feature","geometry":{"type":"MultiPolygon","coordinates":[[[[-3.5782,47.8665],[-3.5782,47.8666],[-3.578,47.8666],[-3.578,47.8666],[-3.5779,47.8666],[-3.5778,47.8664],[-3.5779,47.8664],[-3.5779,47.8664],[-3.5779,47.8664],[-3.578,47.8665],[-3.5782,47.8664],[-3.5782,47.8665]]]]},"properties":{"NATURE":"Industriel, agricole ou commercial","USAGE1":"Indiff\u00e9renci\u00e9","ETAT":"En service","surface":553.4328149678186,"HAUTEUR":4.7}},{"type":"Feature","geometry":{"type":"MultiPolygon","coordinates":[[[[-3.583,47.8679],[-3.5831,47.8679],[-3.5831,47.8678],[-3.5831,47.8678],[-3.5831,47.8678],[-3.5832,47.8678],[-3.5833,47.8681],[-3.5831,47.8681],[-3.583,47.8681],[-3.583,47.8679],[-3.583,47.8679]]]]},"properties":{"NATURE":"Industriel, agricole ou commercial","USAGE1":"Commercial et services","ETAT":"En service","surface":498.5535448656883,"HAUTEUR":4.8}},{"type":"Feature","geometry":{"type":"MultiPolygon","coordinates":[[[[-3.5822,47.8667],[-3.5819,47.8666],[-3.582,47.8665],[-3.5823,47.8666],[-3.5822,47.8667]]]]},"properties":{"NATURE":"Industriel, agricole ou commercial","USAGE1":"Commercial et services","ETAT":"En service","surface":303.07676173746586,"HAUTEUR":5.3}},{"type":"Feature","geometry":{"type":"MultiPolygon","coordinates":[[[[-3.5806,47.8673],[-3.5804,47.8675],[-3.5802,47.8675],[-3.5803,47.8673],[-3.5802,47.8673],[-3.5803,47.8672],[-3.5802,47.8671],[-3.5803,47.8671],[-3.5805,47.8672],[-3.5804,47.8673],[-3.5806,47.8673]]]]},"properties":{"NATURE":"Industriel, agricole ou commercial","USAGE1":"Commercial et services","ETAT":"En service","surface":799.1370382942259,"HAUTEUR":5.7}},{"type":"Feature","geometry":{"type":"MultiPolygon","coordinates":[[[[-3.5828,47.8673],[-3.5824,47.8673],[-3.5823,47.8673],[-3.582,47.8673],[-3.582,47.8671],[-3.5824,47.8671],[-3.5824,47.8671],[-3.5828,47.8671],[-3.5828,47.8673]]]]},"properties":{"NATURE":"Industriel, agricole ou commercial","USAGE1":"Industriel","ETAT":"En service","surface":1525.1361511349678,"HAUTEUR":4.0}},{"type":"Feature","geometry":{"type":"MultiPolygon","coordinates":[[[[-3.5787,47.8663],[-3.5784,47.8664],[-3.5784,47.8664],[-3.5784,47.8663],[-3.5786,47.8662],[-3.5787,47.8663]]]]},"properties":{"NATURE":"Industriel, agricole ou commercial","USAGE1":"Indiff\u00e9renci\u00e9","ETAT":"En ruine","surface":243.36670147255063,"HAUTEUR":4.8}},{"type":"Feature","geometry":{"type":"MultiPolygon","coordinates":[[[[-3.5808,47.8663],[-3.5808,47.8663],[-3.5808,47.8663],[-3.5807,47.8663],[-3.5807,47.8661],[-3.5809,47.8662],[-3.5809,47.8662],[-3.5809,47.8662],[-3.5808,47.8663]]]]},"properties":{"NATURE":"Industriel, agricole ou commercial","USAGE1":"Commercial et services","ETAT":"En service","surface":231.70604667579755,"HAUTEUR":5.8}},{"type":"Feature","geometry":{"type":"MultiPolygon","coordinates":[[[[-3.5824,47.8668],[-3.5823,47.8668],[-3.5824,47.8666],[-3.5825,47.8666],[-3.5824,47.8668]]]]},"properties":{"NATURE":"Industriel, agricole ou commercial","USAGE1":"Commercial et services","ETAT":"En service","surface":229.85848737508059,"HAUTEUR":6.2}},{"type":"Feature","geometry":{"type":"MultiPolygon","coordinates":[[[[-3.5807,47.8669],[-3.5804,47.8668],[-3.5806,47.8666],[-3.5808,47.8667],[-3.5807,47.8669]]]]},"properties":{"NATURE":"Industriel, agricole ou commercial","USAGE1":"Commercial et services","ETAT":"En service","surface":483.0882863253355,"HAUTEUR":5.3}},{"type":"Feature","geometry":{"type":"MultiPolygon","coordinates":[[[[-3.5788,47.8658],[-3.5786,47.8657],[-3.5784,47.8656],[-3.5783,47.8656],[-3.5785,47.8654],[-3.579,47.8655],[-3.5788,47.8658]]]]},"properties":{"NATURE":"Industriel, agricole ou commercial","USAGE1":"Commercial et services","ETAT":"En service","surface":1045.188643105328,"HAUTEUR":6.3}},{"type":"Feature","geometry":{"type":"MultiPolygon","coordinates":[[[[-3.579,47.8662],[-3.5787,47.8662],[-3.5787,47.8661],[-3.5786,47.8661],[-3.5787,47.8661],[-3.5787,47.8661],[-3.5787,47.866],[-3.5787,47.866],[-3.5787,47.866],[-3.5789,47.8661],[-3.5789,47.866],[-3.579,47.8661],[-3.579,47.866],[-3.579,47.8661],[-3.579,47.8661],[-3.579,47.8661],[-3.579,47.8662],[-3.579,47.8662]]]]},"properties":{"NATURE":"Industriel, agricole ou commercial","USAGE1":"Commercial et services","ETAT":"En service","surface":360.98963013943285,"HAUTEUR":4.5}},{"type":"Feature","geometry":{"type":"MultiPolygon","coordinates":[[[[-3.5815,47.8674],[-3.5814,47.8673],[-3.5813,47.8674],[-3.5813,47.8674],[-3.5812,47.8674],[-3.5812,47.8674],[-3.5812,47.8674],[-3.5811,47.8674],[-3.5811,47.8674],[-3.581,47.8674],[-3.581,47.8673],[-3.581,47.8673],[-3.581,47.8672],[-3.581,47.8672],[-3.581,47.8671],[-3.5811,47.8669],[-3.5812,47.8669],[-3.5813,47.8668],[-3.5816,47.8669],[-3.5817,47.867],[-3.5818,47.8674],[-3.5817,47.8674],[-3.5815,47.8674]]]]},"properties":{"NATURE":"Industriel, agricole ou commercial","USAGE1":"Industriel","ETAT":"En service","surface":2894.2029744219035,"HAUTEUR":4.9}},{"type":"Feature","geometry":{"type":"MultiPolygon","coordinates":[[[[-3.5811,47.8662],[-3.5814,47.8663],[-3.5813,47.8664],[-3.5814,47.8664],[-3.5813,47.8664],[-3.5813,47.8664],[-3.5813,47.8665],[-3.5813,47.8664],[-3.5813,47.8665],[-3.5812,47.8664],[-3.5812,47.8664],[-3.5812,47.8664],[-3.5812,47.8664],[-3.581,47.8664],[-3.5811,47.8662]]]]},"properties":{"NATURE":"Industriel, agricole ou commercial","USAGE1":"Commercial et services","ETAT":"En service","surface":414.11589835071936,"HAUTEUR":8.1}},{"type":"Feature","geometry":{"type":"MultiPolygon","coordinates":[[[[-3.5834,47.8682],[-3.5833,47.8682],[-3.5833,47.8682],[-3.5833,47.8679],[-3.5833,47.8679],[-3.5835,47.8679],[-3.5835,47.8679],[-3.5834,47.8679],[-3.5834,47.8682]]]]},"properties":{"NATURE":"Industriel, agricole ou commercial","USAGE1":"Commercial et services","ETAT":"En service","surface":289.3079490973614,"HAUTEUR":4.1}},{"type":"Feature","geometry":{"type":"MultiPolygon","coordinates":[[[[-3.583,47.8684],[-3.5829,47.8683],[-3.5831,47.8682],[-3.5831,47.8684],[-3.583,47.8684]]]]},"properties":{"NATURE":"Industriel, agricole ou commercial","USAGE1":"Commercial et services","ETAT":"En service","surface":242.21973670460284,"HAUTEUR":5.5}},{"type":"Feature","geometry":{"type":"MultiPolygon","coordinates":[[[[-3.5763,47.8695],[-3.576,47.8695],[-3.5759,47.8693],[-3.5761,47.8692],[-3.5763,47.8695]]]]},"properties":{"NATURE":"Industriel, agricole ou commercial","USAGE1":"Commercial et services","ETAT":"En service","surface":520.1018338352442,"HAUTEUR":6.6}},{"type":"Feature","geometry":{"type":"MultiPolygon","coordinates":[[[[-3.5815,47.8665],[-3.5816,47.8663],[-3.5818,47.8664],[-3.5818,47.8665],[-3.5815,47.8665]]]]},"properties":{"NATURE":"Industriel, agricole ou commercial","USAGE1":"Commercial et services","ETAT":"En service","surface":299.88251904398203,"HAUTEUR":8.6}},{"type":"Feature","geometry":{"type":"MultiPolygon","coordinates":[[[[-3.5792,47.8658],[-3.5793,47.8656],[-3.5797,47.8658],[-3.5796,47.8659],[-3.5792,47.8658]]]]},"properties":{"NATURE":"Industriel, agricole ou commercial","USAGE1":"Commercial et services","ETAT":"En service","surface":617.4891569390893,"HAUTEUR":6.5}},{"type":"Feature","geometry":{"type":"MultiPolygon","coordinates":[[[[-3.5878,47.8655],[-3.5877,47.8655],[-3.5876,47.8655],[-3.5873,47.8655],[-3.5873,47.8654],[-3.5876,47.8653],[-3.5877,47.8653],[-3.5878,47.8655]]]]},"properties":{"NATURE":"Industriel, agricole ou commercial","USAGE1":"Commercial et services","ETAT":"En service","surface":543.6902309507132,"HAUTEUR":5.4}},{"type":"Feature","geometry":{"type":"MultiPolygon","coordinates":[[[[-3.587,47.8661],[-3.5869,47.866],[-3.5868,47.866],[-3.5867,47.866],[-3.5868,47.8658],[-3.5871,47.8659],[-3.587,47.8661]]]]},"properties":{"NATURE":"Industriel, agricole ou commercial","USAGE1":"Commercial et services","ETAT":"En service","surface":453.6891464330256,"HAUTEUR":6.4}},{"type":"Feature","geometry":{"type":"MultiPolygon","coordinates":[[[[-3.5834,47.8687],[-3.5833,47.8688],[-3.5833,47.8687],[-3.5831,47.8687],[-3.5831,47.8686],[-3.5832,47.8686],[-3.5832,47.8686],[-3.5834,47.8686],[-3.5834,47.8687]]]]},"properties":{"NATURE":"Industriel, agricole ou commercial","USAGE1":"Commercial et services","ETAT":"En service","surface":292.6672897920944,"HAUTEUR":3.8}},{"type":"Feature","geometry":{"type":"MultiPolygon","coordinates":[[[[-3.5835,47.8686],[-3.5834,47.8686],[-3.5833,47.8682],[-3.5834,47.8682],[-3.5835,47.8684],[-3.5835,47.8684],[-3.5835,47.8686]]]]},"properties":{"NATURE":"Industriel, agricole ou commercial","USAGE1":"Commercial et services","ETAT":"En service","surface":319.2880489965901,"HAUTEUR":3.5}},{"type":"Feature","geometry":{"type":"MultiPolygon","coordinates":[[[[-3.5834,47.8686],[-3.5832,47.8686],[-3.5832,47.8686],[-3.5831,47.8686],[-3.5831,47.8686],[-3.583,47.8686],[-3.583,47.8684],[-3.5831,47.8684],[-3.5831,47.8682],[-3.5831,47.8682],[-3.5833,47.8682],[-3.5833,47.8682],[-3.5834,47.8686],[-3.5834,47.8686]]]]},"properties":{"NATURE":"Industriel, agricole ou commercial","USAGE1":"Commercial et services","ETAT":"En service","surface":1134.5710025527515,"HAUTEUR":4.5}},{"type":"Feature","geometry":{"type":"MultiPolygon","coordinates":[[[[-3.5204,47.8656],[-3.5202,47.8659],[-3.5201,47.8659],[-3.5199,47.8659],[-3.5198,47.8658],[-3.5199,47.8657],[-3.5198,47.8657],[-3.5198,47.8658],[-3.5195,47.8657],[-3.5195,47.8656],[-3.5196,47.8656],[-3.5197,47.8654],[-3.5204,47.8656]]]]},"properties":{"NATURE":"Industriel, agricole ou commercial","USAGE1":"Commercial et services","ETAT":"En service","surface":1995.51469887048,"HAUTEUR":4.0}},{"type":"Feature","geometry":{"type":"MultiPolygon","coordinates":[[[[-3.5122,47.8674],[-3.512,47.8674],[-3.5119,47.8672],[-3.5122,47.8672],[-3.5122,47.8674]]]]},"properties":{"NATURE":"Industriel, agricole ou commercial","USAGE1":"Agricole","ETAT":"En service","surface":328.9112376049161,"HAUTEUR":6.4}},{"type":"Feature","geometry":{"type":"MultiPolygon","coordinates":[[[[-3.5121,47.8672],[-3.5119,47.8672],[-3.5118,47.867],[-3.5118,47.867],[-3.5118,47.8669],[-3.5121,47.8669],[-3.5121,47.8672]]]]},"properties":{"NATURE":"Industriel, agricole ou commercial","USAGE1":"Agricole","ETAT":"En service","surface":537.4861642718315,"HAUTEUR":6.1}},{"type":"Feature","geometry":{"type":"MultiPolygon","coordinates":[[[[-3.5123,47.8672],[-3.513,47.8671],[-3.513,47.8672],[-3.5123,47.8673],[-3.5123,47.8672]]]]},"properties":{"NATURE":"Industriel, agricole ou commercial","USAGE1":"Agricole","ETAT":"En service","surface":568.4826755337417,"HAUTEUR":4.3}},{"type":"Feature","geometry":{"type":"MultiPolygon","coordinates":[[[[-3.5123,47.8672],[-3.5122,47.867],[-3.5126,47.8669],[-3.513,47.8669],[-3.513,47.8671],[-3.5123,47.8672]]]]},"properties":{"NATURE":"Industriel, agricole ou commercial","USAGE1":"Agricole","ETAT":"En service","surface":1451.8780721295625,"HAUTEUR":5.3}},{"type":"Feature","geometry":{"type":"MultiPolygon","coordinates":[[[[-3.8217,48.197],[-3.8217,48.1969],[-3.8216,48.1969],[-3.8215,48.1968],[-3.8216,48.1968],[-3.8216,48.1968],[-3.8219,48.1968],[-3.8219,48.1969],[-3.8217,48.197]]]]},"properties":{"NATURE":"Industriel, agricole ou commercial","USAGE1":"Commercial et services","ETAT":"En service","surface":400.7396218901267,"HAUTEUR":3.8}},{"type":"Feature","geometry":{"type":"MultiPolygon","coordinates":[[[[-3.8201,48.1958],[-3.8205,48.1958],[-3.8205,48.1959],[-3.8201,48.1959],[-3.8201,48.1958]]]]},"properties":{"NATURE":"Industriel, agricole ou commercial","USAGE1":"Commercial et services","ETAT":"En service","surface":394.29838106036186,"HAUTEUR":5.0}},{"type":"Feature","geometry":{"type":"MultiPolygon","coordinates":[[[[-3.8232,48.1978],[-3.823,48.1978],[-3.8229,48.1977],[-3.8231,48.1976],[-3.8232,48.1978]]]]},"properties":{"NATURE":"Industriel, agricole ou commercial","USAGE1":"Indiff\u00e9renci\u00e9","ETAT":"En service","surface":226.00365307182074,"HAUTEUR":3.7}},{"type":"Feature","geometry":{"type":"MultiPolygon","coordinates":[[[[-3.8294,48.1963],[-3.8296,48.1962],[-3.8297,48.1964],[-3.8297,48.1964],[-3.8296,48.1964],[-3.8297,48.1965],[-3.8296,48.1965],[-3.8294,48.1963]]]]},"properties":{"NATURE":"Industriel, agricole ou commercial","USAGE1":"Agricole","ETAT":"En service","surface":398.5325667820871,"HAUTEUR":5.5}},{"type":"Feature","geometry":{"type":"MultiPolygon","coordinates":[[[[-3.8293,48.1962],[-3.8295,48.1961],[-3.8296,48.1962],[-3.8296,48.1962],[-3.8294,48.1963],[-3.8293,48.1962]]]]},"properties":{"NATURE":"Industriel, agricole ou commercial","USAGE1":"Agricole","ETAT":"En service","surface":305.6714761648327,"HAUTEUR":5.4}},{"type":"Feature","geometry":{"type":"MultiPolygon","coordinates":[[[[-3.8297,48.1962],[-3.8299,48.1963],[-3.8299,48.1963],[-3.8297,48.1964],[-3.8296,48.1962],[-3.8297,48.1962]]]]},"properties":{"NATURE":"Industriel, agricole ou commercial","USAGE1":"Agricole","ETAT":"En service","surface":242.5110622770153,"HAUTEUR":5.8}},{"type":"Feature","geometry":{"type":"MultiPolygon","coordinates":[[[[-3.8303,48.1962],[-3.8303,48.1962],[-3.8301,48.1964],[-3.83,48.1963],[-3.83,48.1963],[-3.83,48.1963],[-3.83,48.1962],[-3.8301,48.1962],[-3.8302,48.1962],[-3.8303,48.1962]]]]},"properties":{"NATURE":"Industriel, agricole ou commercial","USAGE1":"Agricole","ETAT":"En service","surface":271.53609595261514,"HAUTEUR":7.1}},{"type":"Feature","geometry":{"type":"MultiPolygon","coordinates":[[[[-3.8297,48.1961],[-3.8299,48.1961],[-3.83,48.1962],[-3.83,48.1963],[-3.8299,48.1963],[-3.8299,48.1963],[-3.8297,48.1962],[-3.8297,48.1961]]]]},"properties":{"NATURE":"Industriel, agricole ou commercial","USAGE1":"Agricole","ETAT":"En service","surface":276.1609476804733,"HAUTEUR":6.0}},{"type":"Feature","geometry":{"type":"MultiPolygon","coordinates":[[[[-3.8299,48.1961],[-3.8301,48.196],[-3.8303,48.1962],[-3.8302,48.1962],[-3.8301,48.1962],[-3.83,48.1962],[-3.8299,48.1961]]]]},"properties":{"NATURE":"Industriel, agricole ou commercial","USAGE1":"Agricole","ETAT":"En service","surface":378.5970191732049,"HAUTEUR":6.0}},{"type":"Feature","geometry":{"type":"MultiPolygon","coordinates":[[[[-3.8195,48.1999],[-3.8195,48.1998],[-3.8195,48.1997],[-3.8202,48.1997],[-3.8202,48.1999],[-3.8195,48.2],[-3.8195,48.1999]]]]},"properties":{"NATURE":"Industriel, agricole ou commercial","USAGE1":"Industriel","ETAT":"En service","surface":1433.2585765224649,"HAUTEUR":3.6}},{"type":"Feature","geometry":{"type":"MultiPolygon","coordinates":[[[[-3.8206,48.2],[-3.8205,48.1996],[-3.8207,48.1996],[-3.8207,48.1999],[-3.8206,48.2]]]]},"properties":{"NATURE":"Industriel, agricole ou commercial","USAGE1":"Industriel","ETAT":"En service","surface":451.43571562692523,"HAUTEUR":4.9}},{"type":"Feature","geometry":{"type":"MultiPolygon","coordinates":[[[[-3.8186,48.2008],[-3.8186,48.2006],[-3.8186,48.2006],[-3.8186,48.2005],[-3.8195,48.2005],[-3.8195,48.2005],[-3.8199,48.2005],[-3.8199,48.2006],[-3.8201,48.2005],[-3.8201,48.2006],[-3.8201,48.2006],[-3.8201,48.2005],[-3.8202,48.2005],[-3.8202,48.2006],[-3.8202,48.2006],[-3.8202,48.2005],[-3.8203,48.2005],[-3.8203,48.2006],[-3.8203,48.2006],[-3.8203,48.2005],[-3.8204,48.2005],[-3.8204,48.2006],[-3.8204,48.2006],[-3.8204,48.2005],[-3.8204,48.2005],[-3.8204,48.2005],[-3.8206,48.2005],[-3.8206,48.2005],[-3.8207,48.2005],[-3.8207,48.2005],[-3.8207,48.2005],[-3.8207,48.2005],[-3.8208,48.2005],[-3.8208,48.2005],[-3.8209,48.2005],[-3.8209,48.2005],[-3.8209,48.2005],[-3.8209,48.2005],[-3.8209,48.2005],[-3.8209,48.2005],[-3.821,48.2005],[-3.821,48.2005],[-3.8211,48.2005],[-3.8212,48.2009],[-3.8213,48.2008],[-3.8213,48.2009],[-3.8213,48.2009],[-3.8214,48.201],[-3.8214,48.201],[-3.8214,48.2011],[-3.8213,48.2011],[-3.821,48.2011],[-3.821,48.2011],[-3.8206,48.2011],[-3.8206,48.2011],[-3.8198,48.2012],[-3.8198,48.201],[-3.8197,48.201],[-3.8196,48.201],[-3.819,48.2011],[-3.819,48.201],[-3.8188,48.201],[-3.8188,48.2007],[-3.8186,48.2008]]]]},"properties":{"NATURE":"Industriel, agricole ou commercial","USAGE1":"Industriel","ETAT":"En service","surface":12201.749937448185,"HAUTEUR":7.5}},{"type":"Feature","geometry":{"type":"MultiPolygon","coordinates":[[[[-3.8193,48.2013],[-3.8193,48.2013],[-3.8198,48.2012],[-3.8198,48.2012],[-3.8198,48.2012],[-3.8206,48.2011],[-3.8206,48.2012],[-3.8206,48.2012],[-3.8204,48.2012],[-3.8196,48.2013],[-3.8193,48.2013]]]]},"properties":{"NATURE":"Industriel, agricole ou commercial","USAGE1":"Industriel","ETAT":"En service","surface":738.8611333394656,"HAUTEUR":9.3}},{"type":"Feature","geometry":{"type":"MultiPolygon","coordinates":[[[[-3.8196,48.201],[-3.8196,48.2011],[-3.8189,48.2012],[-3.8188,48.201],[-3.819,48.201],[-3.819,48.2011],[-3.8196,48.201]]]]},"properties":{"NATURE":"Industriel, agricole ou commercial","USAGE1":"Industriel","ETAT":"En service","surface":862.6187673602253,"HAUTEUR":6.1}},{"type":"Feature","geometry":{"type":"MultiPolygon","coordinates":[[[[-3.8206,48.2011],[-3.821,48.2011],[-3.821,48.2011],[-3.8213,48.2011],[-3.8213,48.2011],[-3.8214,48.2011],[-3.8214,48.2011],[-3.8211,48.2012],[-3.8212,48.2012],[-3.8212,48.2012],[-3.8213,48.2014],[-3.8212,48.2014],[-3.8212,48.2015],[-3.8212,48.2016],[-3.821,48.2016],[-3.821,48.2016],[-3.821,48.2016],[-3.821,48.2016],[-3.8209,48.2016],[-3.8209,48.2016],[-3.8208,48.2016],[-3.8208,48.2016],[-3.8208,48.2016],[-3.8208,48.2016],[-3.8207,48.2016],[-3.8207,48.2016],[-3.8205,48.2016],[-3.8206,48.2012],[-3.8206,48.2012],[-3.8206,48.2011]]]]},"properties":{"NATURE":"Industriel, agricole ou commercial","USAGE1":"Industriel","ETAT":"En service","surface":2825.5252997603966,"HAUTEUR":8.6}},{"type":"Feature","geometry":{"type":"MultiPolygon","coordinates":[[[[-3.8193,48.2013],[-3.8196,48.2013],[-3.8196,48.2014],[-3.8196,48.2014],[-3.8196,48.2014],[-3.8193,48.2014],[-3.8193,48.2013]]]]},"properties":{"NATURE":"Industriel, agricole ou commercial","USAGE1":"Industriel","ETAT":"En service","surface":239.44162823655643,"HAUTEUR":6.3}},{"type":"Feature","geometry":{"type":"MultiPolygon","coordinates":[[[[-3.8196,48.2013],[-3.8204,48.2012],[-3.8204,48.2014],[-3.8202,48.2014],[-3.8201,48.2013],[-3.8199,48.2014],[-3.8199,48.2013],[-3.8198,48.2014],[-3.8198,48.2014],[-3.8198,48.2014],[-3.8198,48.2014],[-3.8196,48.2014],[-3.8196,48.2014],[-3.8196,48.2013]]]]},"properties":{"NATURE":"Industriel, agricole ou commercial","USAGE1":"Industriel","ETAT":"En service","surface":846.6069656070322,"HAUTEUR":9.5}},{"type":"Feature","geometry":{"type":"MultiPolygon","coordinates":[[[[-3.8211,48.2],[-3.8211,48.1998],[-3.822,48.1997],[-3.822,48.1998],[-3.8222,48.1998],[-3.8222,48.1999],[-3.8223,48.1999],[-3.8224,48.1999],[-3.8212,48.2],[-3.8211,48.2]]]]},"properties":{"NATURE":"Industriel, agricole ou commercial","USAGE1":"Commercial et services","ETAT":"En service","surface":1809.7770111477003,"HAUTEUR":4.8}},{"type":"Feature","geometry":{"type":"MultiPolygon","coordinates":[[[[-3.8209,48.2],[-3.8208,48.1996],[-3.821,48.1995],[-3.8211,48.1998],[-3.8211,48.2],[-3.8211,48.2],[-3.8211,48.2],[-3.8209,48.2]]]]},"properties":{"NATURE":"Industriel, agricole ou commercial","USAGE1":"Commercial et services","ETAT":"En service","surface":974.700574491173,"HAUTEUR":5.9}},{"type":"Feature","geometry":{"type":"MultiPolygon","coordinates":[[[[-3.8244,48.1953],[-3.8243,48.1953],[-3.8243,48.1953],[-3.8242,48.1954],[-3.8241,48.1952],[-3.8242,48.1952],[-3.8243,48.1952],[-3.8243,48.1952],[-3.8244,48.1953]]]]},"properties":{"NATURE":"Industriel, agricole ou commercial","USAGE1":"Annexe","ETAT":"En service","surface":203.8912763595581,"HAUTEUR":3.5}},{"type":"Feature","geometry":{"type":"MultiPolygon","coordinates":[[[[-3.8205,48.2016],[-3.8204,48.2016],[-3.8204,48.2017],[-3.8202,48.2017],[-3.8202,48.2014],[-3.8204,48.2014],[-3.8204,48.2012],[-3.8206,48.2012],[-3.8205,48.2016]]]]},"properties":{"NATURE":"Industriel, agricole ou commercial","USAGE1":"Industriel","ETAT":"En service","surface":940.6888151674066,"HAUTEUR":9.7}},{"type":"Feature","geometry":{"type":"MultiPolygon","coordinates":[[[[-3.7822,48.2004],[-3.7822,48.2004],[-3.7822,48.2005],[-3.7821,48.2005],[-3.7818,48.2005],[-3.7818,48.2003],[-3.7819,48.2003],[-3.7819,48.2003],[-3.782,48.2004],[-3.7821,48.2004],[-3.7822,48.2004]]]]},"properties":{"NATURE":"Industriel, agricole ou commercial","USAGE1":"Agricole","ETAT":"En service","surface":355.50152440328384,"HAUTEUR":4.0}},{"type":"Feature","geometry":{"type":"MultiPolygon","coordinates":[[[[-3.7889,48.1962],[-3.7887,48.1962],[-3.7886,48.196],[-3.7888,48.196],[-3.7889,48.1962]]]]},"properties":{"NATURE":"Industriel, agricole ou commercial","USAGE1":"Agricole","ETAT":"En service","surface":313.39950524270535,"HAUTEUR":5.0}},{"type":"Feature","geometry":{"type":"MultiPolygon","coordinates":[[[[-3.789,48.1965],[-3.789,48.1965],[-3.789,48.1965],[-3.7891,48.1966],[-3.7888,48.1966],[-3.7888,48.1966],[-3.7888,48.1966],[-3.7888,48.1965],[-3.7888,48.1965],[-3.7888,48.1965],[-3.7888,48.1964],[-3.7887,48.1964],[-3.7888,48.1964],[-3.7889,48.1965],[-3.789,48.1965],[-3.7889,48.1964],[-3.789,48.1963],[-3.789,48.1963],[-3.7891,48.1965],[-3.789,48.1965]]]]},"properties":{"NATURE":"Industriel, agricole ou commercial","USAGE1":"Agricole","ETAT":"En service","surface":373.3363781492226,"HAUTEUR":4.4}},{"type":"Feature","geometry":{"type":"MultiPolygon","coordinates":[[[[-3.7851,48.199],[-3.7851,48.199],[-3.7851,48.1989],[-3.785,48.1988],[-3.7849,48.1989],[-3.7848,48.1988],[-3.7849,48.1988],[-3.7849,48.1988],[-3.7851,48.1987],[-3.7853,48.1989],[-3.7851,48.199]]]]},"properties":{"NATURE":"Industriel, agricole ou commercial","USAGE1":"Agricole","ETAT":"En service","surface":506.73826658469625,"HAUTEUR":5.2}},{"type":"Feature","geometry":{"type":"MultiPolygon","coordinates":[[[[-3.7858,48.1991],[-3.7855,48.1992],[-3.7854,48.199],[-3.7857,48.1989],[-3.7858,48.1991]]]]},"properties":{"NATURE":"Industriel, agricole ou commercial","USAGE1":"Agricole","ETAT":"En service","surface":513.9355817660689,"HAUTEUR":4.4}},{"type":"Feature","geometry":{"type":"MultiPolygon","coordinates":[[[[-3.7796,48.2046],[-3.7794,48.2046],[-3.7794,48.2037],[-3.7794,48.2037],[-3.7794,48.2037],[-3.7795,48.2037],[-3.7795,48.2037],[-3.7795,48.2037],[-3.7795,48.2037],[-3.7796,48.2037],[-3.7797,48.2038],[-3.7796,48.2038],[-3.7797,48.2046],[-3.7796,48.2046],[-3.7796,48.2046]]]]},"properties":{"NATURE":"Industriel, agricole ou commercial","USAGE1":"Agricole","ETAT":"En service","surface":1795.1338673762803,"HAUTEUR":5.1}},{"type":"Feature","geometry":{"type":"MultiPolygon","coordinates":[[[[-3.7884,48.2019],[-3.7884,48.2019],[-3.7883,48.2021],[-3.7883,48.2021],[-3.7882,48.2021],[-3.7882,48.2021],[-3.7883,48.202],[-3.7881,48.2019],[-3.7881,48.2018],[-3.7884,48.2019]]]]},"properties":{"NATURE":"Industriel, agricole ou commercial","USAGE1":"Agricole","ETAT":"En service","surface":317.52684467472136,"HAUTEUR":4.8}},{"type":"Feature","geometry":{"type":"MultiPolygon","coordinates":[[[[-3.7806,48.2036],[-3.78,48.2036],[-3.78,48.2035],[-3.7801,48.2035],[-3.7801,48.2034],[-3.7804,48.2034],[-3.7805,48.2034],[-3.7805,48.2035],[-3.7805,48.2035],[-3.7805,48.2035],[-3.7806,48.2035],[-3.7806,48.2036],[-3.7806,48.2036]]]]},"properties":{"NATURE":"Industriel, agricole ou commercial","USAGE1":"Agricole","ETAT":"En service","surface":1007.9259346900508,"HAUTEUR":5.3}},{"type":"Feature","geometry":{"type":"MultiPolygon","coordinates":[[[[-3.8502,48.1948],[-3.8501,48.1948],[-3.8501,48.1945],[-3.8502,48.1946],[-3.8502,48.1948]]]]},"properties":{"NATURE":"Industriel, agricole ou commercial","USAGE1":"Agricole","ETAT":"En service","surface":243.2922831363976,"HAUTEUR":3.2}},{"type":"Feature","geometry":{"type":"MultiPolygon","coordinates":[[[[-3.8488,48.1944],[-3.8491,48.1944],[-3.8491,48.1945],[-3.849,48.1945],[-3.849,48.1946],[-3.849,48.1946],[-3.8488,48.1946],[-3.8488,48.1944]]]]},"properties":{"NATURE":"Industriel, agricole ou commercial","USAGE1":"Agricole","ETAT":"En service","surface":303.7850543023087,"HAUTEUR":6.3}},{"type":"Feature","geometry":{"type":"MultiPolygon","coordinates":[[[[-3.8488,48.1944],[-3.8488,48.1942],[-3.8491,48.1942],[-3.8491,48.1944],[-3.8488,48.1944]]]]},"properties":{"NATURE":"Industriel, agricole ou commercial","USAGE1":"Agricole","ETAT":"En service","surface":406.75692119821906,"HAUTEUR":5.9}},{"type":"Feature","geometry":{"type":"MultiPolygon","coordinates":[[[[-3.8459,48.2009],[-3.8458,48.2008],[-3.846,48.2007],[-3.8461,48.2007],[-3.8459,48.2009]]]]},"properties":{"NATURE":"Industriel, agricole ou commercial","USAGE1":"Agricole","ETAT":"En service","surface":204.46072233468294,"HAUTEUR":3.6}},{"type":"Feature","geometry":{"type":"MultiPolygon","coordinates":[[[[-3.8516,48.2039],[-3.852,48.2045],[-3.8518,48.2045],[-3.8514,48.204],[-3.8516,48.2039]]]]},"properties":{"NATURE":"Industriel, agricole ou commercial","USAGE1":"Agricole","ETAT":"En service","surface":1066.1950400322676,"HAUTEUR":4.0}},{"type":"Feature","geometry":{"type":"MultiPolygon","coordinates":[[[[-3.8517,48.2011],[-3.8519,48.2012],[-3.8519,48.2012],[-3.852,48.2012],[-3.8518,48.2013],[-3.8518,48.2013],[-3.8516,48.2011],[-3.8517,48.2011]]]]},"properties":{"NATURE":"Industriel, agricole ou commercial","USAGE1":"Agricole","ETAT":"En service","surface":222.57931066676974,"HAUTEUR":6.1}},{"type":"Feature","geometry":{"type":"MultiPolygon","coordinates":[[[[-3.8575,48.2066],[-3.8571,48.2067],[-3.8571,48.2066],[-3.8574,48.2064],[-3.8575,48.2066]]]]},"properties":{"NATURE":"Industriel, agricole ou commercial","USAGE1":"Agricole","ETAT":"En service","surface":397.53731302171946,"HAUTEUR":4.2}},{"type":"Feature","geometry":{"type":"MultiPolygon","coordinates":[[[[-3.8504,48.2008],[-3.8513,48.201],[-3.8512,48.2011],[-3.8503,48.2009],[-3.8504,48.2008]]]]},"properties":{"NATURE":"Industriel, agricole ou commercial","USAGE1":"Agricole","ETAT":"En service","surface":1140.12483022362,"HAUTEUR":4.8}},{"type":"Feature","geometry":{"type":"MultiPolygon","coordinates":[[[[-3.8568,48.2069],[-3.857,48.2068],[-3.857,48.2068],[-3.8569,48.2069],[-3.8568,48.2069],[-3.8566,48.207],[-3.8566,48.207],[-3.8568,48.2069],[-3.8568,48.2069]]]]},"properties":{"NATURE":"Industriel, agricole ou commercial","USAGE1":"Agricole","ETAT":"En service","surface":222.01741113886237,"HAUTEUR":2.5}},{"type":"Feature","geometry":{"type":"MultiPolygon","coordinates":[[[[-3.8568,48.2068],[-3.8565,48.207],[-3.8565,48.2069],[-3.8567,48.2068],[-3.8569,48.2067],[-3.8569,48.2068],[-3.8568,48.2068]]]]},"properties":{"NATURE":"Industriel, agricole ou commercial","USAGE1":"Agricole","ETAT":"En service","surface":208.77383586391807,"HAUTEUR":2.7}},{"type":"Feature","geometry":{"type":"MultiPolygon","coordinates":[[[[-3.7951,48.1982],[-3.7952,48.1982],[-3.7953,48.1981],[-3.7954,48.1982],[-3.7952,48.1982],[-3.7952,48.1982],[-3.7949,48.1983],[-3.7949,48.1982],[-3.7951,48.1982]]]]},"properties":{"NATURE":"Industriel, agricole ou commercial","USAGE1":"Indiff\u00e9renci\u00e9","ETAT":"En service","surface":235.39824860356748,"HAUTEUR":4.6}},{"type":"Feature","geometry":{"type":"MultiPolygon","coordinates":[[[[-3.7952,48.1982],[-3.7954,48.1982],[-3.7955,48.1983],[-3.7952,48.1984],[-3.7952,48.1983],[-3.7952,48.1983],[-3.7951,48.1983],[-3.7952,48.1982]]]]},"properties":{"NATURE":"Industriel, agricole ou commercial","USAGE1":"Indiff\u00e9renci\u00e9","ETAT":"En service","surface":315.35581746604294,"HAUTEUR":5.7}},{"type":"Feature","geometry":{"type":"MultiPolygon","coordinates":[[[[-3.7994,48.1974],[-3.7993,48.1974],[-3.799,48.1975],[-3.799,48.1975],[-3.7989,48.1974],[-3.799,48.1974],[-3.7989,48.1973],[-3.7993,48.1972],[-3.7994,48.1972],[-3.7994,48.1973],[-3.7994,48.1974]]]]},"properties":{"NATURE":"Industriel, agricole ou commercial","USAGE1":"Agricole","ETAT":"En service","surface":589.5396823501214,"HAUTEUR":5.4}},{"type":"Feature","geometry":{"type":"MultiPolygon","coordinates":[[[[-3.8026,48.2037],[-3.8024,48.2037],[-3.8024,48.2036],[-3.8026,48.2035],[-3.8026,48.2037]]]]},"properties":{"NATURE":"Industriel, agricole ou commercial","USAGE1":"Indiff\u00e9renci\u00e9","ETAT":"En service","surface":246.90373007953167,"HAUTEUR":6.0}},{"type":"Feature","geometry":{"type":"MultiPolygon","coordinates":[[[[-3.7932,48.2006],[-3.793,48.2006],[-3.7928,48.2006],[-3.7928,48.2005],[-3.7929,48.2005],[-3.7929,48.2005],[-3.7931,48.2005],[-3.7931,48.2006],[-3.7932,48.2006],[-3.7934,48.2006],[-3.7934,48.2006],[-3.7932,48.2006]]]]},"properties":{"NATURE":"Industriel, agricole ou commercial","USAGE1":"Agricole","ETAT":"En service","surface":449.1179714447353,"HAUTEUR":4.8}},{"type":"Feature","geometry":{"type":"MultiPolygon","coordinates":[[[[-3.7929,48.2003],[-3.7928,48.2002],[-3.7928,48.2002],[-3.7927,48.2002],[-3.7927,48.2002],[-3.7929,48.2001],[-3.7929,48.2001],[-3.793,48.2002],[-3.793,48.2002],[-3.793,48.2002],[-3.793,48.2002],[-3.7929,48.2002],[-3.7929,48.2003],[-3.7929,48.2003]]]]},"properties":{"NATURE":"Industriel, agricole ou commercial","USAGE1":"Agricole","ETAT":"En service","surface":222.80978150421288,"HAUTEUR":8.8}},{"type":"Feature","geometry":{"type":"MultiPolygon","coordinates":[[[[-3.7929,48.2003],[-3.7929,48.2002],[-3.793,48.2002],[-3.793,48.2002],[-3.793,48.2002],[-3.793,48.2002],[-3.7931,48.2002],[-3.7932,48.2002],[-3.7931,48.2003],[-3.7932,48.2004],[-3.7931,48.2004],[-3.793,48.2003],[-3.793,48.2003],[-3.7929,48.2003]]]]},"properties":{"NATURE":"Industriel, agricole ou commercial","USAGE1":"Agricole","ETAT":"En service","surface":240.06754976604134,"HAUTEUR":5.2}},{"type":"Feature","geometry":{"type":"MultiPolygon","coordinates":[[[[-3.793,48.2],[-3.7931,48.2],[-3.7931,48.2001],[-3.7933,48.1999],[-3.7935,48.2],[-3.7933,48.2002],[-3.7932,48.2001],[-3.7931,48.2001],[-3.793,48.2]]]]},"properties":{"NATURE":"Industriel, agricole ou commercial","USAGE1":"Agricole","ETAT":"En service","surface":309.28901808988303,"HAUTEUR":4.9}},{"type":"Feature","geometry":{"type":"MultiPolygon","coordinates":[[[[-3.7947,48.2004],[-3.7944,48.2001],[-3.7946,48.2],[-3.7949,48.2003],[-3.7947,48.2004]]]]},"properties":{"NATURE":"Industriel, agricole ou commercial","USAGE1":"Agricole","ETAT":"En service","surface":577.9259554296732,"HAUTEUR":6.6}},{"type":"Feature","geometry":{"type":"MultiPolygon","coordinates":[[[[-3.7261,48.2128],[-3.7259,48.2129],[-3.7258,48.2128],[-3.726,48.2127],[-3.7261,48.2128]]]]},"properties":{"NATURE":"Industriel, agricole ou commercial","USAGE1":"Indiff\u00e9renci\u00e9","ETAT":"En service","surface":257.40206714719534,"HAUTEUR":5.8}},{"type":"Feature","geometry":{"type":"MultiPolygon","coordinates":[[[[-3.723,48.2119],[-3.7232,48.2119],[-3.723,48.2122],[-3.7229,48.2121],[-3.723,48.2119]]]]},"properties":{"NATURE":"Industriel, agricole ou commercial","USAGE1":"Agricole","ETAT":"En service","surface":373.2052766382694,"HAUTEUR":4.1}},{"type":"Feature","geometry":{"type":"MultiPolygon","coordinates":[[[[-3.7246,48.2135],[-3.7244,48.2135],[-3.7243,48.2134],[-3.7245,48.2133],[-3.7246,48.2135]]]]},"properties":{"NATURE":"Industriel, agricole ou commercial","USAGE1":"Indiff\u00e9renci\u00e9","ETAT":"En service","surface":250.58994625508785,"HAUTEUR":5.6}},{"type":"Feature","geometry":{"type":"MultiPolygon","coordinates":[[[[-3.7215,48.2115],[-3.7218,48.2116],[-3.7218,48.2116],[-3.7218,48.2116],[-3.7218,48.2116],[-3.722,48.2116],[-3.722,48.2117],[-3.7217,48.2117],[-3.7217,48.2116],[-3.7214,48.2115],[-3.7215,48.2115],[-3.7215,48.2115]]]]},"properties":{"NATURE":"Industriel, agricole ou commercial","USAGE1":"Agricole","ETAT":"En service","surface":435.37379365228117,"HAUTEUR":4.5}},{"type":"Feature","geometry":{"type":"MultiPolygon","coordinates":[[[[-3.722,48.2119],[-3.7221,48.2117],[-3.7223,48.2118],[-3.7222,48.212],[-3.722,48.2119]]]]},"properties":{"NATURE":"Industriel, agricole ou commercial","USAGE1":"Agricole","ETAT":"En service","surface":454.6082893386483,"HAUTEUR":4.8}},{"type":"Feature","geometry":{"type":"MultiPolygon","coordinates":[[[[-3.7222,48.212],[-3.7223,48.2118],[-3.7224,48.2116],[-3.7225,48.2117],[-3.7223,48.212],[-3.7225,48.212],[-3.7225,48.212],[-3.7222,48.212]]]]},"properties":{"NATURE":"Industriel, agricole ou commercial","USAGE1":"Agricole","ETAT":"En service","surface":391.7542319968343,"HAUTEUR":4.6}},{"type":"Feature","geometry":{"type":"MultiPolygon","coordinates":[[[[-3.8446,48.206],[-3.8448,48.206],[-3.8448,48.2061],[-3.8447,48.2061],[-3.8446,48.2061],[-3.8446,48.206],[-3.8446,48.206]]]]},"properties":{"NATURE":"Industriel, agricole ou commercial","USAGE1":"Agricole","ETAT":"En service","surface":214.6950976140797,"HAUTEUR":4.2}},{"type":"Feature","geometry":{"type":"MultiPolygon","coordinates":[[[[-3.8451,48.2065],[-3.8452,48.2068],[-3.8449,48.2068],[-3.8449,48.2066],[-3.845,48.2066],[-3.8449,48.2065],[-3.8451,48.2065]]]]},"properties":{"NATURE":"Industriel, agricole ou commercial","USAGE1":"Agricole","ETAT":"En service","surface":640.516197912395,"HAUTEUR":5.4}},{"type":"Feature","geometry":{"type":"MultiPolygon","coordinates":[[[[-3.8456,48.2059],[-3.8456,48.2059],[-3.8454,48.206],[-3.8453,48.2058],[-3.8456,48.2057],[-3.8457,48.2059],[-3.8456,48.2059]]]]},"properties":{"NATURE":"Industriel, agricole ou commercial","USAGE1":"Agricole","ETAT":"En service","surface":479.39655771665275,"HAUTEUR":5.5}},{"type":"Feature","geometry":{"type":"MultiPolygon","coordinates":[[[[-3.8451,48.2058],[-3.8451,48.2058],[-3.8452,48.2058],[-3.8452,48.2058],[-3.8452,48.2058],[-3.8454,48.2064],[-3.8452,48.2064],[-3.845,48.2058],[-3.8451,48.2058]]]]},"properties":{"NATURE":"Industriel, agricole ou commercial","USAGE1":"Agricole","ETAT":"En service","surface":1091.2085816645995,"HAUTEUR":4.4}},{"type":"Feature","geometry":{"type":"MultiPolygon","coordinates":[[[[-3.8194,48.2051],[-3.8194,48.2049],[-3.8198,48.2049],[-3.8198,48.205],[-3.8194,48.2051]]]]},"properties":{"NATURE":"Industriel, agricole ou commercial","USAGE1":"Industriel","ETAT":"En service","surface":604.3852474801242,"HAUTEUR":8.2}},{"type":"Feature","geometry":{"type":"MultiPolygon","coordinates":[[[[-3.8067,48.2061],[-3.8069,48.206],[-3.807,48.2062],[-3.8068,48.2062],[-3.8067,48.2061]]]]},"properties":{"NATURE":"Industriel, agricole ou commercial","USAGE1":"Indiff\u00e9renci\u00e9","ETAT":"En service","surface":210.80108949542046,"HAUTEUR":7.2}},{"type":"Feature","geometry":{"type":"MultiPolygon","coordinates":[[[[-3.8105,48.2094],[-3.8106,48.2095],[-3.8102,48.2096],[-3.8101,48.2096],[-3.8105,48.2094]]]]},"properties":{"NATURE":"Industriel, agricole ou commercial","USAGE1":"Agricole","ETAT":"En service","surface":325.45745849609375,"HAUTEUR":7.9}},{"type":"Feature","geometry":{"type":"MultiPolygon","coordinates":[[[[-3.8105,48.2093],[-3.8105,48.2094],[-3.81,48.2096],[-3.8099,48.2095],[-3.8104,48.2093],[-3.8104,48.2093],[-3.8105,48.2093]]]]},"properties":{"NATURE":"Industriel, agricole ou commercial","USAGE1":"Agricole","ETAT":"En service","surface":447.3670818526298,"HAUTEUR":8.7}},{"type":"Feature","geometry":{"type":"MultiPolygon","coordinates":[[[[-3.8108,48.2094],[-3.8107,48.2095],[-3.8105,48.2093],[-3.8106,48.2092],[-3.8108,48.2094]]]]},"properties":{"NATURE":"Industriel, agricole ou commercial","USAGE1":"Agricole","ETAT":"En service","surface":242.58785850554705,"HAUTEUR":7.9}},{"type":"Feature","geometry":{"type":"MultiPolygon","coordinates":[[[[-3.8133,48.2091],[-3.8135,48.2092],[-3.8133,48.2093],[-3.8131,48.2092],[-3.8133,48.2091]]]]},"properties":{"NATURE":"Industriel, agricole ou commercial","USAGE1":"Agricole","ETAT":"En service","surface":364.88787215948105,"HAUTEUR":5.0}},{"type":"Feature","geometry":{"type":"MultiPolygon","coordinates":[[[[-3.8133,48.209],[-3.8133,48.2091],[-3.8131,48.2092],[-3.813,48.2091],[-3.813,48.2091],[-3.8132,48.209],[-3.8133,48.209]]]]},"properties":{"NATURE":"Industriel, agricole ou commercial","USAGE1":"Agricole","ETAT":"En service","surface":225.5404843185097,"HAUTEUR":3.8}},{"type":"Feature","geometry":{"type":"MultiPolygon","coordinates":[[[[-3.8096,48.2098],[-3.8094,48.2097],[-3.8094,48.2097],[-3.8096,48.2096],[-3.8096,48.2096],[-3.8097,48.2096],[-3.8098,48.2097],[-3.8096,48.2098]]]]},"properties":{"NATURE":"Industriel, agricole ou commercial","USAGE1":"Agricole","ETAT":"En service","surface":376.30434926599264,"HAUTEUR":8.0}},{"type":"Feature","geometry":{"type":"MultiPolygon","coordinates":[[[[-3.8109,48.2087],[-3.811,48.2088],[-3.8107,48.2089],[-3.8106,48.2088],[-3.8109,48.2087]]]]},"properties":{"NATURE":"Industriel, agricole ou commercial","USAGE1":"Agricole","ETAT":"En service","surface":272.1682218685746,"HAUTEUR":2.5}},{"type":"Feature","geometry":{"type":"MultiPolygon","coordinates":[[[[-3.8113,48.209],[-3.8113,48.209],[-3.8112,48.2089],[-3.811,48.209],[-3.8109,48.209],[-3.8109,48.209],[-3.8109,48.209],[-3.8108,48.2089],[-3.8108,48.2089],[-3.8109,48.2089],[-3.811,48.2088],[-3.8112,48.2088],[-3.8113,48.209]]]]},"properties":{"NATURE":"Industriel, agricole ou commercial","USAGE1":"Agricole","ETAT":"En service","surface":526.8785734241828,"HAUTEUR":5.6}},{"type":"Feature","geometry":{"type":"MultiPolygon","coordinates":[[[[-3.8191,48.2051],[-3.8188,48.2052],[-3.8187,48.205],[-3.8191,48.205],[-3.8191,48.2051]]]]},"properties":{"NATURE":"Industriel, agricole ou commercial","USAGE1":"Industriel","ETAT":"En service","surface":407.43809561803937,"HAUTEUR":6.9}},{"type":"Feature","geometry":{"type":"MultiPolygon","coordinates":[[[[-3.8191,48.2046],[-3.8189,48.2046],[-3.8188,48.2046],[-3.8187,48.2044],[-3.819,48.2044],[-3.819,48.2045],[-3.8189,48.2045],[-3.8189,48.2045],[-3.8191,48.2045],[-3.8191,48.2046]]]]},"properties":{"NATURE":"Industriel, agricole ou commercial","USAGE1":"Commercial et services","ETAT":"En service","surface":460.75807292060927,"HAUTEUR":5.3}},{"type":"Feature","geometry":{"type":"MultiPolygon","coordinates":[[[[-3.8191,48.2044],[-3.8187,48.2044],[-3.8187,48.2042],[-3.8191,48.2042],[-3.8192,48.2043],[-3.8191,48.2043],[-3.8191,48.2044]]]]},"properties":{"NATURE":"Industriel, agricole ou commercial","USAGE1":"Commercial et services","ETAT":"En service","surface":526.6508379019797,"HAUTEUR":7.6}},{"type":"Feature","geometry":{"type":"MultiPolygon","coordinates":[[[[-3.8183,48.2051],[-3.8183,48.2051],[-3.8185,48.2051],[-3.8185,48.205],[-3.8186,48.2052],[-3.8185,48.2052],[-3.8185,48.2052],[-3.8184,48.2053],[-3.8183,48.2052],[-3.8183,48.2052],[-3.8183,48.2052],[-3.8183,48.2051],[-3.8183,48.2051]]]]},"properties":{"NATURE":"Industriel, agricole ou commercial","USAGE1":"Industriel","ETAT":"En service","surface":354.5437954212539,"HAUTEUR":5.1}},{"type":"Feature","geometry":{"type":"MultiPolygon","coordinates":[[[[-3.7627,48.2055],[-3.7625,48.2054],[-3.7626,48.2053],[-3.7628,48.2054],[-3.7627,48.2055]]]]},"properties":{"NATURE":"Industriel, agricole ou commercial","USAGE1":"Agricole","ETAT":"En service","surface":233.83987732976675,"HAUTEUR":4.5}},{"type":"Feature","geometry":{"type":"MultiPolygon","coordinates":[[[[-3.7604,48.2043],[-3.7604,48.2042],[-3.7608,48.2042],[-3.7608,48.2042],[-3.7604,48.2043]]]]},"properties":{"NATURE":"Industriel, agricole ou commercial","USAGE1":"Agricole","ETAT":"En service","surface":203.71922492608428,"HAUTEUR":5.2}},{"type":"Feature","geometry":{"type":"MultiPolygon","coordinates":[[[[-3.7617,48.2044],[-3.7617,48.2044],[-3.7615,48.2043],[-3.7616,48.2043],[-3.7616,48.2042],[-3.7615,48.2042],[-3.7615,48.2042],[-3.7616,48.2041],[-3.7618,48.2043],[-3.7617,48.2044]]]]},"properties":{"NATURE":"Industriel, agricole ou commercial","USAGE1":"Agricole","ETAT":"En service","surface":397.2529486399144,"HAUTEUR":3.8}},{"type":"Feature","geometry":{"type":"MultiPolygon","coordinates":[[[[-3.7611,48.2042],[-3.7611,48.2041],[-3.7612,48.2041],[-3.7612,48.2041],[-3.7612,48.2041],[-3.7613,48.2041],[-3.7613,48.204],[-3.7614,48.204],[-3.7614,48.204],[-3.7614,48.2041],[-3.7614,48.2041],[-3.7614,48.2041],[-3.7615,48.2041],[-3.7614,48.2041],[-3.7615,48.2042],[-3.7615,48.2042],[-3.7614,48.2043],[-3.7614,48.2043],[-3.7612,48.2043],[-3.7612,48.2043],[-3.7611,48.2042]]]]},"properties":{"NATURE":"Industriel, agricole ou commercial","USAGE1":"Agricole","ETAT":"En service","surface":575.2107911426574,"HAUTEUR":6.3}},{"type":"Feature","geometry":{"type":"MultiPolygon","coordinates":[[[[-3.7611,48.2038],[-3.7612,48.2039],[-3.761,48.204],[-3.7605,48.2034],[-3.7607,48.2033],[-3.7608,48.2034],[-3.7608,48.2034],[-3.7608,48.2035],[-3.7609,48.2035],[-3.761,48.2037],[-3.7611,48.2038],[-3.7611,48.2038],[-3.7611,48.2038]]]]},"properties":{"NATURE":"Industriel, agricole ou commercial","USAGE1":"Agricole","ETAT":"En service","surface":1391.8804261060432,"HAUTEUR":8.4}},{"type":"Feature","geometry":{"type":"MultiPolygon","coordinates":[[[[-3.761,48.2035],[-3.7612,48.2037],[-3.7611,48.2038],[-3.7609,48.2035],[-3.7608,48.2034],[-3.7609,48.2034],[-3.7609,48.2034],[-3.761,48.2035]]]]},"properties":{"NATURE":"Industriel, agricole ou commercial","USAGE1":"Agricole","ETAT":"En service","surface":544.5896630731877,"HAUTEUR":7.5}},{"type":"Feature","geometry":{"type":"MultiPolygon","coordinates":[[[[-3.7752,48.2085],[-3.7751,48.2084],[-3.7759,48.2082],[-3.776,48.2083],[-3.7754,48.2085],[-3.7752,48.2085]]]]},"properties":{"NATURE":"Industriel, agricole ou commercial","USAGE1":"Agricole","ETAT":"En service","surface":1116.7220619916916,"HAUTEUR":2.9}},{"type":"Feature","geometry":{"type":"MultiPolygon","coordinates":[[[[-3.7766,48.2084],[-3.7756,48.2086],[-3.7756,48.2086],[-3.7756,48.2086],[-3.7756,48.2085],[-3.7766,48.2083],[-3.777,48.2082],[-3.777,48.2083],[-3.7766,48.2084]]]]},"properties":{"NATURE":"Industriel, agricole ou commercial","USAGE1":"Agricole","ETAT":"En service","surface":1287.031218253076,"HAUTEUR":5.5}},{"type":"Feature","geometry":{"type":"MultiPolygon","coordinates":[[[[-3.7752,48.2098],[-3.7746,48.2098],[-3.7746,48.2096],[-3.7752,48.2097],[-3.7752,48.2098]]]]},"properties":{"NATURE":"Industriel, agricole ou commercial","USAGE1":"Agricole","ETAT":"En service","surface":669.8791551535614,"HAUTEUR":3.5}},{"type":"Feature","geometry":{"type":"MultiPolygon","coordinates":[[[[-3.7743,48.2099],[-3.775,48.2099],[-3.775,48.21],[-3.7751,48.21],[-3.7751,48.21],[-3.7743,48.21],[-3.7743,48.21],[-3.7739,48.21],[-3.7739,48.2099],[-3.7742,48.2099],[-3.7743,48.2099]]]]},"properties":{"NATURE":"Industriel, agricole ou commercial","USAGE1":"Agricole","ETAT":"En service","surface":1230.4413500741503,"HAUTEUR":3.1}},{"type":"Feature","geometry":{"type":"MultiPolygon","coordinates":[[[[-3.8422,48.1953],[-3.8422,48.1952],[-3.8424,48.1951],[-3.8425,48.1952],[-3.8423,48.1952],[-3.8422,48.1952],[-3.8422,48.1953]]]]},"properties":{"NATURE":"Industriel, agricole ou commercial","USAGE1":"Indiff\u00e9renci\u00e9","ETAT":"En service","surface":249.45354795828462,"HAUTEUR":3.8}},{"type":"Feature","geometry":{"type":"MultiPolygon","coordinates":[[[[-3.8417,48.1953],[-3.8416,48.1952],[-3.8419,48.1951],[-3.842,48.1953],[-3.8417,48.1954],[-3.8417,48.1953]]]]},"properties":{"NATURE":"Industriel, agricole ou commercial","USAGE1":"Indiff\u00e9renci\u00e9","ETAT":"En service","surface":353.86172960698605,"HAUTEUR":6.5}},{"type":"Feature","geometry":{"type":"MultiPolygon","coordinates":[[[[-3.8374,48.1935],[-3.8377,48.1939],[-3.8375,48.194],[-3.8372,48.1936],[-3.8373,48.1936],[-3.8374,48.1935]]]]},"properties":{"NATURE":"Industriel, agricole ou commercial","USAGE1":"Agricole","ETAT":"En service","surface":750.1986047923565,"HAUTEUR":4.3}},{"type":"Feature","geometry":{"type":"MultiPolygon","coordinates":[[[[-3.8457,48.2008],[-3.8456,48.2006],[-3.8457,48.2005],[-3.8459,48.2007],[-3.8457,48.2008]]]]},"properties":{"NATURE":"Industriel, agricole ou commercial","USAGE1":"Agricole","ETAT":"En service","surface":325.695710003376,"HAUTEUR":6.6}},{"type":"Feature","geometry":{"type":"MultiPolygon","coordinates":[[[[-3.6941,48.2188],[-3.6938,48.2188],[-3.6938,48.2188],[-3.6937,48.2186],[-3.694,48.2185],[-3.6941,48.2187],[-3.6941,48.2188],[-3.6941,48.2188]]]]},"properties":{"NATURE":"Industriel, agricole ou commercial","USAGE1":"Agricole","ETAT":"En service","surface":567.6444184402935,"HAUTEUR":4.3}},{"type":"Feature","geometry":{"type":"MultiPolygon","coordinates":[[[[-3.7283,48.2126],[-3.7286,48.2126],[-3.7286,48.2128],[-3.7283,48.2128],[-3.7283,48.2126]]]]},"properties":{"NATURE":"Industriel, agricole ou commercial","USAGE1":"Agricole","ETAT":"En service","surface":513.0623997104121,"HAUTEUR":5.3}},{"type":"Feature","geometry":{"type":"MultiPolygon","coordinates":[[[[-3.7284,48.2124],[-3.7289,48.2125],[-3.7289,48.2125],[-3.7284,48.2125],[-3.7284,48.2124]]]]},"properties":{"NATURE":"Industriel, agricole ou commercial","USAGE1":"Agricole","ETAT":"En service","surface":287.90320340450853,"HAUTEUR":2.8}},{"type":"Feature","geometry":{"type":"MultiPolygon","coordinates":[[[[-3.7291,48.2128],[-3.7291,48.2128],[-3.7292,48.2128],[-3.7293,48.2129],[-3.7292,48.2129],[-3.7292,48.213],[-3.7291,48.213],[-3.729,48.213],[-3.729,48.2128],[-3.729,48.2128],[-3.7291,48.2128]]]]},"properties":{"NATURE":"Industriel, agricole ou commercial","USAGE1":"Agricole","ETAT":"En service","surface":412.02445391286165,"HAUTEUR":4.8}},{"type":"Feature","geometry":{"type":"MultiPolygon","coordinates":[[[[-3.73,48.2125],[-3.73,48.2125],[-3.7301,48.2125],[-3.7301,48.2124],[-3.7301,48.2124],[-3.7301,48.2125],[-3.7302,48.2125],[-3.7302,48.2124],[-3.7303,48.2124],[-3.7303,48.2125],[-3.7302,48.2125],[-3.7302,48.2125],[-3.7301,48.2125],[-3.73,48.2125],[-3.73,48.2125]]]]},"properties":{"NATURE":"Industriel, agricole ou commercial","USAGE1":"Indiff\u00e9renci\u00e9","ETAT":"En service","surface":265.8207264243392,"HAUTEUR":3.5}},{"type":"Feature","geometry":{"type":"MultiPolygon","coordinates":[[[[-3.73,48.2125],[-3.7301,48.2125],[-3.7302,48.2125],[-3.7302,48.2126],[-3.7302,48.2127],[-3.7302,48.2127],[-3.7302,48.2127],[-3.73,48.2127],[-3.73,48.2125]]]]},"properties":{"NATURE":"Industriel, agricole ou commercial","USAGE1":"Indiff\u00e9renci\u00e9","ETAT":"En service","surface":356.78831613319926,"HAUTEUR":6.1}},{"type":"Feature","geometry":{"type":"MultiPolygon","coordinates":[[[[-3.7341,48.2137],[-3.734,48.2138],[-3.7338,48.2135],[-3.734,48.2135],[-3.7342,48.2137],[-3.7341,48.2137]]]]},"properties":{"NATURE":"Industriel, agricole ou commercial","USAGE1":"Agricole","ETAT":"En service","surface":386.90358490124345,"HAUTEUR":6.2}},{"type":"Feature","geometry":{"type":"MultiPolygon","coordinates":[[[[-3.7341,48.2138],[-3.734,48.2139],[-3.734,48.2139],[-3.7338,48.2139],[-3.7338,48.2139],[-3.7338,48.2139],[-3.7338,48.2139],[-3.7338,48.2138],[-3.734,48.2138],[-3.7341,48.2137],[-3.7341,48.2138],[-3.7341,48.2138],[-3.7341,48.2138]]]]},"properties":{"NATURE":"Industriel, agricole ou commercial","USAGE1":"Agricole","ETAT":"En service","surface":227.3462336868979,"HAUTEUR":5.3}},{"type":"Feature","geometry":{"type":"MultiPolygon","coordinates":[[[[-3.7336,48.2138],[-3.7337,48.214],[-3.7336,48.214],[-3.7336,48.214],[-3.7335,48.2141],[-3.7335,48.2141],[-3.7334,48.2139],[-3.7335,48.2139],[-3.7336,48.2138]]]]},"properties":{"NATURE":"Industriel, agricole ou commercial","USAGE1":"Agricole","ETAT":"En service","surface":341.46225164085627,"HAUTEUR":6.5}},{"type":"Feature","geometry":{"type":"MultiPolygon","coordinates":[[[[-3.8448,48.2103],[-3.8449,48.2105],[-3.8446,48.2106],[-3.8445,48.2104],[-3.8448,48.2103]]]]},"properties":{"NATURE":"Industriel, agricole ou commercial","USAGE1":"Agricole","ETAT":"En service","surface":481.3412477597594,"HAUTEUR":5.5}},{"type":"Feature","geometry":{"type":"MultiPolygon","coordinates":[[[[-3.8448,48.2103],[-3.8449,48.2103],[-3.8449,48.2103],[-3.845,48.2102],[-3.8451,48.2105],[-3.8449,48.2105],[-3.8449,48.2105],[-3.8449,48.2105],[-3.8448,48.2103]]]]},"properties":{"NATURE":"Industriel, agricole ou commercial","USAGE1":"Agricole","ETAT":"En service","surface":468.23788451659493,"HAUTEUR":4.0}},{"type":"Feature","geometry":{"type":"MultiPolygon","coordinates":[[[[-3.8446,48.2108],[-3.8451,48.2107],[-3.8451,48.2109],[-3.8447,48.2109],[-3.8446,48.2108]]]]},"properties":{"NATURE":"Industriel, agricole ou commercial","USAGE1":"Agricole","ETAT":"En service","surface":479.95963904075325,"HAUTEUR":4.9}},{"type":"Feature","geometry":{"type":"MultiPolygon","coordinates":[[[[-3.8085,48.2019],[-3.8084,48.2019],[-3.8087,48.2018],[-3.8089,48.202],[-3.8088,48.202],[-3.8087,48.2019],[-3.8085,48.2019]]]]},"properties":{"NATURE":"Industriel, agricole ou commercial","USAGE1":"Indiff\u00e9renci\u00e9","ETAT":"En service","surface":281.7700703404844,"HAUTEUR":3.0}},{"type":"Feature","geometry":{"type":"MultiPolygon","coordinates":[[[[-3.8085,48.2019],[-3.8087,48.2019],[-3.8088,48.202],[-3.8086,48.2021],[-3.8085,48.2019]]]]},"properties":{"NATURE":"Industriel, agricole ou commercial","USAGE1":"Indiff\u00e9renci\u00e9","ETAT":"En service","surface":304.963939294219,"HAUTEUR":5.3}},{"type":"Feature","geometry":{"type":"MultiPolygon","coordinates":[[[[-3.8168,48.1999],[-3.8168,48.1999],[-3.8167,48.1997],[-3.8169,48.1997],[-3.817,48.1999],[-3.8168,48.1999]]]]},"properties":{"NATURE":"Industriel, agricole ou commercial","USAGE1":"Commercial et services","ETAT":"En service","surface":275.1488433983177,"HAUTEUR":4.6}},{"type":"Feature","geometry":{"type":"MultiPolygon","coordinates":[[[[-3.818,48.1997],[-3.818,48.1998],[-3.8177,48.1998],[-3.8177,48.1997],[-3.818,48.1997]]]]},"properties":{"NATURE":"Industriel, agricole ou commercial","USAGE1":"Commercial et services","ETAT":"En service","surface":366.39800171367824,"HAUTEUR":5.1}},{"type":"Feature","geometry":{"type":"MultiPolygon","coordinates":[[[[-3.8619,48.1941],[-3.8617,48.1941],[-3.8616,48.194],[-3.8619,48.1939],[-3.8619,48.1941]]]]},"properties":{"NATURE":"Industriel, agricole ou commercial","USAGE1":"Agricole","ETAT":"En service","surface":284.2799785323441,"HAUTEUR":4.3}},{"type":"Feature","geometry":{"type":"MultiPolygon","coordinates":[[[[-3.8626,48.1942],[-3.8625,48.1941],[-3.863,48.194],[-3.863,48.1941],[-3.8626,48.1942]]]]},"properties":{"NATURE":"Industriel, agricole ou commercial","USAGE1":"Agricole","ETAT":"En service","surface":381.7711147516966,"HAUTEUR":3.3}},{"type":"Feature","geometry":{"type":"MultiPolygon","coordinates":[[[[-3.8634,48.1944],[-3.864,48.1941],[-3.8641,48.1942],[-3.864,48.1943],[-3.8635,48.1945],[-3.8632,48.1946],[-3.8631,48.1945],[-3.8634,48.1944]]]]},"properties":{"NATURE":"Industriel, agricole ou commercial","USAGE1":"Agricole","ETAT":"En service","surface":1171.0496428087354,"HAUTEUR":4.8}},{"type":"Feature","geometry":{"type":"MultiPolygon","coordinates":[[[[-3.8636,48.1938],[-3.8633,48.1939],[-3.8632,48.1937],[-3.8635,48.1937],[-3.8636,48.1938]]]]},"properties":{"NATURE":"Industriel, agricole ou commercial","USAGE1":"Agricole","ETAT":"En service","surface":368.7927558720112,"HAUTEUR":4.7}},{"type":"Feature","geometry":{"type":"MultiPolygon","coordinates":[[[[-3.8627,48.1944],[-3.8626,48.1943],[-3.863,48.1941],[-3.8631,48.1943],[-3.8627,48.1944]]]]},"properties":{"NATURE":"Industriel, agricole ou commercial","USAGE1":"Agricole","ETAT":"En service","surface":582.3841262534261,"HAUTEUR":4.7}},{"type":"Feature","geometry":{"type":"MultiPolygon","coordinates":[[[[-3.8675,48.1922],[-3.8674,48.1922],[-3.8673,48.192],[-3.8674,48.192],[-3.8675,48.1922]]]]},"properties":{"NATURE":"Industriel, agricole ou commercial","USAGE1":"Agricole","ETAT":"En service","surface":210.58392024040222,"HAUTEUR":4.1}},{"type":"Feature","geometry":{"type":"MultiPolygon","coordinates":[[[[-3.8672,48.1922],[-3.8671,48.1922],[-3.867,48.192],[-3.8671,48.192],[-3.8672,48.1921],[-3.8672,48.1921],[-3.8672,48.1922]]]]},"properties":{"NATURE":"Industriel, agricole ou commercial","USAGE1":"Agricole","ETAT":"En service","surface":231.68585157580674,"HAUTEUR":4.1}},{"type":"Feature","geometry":{"type":"MultiPolygon","coordinates":[[[[-3.7744,48.2036],[-3.7742,48.2037],[-3.7742,48.2036],[-3.7743,48.2035],[-3.7744,48.2036]]]]},"properties":{"NATURE":"Industriel, agricole ou commercial","USAGE1":"Agricole","ETAT":"En service","surface":246.2530593946576,"HAUTEUR":5.9}},{"type":"Feature","geometry":{"type":"MultiPolygon","coordinates":[[[[-3.7748,48.2035],[-3.7744,48.2036],[-3.7743,48.2035],[-3.7743,48.2035],[-3.7745,48.2034],[-3.7744,48.2034],[-3.7746,48.2034],[-3.7747,48.2033],[-3.7748,48.2035]]]]},"properties":{"NATURE":"Industriel, agricole ou commercial","USAGE1":"Agricole","ETAT":"En service","surface":607.9348331596702,"HAUTEUR":7.1}},{"type":"Feature","geometry":{"type":"MultiPolygon","coordinates":[[[[-3.7748,48.204],[-3.7747,48.2038],[-3.775,48.2037],[-3.7751,48.2039],[-3.7748,48.204]]]]},"properties":{"NATURE":"Industriel, agricole ou commercial","USAGE1":"Agricole","ETAT":"En service","surface":522.4067332446575,"HAUTEUR":7.1}},{"type":"Feature","geometry":{"type":"MultiPolygon","coordinates":[[[[-3.7744,48.203],[-3.7747,48.2029],[-3.7748,48.203],[-3.7746,48.2031],[-3.7743,48.2032],[-3.7743,48.2032],[-3.7743,48.2031],[-3.7741,48.2031],[-3.7741,48.2031],[-3.7739,48.2032],[-3.7739,48.2031],[-3.7738,48.2031],[-3.7738,48.203],[-3.7739,48.203],[-3.7739,48.2031],[-3.7742,48.203],[-3.7744,48.203]]]]},"properties":{"NATURE":"Industriel, agricole ou commercial","USAGE1":"Agricole","ETAT":"En service","surface":1014.3179974341765,"HAUTEUR":6.6}},{"type":"Feature","geometry":{"type":"MultiPolygon","coordinates":[[[[-3.7738,48.2031],[-3.7739,48.2031],[-3.7739,48.2032],[-3.7741,48.2031],[-3.7741,48.2031],[-3.7743,48.2031],[-3.7743,48.2032],[-3.7739,48.2033],[-3.7738,48.2031]]]]},"properties":{"NATURE":"Industriel, agricole ou commercial","USAGE1":"Agricole","ETAT":"En service","surface":352.3022331355605,"HAUTEUR":5.2}},{"type":"Feature","geometry":{"type":"MultiPolygon","coordinates":[[[[-3.7709,48.2023],[-3.7709,48.2022],[-3.771,48.2022],[-3.7709,48.2021],[-3.7711,48.2021],[-3.7712,48.2023],[-3.7709,48.2023]]]]},"properties":{"NATURE":"Industriel, agricole ou commercial","USAGE1":"Agricole","ETAT":"En service","surface":299.653383906465,"HAUTEUR":6.3}},{"type":"Feature","geometry":{"type":"MultiPolygon","coordinates":[[[[-3.7745,48.2037],[-3.7743,48.2038],[-3.7743,48.2038],[-3.7742,48.2038],[-3.7742,48.2037],[-3.7742,48.2037],[-3.7744,48.2036],[-3.7745,48.2037]]]]},"properties":{"NATURE":"Industriel, agricole ou commercial","USAGE1":"Agricole","ETAT":"En service","surface":204.41506094764918,"HAUTEUR":2.7}},{"type":"Feature","geometry":{"type":"MultiPolygon","coordinates":[[[[-3.8243,48.2028],[-3.8245,48.2027],[-3.8246,48.2028],[-3.8243,48.2029],[-3.8243,48.2028]]]]},"properties":{"NATURE":"Industriel, agricole ou commercial","USAGE1":"Indiff\u00e9renci\u00e9","ETAT":"En service","surface":272.48024475574493,"HAUTEUR":4.5}},{"type":"Feature","geometry":{"type":"MultiPolygon","coordinates":[[[[-3.8306,48.2053],[-3.8307,48.2053],[-3.8308,48.2054],[-3.8306,48.2054],[-3.8306,48.2053]]]]},"properties":{"NATURE":"Industriel, agricole ou commercial","USAGE1":"Indiff\u00e9renci\u00e9","ETAT":"En service","surface":224.60041194409132,"HAUTEUR":5.6}},{"type":"Feature","geometry":{"type":"MultiPolygon","coordinates":[[[[-3.824,48.2027],[-3.8244,48.2026],[-3.8245,48.2027],[-3.8241,48.2027],[-3.824,48.2027]]]]},"properties":{"NATURE":"Industriel, agricole ou commercial","USAGE1":"Indiff\u00e9renci\u00e9","ETAT":"En service","surface":272.73054852709174,"HAUTEUR":3.2}},{"type":"Feature","geometry":{"type":"MultiPolygon","coordinates":[[[[-3.821,48.2028],[-3.8208,48.2028],[-3.8207,48.2026],[-3.8211,48.2026],[-3.8211,48.2025],[-3.8214,48.2025],[-3.8214,48.2026],[-3.8214,48.2026],[-3.8214,48.2026],[-3.8214,48.2026],[-3.8214,48.2027],[-3.821,48.2028]]]]},"properties":{"NATURE":"Industriel, agricole ou commercial","USAGE1":"Industriel","ETAT":"En service","surface":1035.925650200341,"HAUTEUR":6.4}},{"type":"Feature","geometry":{"type":"MultiPolygon","coordinates":[[[[-3.8215,48.2046],[-3.8215,48.2045],[-3.8216,48.2042],[-3.8216,48.2042],[-3.8216,48.2042],[-3.8216,48.2042],[-3.8217,48.2041],[-3.8217,48.2041],[-3.8217,48.2039],[-3.8217,48.2039],[-3.8218,48.2037],[-3.8219,48.2038],[-3.8219,48.2038],[-3.8221,48.2038],[-3.8221,48.2038],[-3.8223,48.2038],[-3.8223,48.2038],[-3.8223,48.2038],[-3.8222,48.2039],[-3.8223,48.204],[-3.822,48.2048],[-3.8218,48.2047],[-3.8218,48.2047],[-3.8216,48.2047],[-3.8216,48.2047],[-3.8215,48.2046]]]]},"properties":{"NATURE":"Industriel, agricole ou commercial","USAGE1":"Industriel","ETAT":"En service","surface":4654.980753158336,"HAUTEUR":8.7}},{"type":"Feature","geometry":{"type":"MultiPolygon","coordinates":[[[[-3.8298,48.2072],[-3.8297,48.2072],[-3.8296,48.2072],[-3.8296,48.2071],[-3.8298,48.207],[-3.8298,48.2072]]]]},"properties":{"NATURE":"Industriel, agricole ou commercial","USAGE1":"Indiff\u00e9renci\u00e9","ETAT":"En service","surface":265.6620427556336,"HAUTEUR":5.4}},{"type":"Feature","geometry":{"type":"MultiPolygon","coordinates":[[[[-3.8296,48.2071],[-3.8295,48.2069],[-3.8295,48.2069],[-3.8297,48.2069],[-3.8298,48.207],[-3.8296,48.2071]]]]},"properties":{"NATURE":"Industriel, agricole ou commercial","USAGE1":"Indiff\u00e9renci\u00e9","ETAT":"En service","surface":272.4440312311053,"HAUTEUR":4.9}},{"type":"Feature","geometry":{"type":"MultiPolygon","coordinates":[[[[-3.8301,48.2074],[-3.8301,48.2072],[-3.8302,48.2072],[-3.8303,48.2074],[-3.8301,48.2074]]]]},"properties":{"NATURE":"Industriel, agricole ou commercial","USAGE1":"Indiff\u00e9renci\u00e9","ETAT":"En service","surface":256.0972078666091,"HAUTEUR":3.9}},{"type":"Feature","geometry":{"type":"MultiPolygon","coordinates":[[[[-3.8207,48.2082],[-3.8208,48.2082],[-3.821,48.2082],[-3.8209,48.2084],[-3.8208,48.2083],[-3.8207,48.2083],[-3.8207,48.2082]]]]},"properties":{"NATURE":"Industriel, agricole ou commercial","USAGE1":"Indiff\u00e9renci\u00e9","ETAT":"En service","surface":225.7959410585463,"HAUTEUR":4.3}},{"type":"Feature","geometry":{"type":"MultiPolygon","coordinates":[[[[-3.8215,48.2082],[-3.8213,48.2083],[-3.8212,48.2081],[-3.8214,48.208],[-3.8214,48.208],[-3.8216,48.2082],[-3.8215,48.2082]]]]},"properties":{"NATURE":"Industriel, agricole ou commercial","USAGE1":"Indiff\u00e9renci\u00e9","ETAT":"En service","surface":376.3850278519094,"HAUTEUR":6.3}},{"type":"Feature","geometry":{"type":"MultiPolygon","coordinates":[[[[-3.7865,48.2069],[-3.7865,48.207],[-3.7865,48.207],[-3.7865,48.207],[-3.7862,48.2071],[-3.7862,48.207],[-3.7861,48.207],[-3.7864,48.2068],[-3.7865,48.2069]]]]},"properties":{"NATURE":"Industriel, agricole ou commercial","USAGE1":"Indiff\u00e9renci\u00e9","ETAT":"En service","surface":421.2163911582902,"HAUTEUR":4.5}},{"type":"Feature","geometry":{"type":"MultiPolygon","coordinates":[[[[-3.7852,48.208],[-3.7851,48.2078],[-3.7853,48.2078],[-3.7855,48.2079],[-3.7852,48.208]]]]},"properties":{"NATURE":"Industriel, agricole ou commercial","USAGE1":"Indiff\u00e9renci\u00e9","ETAT":"En service","surface":430.240242600441,"HAUTEUR":6.3}},{"type":"Feature","geometry":{"type":"MultiPolygon","coordinates":[[[[-3.7798,48.207],[-3.7801,48.2069],[-3.7803,48.2071],[-3.78,48.2072],[-3.7798,48.207]]]]},"properties":{"NATURE":"Industriel, agricole ou commercial","USAGE1":"Agricole","ETAT":"En service","surface":699.8567434102297,"HAUTEUR":4.6}},{"type":"Feature","geometry":{"type":"MultiPolygon","coordinates":[[[[-3.7796,48.2071],[-3.7798,48.207],[-3.7799,48.2072],[-3.7798,48.2073],[-3.7796,48.2071]]]]},"properties":{"NATURE":"Industriel, agricole ou commercial","USAGE1":"Agricole","ETAT":"En service","surface":336.94503162801266,"HAUTEUR":3.8}},{"type":"Feature","geometry":{"type":"MultiPolygon","coordinates":[[[[-3.7795,48.2076],[-3.7796,48.2075],[-3.7798,48.2077],[-3.7797,48.2078],[-3.7795,48.2076]]]]},"properties":{"NATURE":"Industriel, agricole ou commercial","USAGE1":"Agricole","ETAT":"En service","surface":453.53917157649994,"HAUTEUR":4.1}},{"type":"Feature","geometry":{"type":"MultiPolygon","coordinates":[[[[-3.8026,48.2043],[-3.8025,48.2041],[-3.8027,48.2041],[-3.8027,48.204],[-3.8027,48.204],[-3.8028,48.2043],[-3.8026,48.2043]]]]},"properties":{"NATURE":"Industriel, agricole ou commercial","USAGE1":"Agricole","ETAT":"En service","surface":467.26991280540824,"HAUTEUR":3.8}},{"type":"Feature","geometry":{"type":"MultiPolygon","coordinates":[[[[-3.8028,48.2043],[-3.803,48.2048],[-3.8028,48.2048],[-3.8026,48.2043],[-3.8028,48.2043]]]]},"properties":{"NATURE":"Industriel, agricole ou commercial","USAGE1":"Agricole","ETAT":"En service","surface":886.1097574234009,"HAUTEUR":4.3}},{"type":"Feature","geometry":{"type":"MultiPolygon","coordinates":[[[[-3.8006,48.2057],[-3.8007,48.2057],[-3.8009,48.2059],[-3.8008,48.206],[-3.8007,48.206],[-3.8005,48.2058],[-3.8006,48.2058],[-3.8006,48.2058],[-3.8006,48.2057]]]]},"properties":{"NATURE":"Industriel, agricole ou commercial","USAGE1":"Agricole","ETAT":"En service","surface":470.532429035753,"HAUTEUR":6.1}},{"type":"Feature","geometry":{"type":"MultiPolygon","coordinates":[[[[-3.8004,48.2054],[-3.8005,48.2055],[-3.8004,48.2055],[-3.8003,48.2056],[-3.8002,48.2055],[-3.8004,48.2054]]]]},"properties":{"NATURE":"Industriel, agricole ou commercial","USAGE1":"Agricole","ETAT":"En service","surface":312.13517862558365,"HAUTEUR":4.9}},{"type":"Feature","geometry":{"type":"MultiPolygon","coordinates":[[[[-3.805,48.2064],[-3.8049,48.2063],[-3.8051,48.2063],[-3.8052,48.2064],[-3.805,48.2064]]]]},"properties":{"NATURE":"Industriel, agricole ou commercial","USAGE1":"Indiff\u00e9renci\u00e9","ETAT":"En service","surface":214.76511196792126,"HAUTEUR":6.3}},{"type":"Feature","geometry":{"type":"MultiPolygon","coordinates":[[[[-3.8058,48.206],[-3.8058,48.2061],[-3.8059,48.2061],[-3.8059,48.2062],[-3.8059,48.2062],[-3.8057,48.2062],[-3.8056,48.2061],[-3.8057,48.206],[-3.8057,48.206],[-3.8058,48.206]]]]},"properties":{"NATURE":"Industriel, agricole ou commercial","USAGE1":"Indiff\u00e9renci\u00e9","ETAT":"En service","surface":319.8778972022701,"HAUTEUR":5.5}},{"type":"Feature","geometry":{"type":"MultiPolygon","coordinates":[[[[-3.8013,48.2053],[-3.8013,48.2052],[-3.8015,48.2054],[-3.8015,48.2054],[-3.8013,48.2055],[-3.8009,48.205],[-3.801,48.2049],[-3.801,48.2049],[-3.801,48.2049],[-3.8013,48.2052],[-3.8013,48.2052],[-3.8013,48.2053]]]]},"properties":{"NATURE":"Industriel, agricole ou commercial","USAGE1":"Agricole","ETAT":"En service","surface":999.5155576840043,"HAUTEUR":5.0}},{"type":"Feature","geometry":{"type":"MultiPolygon","coordinates":[[[[-3.7047,48.2104],[-3.7047,48.2102],[-3.705,48.2102],[-3.705,48.2104],[-3.7047,48.2104]]]]},"properties":{"NATURE":"Industriel, agricole ou commercial","USAGE1":"Indiff\u00e9renci\u00e9","ETAT":"En service","surface":326.96873261220753,"HAUTEUR":3.4}},{"type":"Feature","geometry":{"type":"MultiPolygon","coordinates":[[[[-3.7047,48.2104],[-3.7045,48.2104],[-3.7045,48.2103],[-3.7047,48.2102],[-3.7047,48.2104]]]]},"properties":{"NATURE":"Industriel, agricole ou commercial","USAGE1":"Indiff\u00e9renci\u00e9","ETAT":"En service","surface":277.5132560553029,"HAUTEUR":4.4}},{"type":"Feature","geometry":{"type":"MultiPolygon","coordinates":[[[[-3.7007,48.2161],[-3.7006,48.2161],[-3.7006,48.2163],[-3.7002,48.2162],[-3.7001,48.2162],[-3.6998,48.2162],[-3.6997,48.2161],[-3.6998,48.216],[-3.6998,48.216],[-3.7006,48.2161],[-3.7006,48.2161],[-3.7007,48.2161],[-3.7007,48.2161]]]]},"properties":{"NATURE":"Industriel, agricole ou commercial","USAGE1":"Indiff\u00e9renci\u00e9","ETAT":"En service","surface":1109.1052615460358,"HAUTEUR":4.1}},{"type":"Feature","geometry":{"type":"MultiPolygon","coordinates":[[[[-3.7005,48.2123],[-3.7005,48.2124],[-3.7002,48.2124],[-3.7002,48.2123],[-3.7005,48.2123]]]]},"properties":{"NATURE":"Industriel, agricole ou commercial","USAGE1":"Agricole","ETAT":"En service","surface":204.35315347230062,"HAUTEUR":3.7}},{"type":"Feature","geometry":{"type":"MultiPolygon","coordinates":[[[[-3.7003,48.2122],[-3.7001,48.2122],[-3.7002,48.2119],[-3.7003,48.212],[-3.7003,48.2122]]]]},"properties":{"NATURE":"Industriel, agricole ou commercial","USAGE1":"Agricole","ETAT":"En service","surface":318.79481341689825,"HAUTEUR":3.4}},{"type":"Feature","geometry":{"type":"MultiPolygon","coordinates":[[[[-3.7084,48.2145],[-3.708,48.2146],[-3.7079,48.2144],[-3.7081,48.2144],[-3.7081,48.2145],[-3.7082,48.2145],[-3.7082,48.2144],[-3.7083,48.2144],[-3.7084,48.2145]]]]},"properties":{"NATURE":"Industriel, agricole ou commercial","USAGE1":"Indiff\u00e9renci\u00e9","ETAT":"En service","surface":450.22758040577173,"HAUTEUR":4.3}},{"type":"Feature","geometry":{"type":"MultiPolygon","coordinates":[[[[-3.8616,48.2019],[-3.8616,48.2018],[-3.8618,48.2018],[-3.8619,48.2019],[-3.8616,48.2019],[-3.8616,48.2019]]]]},"properties":{"NATURE":"Industriel, agricole ou commercial","USAGE1":"Agricole","ETAT":"En service","surface":210.15635276364628,"HAUTEUR":3.7}},{"type":"Feature","geometry":{"type":"MultiPolygon","coordinates":[[[[-3.8616,48.2015],[-3.8618,48.2014],[-3.8619,48.2015],[-3.8617,48.2016],[-3.8616,48.2015],[-3.8616,48.2015]]]]},"properties":{"NATURE":"Industriel, agricole ou commercial","USAGE1":"Agricole","ETAT":"En service","surface":246.81418053619564,"HAUTEUR":4.9}},{"type":"Feature","geometry":{"type":"MultiPolygon","coordinates":[[[[-3.8612,48.2021],[-3.8611,48.202],[-3.8614,48.2019],[-3.8615,48.202],[-3.8612,48.2021]]]]},"properties":{"NATURE":"Industriel, agricole ou commercial","USAGE1":"Agricole","ETAT":"En service","surface":261.0687075033784,"HAUTEUR":2.7}},{"type":"Feature","geometry":{"type":"MultiPolygon","coordinates":[[[[-3.8609,48.202],[-3.8608,48.2019],[-3.861,48.2018],[-3.8611,48.202],[-3.8609,48.202]]]]},"properties":{"NATURE":"Industriel, agricole ou commercial","USAGE1":"Agricole","ETAT":"En service","surface":294.3179748505354,"HAUTEUR":4.6}},{"type":"Feature","geometry":{"type":"MultiPolygon","coordinates":[[[[-3.861,48.2023],[-3.8609,48.2022],[-3.8611,48.2021],[-3.8612,48.2022],[-3.861,48.2023]]]]},"properties":{"NATURE":"Industriel, agricole ou commercial","USAGE1":"Agricole","ETAT":"En service","surface":232.52429723739624,"HAUTEUR":4.0}},{"type":"Feature","geometry":{"type":"MultiPolygon","coordinates":[[[[-3.7607,48.2104],[-3.7608,48.2106],[-3.7607,48.2106],[-3.7607,48.2106],[-3.7606,48.2106],[-3.7605,48.2104],[-3.7607,48.2104]]]]},"properties":{"NATURE":"Industriel, agricole ou commercial","USAGE1":"Agricole","ETAT":"En service","surface":236.25111951539293,"HAUTEUR":7.3}},{"type":"Feature","geometry":{"type":"MultiPolygon","coordinates":[[[[-3.7604,48.2105],[-3.7604,48.2105],[-3.7604,48.2105],[-3.7605,48.2104],[-3.7606,48.2106],[-3.7605,48.2107],[-3.7604,48.2105]]]]},"properties":{"NATURE":"Industriel, agricole ou commercial","USAGE1":"Agricole","ETAT":"En service","surface":240.03493819548748,"HAUTEUR":5.4}},{"type":"Feature","geometry":{"type":"MultiPolygon","coordinates":[[[[-3.7604,48.2099],[-3.7605,48.2099],[-3.7605,48.2102],[-3.7604,48.2102],[-3.7604,48.2099]]]]},"properties":{"NATURE":"Industriel, agricole ou commercial","USAGE1":"Agricole","ETAT":"En service","surface":265.2307882234454,"HAUTEUR":4.1}},{"type":"Feature","geometry":{"type":"MultiPolygon","coordinates":[[[[-3.6123,47.8824],[-3.6123,47.8822],[-3.6126,47.8821],[-3.6126,47.8824],[-3.6123,47.8824]]]]},"properties":{"NATURE":"Industriel, agricole ou commercial","USAGE1":"Agricole","ETAT":"En service","surface":569.8573815152049,"HAUTEUR":5.8}},{"type":"Feature","geometry":{"type":"MultiPolygon","coordinates":[[[[-3.611,47.883],[-3.6106,47.883],[-3.6106,47.8828],[-3.6109,47.8829],[-3.6109,47.8828],[-3.611,47.8828],[-3.611,47.8829],[-3.611,47.8829],[-3.611,47.883]]]]},"properties":{"NATURE":"Industriel, agricole ou commercial","USAGE1":"Agricole","ETAT":"En service","surface":564.6401435183361,"HAUTEUR":3.3}},{"type":"Feature","geometry":{"type":"MultiPolygon","coordinates":[[[[-3.6111,47.8824],[-3.6111,47.8824],[-3.6109,47.8824],[-3.6109,47.8822],[-3.6109,47.8822],[-3.6111,47.8822],[-3.6111,47.8822],[-3.6111,47.8824]]]]},"properties":{"NATURE":"Industriel, agricole ou commercial","USAGE1":"Agricole","ETAT":"En service","surface":399.5760504398495,"HAUTEUR":5.9}},{"type":"Feature","geometry":{"type":"MultiPolygon","coordinates":[[[[-3.6108,47.8825],[-3.6108,47.8825],[-3.6107,47.8824],[-3.6109,47.8824],[-3.6111,47.8824],[-3.6111,47.8825],[-3.6108,47.8825],[-3.6108,47.8825]]]]},"properties":{"NATURE":"Industriel, agricole ou commercial","USAGE1":"Agricole","ETAT":"En service","surface":236.2038938314654,"HAUTEUR":6.1}},{"type":"Feature","geometry":{"type":"MultiPolygon","coordinates":[[[[-3.6108,47.8825],[-3.6108,47.8825],[-3.6112,47.8825],[-3.6111,47.8826],[-3.6111,47.8826],[-3.6111,47.8827],[-3.6108,47.8827],[-3.6108,47.8825]]]]},"properties":{"NATURE":"Industriel, agricole ou commercial","USAGE1":"Agricole","ETAT":"En service","surface":563.2033699587919,"HAUTEUR":5.8}},{"type":"Feature","geometry":{"type":"MultiPolygon","coordinates":[[[[-3.6096,47.8816],[-3.6094,47.8817],[-3.6093,47.8814],[-3.6096,47.8814],[-3.6096,47.8815],[-3.6096,47.8816]]]]},"properties":{"NATURE":"Industriel, agricole ou commercial","USAGE1":"Agricole","ETAT":"En service","surface":568.0202936157584,"HAUTEUR":5.3}},{"type":"Feature","geometry":{"type":"MultiPolygon","coordinates":[[[[-3.6115,47.8822],[-3.6115,47.8823],[-3.6113,47.8823],[-3.6112,47.8823],[-3.6112,47.8822],[-3.6112,47.8821],[-3.6115,47.8821],[-3.6115,47.8822]]]]},"properties":{"NATURE":"Industriel, agricole ou commercial","USAGE1":"Agricole","ETAT":"En service","surface":444.52582314703614,"HAUTEUR":4.7}},{"type":"Feature","geometry":{"type":"MultiPolygon","coordinates":[[[[-3.5898,47.8679],[-3.5892,47.8677],[-3.5891,47.8677],[-3.5891,47.8677],[-3.589,47.8676],[-3.5886,47.8675],[-3.5886,47.8675],[-3.5886,47.8675],[-3.5886,47.8675],[-3.5879,47.8673],[-3.5884,47.8667],[-3.5885,47.8667],[-3.5902,47.8672],[-3.5901,47.8673],[-3.5898,47.8679],[-3.5898,47.8679]]]]},"properties":{"NATURE":"Industriel, agricole ou commercial","USAGE1":"Industriel","ETAT":"En service","surface":11171.741801406257,"HAUTEUR":10.4}},{"type":"Feature","geometry":{"type":"MultiPolygon","coordinates":[[[[-3.588,47.8688],[-3.5877,47.8689],[-3.5878,47.8689],[-3.5873,47.869],[-3.5871,47.8686],[-3.5875,47.8685],[-3.5876,47.8685],[-3.5876,47.8684],[-3.5876,47.8684],[-3.5879,47.8683],[-3.5881,47.8688],[-3.588,47.8688]]]]},"properties":{"NATURE":"Industriel, agricole ou commercial","USAGE1":"Commercial et services","ETAT":"En service","surface":3305.1952601196244,"HAUTEUR":3.3}},{"type":"Feature","geometry":{"type":"MultiPolygon","coordinates":[[[[-3.5871,47.8702],[-3.5865,47.8703],[-3.5864,47.87],[-3.587,47.8699],[-3.5871,47.8702]]]]},"properties":{"NATURE":"Industriel, agricole ou commercial","USAGE1":"Indiff\u00e9renci\u00e9","ETAT":"En service","surface":1670.4971618950367,"HAUTEUR":8.7}},{"type":"Feature","geometry":{"type":"MultiPolygon","coordinates":[[[[-3.5873,47.8722],[-3.5873,47.8715],[-3.5882,47.8716],[-3.5882,47.8718],[-3.5883,47.8718],[-3.5883,47.8725],[-3.5881,47.8725],[-3.5881,47.8723],[-3.5874,47.8723],[-3.5873,47.8722]]]]},"properties":{"NATURE":"Industriel, agricole ou commercial","USAGE1":"Commercial et services","ETAT":"En service","surface":6577.753710707184,"HAUTEUR":11.3}},{"type":"Feature","geometry":{"type":"MultiPolygon","coordinates":[[[[-3.5861,47.8697],[-3.586,47.8697],[-3.5857,47.8699],[-3.5856,47.8698],[-3.5854,47.8696],[-3.5854,47.8697],[-3.5853,47.8696],[-3.5857,47.8693],[-3.586,47.8696],[-3.586,47.8696],[-3.5861,47.8697]]]]},"properties":{"NATURE":"Industriel, agricole ou commercial","USAGE1":"Commercial et services","ETAT":"En service","surface":1790.1430710665882,"HAUTEUR":6.2}},{"type":"Feature","geometry":{"type":"MultiPolygon","coordinates":[[[[-3.5853,47.8695],[-3.5851,47.8692],[-3.5854,47.8691],[-3.5854,47.8691],[-3.5854,47.8691],[-3.5854,47.8691],[-3.5855,47.8691],[-3.5855,47.8691],[-3.5855,47.8691],[-3.5855,47.8691],[-3.5856,47.8692],[-3.5856,47.8692],[-3.5856,47.8693],[-3.5853,47.8695]]]]},"properties":{"NATURE":"Industriel, agricole ou commercial","USAGE1":"Commercial et services","ETAT":"En service","surface":1240.52720692195,"HAUTEUR":6.7}},{"type":"Feature","geometry":{"type":"MultiPolygon","coordinates":[[[[-3.5871,47.8688],[-3.5869,47.8688],[-3.5869,47.8688],[-3.5869,47.8687],[-3.5868,47.8687],[-3.5866,47.8687],[-3.5865,47.8687],[-3.587,47.8686],[-3.5871,47.8688]]]]},"properties":{"NATURE":"Industriel, agricole ou commercial","USAGE1":"Commercial et services","ETAT":"En service","surface":511.71586947888136,"HAUTEUR":3.8}},{"type":"Feature","geometry":{"type":"MultiPolygon","coordinates":[[[[-3.5863,47.8689],[-3.5862,47.8689],[-3.5862,47.8688],[-3.5862,47.8689],[-3.5855,47.8688],[-3.5855,47.8687],[-3.5856,47.8687],[-3.5856,47.8687],[-3.5856,47.8686],[-3.5856,47.8686],[-3.5864,47.8687],[-3.5863,47.8689]]]]},"properties":{"NATURE":"Industriel, agricole ou commercial","USAGE1":"Commercial et services","ETAT":"En service","surface":1503.5352397095412,"HAUTEUR":3.2}},{"type":"Feature","geometry":{"type":"MultiPolygon","coordinates":[[[[-3.5879,47.87],[-3.5873,47.8701],[-3.5872,47.8698],[-3.5878,47.8697],[-3.5879,47.87]]]]},"properties":{"NATURE":"Industriel, agricole ou commercial","USAGE1":"Indiff\u00e9renci\u00e9","ETAT":"En service","surface":1660.5841026902199,"HAUTEUR":7.8}},{"type":"Feature","geometry":{"type":"MultiPolygon","coordinates":[[[[-3.5873,47.8722],[-3.5873,47.8723],[-3.5869,47.8723],[-3.5869,47.8715],[-3.5873,47.8715],[-3.5873,47.8722]]]]},"properties":{"NATURE":"Industriel, agricole ou commercial","USAGE1":"Commercial et services","ETAT":"En service","surface":2695.180346559733,"HAUTEUR":10.4}},{"type":"Feature","geometry":{"type":"MultiPolygon","coordinates":[[[[-3.5891,47.8703],[-3.5888,47.8704],[-3.5887,47.8704],[-3.5891,47.8703],[-3.5891,47.8703]]]]},"properties":{"NATURE":"Industriel, agricole ou commercial","USAGE1":"Commercial et services","ETAT":"En service","surface":227.01899482309818,"HAUTEUR":2.4}},{"type":"Feature","geometry":{"type":"MultiPolygon","coordinates":[[[[-3.5916,47.8704],[-3.5915,47.8704],[-3.5915,47.8704],[-3.5911,47.8705],[-3.5911,47.8703],[-3.5915,47.8702],[-3.5916,47.8704]]]]},"properties":{"NATURE":"Industriel, agricole ou commercial","USAGE1":"Commercial et services","ETAT":"En service","surface":550.1816876288503,"HAUTEUR":5.7}},{"type":"Feature","geometry":{"type":"MultiPolygon","coordinates":[[[[-3.5912,47.8694],[-3.5912,47.8694],[-3.5913,47.8693],[-3.5914,47.8692],[-3.5915,47.8693],[-3.5912,47.8694],[-3.5912,47.8694]]]]},"properties":{"NATURE":"Industriel, agricole ou commercial","USAGE1":"Commercial et services","ETAT":"En service","surface":202.47130147740245,"HAUTEUR":5.4}},{"type":"Feature","geometry":{"type":"MultiPolygon","coordinates":[[[[-3.5919,47.8683],[-3.5918,47.8684],[-3.5916,47.8683],[-3.5916,47.8682],[-3.5919,47.8683]]]]},"properties":{"NATURE":"Industriel, agricole ou commercial","USAGE1":"Commercial et services","ETAT":"En service","surface":212.1594486683607,"HAUTEUR":5.0}},{"type":"Feature","geometry":{"type":"MultiPolygon","coordinates":[[[[-3.5941,47.8689],[-3.594,47.869],[-3.5939,47.869],[-3.5938,47.8691],[-3.5936,47.8691],[-3.5937,47.8689],[-3.5937,47.8689],[-3.5938,47.8688],[-3.5941,47.8689]]]]},"properties":{"NATURE":"Industriel, agricole ou commercial","USAGE1":"Commercial et services","ETAT":"En service","surface":596.9199686646461,"HAUTEUR":4.3}},{"type":"Feature","geometry":{"type":"MultiPolygon","coordinates":[[[[-3.5938,47.8711],[-3.5937,47.8712],[-3.5933,47.8711],[-3.5933,47.8711],[-3.5932,47.8711],[-3.5933,47.871],[-3.5933,47.871],[-3.5934,47.8709],[-3.5938,47.8711]]]]},"properties":{"NATURE":"Industriel, agricole ou commercial","USAGE1":"Commercial et services","ETAT":"En service","surface":609.9263181574643,"HAUTEUR":6.2}},{"type":"Feature","geometry":{"type":"MultiPolygon","coordinates":[[[[-3.5977,47.8702],[-3.5978,47.8701],[-3.5979,47.8699],[-3.5987,47.8701],[-3.5988,47.8705],[-3.5987,47.8705],[-3.5978,47.8702],[-3.5977,47.8702]]]]},"properties":{"NATURE":"Industriel, agricole ou commercial","USAGE1":"Industriel","ETAT":"En service","surface":3028.350394539535,"HAUTEUR":10.1}},{"type":"Feature","geometry":{"type":"MultiPolygon","coordinates":[[[[-3.5942,47.8701],[-3.594,47.8704],[-3.5935,47.8702],[-3.5937,47.8699],[-3.5942,47.8701]]]]},"properties":{"NATURE":"Industriel, agricole ou commercial","USAGE1":"Commercial et services","ETAT":"En service","surface":1490.6863167583942,"HAUTEUR":5.2}},{"type":"Feature","geometry":{"type":"MultiPolygon","coordinates":[[[[-3.5908,47.8699],[-3.591,47.8702],[-3.5908,47.8703],[-3.5905,47.87],[-3.5908,47.8699]]]]},"properties":{"NATURE":"Industriel, agricole ou commercial","USAGE1":"Commercial et services","ETAT":"En service","surface":869.8148835003376,"HAUTEUR":10.4}},{"type":"Feature","geometry":{"type":"MultiPolygon","coordinates":[[[[-3.5901,47.8696],[-3.5898,47.8696],[-3.5898,47.8696],[-3.5894,47.8696],[-3.5895,47.8692],[-3.5901,47.8692],[-3.5901,47.8696]]]]},"properties":{"NATURE":"Industriel, agricole ou commercial","USAGE1":"Commercial et services","ETAT":"En service","surface":2006.5533258290961,"HAUTEUR":7.4}},{"type":"Feature","geometry":{"type":"MultiPolygon","coordinates":[[[[-3.5931,47.8698],[-3.593,47.8699],[-3.5929,47.8699],[-3.5929,47.8699],[-3.5926,47.8699],[-3.5928,47.8697],[-3.5931,47.8698]]]]},"properties":{"NATURE":"Industriel, agricole ou commercial","USAGE1":"Commercial et services","ETAT":"En service","surface":606.5674541667104,"HAUTEUR":7.3}},{"type":"Feature","geometry":{"type":"MultiPolygon","coordinates":[[[[-3.5935,47.8699],[-3.5934,47.8701],[-3.5933,47.87],[-3.5933,47.8701],[-3.5932,47.87],[-3.5932,47.8699],[-3.5932,47.8699],[-3.5933,47.8698],[-3.5935,47.8699]]]]},"properties":{"NATURE":"Industriel, agricole ou commercial","USAGE1":"Commercial et services","ETAT":"En service","surface":421.81494795158505,"HAUTEUR":6.2}},{"type":"Feature","geometry":{"type":"MultiPolygon","coordinates":[[[[-3.5967,47.8701],[-3.596,47.8699],[-3.5961,47.8697],[-3.5962,47.8698],[-3.5963,47.8697],[-3.5965,47.8698],[-3.5965,47.8698],[-3.5965,47.8698],[-3.5965,47.8699],[-3.5968,47.87],[-3.5967,47.8701]]]]},"properties":{"NATURE":"Industriel, agricole ou commercial","USAGE1":"Industriel","ETAT":"En service","surface":1409.147413406521,"HAUTEUR":6.6}},{"type":"Feature","geometry":{"type":"MultiPolygon","coordinates":[[[[-3.6009,47.8712],[-3.6006,47.8706],[-3.6006,47.8705],[-3.6014,47.8703],[-3.6016,47.8709],[-3.6013,47.8709],[-3.6014,47.8711],[-3.6013,47.8712],[-3.6011,47.8711],[-3.6011,47.8713],[-3.6009,47.8712]]]]},"properties":{"NATURE":"Industriel, agricole ou commercial","USAGE1":"Industriel","ETAT":"En service","surface":4633.702867379412,"HAUTEUR":8.0}},{"type":"Feature","geometry":{"type":"MultiPolygon","coordinates":[[[[-3.5945,47.8643],[-3.5945,47.8644],[-3.5943,47.8645],[-3.5942,47.8644],[-3.5945,47.8643]]]]},"properties":{"NATURE":"Industriel, agricole ou commercial","USAGE1":"Commercial et services","ETAT":"En service","surface":224.16625232994556,"HAUTEUR":4.6}},{"type":"Feature","geometry":{"type":"MultiPolygon","coordinates":[[[[-3.5954,47.8643],[-3.5954,47.8642],[-3.5956,47.8641],[-3.5958,47.8642],[-3.5955,47.8644],[-3.5954,47.8643]]]]},"properties":{"NATURE":"Industriel, agricole ou commercial","USAGE1":"Commercial et services","ETAT":"En service","surface":354.87195175886154,"HAUTEUR":6.2}},{"type":"Feature","geometry":{"type":"MultiPolygon","coordinates":[[[[-3.5954,47.8642],[-3.595,47.8639],[-3.595,47.8639],[-3.595,47.8639],[-3.5949,47.8639],[-3.5949,47.8639],[-3.5949,47.8639],[-3.5949,47.8639],[-3.5949,47.8638],[-3.595,47.8638],[-3.595,47.8638],[-3.595,47.8638],[-3.595,47.8638],[-3.5951,47.8638],[-3.5951,47.8639],[-3.5952,47.8638],[-3.5956,47.8641],[-3.5954,47.8642]]]]},"properties":{"NATURE":"Industriel, agricole ou commercial","USAGE1":"Commercial et services","ETAT":"En service","surface":1177.8283345184755,"HAUTEUR":6.2}},{"type":"Feature","geometry":{"type":"MultiPolygon","coordinates":[[[[-3.594,47.8643],[-3.5939,47.8644],[-3.5937,47.8643],[-3.5939,47.8642],[-3.594,47.8643]]]]},"properties":{"NATURE":"Industriel, agricole ou commercial","USAGE1":"Commercial et services","ETAT":"En service","surface":285.6088683605194,"HAUTEUR":5.3}},{"type":"Feature","geometry":{"type":"MultiPolygon","coordinates":[[[[-3.5908,47.8673],[-3.5906,47.8671],[-3.5909,47.867],[-3.591,47.8672],[-3.5908,47.8673]]]]},"properties":{"NATURE":"Industriel, agricole ou commercial","USAGE1":"Commercial et services","ETAT":"En service","surface":423.14772648364305,"HAUTEUR":4.6}},{"type":"Feature","geometry":{"type":"MultiPolygon","coordinates":[[[[-3.5908,47.8677],[-3.5908,47.8677],[-3.5907,47.8677],[-3.5905,47.8677],[-3.5905,47.8676],[-3.5904,47.8674],[-3.5906,47.8676],[-3.5908,47.8677]]]]},"properties":{"NATURE":"Industriel, agricole ou commercial","USAGE1":"Industriel","ETAT":"En service","surface":360.14304373040795,"HAUTEUR":8.9}},{"type":"Feature","geometry":{"type":"MultiPolygon","coordinates":[[[[-3.591,47.8678],[-3.5908,47.8681],[-3.5898,47.8679],[-3.5901,47.8673],[-3.5903,47.8673],[-3.5904,47.8674],[-3.5905,47.8676],[-3.5905,47.8677],[-3.5907,47.8677],[-3.5908,47.8677],[-3.5908,47.8677],[-3.591,47.8678]]]]},"properties":{"NATURE":"Industriel, agricole ou commercial","USAGE1":"Industriel","ETAT":"En service","surface":4178.749446112663,"HAUTEUR":10.4}},{"type":"Feature","geometry":{"type":"MultiPolygon","coordinates":[[[[-3.5902,47.8672],[-3.5885,47.8667],[-3.5885,47.8666],[-3.5887,47.8666],[-3.5896,47.8668],[-3.5897,47.8669],[-3.5898,47.8668],[-3.5898,47.8668],[-3.59,47.8669],[-3.5901,47.8668],[-3.5901,47.8669],[-3.5903,47.8673],[-3.5903,47.8673],[-3.5901,47.8673],[-3.5902,47.8672]]]]},"properties":{"NATURE":"Industriel, agricole ou commercial","USAGE1":"Industriel","ETAT":"En service","surface":3633.3710845615715,"HAUTEUR":9.5}},{"type":"Feature","geometry":{"type":"MultiPolygon","coordinates":[[[[-3.5917,47.8666],[-3.5918,47.8668],[-3.5916,47.8668],[-3.5914,47.8666],[-3.5916,47.8665],[-3.5917,47.8666],[-3.5917,47.8666]]]]},"properties":{"NATURE":"Industriel, agricole ou commercial","USAGE1":"Commercial et services","ETAT":"En service","surface":573.2994062043726,"HAUTEUR":4.8}},{"type":"Feature","geometry":{"type":"MultiPolygon","coordinates":[[[[-3.5934,47.8647],[-3.5932,47.8647],[-3.5932,47.8647],[-3.5931,47.8647],[-3.5931,47.8646],[-3.5932,47.8646],[-3.5933,47.8645],[-3.5934,47.8647]]]]},"properties":{"NATURE":"Industriel, agricole ou commercial","USAGE1":"Commercial et services","ETAT":"En service","surface":241.99519038572907,"HAUTEUR":4.4}},{"type":"Feature","geometry":{"type":"MultiPolygon","coordinates":[[[[-3.5926,47.8648],[-3.5929,47.8647],[-3.593,47.8648],[-3.5929,47.8649],[-3.5927,47.8649],[-3.5927,47.8649],[-3.5927,47.8649],[-3.5926,47.8648]]]]},"properties":{"NATURE":"Industriel, agricole ou commercial","USAGE1":"Commercial et services","ETAT":"En service","surface":420.1094360630959,"HAUTEUR":5.4}},{"type":"Feature","geometry":{"type":"MultiPolygon","coordinates":[[[[-3.5907,47.8659],[-3.5909,47.8661],[-3.5909,47.8662],[-3.5907,47.8662],[-3.5905,47.8662],[-3.5903,47.8661],[-3.5907,47.8659]]]]},"properties":{"NATURE":"Industriel, agricole ou commercial","USAGE1":"Commercial et services","ETAT":"En service","surface":959.8285779543221,"HAUTEUR":4.4}},{"type":"Feature","geometry":{"type":"MultiPolygon","coordinates":[[[[-3.5914,47.8665],[-3.5913,47.8664],[-3.5913,47.8664],[-3.5916,47.8663],[-3.5917,47.8664],[-3.5917,47.8664],[-3.5914,47.8665],[-3.5914,47.8665]]]]},"properties":{"NATURE":"Industriel, agricole ou commercial","USAGE1":"Commercial et services","ETAT":"En service","surface":312.73980490490794,"HAUTEUR":4.1}},{"type":"Feature","geometry":{"type":"MultiPolygon","coordinates":[[[[-3.5907,47.8658],[-3.5908,47.8657],[-3.5908,47.8657],[-3.5909,47.8657],[-3.5911,47.8659],[-3.591,47.866],[-3.5909,47.866],[-3.5908,47.8658],[-3.5908,47.8658],[-3.5907,47.8658],[-3.5907,47.8658]]]]},"properties":{"NATURE":"Industriel, agricole ou commercial","USAGE1":"Commercial et services","ETAT":"En service","surface":569.865180362016,"HAUTEUR":4.7}},{"type":"Feature","geometry":{"type":"MultiPolygon","coordinates":[[[[-3.5907,47.8666],[-3.5908,47.8667],[-3.5904,47.8668],[-3.5904,47.8666],[-3.5904,47.8666],[-3.5907,47.8666],[-3.5907,47.8666]]]]},"properties":{"NATURE":"Industriel, agricole ou commercial","USAGE1":"Commercial et services","ETAT":"En service","surface":360.76417876407504,"HAUTEUR":4.0}},{"type":"Feature","geometry":{"type":"MultiPolygon","coordinates":[[[[-3.5906,47.8665],[-3.5903,47.8665],[-3.5903,47.8663],[-3.5906,47.8663],[-3.5906,47.8665]]]]},"properties":{"NATURE":"Industriel, agricole ou commercial","USAGE1":"Commercial et services","ETAT":"En service","surface":464.6737266834825,"HAUTEUR":4.4}},{"type":"Feature","geometry":{"type":"MultiPolygon","coordinates":[[[[-3.5937,47.8646],[-3.5935,47.8646],[-3.5933,47.8645],[-3.5935,47.8644],[-3.5937,47.8646]]]]},"properties":{"NATURE":"Industriel, agricole ou commercial","USAGE1":"Commercial et services","ETAT":"En service","surface":331.1800491511822,"HAUTEUR":5.7}},{"type":"Feature","geometry":{"type":"MultiPolygon","coordinates":[[[[-3.5918,47.8669],[-3.5919,47.8669],[-3.5921,47.8668],[-3.5921,47.8668],[-3.5923,47.867],[-3.5923,47.867],[-3.5923,47.867],[-3.5923,47.8671],[-3.5922,47.8671],[-3.5923,47.8672],[-3.5923,47.8672],[-3.5923,47.8673],[-3.592,47.8674],[-3.5917,47.8671],[-3.5918,47.867],[-3.5918,47.867],[-3.5918,47.8669],[-3.5918,47.8669]]]]},"properties":{"NATURE":"Industriel, agricole ou commercial","USAGE1":"Commercial et services","ETAT":"En service","surface":1766.2047373529058,"HAUTEUR":6.3}},{"type":"Feature","geometry":{"type":"MultiPolygon","coordinates":[[[[-3.5958,47.8643],[-3.5956,47.8644],[-3.5955,47.8644],[-3.5958,47.8642],[-3.5958,47.8643]]]]},"properties":{"NATURE":"Industriel, agricole ou commercial","USAGE1":"Commercial et services","ETAT":"En service","surface":254.08647890388966,"HAUTEUR":6.2}},{"type":"Feature","geometry":{"type":"MultiPolygon","coordinates":[[[[-3.5919,47.8651],[-3.5919,47.8651],[-3.592,47.8651],[-3.5923,47.8654],[-3.5922,47.8654],[-3.5922,47.8654],[-3.5921,47.8655],[-3.592,47.8654],[-3.5919,47.8655],[-3.5917,47.8652],[-3.5919,47.8651]]]]},"properties":{"NATURE":"Industriel, agricole ou commercial","USAGE1":"Commercial et services","ETAT":"En service","surface":1005.4505215412937,"HAUTEUR":6.8}},{"type":"Feature","geometry":{"type":"MultiPolygon","coordinates":[[[[-3.5914,47.8656],[-3.5912,47.8657],[-3.5911,47.8656],[-3.5911,47.8656],[-3.5911,47.8656],[-3.5911,47.8656],[-3.5911,47.8656],[-3.5913,47.8655],[-3.5912,47.8655],[-3.5913,47.8655],[-3.5913,47.8655],[-3.5914,47.8656]]]]},"properties":{"NATURE":"Industriel, agricole ou commercial","USAGE1":"Commercial et services","ETAT":"En service","surface":275.4249054649845,"HAUTEUR":2.7}},{"type":"Feature","geometry":{"type":"MultiPolygon","coordinates":[[[[-3.6024,47.8765],[-3.6025,47.8767],[-3.6024,47.8767],[-3.6025,47.8768],[-3.6024,47.8768],[-3.6023,47.8767],[-3.6024,47.8767],[-3.6023,47.8766],[-3.6024,47.8765]]]]},"properties":{"NATURE":"Industriel, agricole ou commercial","USAGE1":"Agricole","ETAT":"En service","surface":299.9350100196898,"HAUTEUR":4.0}},{"type":"Feature","geometry":{"type":"MultiPolygon","coordinates":[[[[-3.6021,47.8766],[-3.6023,47.8765],[-3.6023,47.8766],[-3.6024,47.8767],[-3.6023,47.8767],[-3.6022,47.8768],[-3.6022,47.8767],[-3.6021,47.8766]]]]},"properties":{"NATURE":"Industriel, agricole ou commercial","USAGE1":"Agricole","ETAT":"En service","surface":367.24480911158025,"HAUTEUR":5.4}},{"type":"Feature","geometry":{"type":"MultiPolygon","coordinates":[[[[-3.6014,47.8767],[-3.6013,47.8765],[-3.6016,47.8765],[-3.6017,47.8766],[-3.6014,47.8767]]]]},"properties":{"NATURE":"Industriel, agricole ou commercial","USAGE1":"Agricole","ETAT":"En service","surface":408.58496687561274,"HAUTEUR":5.8}},{"type":"Feature","geometry":{"type":"MultiPolygon","coordinates":[[[[-3.6014,47.8767],[-3.6013,47.8767],[-3.6011,47.8763],[-3.6012,47.8763],[-3.6013,47.8765],[-3.6014,47.8767]]]]},"properties":{"NATURE":"Industriel, agricole ou commercial","USAGE1":"Agricole","ETAT":"En service","surface":392.7839308306575,"HAUTEUR":6.7}},{"type":"Feature","geometry":{"type":"MultiPolygon","coordinates":[[[[-3.5962,47.8729],[-3.5958,47.8731],[-3.5957,47.8729],[-3.596,47.8727],[-3.5962,47.8729]]]]},"properties":{"NATURE":"Industriel, agricole ou commercial","USAGE1":"Agricole","ETAT":"En service","surface":753.3171085864305,"HAUTEUR":7.5}},{"type":"Feature","geometry":{"type":"MultiPolygon","coordinates":[[[[-3.5957,47.8731],[-3.5955,47.8732],[-3.5954,47.873],[-3.5956,47.873],[-3.5957,47.8731]]]]},"properties":{"NATURE":"Industriel, agricole ou commercial","USAGE1":"Agricole","ETAT":"En service","surface":325.4550451859832,"HAUTEUR":3.9}},{"type":"Feature","geometry":{"type":"MultiPolygon","coordinates":[[[[-3.6038,47.8676],[-3.6039,47.8675],[-3.604,47.8678],[-3.6041,47.8678],[-3.604,47.8678],[-3.604,47.8679],[-3.6039,47.8677],[-3.6037,47.8676],[-3.6038,47.8676]]]]},"properties":{"NATURE":"Industriel, agricole ou commercial","USAGE1":"Agricole","ETAT":"En service","surface":360.05290589667857,"HAUTEUR":4.7}},{"type":"Feature","geometry":{"type":"MultiPolygon","coordinates":[[[[-3.6034,47.868],[-3.6038,47.8678],[-3.604,47.868],[-3.6037,47.8681],[-3.6036,47.8681],[-3.6036,47.8681],[-3.6036,47.8681],[-3.6035,47.8681],[-3.6035,47.868],[-3.6034,47.868]]]]},"properties":{"NATURE":"Industriel, agricole ou commercial","USAGE1":"Agricole","ETAT":"En service","surface":821.321364371106,"HAUTEUR":5.4}},{"type":"Feature","geometry":{"type":"MultiPolygon","coordinates":[[[[-3.5949,47.8605],[-3.595,47.8606],[-3.5949,47.8606],[-3.5948,47.8605],[-3.5947,47.8605],[-3.5947,47.8605],[-3.5947,47.8605],[-3.5948,47.8605],[-3.5947,47.8605],[-3.5949,47.8604],[-3.5949,47.8605]]]]},"properties":{"NATURE":"Industriel, agricole ou commercial","USAGE1":"Agricole","ETAT":"En service","surface":212.10573640838265,"HAUTEUR":6.7}},{"type":"Feature","geometry":{"type":"MultiPolygon","coordinates":[[[[-3.5938,47.8617],[-3.5933,47.8619],[-3.5932,47.8617],[-3.5935,47.8617],[-3.5935,47.8616],[-3.5932,47.8617],[-3.5932,47.8616],[-3.5936,47.8615],[-3.5936,47.8616],[-3.5936,47.8616],[-3.5936,47.8616],[-3.5937,47.8616],[-3.5938,47.8617]]]]},"properties":{"NATURE":"Industriel, agricole ou commercial","USAGE1":"Agricole","ETAT":"En service","surface":1046.0632276274264,"HAUTEUR":4.3}},{"type":"Feature","geometry":{"type":"MultiPolygon","coordinates":[[[[-3.5941,47.8612],[-3.5941,47.861],[-3.5944,47.8609],[-3.5944,47.861],[-3.5944,47.8611],[-3.5943,47.8611],[-3.5944,47.8611],[-3.5942,47.8612],[-3.5942,47.8612],[-3.5942,47.8612],[-3.5942,47.8612],[-3.5941,47.8612]]]]},"properties":{"NATURE":"Industriel, agricole ou commercial","USAGE1":"Agricole","ETAT":"En service","surface":465.1814537984319,"HAUTEUR":5.3}},{"type":"Feature","geometry":{"type":"MultiPolygon","coordinates":[[[[-3.5934,47.8614],[-3.5933,47.8612],[-3.5934,47.8611],[-3.5935,47.8614],[-3.5934,47.8614]]]]},"properties":{"NATURE":"Industriel, agricole ou commercial","USAGE1":"Agricole","ETAT":"En service","surface":238.9167015478015,"HAUTEUR":2.4}},{"type":"Feature","geometry":{"type":"MultiPolygon","coordinates":[[[[-3.5942,47.8618],[-3.5944,47.8622],[-3.5941,47.8623],[-3.5938,47.8619],[-3.5942,47.8618]]]]},"properties":{"NATURE":"Industriel, agricole ou commercial","USAGE1":"Agricole","ETAT":"En service","surface":1209.0672812610865,"HAUTEUR":6.1}},{"type":"Feature","geometry":{"type":"MultiPolygon","coordinates":[[[[-3.5936,47.8611],[-3.5935,47.8611],[-3.5934,47.8611],[-3.5933,47.861],[-3.5936,47.861],[-3.5936,47.8611]]]]},"properties":{"NATURE":"Industriel, agricole ou commercial","USAGE1":"Agricole","ETAT":"En service","surface":314.5436026379466,"HAUTEUR":3.9}},{"type":"Feature","geometry":{"type":"MultiPolygon","coordinates":[[[[-3.6097,47.8768],[-3.6097,47.877],[-3.6097,47.877],[-3.6097,47.877],[-3.6094,47.877],[-3.6094,47.8768],[-3.6096,47.8768],[-3.6097,47.8768],[-3.6097,47.8768]]]]},"properties":{"NATURE":"Industriel, agricole ou commercial","USAGE1":"Agricole","ETAT":"En service","surface":507.1663234732114,"HAUTEUR":4.5}},{"type":"Feature","geometry":{"type":"MultiPolygon","coordinates":[[[[-3.6077,47.8776],[-3.6076,47.8784],[-3.6075,47.8784],[-3.6075,47.8777],[-3.6076,47.8777],[-3.6076,47.8776],[-3.6077,47.8776]]]]},"properties":{"NATURE":"Industriel, agricole ou commercial","USAGE1":"Agricole","ETAT":"En service","surface":1146.8432999327197,"HAUTEUR":4.3}},{"type":"Feature","geometry":{"type":"MultiPolygon","coordinates":[[[[-3.6072,47.8784],[-3.607,47.8784],[-3.607,47.8777],[-3.6072,47.8777],[-3.6072,47.8784]]]]},"properties":{"NATURE":"Industriel, agricole ou commercial","USAGE1":"Agricole","ETAT":"En service","surface":1125.7001154404134,"HAUTEUR":5.2}},{"type":"Feature","geometry":{"type":"MultiPolygon","coordinates":[[[[-3.6295,48.2615],[-3.6294,48.2615],[-3.6291,48.2614],[-3.6292,48.2613],[-3.6294,48.2613],[-3.6296,48.2614],[-3.6295,48.2615]]]]},"properties":{"NATURE":"Industriel, agricole ou commercial","USAGE1":"Agricole","ETAT":"En service","surface":486.67043712735176,"HAUTEUR":5.4}},{"type":"Feature","geometry":{"type":"MultiPolygon","coordinates":[[[[-3.6295,48.2615],[-3.6295,48.2616],[-3.6294,48.2616],[-3.6291,48.2615],[-3.6291,48.2614],[-3.6294,48.2615],[-3.6295,48.2615]]]]},"properties":{"NATURE":"Industriel, agricole ou commercial","USAGE1":"Agricole","ETAT":"En service","surface":317.3717433102429,"HAUTEUR":4.2}},{"type":"Feature","geometry":{"type":"MultiPolygon","coordinates":[[[[-3.6317,48.2625],[-3.6318,48.2625],[-3.6314,48.2628],[-3.6314,48.2627],[-3.6317,48.2625]]]]},"properties":{"NATURE":"Industriel, agricole ou commercial","USAGE1":"Agricole","ETAT":"En service","surface":297.93261650949717,"HAUTEUR":5.2}},{"type":"Feature","geometry":{"type":"MultiPolygon","coordinates":[[[[-3.6319,48.2627],[-3.6318,48.2627],[-3.6316,48.2628],[-3.6315,48.2628],[-3.6318,48.2626],[-3.6319,48.2627]]]]},"properties":{"NATURE":"Industriel, agricole ou commercial","USAGE1":"Agricole","ETAT":"En service","surface":269.72534811124206,"HAUTEUR":4.1}},{"type":"Feature","geometry":{"type":"MultiPolygon","coordinates":[[[[-4.0295,48.1618],[-4.03,48.1618],[-4.03,48.1619],[-4.0295,48.1619],[-4.0295,48.1618]]]]},"properties":{"NATURE":"Industriel, agricole ou commercial","USAGE1":"Agricole","ETAT":"En service","surface":447.72429610227664,"HAUTEUR":1.7}},{"type":"Feature","geometry":{"type":"MultiPolygon","coordinates":[[[[-4.0292,48.1618],[-4.0292,48.1618],[-4.0292,48.162],[-4.029,48.162],[-4.029,48.1618],[-4.0292,48.1618]]]]},"properties":{"NATURE":"Industriel, agricole ou commercial","USAGE1":"Agricole","ETAT":"En service","surface":300.74192519206554,"HAUTEUR":5.2}},{"type":"Feature","geometry":{"type":"MultiPolygon","coordinates":[[[[-4.0496,48.1647],[-4.0492,48.1646],[-4.0493,48.1644],[-4.0496,48.1645],[-4.0495,48.1647],[-4.0496,48.1647],[-4.0496,48.1647]]]]},"properties":{"NATURE":"Industriel, agricole ou commercial","USAGE1":"Agricole","ETAT":"En service","surface":538.8954007402062,"HAUTEUR":3.7}},{"type":"Feature","geometry":{"type":"MultiPolygon","coordinates":[[[[-4.0488,48.1648],[-4.0488,48.1648],[-4.0487,48.1649],[-4.0486,48.1648],[-4.0487,48.1647],[-4.0488,48.1647],[-4.0488,48.1647],[-4.0488,48.1648]]]]},"properties":{"NATURE":"Industriel, agricole ou commercial","USAGE1":"Agricole","ETAT":"En service","surface":208.02709733322263,"HAUTEUR":2.9}},{"type":"Feature","geometry":{"type":"MultiPolygon","coordinates":[[[[-4.0484,48.1646],[-4.0485,48.1648],[-4.0483,48.1648],[-4.0482,48.1647],[-4.0484,48.1646]]]]},"properties":{"NATURE":"Industriel, agricole ou commercial","USAGE1":"Agricole","ETAT":"En service","surface":376.67212948948145,"HAUTEUR":2.9}},{"type":"Feature","geometry":{"type":"MultiPolygon","coordinates":[[[[-4.0486,48.1647],[-4.0485,48.1648],[-4.0485,48.1647],[-4.0485,48.1647],[-4.0484,48.1645],[-4.0485,48.1645],[-4.0486,48.1646],[-4.0486,48.1646],[-4.0486,48.1647]]]]},"properties":{"NATURE":"Industriel, agricole ou commercial","USAGE1":"Agricole","ETAT":"En service","surface":289.80443685298087,"HAUTEUR":2.9}},{"type":"Feature","geometry":{"type":"MultiPolygon","coordinates":[[[[-4.0487,48.1655],[-4.0489,48.1656],[-4.0489,48.1656],[-4.0488,48.1657],[-4.0488,48.1656],[-4.0487,48.1656],[-4.0486,48.1656],[-4.0487,48.1655]]]]},"properties":{"NATURE":"Industriel, agricole ou commercial","USAGE1":"Agricole","ETAT":"En service","surface":280.2339659873396,"HAUTEUR":5.6}},{"type":"Feature","geometry":{"type":"MultiPolygon","coordinates":[[[[-4.0487,48.1655],[-4.0486,48.1656],[-4.0483,48.1655],[-4.0484,48.1653],[-4.0487,48.1655]]]]},"properties":{"NATURE":"Industriel, agricole ou commercial","USAGE1":"Agricole","ETAT":"En service","surface":360.02407950907946,"HAUTEUR":3.8}},{"type":"Feature","geometry":{"type":"MultiPolygon","coordinates":[[[[-4.049,48.1658],[-4.0488,48.1658],[-4.049,48.1656],[-4.0491,48.1656],[-4.0491,48.1656],[-4.049,48.1658]]]]},"properties":{"NATURE":"Industriel, agricole ou commercial","USAGE1":"Agricole","ETAT":"En service","surface":272.06519471108913,"HAUTEUR":4.8}},{"type":"Feature","geometry":{"type":"MultiPolygon","coordinates":[[[[-4.0485,48.1649],[-4.0485,48.165],[-4.0487,48.165],[-4.0486,48.1651],[-4.0486,48.1651],[-4.0485,48.1652],[-4.0482,48.1651],[-4.0484,48.1649],[-4.0485,48.1649]]]]},"properties":{"NATURE":"Industriel, agricole ou commercial","USAGE1":"Agricole","ETAT":"En service","surface":561.9197133351117,"HAUTEUR":4.6}},{"type":"Feature","geometry":{"type":"MultiPolygon","coordinates":[[[[-4.0489,48.1653],[-4.0492,48.1654],[-4.0491,48.1655],[-4.0487,48.1653],[-4.0488,48.1652],[-4.0489,48.1653]]]]},"properties":{"NATURE":"Industriel, agricole ou commercial","USAGE1":"Agricole","ETAT":"En service","surface":515.1746793016791,"HAUTEUR":5.6}},{"type":"Feature","geometry":{"type":"MultiPolygon","coordinates":[[[[-4.045,48.1645],[-4.0451,48.1645],[-4.045,48.1648],[-4.0449,48.1648],[-4.045,48.1645]]]]},"properties":{"NATURE":"Industriel, agricole ou commercial","USAGE1":"Agricole","ETAT":"En service","surface":204.43326101452112,"HAUTEUR":2.5}},{"type":"Feature","geometry":{"type":"MultiPolygon","coordinates":[[[[-4.0328,48.1651],[-4.0326,48.1649],[-4.0328,48.1648],[-4.0332,48.1651],[-4.0331,48.1652],[-4.033,48.1653],[-4.0329,48.1651],[-4.0328,48.1652],[-4.0328,48.1651],[-4.0328,48.1651]]]]},"properties":{"NATURE":"Industriel, agricole ou commercial","USAGE1":"Industriel","ETAT":"En service","surface":961.7464176826179,"HAUTEUR":4.9}},{"type":"Feature","geometry":{"type":"MultiPolygon","coordinates":[[[[-4.0325,48.1659],[-4.0323,48.1657],[-4.0326,48.1655],[-4.0328,48.1657],[-4.0328,48.1657],[-4.0329,48.1657],[-4.0328,48.1657],[-4.033,48.1659],[-4.0328,48.166],[-4.0326,48.1659],[-4.0325,48.1659]]]]},"properties":{"NATURE":"Industriel, agricole ou commercial","USAGE1":"Industriel","ETAT":"En service","surface":1418.793195810169,"HAUTEUR":8.1}},{"type":"Feature","geometry":{"type":"MultiPolygon","coordinates":[[[[-4.0329,48.1661],[-4.033,48.1661],[-4.033,48.1661],[-4.0332,48.1662],[-4.033,48.1663],[-4.0329,48.1661],[-4.0329,48.1661],[-4.0329,48.1661]]]]},"properties":{"NATURE":"Industriel, agricole ou commercial","USAGE1":"Industriel","ETAT":"En service","surface":252.33403281867504,"HAUTEUR":7.4}},{"type":"Feature","geometry":{"type":"MultiPolygon","coordinates":[[[[-4.0391,48.1711],[-4.0391,48.1705],[-4.0392,48.1705],[-4.0392,48.1704],[-4.0393,48.1704],[-4.0393,48.1711],[-4.0391,48.1711]]]]},"properties":{"NATURE":"Industriel, agricole ou commercial","USAGE1":"Agricole","ETAT":"En ruine","surface":1116.9055249934318,"HAUTEUR":4.9}},{"type":"Feature","geometry":{"type":"MultiPolygon","coordinates":[[[[-4.0439,48.1688],[-4.0438,48.1688],[-4.0438,48.1688],[-4.0438,48.1688],[-4.0437,48.1688],[-4.044,48.1683],[-4.0442,48.1684],[-4.0439,48.1688]]]]},"properties":{"NATURE":"Industriel, agricole ou commercial","USAGE1":"Indiff\u00e9renci\u00e9","ETAT":"En ruine","surface":697.1014863811433,"HAUTEUR":3.8}},{"type":"Feature","geometry":{"type":"MultiPolygon","coordinates":[[[[-4.0415,48.169],[-4.0415,48.169],[-4.0417,48.1689],[-4.0418,48.1692],[-4.0417,48.1693],[-4.0415,48.169]]]]},"properties":{"NATURE":"Industriel, agricole ou commercial","USAGE1":"Agricole","ETAT":"En service","surface":501.4331035390496,"HAUTEUR":4.8}},{"type":"Feature","geometry":{"type":"MultiPolygon","coordinates":[[[[-4.0415,48.1687],[-4.0416,48.1687],[-4.0417,48.1686],[-4.0419,48.1688],[-4.0417,48.1689],[-4.0415,48.1687]]]]},"properties":{"NATURE":"Industriel, agricole ou commercial","USAGE1":"Agricole","ETAT":"En service","surface":367.2455928772688,"HAUTEUR":4.2}},{"type":"Feature","geometry":{"type":"MultiPolygon","coordinates":[[[[-4.0409,48.1694],[-4.0408,48.1695],[-4.0407,48.1695],[-4.0406,48.1695],[-4.0409,48.1692],[-4.0411,48.1692],[-4.0411,48.1693],[-4.0411,48.1693],[-4.0411,48.1693],[-4.0411,48.1693],[-4.0411,48.1693],[-4.041,48.1693],[-4.0409,48.1694]]]]},"properties":{"NATURE":"Industriel, agricole ou commercial","USAGE1":"Agricole","ETAT":"En service","surface":459.5434541818686,"HAUTEUR":4.3}},{"type":"Feature","geometry":{"type":"MultiPolygon","coordinates":[[[[-4.0408,48.1699],[-4.0407,48.1698],[-4.0412,48.1693],[-4.0414,48.1694],[-4.0408,48.1699]]]]},"properties":{"NATURE":"Industriel, agricole ou commercial","USAGE1":"Agricole","ETAT":"En service","surface":924.5574723184109,"HAUTEUR":4.1}},{"type":"Feature","geometry":{"type":"MultiPolygon","coordinates":[[[[-4.0374,48.1714],[-4.0374,48.1707],[-4.0376,48.1707],[-4.0376,48.1714],[-4.0374,48.1714]]]]},"properties":{"NATURE":"Industriel, agricole ou commercial","USAGE1":"Agricole","ETAT":"En service","surface":1178.7759095317451,"HAUTEUR":3.0}},{"type":"Feature","geometry":{"type":"MultiPolygon","coordinates":[[[[-4.0366,48.1714],[-4.0366,48.1709],[-4.0368,48.1709],[-4.0368,48.1714],[-4.0366,48.1714]]]]},"properties":{"NATURE":"Industriel, agricole ou commercial","USAGE1":"Agricole","ETAT":"En ruine","surface":821.3915326222777,"HAUTEUR":1.6}},{"type":"Feature","geometry":{"type":"MultiPolygon","coordinates":[[[[-4.0372,48.1707],[-4.0372,48.1714],[-4.037,48.1714],[-4.037,48.1707],[-4.0372,48.1707]]]]},"properties":{"NATURE":"Industriel, agricole ou commercial","USAGE1":"Agricole","ETAT":"En service","surface":1237.568255639635,"HAUTEUR":3.5}},{"type":"Feature","geometry":{"type":"MultiPolygon","coordinates":[[[[-4.039,48.1803],[-4.039,48.1805],[-4.0386,48.1804],[-4.0387,48.1803],[-4.039,48.1803]]]]},"properties":{"NATURE":"Industriel, agricole ou commercial","USAGE1":"Agricole","ETAT":"En service","surface":398.2638291558251,"HAUTEUR":6.0}},{"type":"Feature","geometry":{"type":"MultiPolygon","coordinates":[[[[-4.0365,48.1795],[-4.0367,48.1794],[-4.0377,48.1797],[-4.0376,48.1799],[-4.0365,48.1795]]]]},"properties":{"NATURE":"Industriel, agricole ou commercial","USAGE1":"Agricole","ETAT":"En service","surface":1843.6752635017037,"HAUTEUR":6.6}},{"type":"Feature","geometry":{"type":"MultiPolygon","coordinates":[[[[-4.0385,48.1797],[-4.0385,48.1797],[-4.0386,48.1797],[-4.0387,48.1797],[-4.0386,48.1797],[-4.0386,48.1798],[-4.0383,48.1799],[-4.0383,48.1799],[-4.0379,48.1801],[-4.0378,48.1799],[-4.038,48.1799],[-4.0385,48.1797]]]]},"properties":{"NATURE":"Industriel, agricole ou commercial","USAGE1":"Agricole","ETAT":"En service","surface":956.6915992423892,"HAUTEUR":3.7}},{"type":"Feature","geometry":{"type":"MultiPolygon","coordinates":[[[[-4.0386,48.1799],[-4.0387,48.18],[-4.0384,48.1801],[-4.0384,48.18],[-4.0383,48.1799],[-4.0386,48.1799],[-4.0386,48.1799]]]]},"properties":{"NATURE":"Industriel, agricole ou commercial","USAGE1":"Agricole","ETAT":"En service","surface":277.4118455257267,"HAUTEUR":8.3}},{"type":"Feature","geometry":{"type":"MultiPolygon","coordinates":[[[[-4.0319,48.1748],[-4.0317,48.1748],[-4.0317,48.1746],[-4.0317,48.1746],[-4.0317,48.1746],[-4.0318,48.1746],[-4.0318,48.1746],[-4.0318,48.1746],[-4.0319,48.1748]]]]},"properties":{"NATURE":"Industriel, agricole ou commercial","USAGE1":"Agricole","ETAT":"En service","surface":245.49459078186192,"HAUTEUR":2.5}},{"type":"Feature","geometry":{"type":"MultiPolygon","coordinates":[[[[-4.0317,48.1744],[-4.0316,48.1744],[-4.0316,48.1744],[-4.0317,48.1745],[-4.0314,48.1746],[-4.0313,48.1745],[-4.0313,48.1744],[-4.0312,48.1744],[-4.0312,48.1743],[-4.0313,48.1743],[-4.0312,48.1743],[-4.0316,48.1742],[-4.0316,48.1744],[-4.0317,48.1744],[-4.0317,48.1744]]]]},"properties":{"NATURE":"Industriel, agricole ou commercial","USAGE1":"Agricole","ETAT":"En service","surface":943.6531561203301,"HAUTEUR":6.1}},{"type":"Feature","geometry":{"type":"MultiPolygon","coordinates":[[[[-4.0316,48.1746],[-4.0316,48.1749],[-4.0315,48.1749],[-4.0315,48.1746],[-4.0316,48.1746]]]]},"properties":{"NATURE":"Industriel, agricole ou commercial","USAGE1":"Agricole","ETAT":"En service","surface":246.11023472622037,"HAUTEUR":4.7}},{"type":"Feature","geometry":{"type":"MultiPolygon","coordinates":[[[[-4.031,48.1743],[-4.031,48.1743],[-4.031,48.1745],[-4.031,48.1745],[-4.0308,48.1746],[-4.0307,48.1743],[-4.031,48.1743]]]]},"properties":{"NATURE":"Industriel, agricole ou commercial","USAGE1":"Agricole","ETAT":"En service","surface":509.6090195472352,"HAUTEUR":5.7}},{"type":"Feature","geometry":{"type":"MultiPolygon","coordinates":[[[[-4.0353,48.1829],[-4.0354,48.1829],[-4.0354,48.1829],[-4.0355,48.1829],[-4.0356,48.1829],[-4.0355,48.183],[-4.0355,48.183],[-4.0355,48.1831],[-4.0356,48.1831],[-4.0356,48.1832],[-4.0355,48.1832],[-4.0354,48.1831],[-4.0353,48.183],[-4.0353,48.1829]]]]},"properties":{"NATURE":"Industriel, agricole ou commercial","USAGE1":"Agricole","ETAT":"En service","surface":451.66877091675997,"HAUTEUR":5.0}},{"type":"Feature","geometry":{"type":"MultiPolygon","coordinates":[[[[-4.0358,48.1828],[-4.0356,48.1827],[-4.0357,48.1826],[-4.0359,48.1828],[-4.0358,48.1828]]]]},"properties":{"NATURE":"Industriel, agricole ou commercial","USAGE1":"Agricole","ETAT":"En service","surface":211.4218079596758,"HAUTEUR":5.6}},{"type":"Feature","geometry":{"type":"MultiPolygon","coordinates":[[[[-4.0346,48.1828],[-4.035,48.1829],[-4.0348,48.1832],[-4.0345,48.1831],[-4.0345,48.1831],[-4.0344,48.1831],[-4.0346,48.1828]]]]},"properties":{"NATURE":"Industriel, agricole ou commercial","USAGE1":"Agricole","ETAT":"En service","surface":1121.5314655900002,"HAUTEUR":6.9}},{"type":"Feature","geometry":{"type":"MultiPolygon","coordinates":[[[[-4.0352,48.1829],[-4.035,48.1829],[-4.0351,48.1827],[-4.0353,48.1828],[-4.0352,48.1829],[-4.0352,48.1829],[-4.0352,48.1829]]]]},"properties":{"NATURE":"Industriel, agricole ou commercial","USAGE1":"Agricole","ETAT":"En service","surface":268.02619014680386,"HAUTEUR":6.2}},{"type":"Feature","geometry":{"type":"MultiPolygon","coordinates":[[[[-4.0358,48.204],[-4.036,48.204],[-4.0361,48.2041],[-4.0359,48.2042],[-4.0359,48.2041],[-4.0359,48.2041],[-4.0358,48.204]]]]},"properties":{"NATURE":"Industriel, agricole ou commercial","USAGE1":"Agricole","ETAT":"En service","surface":281.4941532826051,"HAUTEUR":5.6}},{"type":"Feature","geometry":{"type":"MultiPolygon","coordinates":[[[[-4.036,48.1993],[-4.0362,48.1994],[-4.0359,48.1995],[-4.0358,48.1993],[-4.036,48.1993]]]]},"properties":{"NATURE":"Industriel, agricole ou commercial","USAGE1":"Agricole","ETAT":"En service","surface":385.9833606630564,"HAUTEUR":5.0}},{"type":"Feature","geometry":{"type":"MultiPolygon","coordinates":[[[[-4.036,48.1996],[-4.036,48.1996],[-4.0363,48.1995],[-4.0363,48.1995],[-4.0364,48.1996],[-4.0365,48.1997],[-4.0365,48.1997],[-4.0366,48.1998],[-4.0363,48.1999],[-4.0363,48.1998],[-4.0363,48.1998],[-4.0361,48.1996],[-4.0361,48.1997],[-4.036,48.1996]]]]},"properties":{"NATURE":"Industriel, agricole ou commercial","USAGE1":"Agricole","ETAT":"En service","surface":901.5852059300523,"HAUTEUR":5.3}},{"type":"Feature","geometry":{"type":"MultiPolygon","coordinates":[[[[-4.0354,48.2029],[-4.0355,48.2029],[-4.0356,48.2031],[-4.0358,48.2035],[-4.0356,48.2036],[-4.0354,48.2029]]]]},"properties":{"NATURE":"Industriel, agricole ou commercial","USAGE1":"Agricole","ETAT":"En service","surface":836.4699488207698,"HAUTEUR":3.8}},{"type":"Feature","geometry":{"type":"MultiPolygon","coordinates":[[[[-4.0358,48.2032],[-4.0359,48.2033],[-4.0357,48.2033],[-4.0357,48.2031],[-4.0358,48.203],[-4.0358,48.2032]]]]},"properties":{"NATURE":"Industriel, agricole ou commercial","USAGE1":"Agricole","ETAT":"En service","surface":221.30753414705396,"HAUTEUR":4.0}},{"type":"Feature","geometry":{"type":"MultiPolygon","coordinates":[[[[-4.0361,48.2035],[-4.036,48.2034],[-4.0363,48.2033],[-4.0364,48.2034],[-4.0361,48.2035]]]]},"properties":{"NATURE":"Industriel, agricole ou commercial","USAGE1":"Indiff\u00e9renci\u00e9","ETAT":"En ruine","surface":465.5935889258981,"HAUTEUR":3.2}},{"type":"Feature","geometry":{"type":"MultiPolygon","coordinates":[[[[-4.0364,48.2038],[-4.0365,48.2039],[-4.0366,48.2039],[-4.0365,48.2038],[-4.0365,48.2037],[-4.0366,48.2036],[-4.0368,48.204],[-4.0368,48.204],[-4.0367,48.204],[-4.0366,48.2041],[-4.0366,48.204],[-4.0365,48.204],[-4.0365,48.204],[-4.0364,48.204],[-4.0365,48.2041],[-4.0363,48.2041],[-4.0363,48.204],[-4.0363,48.204],[-4.0363,48.204],[-4.0362,48.2038],[-4.0363,48.2038],[-4.0364,48.2038]]]]},"properties":{"NATURE":"Industriel, agricole ou commercial","USAGE1":"Agricole","ETAT":"En service","surface":1058.4574340721592,"HAUTEUR":4.9}},{"type":"Feature","geometry":{"type":"MultiPolygon","coordinates":[[[[-4.0362,48.2037],[-4.0362,48.2036],[-4.0366,48.2035],[-4.0366,48.2036],[-4.0365,48.2037],[-4.0363,48.2037],[-4.0362,48.2037]]]]},"properties":{"NATURE":"Industriel, agricole ou commercial","USAGE1":"Agricole","ETAT":"En service","surface":373.8992331661284,"HAUTEUR":5.4}},{"type":"Feature","geometry":{"type":"MultiPolygon","coordinates":[[[[-4.0332,48.1928],[-4.0333,48.1928],[-4.0332,48.1929],[-4.0332,48.1929],[-4.0332,48.1929],[-4.0331,48.1929],[-4.033,48.1927],[-4.033,48.1927],[-4.033,48.1926],[-4.0328,48.1927],[-4.0327,48.1925],[-4.0328,48.1925],[-4.0329,48.1926],[-4.0329,48.1925],[-4.033,48.1925],[-4.033,48.1925],[-4.033,48.1926],[-4.0331,48.1928],[-4.0332,48.1928]]]]},"properties":{"NATURE":"Industriel, agricole ou commercial","USAGE1":"Agricole","ETAT":"En service","surface":498.818262421526,"HAUTEUR":7.4}},{"type":"Feature","geometry":{"type":"MultiPolygon","coordinates":[[[[-4.0322,48.193],[-4.0325,48.1929],[-4.0326,48.1931],[-4.0323,48.1932],[-4.0322,48.193]]]]},"properties":{"NATURE":"Industriel, agricole ou commercial","USAGE1":"Agricole","ETAT":"En service","surface":410.4963305592537,"HAUTEUR":10.2}},{"type":"Feature","geometry":{"type":"MultiPolygon","coordinates":[[[[-4.0313,48.1932],[-4.031,48.1933],[-4.031,48.1931],[-4.0313,48.1931],[-4.0313,48.1931],[-4.0313,48.1931],[-4.0313,48.1932]]]]},"properties":{"NATURE":"Industriel, agricole ou commercial","USAGE1":"Agricole","ETAT":"En service","surface":437.5994421271607,"HAUTEUR":4.7}},{"type":"Feature","geometry":{"type":"MultiPolygon","coordinates":[[[[-4.0333,48.1932],[-4.0333,48.1933],[-4.0333,48.1934],[-4.0331,48.1934],[-4.033,48.1932],[-4.0333,48.1932]]]]},"properties":{"NATURE":"Industriel, agricole ou commercial","USAGE1":"Agricole","ETAT":"En service","surface":465.087923550047,"HAUTEUR":7.5}},{"type":"Feature","geometry":{"type":"MultiPolygon","coordinates":[[[[-4.0317,48.1932],[-4.0317,48.1932],[-4.0317,48.1931],[-4.0318,48.1931],[-4.0318,48.1931],[-4.032,48.193],[-4.0321,48.1932],[-4.0318,48.1933],[-4.0317,48.1932]]]]},"properties":{"NATURE":"Industriel, agricole ou commercial","USAGE1":"Agricole","ETAT":"En service","surface":510.2449054364115,"HAUTEUR":5.8}},{"type":"Feature","geometry":{"type":"MultiPolygon","coordinates":[[[[-4.0328,48.1931],[-4.0328,48.1932],[-4.0324,48.1933],[-4.0324,48.1933],[-4.0323,48.1934],[-4.0323,48.1932],[-4.0328,48.1931],[-4.0328,48.1931]]]]},"properties":{"NATURE":"Industriel, agricole ou commercial","USAGE1":"Agricole","ETAT":"En service","surface":400.08043687976897,"HAUTEUR":8.1}},{"type":"Feature","geometry":{"type":"MultiPolygon","coordinates":[[[[-4.0328,48.1932],[-4.0328,48.1932],[-4.0328,48.1932],[-4.0325,48.1933],[-4.0324,48.1933],[-4.0324,48.1933],[-4.0328,48.1932],[-4.0328,48.1932],[-4.0328,48.1932]]]]},"properties":{"NATURE":"Industriel, agricole ou commercial","USAGE1":"Agricole","ETAT":"En service","surface":273.4689798168838,"HAUTEUR":6.1}},{"type":"Feature","geometry":{"type":"MultiPolygon","coordinates":[[[[-4.033,48.1931],[-4.0328,48.1931],[-4.0328,48.1931],[-4.0327,48.193],[-4.0328,48.193],[-4.0328,48.193],[-4.0329,48.193],[-4.033,48.1931],[-4.033,48.1931]]]]},"properties":{"NATURE":"Industriel, agricole ou commercial","USAGE1":"Agricole","ETAT":"En service","surface":245.42489959299564,"HAUTEUR":8.6}},{"type":"Feature","geometry":{"type":"MultiPolygon","coordinates":[[[[-4.0353,48.2037],[-4.0354,48.2036],[-4.0356,48.2039],[-4.0354,48.2039],[-4.0353,48.2037]]]]},"properties":{"NATURE":"Industriel, agricole ou commercial","USAGE1":"Agricole","ETAT":"En service","surface":305.59400080144405,"HAUTEUR":3.3}},{"type":"Feature","geometry":{"type":"MultiPolygon","coordinates":[[[[-4.0354,48.2032],[-4.0351,48.2033],[-4.035,48.203],[-4.0353,48.203],[-4.0353,48.203],[-4.0354,48.2032],[-4.0354,48.2032]]]]},"properties":{"NATURE":"Industriel, agricole ou commercial","USAGE1":"Agricole","ETAT":"En service","surface":647.0352694690228,"HAUTEUR":6.1}},{"type":"Feature","geometry":{"type":"MultiPolygon","coordinates":[[[[-4.0349,48.2034],[-4.0351,48.2034],[-4.0352,48.2036],[-4.035,48.2036],[-4.0349,48.2034]]]]},"properties":{"NATURE":"Industriel, agricole ou commercial","USAGE1":"Agricole","ETAT":"En service","surface":420.41210213303566,"HAUTEUR":5.5}},{"type":"Feature","geometry":{"type":"MultiPolygon","coordinates":[[[[-4.0352,48.2112],[-4.0352,48.2113],[-4.0351,48.2114],[-4.0349,48.2113],[-4.0349,48.2112],[-4.0352,48.2112]]]]},"properties":{"NATURE":"Industriel, agricole ou commercial","USAGE1":"Agricole","ETAT":"En service","surface":311.06718080863357,"HAUTEUR":5.7}},{"type":"Feature","geometry":{"type":"MultiPolygon","coordinates":[[[[-4.0355,48.2111],[-4.0355,48.2108],[-4.0355,48.2108],[-4.0356,48.2108],[-4.0359,48.2108],[-4.0359,48.211],[-4.0359,48.2111],[-4.0358,48.2111],[-4.0356,48.2111],[-4.0355,48.2111]]]]},"properties":{"NATURE":"Industriel, agricole ou commercial","USAGE1":"Agricole","ETAT":"En service","surface":973.8183205889654,"HAUTEUR":6.7}},{"type":"Feature","geometry":{"type":"MultiPolygon","coordinates":[[[[-4.0351,48.212],[-4.0353,48.2114],[-4.0353,48.2113],[-4.0355,48.2114],[-4.0355,48.2114],[-4.0351,48.2123],[-4.0351,48.2123],[-4.0349,48.2123],[-4.0349,48.2122],[-4.0349,48.2122],[-4.035,48.212],[-4.0351,48.212]]]]},"properties":{"NATURE":"Industriel, agricole ou commercial","USAGE1":"Agricole","ETAT":"En service","surface":1516.9209938496351,"HAUTEUR":7.0}},{"type":"Feature","geometry":{"type":"MultiPolygon","coordinates":[[[[-4.0257,48.2119],[-4.0257,48.2119],[-4.0257,48.2119],[-4.0258,48.2119],[-4.0258,48.2119],[-4.0258,48.2119],[-4.0267,48.2122],[-4.0267,48.2123],[-4.0257,48.212],[-4.0257,48.2119],[-4.0257,48.2119]]]]},"properties":{"NATURE":"Industriel, agricole ou commercial","USAGE1":"Agricole","ETAT":"En service","surface":1287.7019983422942,"HAUTEUR":5.2}},{"type":"Feature","geometry":{"type":"MultiPolygon","coordinates":[[[[-4.0268,48.2115],[-4.0269,48.2115],[-4.027,48.2116],[-4.0271,48.2116],[-4.0269,48.2117],[-4.0268,48.2116],[-4.0267,48.2116],[-4.0269,48.2115],[-4.0268,48.2115]]]]},"properties":{"NATURE":"Industriel, agricole ou commercial","USAGE1":"Agricole","ETAT":"En service","surface":425.78401593491435,"HAUTEUR":6.6}},{"type":"Feature","geometry":{"type":"MultiPolygon","coordinates":[[[[-4.0267,48.2113],[-4.0267,48.2113],[-4.0267,48.2114],[-4.0268,48.2115],[-4.0269,48.2115],[-4.0267,48.2116],[-4.0268,48.2116],[-4.0267,48.2116],[-4.0266,48.2116],[-4.0266,48.2116],[-4.0266,48.2116],[-4.0265,48.2116],[-4.0266,48.2115],[-4.0264,48.2114],[-4.0264,48.2114],[-4.0267,48.2113],[-4.0267,48.2113]]]]},"properties":{"NATURE":"Industriel, agricole ou commercial","USAGE1":"Agricole","ETAT":"En service","surface":692.3959266729653,"HAUTEUR":6.7}},{"type":"Feature","geometry":{"type":"MultiPolygon","coordinates":[[[[-4.0256,48.2117],[-4.0255,48.2118],[-4.025,48.2117],[-4.0251,48.2115],[-4.0252,48.2116],[-4.0256,48.2117]]]]},"properties":{"NATURE":"Industriel, agricole ou commercial","USAGE1":"Agricole","ETAT":"En service","surface":581.3125067651272,"HAUTEUR":3.9}},{"type":"Feature","geometry":{"type":"MultiPolygon","coordinates":[[[[-4.0294,48.212],[-4.0298,48.2121],[-4.0298,48.2122],[-4.0286,48.212],[-4.0286,48.212],[-4.0287,48.2119],[-4.0287,48.2118],[-4.0288,48.2119],[-4.0291,48.2119],[-4.0293,48.212],[-4.0293,48.212],[-4.0294,48.212]]]]},"properties":{"NATURE":"Industriel, agricole ou commercial","USAGE1":"Agricole","ETAT":"En service","surface":1758.722155643627,"HAUTEUR":6.8}},{"type":"Feature","geometry":{"type":"MultiPolygon","coordinates":[[[[-4.0276,48.2117],[-4.0274,48.2117],[-4.0275,48.2115],[-4.028,48.2116],[-4.028,48.2116],[-4.0285,48.2117],[-4.0285,48.2119],[-4.0284,48.2119],[-4.0284,48.2119],[-4.0279,48.2118],[-4.0279,48.2118],[-4.0276,48.2117]]]]},"properties":{"NATURE":"Industriel, agricole ou commercial","USAGE1":"Agricole","ETAT":"En service","surface":1612.5335436630994,"HAUTEUR":5.7}},{"type":"Feature","geometry":{"type":"MultiPolygon","coordinates":[[[[-4.0275,48.2113],[-4.0287,48.2115],[-4.0286,48.2116],[-4.028,48.2115],[-4.028,48.2116],[-4.0279,48.2116],[-4.0279,48.2115],[-4.0274,48.2114],[-4.0275,48.2113]]]]},"properties":{"NATURE":"Industriel, agricole ou commercial","USAGE1":"Agricole","ETAT":"En service","surface":1826.612005410716,"HAUTEUR":5.7}},{"type":"Feature","geometry":{"type":"MultiPolygon","coordinates":[[[[-4.0282,48.2124],[-4.0271,48.2122],[-4.0271,48.2122],[-4.027,48.2122],[-4.027,48.2122],[-4.027,48.2122],[-4.027,48.2122],[-4.0267,48.2121],[-4.0268,48.2121],[-4.0261,48.2119],[-4.0258,48.2118],[-4.0258,48.2118],[-4.0258,48.2117],[-4.0258,48.2117],[-4.0264,48.2119],[-4.0266,48.2119],[-4.0266,48.2119],[-4.0268,48.212],[-4.0268,48.2121],[-4.027,48.2121],[-4.027,48.2121],[-4.0269,48.2121],[-4.027,48.212],[-4.027,48.212],[-4.027,48.2119],[-4.0271,48.212],[-4.0272,48.2118],[-4.0273,48.2119],[-4.0274,48.2118],[-4.0275,48.2118],[-4.0274,48.2119],[-4.0276,48.2119],[-4.0278,48.212],[-4.0279,48.212],[-4.028,48.212],[-4.028,48.212],[-4.0281,48.212],[-4.0281,48.212],[-4.0283,48.212],[-4.0282,48.2124]]]]},"properties":{"NATURE":"Industriel, agricole ou commercial","USAGE1":"Agricole","ETAT":"En service","surface":4810.01097707171,"HAUTEUR":8.6}},{"type":"Feature","geometry":{"type":"MultiPolygon","coordinates":[[[[-4.026,48.2116],[-4.0262,48.2115],[-4.0266,48.2116],[-4.0266,48.2116],[-4.0269,48.2118],[-4.0268,48.2119],[-4.0268,48.2119],[-4.0264,48.2117],[-4.0266,48.2118],[-4.0265,48.2119],[-4.0265,48.2119],[-4.0263,48.2118],[-4.0262,48.2118],[-4.0261,48.2117],[-4.026,48.2117],[-4.0259,48.2117],[-4.0259,48.2116],[-4.0259,48.2116],[-4.026,48.2116],[-4.026,48.2116]]]]},"properties":{"NATURE":"Industriel, agricole ou commercial","USAGE1":"Agricole","ETAT":"En service","surface":1573.6138795241714,"HAUTEUR":5.7}},{"type":"Feature","geometry":{"type":"MultiPolygon","coordinates":[[[[-4.0347,48.2123],[-4.0346,48.2122],[-4.035,48.2114],[-4.0351,48.2115],[-4.0349,48.212],[-4.0347,48.2123]]]]},"properties":{"NATURE":"Industriel, agricole ou commercial","USAGE1":"Agricole","ETAT":"En service","surface":1074.9053899943829,"HAUTEUR":4.3}},{"type":"Feature","geometry":{"type":"MultiPolygon","coordinates":[[[[-4.0342,48.213],[-4.0341,48.2129],[-4.034,48.2129],[-4.0343,48.2126],[-4.0345,48.2123],[-4.0346,48.2122],[-4.0347,48.2123],[-4.0347,48.2123],[-4.0348,48.2123],[-4.0347,48.2123],[-4.0347,48.2123],[-4.0345,48.2126],[-4.0342,48.2129],[-4.0342,48.213]]]]},"properties":{"NATURE":"Industriel, agricole ou commercial","USAGE1":"Agricole","ETAT":"En service","surface":1220.0774725656956,"HAUTEUR":4.3}},{"type":"Feature","geometry":{"type":"MultiPolygon","coordinates":[[[[-4.0266,48.2124],[-4.0265,48.2126],[-4.0254,48.2122],[-4.0255,48.2122],[-4.0255,48.2122],[-4.0256,48.2121],[-4.0266,48.2124]]]]},"properties":{"NATURE":"Industriel, agricole ou commercial","USAGE1":"Agricole","ETAT":"En service","surface":1302.3415688984096,"HAUTEUR":4.3}},{"type":"Feature","geometry":{"type":"MultiPolygon","coordinates":[[[[-3.6868,48.2233],[-3.687,48.2238],[-3.687,48.2239],[-3.687,48.2239],[-3.6869,48.2239],[-3.6868,48.2239],[-3.6868,48.2239],[-3.6867,48.2237],[-3.6866,48.2237],[-3.6865,48.2234],[-3.6868,48.2233]]]]},"properties":{"NATURE":"Industriel, agricole ou commercial","USAGE1":"Agricole","ETAT":"En service","surface":1307.00583576411,"HAUTEUR":4.4}},{"type":"Feature","geometry":{"type":"MultiPolygon","coordinates":[[[[-3.6938,48.235],[-3.6939,48.2352],[-3.6937,48.2352],[-3.6935,48.2349],[-3.6936,48.2348],[-3.6937,48.235],[-3.6938,48.2349],[-3.6938,48.235],[-3.6938,48.235]]]]},"properties":{"NATURE":"Industriel, agricole ou commercial","USAGE1":"Agricole","ETAT":"En service","surface":527.629874613136,"HAUTEUR":4.1}},{"type":"Feature","geometry":{"type":"MultiPolygon","coordinates":[[[[-3.6924,48.2352],[-3.6928,48.235],[-3.6929,48.2351],[-3.6918,48.2355],[-3.6917,48.2354],[-3.6922,48.2352],[-3.6924,48.2352]]]]},"properties":{"NATURE":"Industriel, agricole ou commercial","USAGE1":"Agricole","ETAT":"En service","surface":1200.4039776474237,"HAUTEUR":6.1}},{"type":"Feature","geometry":{"type":"MultiPolygon","coordinates":[[[[-3.7013,48.2346],[-3.701,48.2346],[-3.7009,48.2345],[-3.7013,48.2345],[-3.7013,48.2346]]]]},"properties":{"NATURE":"Industriel, agricole ou commercial","USAGE1":"Agricole","ETAT":"En service","surface":363.4517231397331,"HAUTEUR":3.5}},{"type":"Feature","geometry":{"type":"MultiPolygon","coordinates":[[[[-3.6857,48.224],[-3.6857,48.2239],[-3.6859,48.2238],[-3.686,48.224],[-3.6858,48.224],[-3.6858,48.224],[-3.6857,48.224]]]]},"properties":{"NATURE":"Industriel, agricole ou commercial","USAGE1":"Agricole","ETAT":"En service","surface":361.2886042557657,"HAUTEUR":5.9}},{"type":"Feature","geometry":{"type":"MultiPolygon","coordinates":[[[[-3.6859,48.2255],[-3.6859,48.2255],[-3.6854,48.2257],[-3.6854,48.2257],[-3.6854,48.2256],[-3.6854,48.2256],[-3.6853,48.2256],[-3.6853,48.2256],[-3.6853,48.2256],[-3.6852,48.2254],[-3.6856,48.2253],[-3.6856,48.2252],[-3.6856,48.2253],[-3.6857,48.2254],[-3.6858,48.2254],[-3.6858,48.2253],[-3.6859,48.2255]]]]},"properties":{"NATURE":"Industriel, agricole ou commercial","USAGE1":"Agricole","ETAT":"En service","surface":1457.8248543376103,"HAUTEUR":4.6}},{"type":"Feature","geometry":{"type":"MultiPolygon","coordinates":[[[[-3.6864,48.226],[-3.6864,48.226],[-3.6864,48.226],[-3.6862,48.2261],[-3.686,48.2258],[-3.6861,48.2258],[-3.6862,48.2258],[-3.6862,48.2257],[-3.6864,48.226]]]]},"properties":{"NATURE":"Industriel, agricole ou commercial","USAGE1":"Agricole","ETAT":"En service","surface":703.3714311998338,"HAUTEUR":5.3}},{"type":"Feature","geometry":{"type":"MultiPolygon","coordinates":[[[[-3.6747,48.235],[-3.6749,48.2349],[-3.6755,48.2353],[-3.6754,48.2353],[-3.6755,48.2354],[-3.6754,48.2354],[-3.6754,48.2354],[-3.6753,48.2354],[-3.6747,48.235]]]]},"properties":{"NATURE":"Industriel, agricole ou commercial","USAGE1":"Agricole","ETAT":"En service","surface":1016.6862147636712,"HAUTEUR":3.8}},{"type":"Feature","geometry":{"type":"MultiPolygon","coordinates":[[[[-3.6743,48.2351],[-3.6744,48.235],[-3.6752,48.2355],[-3.6751,48.2356],[-3.6743,48.2351]]]]},"properties":{"NATURE":"Industriel, agricole ou commercial","USAGE1":"Agricole","ETAT":"En service","surface":1264.3473315835,"HAUTEUR":4.8}},{"type":"Feature","geometry":{"type":"MultiPolygon","coordinates":[[[[-3.6803,48.2351],[-3.6801,48.2354],[-3.68,48.2353],[-3.6802,48.235],[-3.6803,48.2351]]]]},"properties":{"NATURE":"Industriel, agricole ou commercial","USAGE1":"Indiff\u00e9renci\u00e9","ETAT":"En service","surface":336.9100696966052,"HAUTEUR":4.5}},{"type":"Feature","geometry":{"type":"MultiPolygon","coordinates":[[[[-3.6799,48.235],[-3.6801,48.235],[-3.6799,48.2353],[-3.6798,48.2353],[-3.6797,48.2354],[-3.6796,48.2354],[-3.6799,48.235]]]]},"properties":{"NATURE":"Industriel, agricole ou commercial","USAGE1":"Indiff\u00e9renci\u00e9","ETAT":"En service","surface":599.1859261579812,"HAUTEUR":3.6}},{"type":"Feature","geometry":{"type":"MultiPolygon","coordinates":[[[[-3.6808,48.2341],[-3.6807,48.2343],[-3.6806,48.2343],[-3.6806,48.2342],[-3.6806,48.2342],[-3.6806,48.2341],[-3.6806,48.2341],[-3.6807,48.2341],[-3.6808,48.2341]]]]},"properties":{"NATURE":"Industriel, agricole ou commercial","USAGE1":"Indiff\u00e9renci\u00e9","ETAT":"En service","surface":276.610386881046,"HAUTEUR":5.7}},{"type":"Feature","geometry":{"type":"MultiPolygon","coordinates":[[[[-3.6811,48.234],[-3.6812,48.234],[-3.6812,48.234],[-3.6813,48.234],[-3.6813,48.234],[-3.6813,48.234],[-3.6813,48.234],[-3.6814,48.234],[-3.6814,48.2341],[-3.6811,48.2342],[-3.6811,48.234]]]]},"properties":{"NATURE":"Industriel, agricole ou commercial","USAGE1":"Indiff\u00e9renci\u00e9","ETAT":"En service","surface":288.3471210261341,"HAUTEUR":4.5}},{"type":"Feature","geometry":{"type":"MultiPolygon","coordinates":[[[[-3.6789,48.2351],[-3.6788,48.2351],[-3.6788,48.2351],[-3.6788,48.2351],[-3.679,48.2348],[-3.6791,48.2349],[-3.6789,48.2351]]]]},"properties":{"NATURE":"Industriel, agricole ou commercial","USAGE1":"Indiff\u00e9renci\u00e9","ETAT":"En service","surface":207.19111690297723,"HAUTEUR":3.3}},{"type":"Feature","geometry":{"type":"MultiPolygon","coordinates":[[[[-3.688,48.2349],[-3.6881,48.2349],[-3.688,48.2349],[-3.688,48.2349],[-3.688,48.2349],[-3.688,48.2349],[-3.6879,48.2349],[-3.688,48.2349],[-3.6879,48.2348],[-3.6881,48.2347],[-3.6882,48.2348],[-3.688,48.2349]]]]},"properties":{"NATURE":"Industriel, agricole ou commercial","USAGE1":"Agricole","ETAT":"En service","surface":214.74365456216037,"HAUTEUR":3.5}},{"type":"Feature","geometry":{"type":"MultiPolygon","coordinates":[[[[-3.6828,48.2354],[-3.683,48.2353],[-3.6831,48.2354],[-3.6829,48.2355],[-3.6828,48.2354]]]]},"properties":{"NATURE":"Industriel, agricole ou commercial","USAGE1":"Commercial et services","ETAT":"En service","surface":243.37196323275566,"HAUTEUR":4.2}},{"type":"Feature","geometry":{"type":"MultiPolygon","coordinates":[[[[-3.6671,48.2369],[-3.6672,48.237],[-3.667,48.2371],[-3.6669,48.237],[-3.6671,48.2369]]]]},"properties":{"NATURE":"Industriel, agricole ou commercial","USAGE1":"Indiff\u00e9renci\u00e9","ETAT":"En service","surface":262.2803479284048,"HAUTEUR":3.3}},{"type":"Feature","geometry":{"type":"MultiPolygon","coordinates":[[[[-3.6929,48.2405],[-3.6929,48.2405],[-3.6923,48.2407],[-3.6922,48.2406],[-3.6928,48.2404],[-3.6928,48.2405],[-3.6929,48.2405]]]]},"properties":{"NATURE":"Industriel, agricole ou commercial","USAGE1":"Agricole","ETAT":"En service","surface":667.8153938446194,"HAUTEUR":3.7}},{"type":"Feature","geometry":{"type":"MultiPolygon","coordinates":[[[[-3.6928,48.2408],[-3.6928,48.2407],[-3.6928,48.2406],[-3.6928,48.2406],[-3.693,48.2406],[-3.6931,48.2407],[-3.6931,48.2407],[-3.6931,48.2407],[-3.6931,48.2407],[-3.6931,48.2407],[-3.6931,48.2407],[-3.6931,48.2408],[-3.6931,48.2408],[-3.693,48.2408],[-3.693,48.2407],[-3.6928,48.2408]]]]},"properties":{"NATURE":"Industriel, agricole ou commercial","USAGE1":"Agricole","ETAT":"En service","surface":256.7288282122463,"HAUTEUR":4.6}},{"type":"Feature","geometry":{"type":"MultiPolygon","coordinates":[[[[-3.6915,48.2421],[-3.6916,48.2422],[-3.6904,48.2423],[-3.6904,48.2421],[-3.6904,48.2421],[-3.6905,48.2421],[-3.6915,48.2421]]]]},"properties":{"NATURE":"Industriel, agricole ou commercial","USAGE1":"Agricole","ETAT":"En service","surface":1340.923732671421,"HAUTEUR":4.0}},{"type":"Feature","geometry":{"type":"MultiPolygon","coordinates":[[[[-3.6944,48.2394],[-3.6947,48.2399],[-3.6946,48.2399],[-3.6946,48.2399],[-3.6946,48.2399],[-3.6943,48.2394],[-3.6944,48.2394]]]]},"properties":{"NATURE":"Industriel, agricole ou commercial","USAGE1":"Agricole","ETAT":"En service","surface":423.128809671849,"HAUTEUR":4.3}},{"type":"Feature","geometry":{"type":"MultiPolygon","coordinates":[[[[-3.6808,48.2416],[-3.6806,48.2416],[-3.6805,48.2415],[-3.6808,48.2415],[-3.6808,48.2416]]]]},"properties":{"NATURE":"Industriel, agricole ou commercial","USAGE1":"Agricole","ETAT":"En service","surface":346.4372249878943,"HAUTEUR":7.3}},{"type":"Feature","geometry":{"type":"MultiPolygon","coordinates":[[[[-3.6812,48.2422],[-3.681,48.2421],[-3.681,48.2421],[-3.681,48.2421],[-3.681,48.242],[-3.6813,48.242],[-3.6813,48.2421],[-3.6813,48.2421],[-3.6813,48.2421],[-3.6813,48.2422],[-3.6812,48.2422]]]]},"properties":{"NATURE":"Industriel, agricole ou commercial","USAGE1":"Indiff\u00e9renci\u00e9","ETAT":"En service","surface":313.3443451144849,"HAUTEUR":5.1}},{"type":"Feature","geometry":{"type":"MultiPolygon","coordinates":[[[[-3.6818,48.2416],[-3.6818,48.2417],[-3.6815,48.2417],[-3.6814,48.2416],[-3.6818,48.2416]]]]},"properties":{"NATURE":"Industriel, agricole ou commercial","USAGE1":"Agricole","ETAT":"En service","surface":335.11598730646074,"HAUTEUR":4.3}},{"type":"Feature","geometry":{"type":"MultiPolygon","coordinates":[[[[-3.6814,48.2414],[-3.6815,48.2414],[-3.6816,48.2414],[-3.6817,48.2414],[-3.6818,48.2416],[-3.6814,48.2416],[-3.6814,48.2414],[-3.6814,48.2414]]]]},"properties":{"NATURE":"Industriel, agricole ou commercial","USAGE1":"Agricole","ETAT":"En service","surface":631.2185604944825,"HAUTEUR":6.9}},{"type":"Feature","geometry":{"type":"MultiPolygon","coordinates":[[[[-3.6785,48.2428],[-3.6788,48.2427],[-3.6788,48.2427],[-3.679,48.2427],[-3.679,48.2426],[-3.6791,48.2426],[-3.6791,48.2427],[-3.6792,48.2427],[-3.6792,48.2427],[-3.6793,48.2427],[-3.6793,48.2429],[-3.6785,48.2429],[-3.6785,48.2428]]]]},"properties":{"NATURE":"Industriel, agricole ou commercial","USAGE1":"Agricole","ETAT":"En service","surface":1377.2687379282434,"HAUTEUR":5.3}},{"type":"Feature","geometry":{"type":"MultiPolygon","coordinates":[[[[-3.6826,48.2391],[-3.6828,48.2391],[-3.6834,48.2398],[-3.6833,48.2398],[-3.6833,48.2398],[-3.6833,48.2399],[-3.6826,48.2391]]]]},"properties":{"NATURE":"Industriel, agricole ou commercial","USAGE1":"Agricole","ETAT":"En service","surface":1279.7620489466935,"HAUTEUR":3.0}},{"type":"Feature","geometry":{"type":"MultiPolygon","coordinates":[[[[-3.6841,48.2412],[-3.684,48.2411],[-3.684,48.2411],[-3.6841,48.241],[-3.6843,48.241],[-3.6843,48.2411],[-3.6844,48.2412],[-3.6841,48.2412],[-3.6841,48.2412]]]]},"properties":{"NATURE":"Industriel, agricole ou commercial","USAGE1":"Agricole","ETAT":"En service","surface":443.3982109185308,"HAUTEUR":5.4}},{"type":"Feature","geometry":{"type":"MultiPolygon","coordinates":[[[[-3.6841,48.2412],[-3.684,48.2412],[-3.684,48.2413],[-3.6839,48.2413],[-3.6838,48.2412],[-3.684,48.2411],[-3.6841,48.2412]]]]},"properties":{"NATURE":"Industriel, agricole ou commercial","USAGE1":"Agricole","ETAT":"En service","surface":306.3176887407899,"HAUTEUR":5.3}},{"type":"Feature","geometry":{"type":"MultiPolygon","coordinates":[[[[-3.6799,48.2425],[-3.68,48.2429],[-3.6798,48.2429],[-3.6797,48.2425],[-3.6799,48.2425]]]]},"properties":{"NATURE":"Industriel, agricole ou commercial","USAGE1":"Agricole","ETAT":"En service","surface":651.1323840394616,"HAUTEUR":6.1}},{"type":"Feature","geometry":{"type":"MultiPolygon","coordinates":[[[[-3.6684,48.2418],[-3.6686,48.2418],[-3.6686,48.2419],[-3.6685,48.2419],[-3.6685,48.242],[-3.6684,48.242],[-3.6684,48.2418]]]]},"properties":{"NATURE":"Industriel, agricole ou commercial","USAGE1":"Annexe","ETAT":"En service","surface":302.3785907579586,"HAUTEUR":3.4}},{"type":"Feature","geometry":{"type":"MultiPolygon","coordinates":[[[[-3.6711,48.2402],[-3.6713,48.2401],[-3.6714,48.24],[-3.6717,48.2403],[-3.6718,48.2403],[-3.6719,48.2404],[-3.6717,48.2405],[-3.6714,48.2403],[-3.6713,48.2403],[-3.6711,48.2402]]]]},"properties":{"NATURE":"Industriel, agricole ou commercial","USAGE1":"Commercial et services","ETAT":"En service","surface":1068.22168234922,"HAUTEUR":3.3}},{"type":"Feature","geometry":{"type":"MultiPolygon","coordinates":[[[[-3.6691,48.2413],[-3.6693,48.2415],[-3.6688,48.2416],[-3.6687,48.2414],[-3.6691,48.2413]]]]},"properties":{"NATURE":"Industriel, agricole ou commercial","USAGE1":"Annexe","ETAT":"En service","surface":813.8339707478881,"HAUTEUR":3.1}},{"type":"Feature","geometry":{"type":"MultiPolygon","coordinates":[[[[-3.6749,48.2399],[-3.6746,48.2397],[-3.6747,48.2397],[-3.6747,48.2397],[-3.6749,48.2395],[-3.6752,48.2397],[-3.6749,48.2399]]]]},"properties":{"NATURE":"Industriel, agricole ou commercial","USAGE1":"Indiff\u00e9renci\u00e9","ETAT":"En service","surface":717.4100860282779,"HAUTEUR":5.6}},{"type":"Feature","geometry":{"type":"MultiPolygon","coordinates":[[[[-3.6712,48.241],[-3.6714,48.2408],[-3.6713,48.2408],[-3.6711,48.2406],[-3.6711,48.2405],[-3.6711,48.2405],[-3.6711,48.2405],[-3.6712,48.2405],[-3.6712,48.2405],[-3.6714,48.2404],[-3.6716,48.2406],[-3.6718,48.2406],[-3.6715,48.2408],[-3.6716,48.2409],[-3.6715,48.2409],[-3.6713,48.2411],[-3.6712,48.241]]]]},"properties":{"NATURE":"Industriel, agricole ou commercial","USAGE1":"Commercial et services","ETAT":"En service","surface":1692.5435052346438,"HAUTEUR":8.0}},{"type":"Feature","geometry":{"type":"MultiPolygon","coordinates":[[[[-3.6701,48.2454],[-3.6701,48.2452],[-3.6703,48.2452],[-3.6703,48.2454],[-3.6701,48.2454]]]]},"properties":{"NATURE":"Industriel, agricole ou commercial","USAGE1":"Agricole","ETAT":"En service","surface":288.31365477479994,"HAUTEUR":3.0}},{"type":"Feature","geometry":{"type":"MultiPolygon","coordinates":[[[[-3.6704,48.2455],[-3.6704,48.2456],[-3.6695,48.2456],[-3.6695,48.2455],[-3.6704,48.2455]]]]},"properties":{"NATURE":"Industriel, agricole ou commercial","USAGE1":"Agricole","ETAT":"En service","surface":1066.529001521878,"HAUTEUR":5.3}},{"type":"Feature","geometry":{"type":"MultiPolygon","coordinates":[[[[-3.652,48.2474],[-3.652,48.2474],[-3.6519,48.2473],[-3.6521,48.2472],[-3.6521,48.2473],[-3.6522,48.2474],[-3.652,48.2474]]]]},"properties":{"NATURE":"Industriel, agricole ou commercial","USAGE1":"Annexe","ETAT":"En service","surface":228.8046145895496,"HAUTEUR":4.7}},{"type":"Feature","geometry":{"type":"MultiPolygon","coordinates":[[[[-3.6592,48.2447],[-3.6593,48.2447],[-3.6593,48.2447],[-3.6595,48.2448],[-3.6594,48.2449],[-3.6592,48.2447]]]]},"properties":{"NATURE":"Industriel, agricole ou commercial","USAGE1":"Indiff\u00e9renci\u00e9","ETAT":"En service","surface":202.48935514688492,"HAUTEUR":4.5}},{"type":"Feature","geometry":{"type":"MultiPolygon","coordinates":[[[[-3.6617,48.2423],[-3.6618,48.2422],[-3.6618,48.2421],[-3.6619,48.2421],[-3.6619,48.2421],[-3.6619,48.2421],[-3.662,48.2423],[-3.6619,48.2423],[-3.6619,48.2423],[-3.6619,48.2423],[-3.6618,48.2423],[-3.6617,48.2423]]]]},"properties":{"NATURE":"Industriel, agricole ou commercial","USAGE1":"Commercial et services","ETAT":"En service","surface":302.64375285292044,"HAUTEUR":4.6}},{"type":"Feature","geometry":{"type":"MultiPolygon","coordinates":[[[[-3.6569,48.2399],[-3.6568,48.2392],[-3.657,48.2392],[-3.6571,48.2399],[-3.6569,48.2399]]]]},"properties":{"NATURE":"Industriel, agricole ou commercial","USAGE1":"Agricole","ETAT":"En service","surface":1254.7170471847057,"HAUTEUR":3.5}},{"type":"Feature","geometry":{"type":"MultiPolygon","coordinates":[[[[-3.6564,48.2401],[-3.6564,48.2394],[-3.6566,48.2394],[-3.6566,48.2401],[-3.6564,48.2401]]]]},"properties":{"NATURE":"Industriel, agricole ou commercial","USAGE1":"Agricole","ETAT":"En service","surface":1236.1634265109897,"HAUTEUR":2.0}},{"type":"Feature","geometry":{"type":"MultiPolygon","coordinates":[[[[-3.6385,48.2454],[-3.6386,48.2455],[-3.6382,48.2456],[-3.6381,48.2454],[-3.6384,48.2454],[-3.6385,48.2453],[-3.6385,48.2454]]]]},"properties":{"NATURE":"Industriel, agricole ou commercial","USAGE1":"Indiff\u00e9renci\u00e9","ETAT":"En service","surface":540.4666539058089,"HAUTEUR":5.6}},{"type":"Feature","geometry":{"type":"MultiPolygon","coordinates":[[[[-3.6424,48.2412],[-3.6425,48.2414],[-3.6423,48.2414],[-3.6422,48.2412],[-3.6424,48.2412]]]]},"properties":{"NATURE":"Industriel, agricole ou commercial","USAGE1":"Indiff\u00e9renci\u00e9","ETAT":"En service","surface":385.48588624596596,"HAUTEUR":5.3}},{"type":"Feature","geometry":{"type":"MultiPolygon","coordinates":[[[[-3.6401,48.2473],[-3.64,48.2475],[-3.6398,48.2474],[-3.6399,48.2473],[-3.6401,48.2473]]]]},"properties":{"NATURE":"Industriel, agricole ou commercial","USAGE1":"Agricole","ETAT":"En service","surface":250.0754901766777,"HAUTEUR":6.1}},{"type":"Feature","geometry":{"type":"MultiPolygon","coordinates":[[[[-3.6394,48.2474],[-3.6395,48.2473],[-3.6396,48.2473],[-3.6397,48.2473],[-3.6396,48.2474],[-3.6397,48.2474],[-3.6396,48.2475],[-3.6394,48.2474]]]]},"properties":{"NATURE":"Industriel, agricole ou commercial","USAGE1":"Agricole","ETAT":"En service","surface":216.63765977695584,"HAUTEUR":4.0}},{"type":"Feature","geometry":{"type":"MultiPolygon","coordinates":[[[[-3.6394,48.2471],[-3.6396,48.2472],[-3.6396,48.2473],[-3.6395,48.2473],[-3.6394,48.2474],[-3.6392,48.2473],[-3.6392,48.2473],[-3.6391,48.2473],[-3.6391,48.2473],[-3.6391,48.2473],[-3.6391,48.2473],[-3.639,48.2472],[-3.6391,48.247],[-3.6393,48.2471],[-3.6392,48.2473],[-3.6393,48.2473],[-3.6394,48.2471]]]]},"properties":{"NATURE":"Industriel, agricole ou commercial","USAGE1":"Agricole","ETAT":"En service","surface":927.6758027011529,"HAUTEUR":4.1}},{"type":"Feature","geometry":{"type":"MultiPolygon","coordinates":[[[[-3.6382,48.2473],[-3.6383,48.2474],[-3.6381,48.2474],[-3.638,48.2473],[-3.6382,48.2473]]]]},"properties":{"NATURE":"Industriel, agricole ou commercial","USAGE1":"Agricole","ETAT":"En service","surface":233.5292387381196,"HAUTEUR":5.7}},{"type":"Feature","geometry":{"type":"MultiPolygon","coordinates":[[[[-3.6438,48.2476],[-3.6445,48.2475],[-3.6446,48.2476],[-3.6439,48.2477],[-3.644,48.2477],[-3.6439,48.2478],[-3.6439,48.2477],[-3.6439,48.2477],[-3.6438,48.2477],[-3.6437,48.2477],[-3.6436,48.2476],[-3.6438,48.2476],[-3.6438,48.2476]]]]},"properties":{"NATURE":"Industriel, agricole ou commercial","USAGE1":"Agricole","ETAT":"En service","surface":839.5789094839129,"HAUTEUR":5.1}},{"type":"Feature","geometry":{"type":"MultiPolygon","coordinates":[[[[-3.6448,48.2477],[-3.6448,48.2478],[-3.644,48.2479],[-3.644,48.2478],[-3.6448,48.2477]]]]},"properties":{"NATURE":"Industriel, agricole ou commercial","USAGE1":"Agricole","ETAT":"En service","surface":726.302613016218,"HAUTEUR":3.4}},{"type":"Feature","geometry":{"type":"MultiPolygon","coordinates":[[[[-3.6443,48.2487],[-3.6443,48.2487],[-3.6442,48.2487],[-3.6441,48.2487],[-3.6441,48.2487],[-3.644,48.2486],[-3.6444,48.2484],[-3.6445,48.2486],[-3.6445,48.2486],[-3.6443,48.2487]]]]},"properties":{"NATURE":"Industriel, agricole ou commercial","USAGE1":"Industriel","ETAT":"En service","surface":692.1435220204294,"HAUTEUR":6.4}},{"type":"Feature","geometry":{"type":"MultiPolygon","coordinates":[[[[-3.6443,48.2487],[-3.6445,48.2486],[-3.6446,48.2486],[-3.6448,48.2488],[-3.6444,48.2489],[-3.6444,48.2489],[-3.6443,48.2489],[-3.6443,48.2489],[-3.6444,48.2488],[-3.6443,48.2487]]]]},"properties":{"NATURE":"Industriel, agricole ou commercial","USAGE1":"Industriel","ETAT":"En service","surface":710.1910755857825,"HAUTEUR":4.7}},{"type":"Feature","geometry":{"type":"MultiPolygon","coordinates":[[[[-3.6444,48.2484],[-3.644,48.2486],[-3.6439,48.2486],[-3.6439,48.2486],[-3.6438,48.2485],[-3.6442,48.2483],[-3.6443,48.2484],[-3.6444,48.2484]]]]},"properties":{"NATURE":"Industriel, agricole ou commercial","USAGE1":"Industriel","ETAT":"En service","surface":757.2924969606102,"HAUTEUR":9.6}},{"type":"Feature","geometry":{"type":"MultiPolygon","coordinates":[[[[-3.644,48.2492],[-3.6437,48.249],[-3.6436,48.2489],[-3.6436,48.2489],[-3.6432,48.2485],[-3.6434,48.2484],[-3.6435,48.2485],[-3.6435,48.2485],[-3.6438,48.2488],[-3.6438,48.2488],[-3.6439,48.249],[-3.6439,48.249],[-3.644,48.2489],[-3.6442,48.2491],[-3.644,48.2492]]]]},"properties":{"NATURE":"Industriel, agricole ou commercial","USAGE1":"Industriel","ETAT":"En service","surface":1368.6113445574883,"HAUTEUR":5.8}},{"type":"Feature","geometry":{"type":"MultiPolygon","coordinates":[[[[-3.676,48.2487],[-3.6766,48.2487],[-3.6766,48.249],[-3.676,48.2491],[-3.676,48.2489],[-3.676,48.2487]]]]},"properties":{"NATURE":"Industriel, agricole ou commercial","USAGE1":"Agricole","ETAT":"En service","surface":1686.7030011108145,"HAUTEUR":4.8}},{"type":"Feature","geometry":{"type":"MultiPolygon","coordinates":[[[[-3.6719,48.2498],[-3.6717,48.2498],[-3.6717,48.2499],[-3.6717,48.2499],[-3.6715,48.2495],[-3.6717,48.2494],[-3.6719,48.2498]]]]},"properties":{"NATURE":"Industriel, agricole ou commercial","USAGE1":"Agricole","ETAT":"En service","surface":774.2831781264395,"HAUTEUR":4.1}},{"type":"Feature","geometry":{"type":"MultiPolygon","coordinates":[[[[-3.672,48.2498],[-3.6719,48.2498],[-3.6719,48.2498],[-3.6717,48.2494],[-3.6717,48.2493],[-3.6717,48.2493],[-3.6719,48.2493],[-3.6721,48.2498],[-3.672,48.2498]]]]},"properties":{"NATURE":"Industriel, agricole ou commercial","USAGE1":"Agricole","ETAT":"En service","surface":1100.792984737549,"HAUTEUR":4.6}},{"type":"Feature","geometry":{"type":"MultiPolygon","coordinates":[[[[-3.6707,48.2503],[-3.6703,48.2504],[-3.6703,48.2503],[-3.6704,48.2503],[-3.6706,48.2502],[-3.6707,48.2503]]]]},"properties":{"NATURE":"Industriel, agricole ou commercial","USAGE1":"Agricole","ETAT":"En service","surface":213.3237423337996,"HAUTEUR":4.5}},{"type":"Feature","geometry":{"type":"MultiPolygon","coordinates":[[[[-3.6707,48.2503],[-3.6708,48.2505],[-3.6706,48.2505],[-3.6704,48.2506],[-3.6703,48.2504],[-3.6707,48.2503]]]]},"properties":{"NATURE":"Industriel, agricole ou commercial","USAGE1":"Agricole","ETAT":"En service","surface":584.9723061174154,"HAUTEUR":4.5}},{"type":"Feature","geometry":{"type":"MultiPolygon","coordinates":[[[[-3.6708,48.2505],[-3.6708,48.2505],[-3.6708,48.2506],[-3.6705,48.2507],[-3.6704,48.2506],[-3.6706,48.2505],[-3.6708,48.2505]]]]},"properties":{"NATURE":"Industriel, agricole ou commercial","USAGE1":"Agricole","ETAT":"En service","surface":348.93133156653494,"HAUTEUR":4.8}},{"type":"Feature","geometry":{"type":"MultiPolygon","coordinates":[[[[-3.6724,48.2497],[-3.6725,48.2498],[-3.6722,48.2498],[-3.6722,48.2497],[-3.6724,48.2497]]]]},"properties":{"NATURE":"Industriel, agricole ou commercial","USAGE1":"Agricole","ETAT":"En service","surface":235.36045041680336,"HAUTEUR":5.1}},{"type":"Feature","geometry":{"type":"MultiPolygon","coordinates":[[[[-3.6749,48.2491],[-3.6759,48.2489],[-3.6759,48.249],[-3.6758,48.249],[-3.6758,48.2491],[-3.6759,48.249],[-3.6759,48.2491],[-3.675,48.2493],[-3.6749,48.2491]]]]},"properties":{"NATURE":"Industriel, agricole ou commercial","USAGE1":"Agricole","ETAT":"En service","surface":1037.3663745895028,"HAUTEUR":4.9}},{"type":"Feature","geometry":{"type":"MultiPolygon","coordinates":[[[[-3.6721,48.2496],[-3.6722,48.2496],[-3.6721,48.2496],[-3.6719,48.2492],[-3.6719,48.2492],[-3.6718,48.249],[-3.6721,48.249],[-3.6721,48.249],[-3.6723,48.249],[-3.6724,48.2491],[-3.6725,48.2495],[-3.6721,48.2496]]]]},"properties":{"NATURE":"Industriel, agricole ou commercial","USAGE1":"Agricole","ETAT":"En service","surface":2067.9407498883083,"HAUTEUR":3.1}},{"type":"Feature","geometry":{"type":"MultiPolygon","coordinates":[[[[-3.6717,48.2506],[-3.6716,48.2506],[-3.6714,48.2503],[-3.6714,48.2502],[-3.6716,48.2502],[-3.6717,48.2505],[-3.6717,48.2505],[-3.6717,48.2506]]]]},"properties":{"NATURE":"Industriel, agricole ou commercial","USAGE1":"Agricole","ETAT":"En service","surface":614.4161563497037,"HAUTEUR":3.9}},{"type":"Feature","geometry":{"type":"MultiPolygon","coordinates":[[[[-3.651,48.2551],[-3.651,48.255],[-3.6511,48.255],[-3.6511,48.255],[-3.6514,48.2551],[-3.6514,48.2552],[-3.651,48.2551]]]]},"properties":{"NATURE":"Industriel, agricole ou commercial","USAGE1":"Agricole","ETAT":"En service","surface":358.7441946717445,"HAUTEUR":6.4}},{"type":"Feature","geometry":{"type":"MultiPolygon","coordinates":[[[[-3.651,48.2551],[-3.6514,48.2552],[-3.6514,48.2553],[-3.651,48.2553],[-3.651,48.2551]]]]},"properties":{"NATURE":"Industriel, agricole ou commercial","USAGE1":"Agricole","ETAT":"En service","surface":595.6947388462722,"HAUTEUR":6.8}},{"type":"Feature","geometry":{"type":"MultiPolygon","coordinates":[[[[-3.6497,48.2554],[-3.6496,48.2553],[-3.6503,48.2547],[-3.6504,48.2548],[-3.6502,48.2551],[-3.6502,48.2551],[-3.6497,48.2554]]]]},"properties":{"NATURE":"Industriel, agricole ou commercial","USAGE1":"Agricole","ETAT":"En service","surface":1404.7372265718877,"HAUTEUR":3.4}},{"type":"Feature","geometry":{"type":"MultiPolygon","coordinates":[[[[-3.6492,48.25],[-3.6491,48.25],[-3.6491,48.25],[-3.649,48.2499],[-3.6492,48.2498],[-3.6494,48.2498],[-3.6495,48.2498],[-3.6496,48.2499],[-3.6495,48.2499],[-3.6493,48.25],[-3.6493,48.25],[-3.6492,48.25],[-3.6492,48.25]]]]},"properties":{"NATURE":"Industriel, agricole ou commercial","USAGE1":"Industriel","ETAT":"En service","surface":660.4114857660607,"HAUTEUR":6.0}},{"type":"Feature","geometry":{"type":"MultiPolygon","coordinates":[[[[-3.6504,48.2501],[-3.6504,48.2502],[-3.6501,48.2503],[-3.6501,48.2502],[-3.6503,48.2501],[-3.6503,48.2501],[-3.6503,48.2501],[-3.6504,48.2501]]]]},"properties":{"NATURE":"Industriel, agricole ou commercial","USAGE1":"Industriel","ETAT":"En service","surface":230.7107836212963,"HAUTEUR":4.6}},{"type":"Feature","geometry":{"type":"MultiPolygon","coordinates":[[[[-3.649,48.2508],[-3.649,48.2508],[-3.649,48.2508],[-3.6489,48.2506],[-3.649,48.2506],[-3.6491,48.2505],[-3.6492,48.2505],[-3.6492,48.2505],[-3.6493,48.2505],[-3.6492,48.2504],[-3.6492,48.2504],[-3.6498,48.2502],[-3.6498,48.2502],[-3.6499,48.2504],[-3.65,48.2504],[-3.65,48.2504],[-3.65,48.2504],[-3.6499,48.2505],[-3.65,48.2505],[-3.6498,48.2506],[-3.6493,48.2507],[-3.6493,48.2507],[-3.6492,48.2508],[-3.649,48.2508]]]]},"properties":{"NATURE":"Industriel, agricole ou commercial","USAGE1":"Industriel","ETAT":"En service","surface":2644.4770230150316,"HAUTEUR":8.1}},{"type":"Feature","geometry":{"type":"MultiPolygon","coordinates":[[[[-3.6401,48.2548],[-3.6399,48.2547],[-3.6402,48.2545],[-3.6404,48.2547],[-3.6401,48.2548]]]]},"properties":{"NATURE":"Industriel, agricole ou commercial","USAGE1":"Annexe","ETAT":"En service","surface":581.5062660872936,"HAUTEUR":5.3}},{"type":"Feature","geometry":{"type":"MultiPolygon","coordinates":[[[[-3.6466,48.2537],[-3.6466,48.2539],[-3.6464,48.2539],[-3.6464,48.2537],[-3.6466,48.2537]]]]},"properties":{"NATURE":"Industriel, agricole ou commercial","USAGE1":"Indiff\u00e9renci\u00e9","ETAT":"En service","surface":265.00831104954705,"HAUTEUR":5.5}},{"type":"Feature","geometry":{"type":"MultiPolygon","coordinates":[[[[-3.6466,48.2541],[-3.6466,48.2542],[-3.6464,48.2542],[-3.6464,48.254],[-3.6465,48.254],[-3.6466,48.254],[-3.6466,48.2541]]]]},"properties":{"NATURE":"Industriel, agricole ou commercial","USAGE1":"Indiff\u00e9renci\u00e9","ETAT":"En service","surface":248.54719597892836,"HAUTEUR":4.6}},{"type":"Feature","geometry":{"type":"MultiPolygon","coordinates":[[[[-3.646,48.254],[-3.646,48.2541],[-3.6451,48.2541],[-3.6451,48.254],[-3.646,48.254]]]]},"properties":{"NATURE":"Industriel, agricole ou commercial","USAGE1":"Agricole","ETAT":"En service","surface":1057.4805303217145,"HAUTEUR":4.5}},{"type":"Feature","geometry":{"type":"MultiPolygon","coordinates":[[[[-3.646,48.2543],[-3.6451,48.2543],[-3.6451,48.2542],[-3.646,48.2542],[-3.646,48.2543]]]]},"properties":{"NATURE":"Industriel, agricole ou commercial","USAGE1":"Agricole","ETAT":"En service","surface":1036.3596779715735,"HAUTEUR":4.6}},{"type":"Feature","geometry":{"type":"MultiPolygon","coordinates":[[[[-3.6436,48.2544],[-3.6445,48.2542],[-3.6445,48.2543],[-3.6445,48.2543],[-3.6445,48.2543],[-3.6436,48.2545],[-3.6436,48.2544]]]]},"properties":{"NATURE":"Industriel, agricole ou commercial","USAGE1":"Agricole","ETAT":"En service","surface":1046.619599067606,"HAUTEUR":5.2}},{"type":"Feature","geometry":{"type":"MultiPolygon","coordinates":[[[[-3.6491,48.249],[-3.6492,48.2491],[-3.6491,48.2491],[-3.649,48.2492],[-3.649,48.2492],[-3.6489,48.2491],[-3.6489,48.2491],[-3.6491,48.249]]]]},"properties":{"NATURE":"Industriel, agricole ou commercial","USAGE1":"Indiff\u00e9renci\u00e9","ETAT":"En service","surface":266.2008139882237,"HAUTEUR":6.3}},{"type":"Feature","geometry":{"type":"MultiPolygon","coordinates":[[[[-3.6404,48.2508],[-3.6407,48.2507],[-3.6408,48.2509],[-3.6406,48.2509],[-3.6405,48.2509],[-3.6404,48.2508]]]]},"properties":{"NATURE":"Industriel, agricole ou commercial","USAGE1":"Industriel","ETAT":"En service","surface":400.8319978900254,"HAUTEUR":8.0}},{"type":"Feature","geometry":{"type":"MultiPolygon","coordinates":[[[[-3.637,48.2561],[-3.6369,48.2558],[-3.637,48.2558],[-3.6371,48.256],[-3.637,48.2561]]]]},"properties":{"NATURE":"Industriel, agricole ou commercial","USAGE1":"Agricole","ETAT":"En service","surface":269.86242489516735,"HAUTEUR":4.2}},{"type":"Feature","geometry":{"type":"MultiPolygon","coordinates":[[[[-3.6371,48.2561],[-3.6373,48.2563],[-3.6371,48.2564],[-3.6369,48.2562],[-3.6371,48.2561]]]]},"properties":{"NATURE":"Industriel, agricole ou commercial","USAGE1":"Agricole","ETAT":"En service","surface":512.9986933767796,"HAUTEUR":5.2}},{"type":"Feature","geometry":{"type":"MultiPolygon","coordinates":[[[[-3.6477,48.2506],[-3.6476,48.2504],[-3.648,48.2503],[-3.6481,48.2505],[-3.6477,48.2506]]]]},"properties":{"NATURE":"Industriel, agricole ou commercial","USAGE1":"Agricole","ETAT":"En service","surface":670.2807548940182,"HAUTEUR":5.4}},{"type":"Feature","geometry":{"type":"MultiPolygon","coordinates":[[[[-3.6493,48.2492],[-3.6493,48.2493],[-3.6493,48.2493],[-3.6491,48.2493],[-3.649,48.2493],[-3.6491,48.2492],[-3.6491,48.2492],[-3.6492,48.2492],[-3.6493,48.2492]]]]},"properties":{"NATURE":"Industriel, agricole ou commercial","USAGE1":"Annexe","ETAT":"En service","surface":253.46829617209733,"HAUTEUR":5.6}},{"type":"Feature","geometry":{"type":"MultiPolygon","coordinates":[[[[-3.6395,48.2548],[-3.6389,48.255],[-3.6388,48.2549],[-3.6393,48.2546],[-3.6395,48.2548]]]]},"properties":{"NATURE":"Industriel, agricole ou commercial","USAGE1":"Industriel","ETAT":"En service","surface":956.1609864830971,"HAUTEUR":6.9}},{"type":"Feature","geometry":{"type":"MultiPolygon","coordinates":[[[[-3.6453,48.2491],[-3.6453,48.2491],[-3.6454,48.2491],[-3.645,48.2493],[-3.6449,48.2492],[-3.6453,48.249],[-3.6453,48.2491]]]]},"properties":{"NATURE":"Industriel, agricole ou commercial","USAGE1":"Industriel","ETAT":"En service","surface":510.370019024238,"HAUTEUR":7.8}},{"type":"Feature","geometry":{"type":"MultiPolygon","coordinates":[[[[-3.6424,48.2491],[-3.6426,48.2493],[-3.6428,48.2492],[-3.6428,48.2491],[-3.6429,48.2491],[-3.6429,48.249],[-3.643,48.249],[-3.643,48.249],[-3.6432,48.2489],[-3.6433,48.249],[-3.6433,48.249],[-3.6433,48.249],[-3.6434,48.2491],[-3.6433,48.2491],[-3.6434,48.2491],[-3.6432,48.2492],[-3.6432,48.2492],[-3.6432,48.2492],[-3.643,48.2493],[-3.643,48.2493],[-3.6426,48.2495],[-3.6426,48.2495],[-3.6425,48.2496],[-3.6424,48.2496],[-3.6423,48.2496],[-3.6421,48.2495],[-3.6422,48.2495],[-3.6421,48.2493],[-3.6423,48.2492],[-3.6424,48.2491]]]]},"properties":{"NATURE":"Industriel, agricole ou commercial","USAGE1":"Industriel","ETAT":"En service","surface":3035.3433595360257,"HAUTEUR":7.7}},{"type":"Feature","geometry":{"type":"MultiPolygon","coordinates":[[[[-3.6426,48.2504],[-3.6422,48.2506],[-3.6421,48.2505],[-3.6421,48.2505],[-3.642,48.2504],[-3.6422,48.2503],[-3.6423,48.2504],[-3.6424,48.2503],[-3.6426,48.2504]]]]},"properties":{"NATURE":"Industriel, agricole ou commercial","USAGE1":"Industriel","ETAT":"En service","surface":652.9187756218016,"HAUTEUR":7.1}},{"type":"Feature","geometry":{"type":"MultiPolygon","coordinates":[[[[-3.6417,48.2494],[-3.6414,48.2496],[-3.6413,48.2495],[-3.6416,48.2493],[-3.6417,48.2494]]]]},"properties":{"NATURE":"Industriel, agricole ou commercial","USAGE1":"Industriel","ETAT":"En service","surface":433.1842755153775,"HAUTEUR":7.0}},{"type":"Feature","geometry":{"type":"MultiPolygon","coordinates":[[[[-3.6433,48.2501],[-3.6431,48.2502],[-3.643,48.2501],[-3.6431,48.25],[-3.6432,48.2501],[-3.6433,48.25],[-3.6433,48.2501]]]]},"properties":{"NATURE":"Industriel, agricole ou commercial","USAGE1":"Industriel","ETAT":"En service","surface":327.3253645878285,"HAUTEUR":4.9}},{"type":"Feature","geometry":{"type":"MultiPolygon","coordinates":[[[[-3.6447,48.2494],[-3.6447,48.2494],[-3.6447,48.2494],[-3.6449,48.2494],[-3.6449,48.2494],[-3.6434,48.2501],[-3.6433,48.25],[-3.6434,48.25],[-3.6433,48.2499],[-3.6438,48.2496],[-3.6438,48.2496],[-3.6439,48.2496],[-3.6438,48.2495],[-3.6442,48.2493],[-3.6442,48.2493],[-3.6444,48.2492],[-3.6444,48.2493],[-3.6445,48.2493],[-3.6445,48.2493],[-3.6445,48.2493],[-3.6446,48.2493],[-3.6446,48.2493],[-3.6447,48.2494]]]]},"properties":{"NATURE":"Industriel, agricole ou commercial","USAGE1":"Industriel","ETAT":"En service","surface":3723.3316789392848,"HAUTEUR":5.7}},{"type":"Feature","geometry":{"type":"MultiPolygon","coordinates":[[[[-3.6486,48.2502],[-3.6489,48.2501],[-3.649,48.2503],[-3.6489,48.2503],[-3.6489,48.2504],[-3.6488,48.2504],[-3.6488,48.2504],[-3.6487,48.2504],[-3.6486,48.2502]]]]},"properties":{"NATURE":"Industriel, agricole ou commercial","USAGE1":"Industriel","ETAT":"En service","surface":429.2900717947632,"HAUTEUR":7.0}},{"type":"Feature","geometry":{"type":"MultiPolygon","coordinates":[[[[-3.6489,48.2501],[-3.6486,48.2502],[-3.6486,48.25],[-3.6488,48.25],[-3.6489,48.2501],[-3.6489,48.2501]]]]},"properties":{"NATURE":"Industriel, agricole ou commercial","USAGE1":"Industriel","ETAT":"En service","surface":363.63090394670144,"HAUTEUR":5.4}},{"type":"Feature","geometry":{"type":"MultiPolygon","coordinates":[[[[-3.6401,48.25],[-3.6398,48.2501],[-3.6396,48.2502],[-3.6393,48.2498],[-3.6397,48.2496],[-3.6399,48.2498],[-3.64,48.2498],[-3.6401,48.2499],[-3.64,48.2499],[-3.6401,48.25],[-3.6401,48.25]]]]},"properties":{"NATURE":"Industriel, agricole ou commercial","USAGE1":"Industriel","ETAT":"En service","surface":2131.5866451077163,"HAUTEUR":5.3}},{"type":"Feature","geometry":{"type":"MultiPolygon","coordinates":[[[[-3.6283,48.2589],[-3.6281,48.2589],[-3.6278,48.2585],[-3.628,48.2584],[-3.6283,48.2589]]]]},"properties":{"NATURE":"Industriel, agricole ou commercial","USAGE1":"Indiff\u00e9renci\u00e9","ETAT":"En service","surface":891.5493657141924,"HAUTEUR":4.4}},{"type":"Feature","geometry":{"type":"MultiPolygon","coordinates":[[[[-3.6355,48.2565],[-3.6354,48.2564],[-3.6357,48.2563],[-3.6357,48.2564],[-3.6355,48.2565]]]]},"properties":{"NATURE":"Industriel, agricole ou commercial","USAGE1":"Agricole","ETAT":"En service","surface":231.19971250370145,"HAUTEUR":5.7}},{"type":"Feature","geometry":{"type":"MultiPolygon","coordinates":[[[[-3.6284,48.2507],[-3.6283,48.2507],[-3.6283,48.2507],[-3.6282,48.2507],[-3.6283,48.2507],[-3.6282,48.2505],[-3.6284,48.2504],[-3.6285,48.2507],[-3.6284,48.2507]]]]},"properties":{"NATURE":"Industriel, agricole ou commercial","USAGE1":"Agricole","ETAT":"En service","surface":396.77813120372593,"HAUTEUR":5.5}},{"type":"Feature","geometry":{"type":"MultiPolygon","coordinates":[[[[-3.6289,48.2508],[-3.6288,48.2508],[-3.6287,48.2507],[-3.6287,48.2507],[-3.6287,48.2507],[-3.6287,48.2507],[-3.6287,48.2507],[-3.6286,48.2507],[-3.6284,48.2501],[-3.6285,48.2501],[-3.6285,48.25],[-3.6286,48.25],[-3.6288,48.2506],[-3.6288,48.2506],[-3.6289,48.2508]]]]},"properties":{"NATURE":"Industriel, agricole ou commercial","USAGE1":"Agricole","ETAT":"En service","surface":1289.0311972671188,"HAUTEUR":5.7}},{"type":"Feature","geometry":{"type":"MultiPolygon","coordinates":[[[[-3.6284,48.2535],[-3.6278,48.2535],[-3.627,48.2535],[-3.627,48.2533],[-3.6284,48.2533],[-3.6284,48.2534],[-3.6284,48.2535]]]]},"properties":{"NATURE":"Industriel, agricole ou commercial","USAGE1":"Agricole","ETAT":"En service","surface":1665.518844020262,"HAUTEUR":4.3}},{"type":"Feature","geometry":{"type":"MultiPolygon","coordinates":[[[[-3.628,48.2501],[-3.6283,48.2501],[-3.6283,48.2501],[-3.6283,48.2502],[-3.6281,48.2503],[-3.628,48.2501]]]]},"properties":{"NATURE":"Industriel, agricole ou commercial","USAGE1":"Agricole","ETAT":"En service","surface":304.5780859515071,"HAUTEUR":6.6}},{"type":"Feature","geometry":{"type":"MultiPolygon","coordinates":[[[[-3.628,48.2501],[-3.628,48.25],[-3.6282,48.25],[-3.6283,48.2501],[-3.628,48.2501]]]]},"properties":{"NATURE":"Industriel, agricole ou commercial","USAGE1":"Agricole","ETAT":"En service","surface":242.85269393399358,"HAUTEUR":5.5}},{"type":"Feature","geometry":{"type":"MultiPolygon","coordinates":[[[[-3.6323,48.2503],[-3.6324,48.2505],[-3.6313,48.2506],[-3.6313,48.2505],[-3.6323,48.2503]]]]},"properties":{"NATURE":"Industriel, agricole ou commercial","USAGE1":"Agricole","ETAT":"En service","surface":1293.4003455415368,"HAUTEUR":3.1}},{"type":"Feature","geometry":{"type":"MultiPolygon","coordinates":[[[[-3.6383,48.2624],[-3.6386,48.2623],[-3.6386,48.2624],[-3.6387,48.2625],[-3.6386,48.2626],[-3.6386,48.2625],[-3.6384,48.2626],[-3.6383,48.2624]]]]},"properties":{"NATURE":"Industriel, agricole ou commercial","USAGE1":"Agricole","ETAT":"En service","surface":388.9154733121395,"HAUTEUR":5.1}},{"type":"Feature","geometry":{"type":"MultiPolygon","coordinates":[[[[-3.6384,48.2626],[-3.6383,48.2626],[-3.6382,48.2624],[-3.6383,48.2624],[-3.6384,48.2626]]]]},"properties":{"NATURE":"Industriel, agricole ou commercial","USAGE1":"Agricole","ETAT":"En service","surface":207.24508694559336,"HAUTEUR":3.5}},{"type":"Feature","geometry":{"type":"MultiPolygon","coordinates":[[[[-3.6328,48.2607],[-3.6328,48.2608],[-3.6325,48.2608],[-3.6325,48.2607],[-3.6328,48.2607]]]]},"properties":{"NATURE":"Industriel, agricole ou commercial","USAGE1":"Indiff\u00e9renci\u00e9","ETAT":"En service","surface":212.78082163166255,"HAUTEUR":5.1}},{"type":"Feature","geometry":{"type":"MultiPolygon","coordinates":[[[[-3.6318,48.2623],[-3.6319,48.2622],[-3.6327,48.2627],[-3.6325,48.2628],[-3.6318,48.2623]]]]},"properties":{"NATURE":"Industriel, agricole ou commercial","USAGE1":"Agricole","ETAT":"En service","surface":1185.6947358548641,"HAUTEUR":5.8}},{"type":"Feature","geometry":{"type":"MultiPolygon","coordinates":[[[[-3.6324,48.2628],[-3.6324,48.2628],[-3.6324,48.2628],[-3.6324,48.2628],[-3.6324,48.2628],[-3.6322,48.2629],[-3.6321,48.2628],[-3.6321,48.2628],[-3.632,48.2628],[-3.6321,48.2627],[-3.6321,48.2627],[-3.6322,48.2626],[-3.6324,48.2628]]]]},"properties":{"NATURE":"Industriel, agricole ou commercial","USAGE1":"Agricole","ETAT":"En service","surface":558.2237673045602,"HAUTEUR":4.8}},{"type":"Feature","geometry":{"type":"MultiPolygon","coordinates":[[[[-3.6101,48.2585],[-3.61,48.2584],[-3.61,48.2583],[-3.6102,48.2583],[-3.6103,48.2585],[-3.6101,48.2585]]]]},"properties":{"NATURE":"Industriel, agricole ou commercial","USAGE1":"Agricole","ETAT":"En service","surface":318.8191871782765,"HAUTEUR":4.9}},{"type":"Feature","geometry":{"type":"MultiPolygon","coordinates":[[[[-3.6106,48.2588],[-3.6105,48.2594],[-3.6102,48.2594],[-3.6103,48.2588],[-3.6106,48.2588]]]]},"properties":{"NATURE":"Industriel, agricole ou commercial","USAGE1":"Agricole","ETAT":"En service","surface":1055.9132867828012,"HAUTEUR":3.8}},{"type":"Feature","geometry":{"type":"MultiPolygon","coordinates":[[[[-3.6102,48.2588],[-3.6101,48.2593],[-3.6099,48.2593],[-3.6099,48.2588],[-3.6102,48.2588]]]]},"properties":{"NATURE":"Industriel, agricole ou commercial","USAGE1":"Agricole","ETAT":"En service","surface":991.8612623214722,"HAUTEUR":3.7}},{"type":"Feature","geometry":{"type":"MultiPolygon","coordinates":[[[[-3.6174,48.2507],[-3.6179,48.2507],[-3.6179,48.2508],[-3.6174,48.2508],[-3.6174,48.2507]]]]},"properties":{"NATURE":"Industriel, agricole ou commercial","USAGE1":"Agricole","ETAT":"En service","surface":355.8580350230186,"HAUTEUR":3.2}},{"type":"Feature","geometry":{"type":"MultiPolygon","coordinates":[[[[-3.6174,48.2507],[-3.6174,48.2506],[-3.6173,48.2506],[-3.6173,48.2505],[-3.6174,48.2505],[-3.6174,48.2504],[-3.6174,48.2504],[-3.6174,48.2504],[-3.6175,48.2504],[-3.6175,48.2504],[-3.6176,48.2504],[-3.6176,48.2504],[-3.6176,48.2504],[-3.6176,48.2502],[-3.6179,48.2502],[-3.6179,48.2503],[-3.618,48.2503],[-3.6179,48.2504],[-3.6179,48.2507],[-3.6179,48.2507],[-3.6174,48.2507]]]]},"properties":{"NATURE":"Industriel, agricole ou commercial","USAGE1":"Agricole","ETAT":"En service","surface":1914.818262220855,"HAUTEUR":6.5}},{"type":"Feature","geometry":{"type":"MultiPolygon","coordinates":[[[[-3.6062,48.2475],[-3.606,48.2474],[-3.6062,48.2473],[-3.6064,48.2474],[-3.6062,48.2475]]]]},"properties":{"NATURE":"Industriel, agricole ou commercial","USAGE1":"Indiff\u00e9renci\u00e9","ETAT":"En service","surface":384.4173412322998,"HAUTEUR":5.0}},{"type":"Feature","geometry":{"type":"MultiPolygon","coordinates":[[[[-3.6063,48.2543],[-3.6064,48.2545],[-3.6062,48.2545],[-3.6061,48.2543],[-3.6063,48.2543]]]]},"properties":{"NATURE":"Industriel, agricole ou commercial","USAGE1":"Annexe","ETAT":"En service","surface":285.37297824025154,"HAUTEUR":6.0}},{"type":"Feature","geometry":{"type":"MultiPolygon","coordinates":[[[[-3.6043,48.2595],[-3.6043,48.2599],[-3.6041,48.26],[-3.604,48.2595],[-3.6043,48.2595]]]]},"properties":{"NATURE":"Industriel, agricole ou commercial","USAGE1":"Agricole","ETAT":"En service","surface":1000.2436418496072,"HAUTEUR":2.5}},{"type":"Feature","geometry":{"type":"MultiPolygon","coordinates":[[[[-3.6029,48.2559],[-3.6028,48.2558],[-3.6031,48.2557],[-3.6031,48.2559],[-3.6029,48.2559]]]]},"properties":{"NATURE":"Industriel, agricole ou commercial","USAGE1":"Indiff\u00e9renci\u00e9","ETAT":"En service","surface":385.6751030758023,"HAUTEUR":7.4}},{"type":"Feature","geometry":{"type":"MultiPolygon","coordinates":[[[[-3.598,48.2533],[-3.5981,48.2533],[-3.5981,48.2533],[-3.5982,48.2534],[-3.598,48.2535],[-3.5979,48.2533],[-3.598,48.2533]]]]},"properties":{"NATURE":"Industriel, agricole ou commercial","USAGE1":"Indiff\u00e9renci\u00e9","ETAT":"En service","surface":337.45410807803273,"HAUTEUR":6.7}},{"type":"Feature","geometry":{"type":"MultiPolygon","coordinates":[[[[-3.5937,48.248],[-3.5937,48.248],[-3.5937,48.2478],[-3.594,48.2478],[-3.594,48.248],[-3.5938,48.248],[-3.5937,48.248]]]]},"properties":{"NATURE":"Industriel, agricole ou commercial","USAGE1":"Indiff\u00e9renci\u00e9","ETAT":"En service","surface":374.242157662753,"HAUTEUR":5.6}},{"type":"Feature","geometry":{"type":"MultiPolygon","coordinates":[[[[-3.5853,48.2498],[-3.5853,48.2503],[-3.5851,48.2503],[-3.5851,48.2492],[-3.5851,48.2486],[-3.5853,48.2486],[-3.5853,48.2492],[-3.5853,48.2494],[-3.5853,48.2494],[-3.5853,48.2498]]]]},"properties":{"NATURE":"Industriel, agricole ou commercial","USAGE1":"Agricole","ETAT":"En service","surface":2629.930773081258,"HAUTEUR":4.3}},{"type":"Feature","geometry":{"type":"MultiPolygon","coordinates":[[[[-3.5894,48.2503],[-3.5893,48.2503],[-3.5892,48.2502],[-3.5893,48.2502],[-3.5903,48.2499],[-3.5904,48.25],[-3.5894,48.2503]]]]},"properties":{"NATURE":"Industriel, agricole ou commercial","USAGE1":"Agricole","ETAT":"En service","surface":1123.8498839251697,"HAUTEUR":4.5}},{"type":"Feature","geometry":{"type":"MultiPolygon","coordinates":[[[[-3.589,48.25],[-3.5892,48.25],[-3.5902,48.2497],[-3.5902,48.2498],[-3.5893,48.2501],[-3.5891,48.2501],[-3.589,48.25]]]]},"properties":{"NATURE":"Industriel, agricole ou commercial","USAGE1":"Agricole","ETAT":"En service","surface":1116.6280752494931,"HAUTEUR":3.1}},{"type":"Feature","geometry":{"type":"MultiPolygon","coordinates":[[[[-3.5916,48.249],[-3.5912,48.2486],[-3.5915,48.2485],[-3.5916,48.2486],[-3.5918,48.2488],[-3.5918,48.2489],[-3.5916,48.249]]]]},"properties":{"NATURE":"Industriel, agricole ou commercial","USAGE1":"Agricole","ETAT":"En service","surface":1047.431665983051,"HAUTEUR":5.2}},{"type":"Feature","geometry":{"type":"MultiPolygon","coordinates":[[[[-3.5916,48.249],[-3.5915,48.249],[-3.5915,48.249],[-3.5914,48.249],[-3.5914,48.2489],[-3.5913,48.249],[-3.5911,48.2487],[-3.5912,48.2486],[-3.5916,48.249]]]]},"properties":{"NATURE":"Industriel, agricole ou commercial","USAGE1":"Agricole","ETAT":"En service","surface":659.0809762571007,"HAUTEUR":4.9}},{"type":"Feature","geometry":{"type":"MultiPolygon","coordinates":[[[[-3.5842,48.2565],[-3.5841,48.2563],[-3.5843,48.2563],[-3.5844,48.2563],[-3.5844,48.2565],[-3.5842,48.2565]]]]},"properties":{"NATURE":"Industriel, agricole ou commercial","USAGE1":"Agricole","ETAT":"En service","surface":379.58393769338727,"HAUTEUR":5.4}},{"type":"Feature","geometry":{"type":"MultiPolygon","coordinates":[[[[-3.5853,48.2554],[-3.5853,48.2555],[-3.5852,48.256],[-3.5851,48.2559],[-3.5851,48.2555],[-3.5851,48.2554],[-3.5853,48.2554]]]]},"properties":{"NATURE":"Industriel, agricole ou commercial","USAGE1":"Agricole","ETAT":"En service","surface":820.3529895208776,"HAUTEUR":6.6}},{"type":"Feature","geometry":{"type":"MultiPolygon","coordinates":[[[[-3.5856,48.2564],[-3.5859,48.2563],[-3.586,48.2566],[-3.5857,48.2566],[-3.5856,48.2564]]]]},"properties":{"NATURE":"Industriel, agricole ou commercial","USAGE1":"Agricole","ETAT":"En service","surface":609.6274928562343,"HAUTEUR":6.3}},{"type":"Feature","geometry":{"type":"MultiPolygon","coordinates":[[[[-3.5959,48.259],[-3.5958,48.2592],[-3.5946,48.2592],[-3.5947,48.259],[-3.5959,48.259]]]]},"properties":{"NATURE":"Industriel, agricole ou commercial","USAGE1":"Agricole","ETAT":"En service","surface":1730.2617547055706,"HAUTEUR":4.4}},{"type":"Feature","geometry":{"type":"MultiPolygon","coordinates":[[[[-3.5959,48.2588],[-3.5959,48.259],[-3.5952,48.2589],[-3.5952,48.2588],[-3.5959,48.2588]]]]},"properties":{"NATURE":"Industriel, agricole ou commercial","USAGE1":"Agricole","ETAT":"En service","surface":889.3220375804231,"HAUTEUR":4.4}},{"type":"Feature","geometry":{"type":"MultiPolygon","coordinates":[[[[-3.5846,48.257],[-3.5847,48.2571],[-3.5848,48.2571],[-3.5848,48.2571],[-3.5849,48.2572],[-3.5845,48.2573],[-3.5845,48.2573],[-3.5844,48.2573],[-3.5844,48.2572],[-3.5844,48.2572],[-3.5843,48.2571],[-3.5844,48.257],[-3.5844,48.257],[-3.5846,48.257]]]]},"properties":{"NATURE":"Industriel, agricole ou commercial","USAGE1":"Agricole","ETAT":"En service","surface":846.331946385093,"HAUTEUR":4.1}},{"type":"Feature","geometry":{"type":"MultiPolygon","coordinates":[[[[-3.5846,48.257],[-3.5847,48.2569],[-3.5849,48.2569],[-3.585,48.2571],[-3.5849,48.2571],[-3.5848,48.2571],[-3.5847,48.2571],[-3.5846,48.257]]]]},"properties":{"NATURE":"Industriel, agricole ou commercial","USAGE1":"Agricole","ETAT":"En service","surface":395.6893455758691,"HAUTEUR":5.4}},{"type":"Feature","geometry":{"type":"MultiPolygon","coordinates":[[[[-3.5843,48.2557],[-3.5843,48.2556],[-3.5842,48.2556],[-3.5842,48.2556],[-3.5841,48.2556],[-3.5841,48.2556],[-3.5842,48.2557],[-3.5837,48.2558],[-3.5836,48.2557],[-3.5839,48.2556],[-3.5838,48.2556],[-3.5836,48.2556],[-3.5836,48.2556],[-3.5835,48.2556],[-3.5835,48.2556],[-3.5836,48.2556],[-3.5836,48.2556],[-3.584,48.2555],[-3.5841,48.2555],[-3.5841,48.2555],[-3.584,48.2555],[-3.5841,48.2554],[-3.5841,48.2554],[-3.5842,48.2554],[-3.5846,48.2553],[-3.5848,48.2556],[-3.5848,48.2556],[-3.5849,48.2558],[-3.5845,48.2559],[-3.5845,48.2559],[-3.5843,48.2557]]]]},"properties":{"NATURE":"Industriel, agricole ou commercial","USAGE1":"Agricole","ETAT":"En service","surface":3331.3057609197663,"HAUTEUR":6.5}},{"type":"Feature","geometry":{"type":"MultiPolygon","coordinates":[[[[-3.5912,48.2543],[-3.5912,48.2545],[-3.5913,48.2545],[-3.5913,48.2547],[-3.5907,48.2547],[-3.5907,48.2545],[-3.5908,48.2545],[-3.5908,48.2545],[-3.5906,48.2545],[-3.5905,48.2544],[-3.5908,48.2543],[-3.5909,48.2543],[-3.5912,48.2543]]]]},"properties":{"NATURE":"Industriel, agricole ou commercial","USAGE1":"Agricole","ETAT":"En service","surface":1747.1667658090591,"HAUTEUR":5.2}},{"type":"Feature","geometry":{"type":"MultiPolygon","coordinates":[[[[-3.5845,48.2546],[-3.5847,48.255],[-3.5844,48.2551],[-3.5842,48.2547],[-3.5845,48.2546]]]]},"properties":{"NATURE":"Industriel, agricole ou commercial","USAGE1":"Agricole","ETAT":"En service","surface":1227.4300639629364,"HAUTEUR":5.3}},{"type":"Feature","geometry":{"type":"MultiPolygon","coordinates":[[[[-3.5813,48.2509],[-3.5813,48.2508],[-3.5814,48.2507],[-3.5815,48.2509],[-3.5813,48.2509]]]]},"properties":{"NATURE":"Industriel, agricole ou commercial","USAGE1":"Agricole","ETAT":"En service","surface":276.1100144162774,"HAUTEUR":4.9}},{"type":"Feature","geometry":{"type":"MultiPolygon","coordinates":[[[[-3.5675,48.253],[-3.5675,48.253],[-3.5678,48.2529],[-3.5678,48.2531],[-3.5677,48.2531],[-3.5676,48.2531],[-3.5676,48.2531],[-3.5675,48.253]]]]},"properties":{"NATURE":"Industriel, agricole ou commercial","USAGE1":"Agricole","ETAT":"En service","surface":305.8734184289351,"HAUTEUR":6.0}},{"type":"Feature","geometry":{"type":"MultiPolygon","coordinates":[[[[-3.5642,48.2573],[-3.5653,48.2568],[-3.5654,48.2569],[-3.5643,48.2574],[-3.5642,48.2573]]]]},"properties":{"NATURE":"Industriel, agricole ou commercial","USAGE1":"Agricole","ETAT":"En service","surface":1501.5282974094152,"HAUTEUR":4.1}},{"type":"Feature","geometry":{"type":"MultiPolygon","coordinates":[[[[-3.5676,48.2579],[-3.5681,48.2579],[-3.5681,48.2581],[-3.5681,48.2581],[-3.5681,48.2582],[-3.5676,48.2582],[-3.5676,48.2579],[-3.5676,48.2579]]]]},"properties":{"NATURE":"Industriel, agricole ou commercial","USAGE1":"Agricole","ETAT":"En service","surface":1077.0149327657418,"HAUTEUR":5.5}},{"type":"Feature","geometry":{"type":"MultiPolygon","coordinates":[[[[-3.5674,48.2544],[-3.5678,48.2544],[-3.5678,48.2545],[-3.5678,48.2545],[-3.5678,48.2545],[-3.5677,48.2545],[-3.5677,48.2547],[-3.5674,48.2547],[-3.5674,48.2544],[-3.5674,48.2544]]]]},"properties":{"NATURE":"Industriel, agricole ou commercial","USAGE1":"Agricole","ETAT":"En service","surface":859.1217401437461,"HAUTEUR":5.6}},{"type":"Feature","geometry":{"type":"MultiPolygon","coordinates":[[[[-3.5579,48.261],[-3.558,48.261],[-3.5581,48.2612],[-3.558,48.2612],[-3.5579,48.261]]]]},"properties":{"NATURE":"Industriel, agricole ou commercial","USAGE1":"Agricole","ETAT":"En service","surface":208.12122393399477,"HAUTEUR":4.2}},{"type":"Feature","geometry":{"type":"MultiPolygon","coordinates":[[[[-3.5582,48.2611],[-3.5581,48.2611],[-3.558,48.2609],[-3.558,48.2609],[-3.5582,48.2608],[-3.5583,48.2611],[-3.5582,48.2611]]]]},"properties":{"NATURE":"Industriel, agricole ou commercial","USAGE1":"Agricole","ETAT":"En service","surface":556.4280848018825,"HAUTEUR":6.4}},{"type":"Feature","geometry":{"type":"MultiPolygon","coordinates":[[[[-3.5576,48.2609],[-3.5576,48.2608],[-3.5576,48.2607],[-3.5579,48.2607],[-3.5579,48.2609],[-3.5576,48.2609]]]]},"properties":{"NATURE":"Industriel, agricole ou commercial","USAGE1":"Agricole","ETAT":"En service","surface":389.56180469412357,"HAUTEUR":5.9}},{"type":"Feature","geometry":{"type":"MultiPolygon","coordinates":[[[[-3.5552,48.2612],[-3.5554,48.2612],[-3.5555,48.2614],[-3.5553,48.2614],[-3.5552,48.2612]]]]},"properties":{"NATURE":"Industriel, agricole ou commercial","USAGE1":"Agricole","ETAT":"En service","surface":288.1435489729047,"HAUTEUR":7.5}},{"type":"Feature","geometry":{"type":"MultiPolygon","coordinates":[[[[-3.5305,48.2596],[-3.5305,48.2596],[-3.5308,48.2595],[-3.5309,48.2596],[-3.5306,48.2597],[-3.5305,48.2597],[-3.5305,48.2596]]]]},"properties":{"NATURE":"Industriel, agricole ou commercial","USAGE1":"Agricole","ETAT":"En service","surface":565.2875004895031,"HAUTEUR":4.4}},{"type":"Feature","geometry":{"type":"MultiPolygon","coordinates":[[[[-3.5305,48.2597],[-3.5304,48.2598],[-3.5303,48.2596],[-3.5305,48.2596],[-3.5305,48.2597]]]]},"properties":{"NATURE":"Industriel, agricole ou commercial","USAGE1":"Agricole","ETAT":"En service","surface":213.39666248857975,"HAUTEUR":4.5}},{"type":"Feature","geometry":{"type":"MultiPolygon","coordinates":[[[[-3.5286,48.2607],[-3.5286,48.2606],[-3.53,48.2605],[-3.53,48.2606],[-3.5286,48.2607]]]]},"properties":{"NATURE":"Industriel, agricole ou commercial","USAGE1":"Agricole","ETAT":"En service","surface":1237.0518518779427,"HAUTEUR":3.6}},{"type":"Feature","geometry":{"type":"MultiPolygon","coordinates":[[[[-3.5259,48.2603],[-3.5258,48.2603],[-3.5256,48.2602],[-3.5258,48.2601],[-3.5259,48.2603]]]]},"properties":{"NATURE":"Industriel, agricole ou commercial","USAGE1":"Agricole","ETAT":"En service","surface":249.54152730107307,"HAUTEUR":4.5}},{"type":"Feature","geometry":{"type":"MultiPolygon","coordinates":[[[[-3.5258,48.2601],[-3.5256,48.2602],[-3.5254,48.2601],[-3.5256,48.26],[-3.5256,48.26],[-3.5258,48.2601]]]]},"properties":{"NATURE":"Industriel, agricole ou commercial","USAGE1":"Agricole","ETAT":"En service","surface":315.8557305354625,"HAUTEUR":4.4}},{"type":"Feature","geometry":{"type":"MultiPolygon","coordinates":[[[[-3.5283,48.2613],[-3.5279,48.2613],[-3.5279,48.2612],[-3.5283,48.2612],[-3.5284,48.2612],[-3.5284,48.2613],[-3.5283,48.2613]]]]},"properties":{"NATURE":"Industriel, agricole ou commercial","USAGE1":"Agricole","ETAT":"En service","surface":518.5813367590308,"HAUTEUR":3.2}},{"type":"Feature","geometry":{"type":"MultiPolygon","coordinates":[[[[-3.5259,48.2598],[-3.5257,48.2599],[-3.5247,48.2591],[-3.5249,48.259],[-3.5259,48.2598]]]]},"properties":{"NATURE":"Industriel, agricole ou commercial","USAGE1":"Agricole","ETAT":"En service","surface":1756.12619574368,"HAUTEUR":5.0}},{"type":"Feature","geometry":{"type":"MultiPolygon","coordinates":[[[[-3.526,48.2599],[-3.5262,48.26],[-3.5261,48.2601],[-3.526,48.2601],[-3.526,48.2601],[-3.5258,48.26],[-3.526,48.2599]]]]},"properties":{"NATURE":"Industriel, agricole ou commercial","USAGE1":"Agricole","ETAT":"En service","surface":405.3824529983103,"HAUTEUR":5.6}},{"type":"Feature","geometry":{"type":"MultiPolygon","coordinates":[[[[-3.5269,48.2602],[-3.5269,48.2602],[-3.5267,48.2601],[-3.5267,48.2601],[-3.5269,48.26],[-3.527,48.2601],[-3.5269,48.2602]]]]},"properties":{"NATURE":"Industriel, agricole ou commercial","USAGE1":"Indiff\u00e9renci\u00e9","ETAT":"En service","surface":238.93128470238298,"HAUTEUR":6.1}},{"type":"Feature","geometry":{"type":"MultiPolygon","coordinates":[[[[-3.6172,48.263],[-3.6172,48.2631],[-3.6169,48.2631],[-3.617,48.263],[-3.617,48.263],[-3.6171,48.263],[-3.6172,48.263]]]]},"properties":{"NATURE":"Industriel, agricole ou commercial","USAGE1":"Agricole","ETAT":"En service","surface":208.1908702678047,"HAUTEUR":5.1}},{"type":"Feature","geometry":{"type":"MultiPolygon","coordinates":[[[[-3.6172,48.263],[-3.6171,48.263],[-3.617,48.263],[-3.617,48.2629],[-3.6173,48.2629],[-3.6173,48.263],[-3.6172,48.263],[-3.6172,48.263]]]]},"properties":{"NATURE":"Industriel, agricole ou commercial","USAGE1":"Agricole","ETAT":"En service","surface":200.6936294962652,"HAUTEUR":3.3}},{"type":"Feature","geometry":{"type":"MultiPolygon","coordinates":[[[[-3.6212,48.2597],[-3.6212,48.2597],[-3.6215,48.2596],[-3.6215,48.2596],[-3.6216,48.2597],[-3.6213,48.2598],[-3.6212,48.2597]]]]},"properties":{"NATURE":"Industriel, agricole ou commercial","USAGE1":"Indiff\u00e9renci\u00e9","ETAT":"En service","surface":338.7430604621768,"HAUTEUR":5.9}},{"type":"Feature","geometry":{"type":"MultiPolygon","coordinates":[[[[-3.6049,48.2608],[-3.605,48.2611],[-3.6047,48.2611],[-3.6047,48.2609],[-3.6049,48.2608]]]]},"properties":{"NATURE":"Industriel, agricole ou commercial","USAGE1":"Agricole","ETAT":"En service","surface":495.1288179755211,"HAUTEUR":6.3}},{"type":"Feature","geometry":{"type":"MultiPolygon","coordinates":[[[[-3.6073,48.261],[-3.6073,48.2612],[-3.607,48.2613],[-3.6069,48.261],[-3.607,48.261],[-3.607,48.261],[-3.6073,48.261]]]]},"properties":{"NATURE":"Industriel, agricole ou commercial","USAGE1":"Indiff\u00e9renci\u00e9","ETAT":"En service","surface":719.535717273131,"HAUTEUR":3.8}},{"type":"Feature","geometry":{"type":"MultiPolygon","coordinates":[[[[-3.6016,48.2615],[-3.6016,48.2613],[-3.6023,48.2612],[-3.6023,48.2613],[-3.6016,48.2614],[-3.6016,48.2614],[-3.6018,48.2614],[-3.6018,48.2615],[-3.6017,48.2615],[-3.6016,48.2615]]]]},"properties":{"NATURE":"Industriel, agricole ou commercial","USAGE1":"Agricole","ETAT":"En service","surface":954.6127898362465,"HAUTEUR":5.2}},{"type":"Feature","geometry":{"type":"MultiPolygon","coordinates":[[[[-3.6013,48.2617],[-3.6013,48.2619],[-3.5999,48.2619],[-3.5999,48.2618],[-3.6013,48.2617]]]]},"properties":{"NATURE":"Industriel, agricole ou commercial","USAGE1":"Agricole","ETAT":"En service","surface":1812.150812689215,"HAUTEUR":4.0}},{"type":"Feature","geometry":{"type":"MultiPolygon","coordinates":[[[[-3.5999,48.2623],[-3.5999,48.2625],[-3.5998,48.2625],[-3.5997,48.2625],[-3.5997,48.2626],[-3.599,48.2626],[-3.599,48.2625],[-3.599,48.2623],[-3.5998,48.2623],[-3.5999,48.2623]]]]},"properties":{"NATURE":"Industriel, agricole ou commercial","USAGE1":"Agricole","ETAT":"En service","surface":2000.5614550644532,"HAUTEUR":4.8}},{"type":"Feature","geometry":{"type":"MultiPolygon","coordinates":[[[[-3.6038,48.2614],[-3.6039,48.2615],[-3.6035,48.2615],[-3.6035,48.2614],[-3.6035,48.2614],[-3.6035,48.2613],[-3.6036,48.2613],[-3.6036,48.2614],[-3.6038,48.2614]]]]},"properties":{"NATURE":"Industriel, agricole ou commercial","USAGE1":"Agricole","ETAT":"En service","surface":521.2688518326031,"HAUTEUR":5.6}},{"type":"Feature","geometry":{"type":"MultiPolygon","coordinates":[[[[-3.5916,48.2658],[-3.5915,48.2659],[-3.5913,48.2659],[-3.5913,48.2658],[-3.5916,48.2658]]]]},"properties":{"NATURE":"Industriel, agricole ou commercial","USAGE1":"Indiff\u00e9renci\u00e9","ETAT":"En service","surface":282.9421326278243,"HAUTEUR":4.5}},{"type":"Feature","geometry":{"type":"MultiPolygon","coordinates":[[[[-3.5944,48.2632],[-3.5945,48.2632],[-3.5947,48.2633],[-3.5946,48.2634],[-3.5944,48.2632]]]]},"properties":{"NATURE":"Industriel, agricole ou commercial","USAGE1":"Indiff\u00e9renci\u00e9","ETAT":"En service","surface":279.9350426122546,"HAUTEUR":6.4}},{"type":"Feature","geometry":{"type":"MultiPolygon","coordinates":[[[[-3.5839,48.2642],[-3.5839,48.2641],[-3.5847,48.2642],[-3.5847,48.2643],[-3.5839,48.2642]]]]},"properties":{"NATURE":"Industriel, agricole ou commercial","USAGE1":"Agricole","ETAT":"En ruine","surface":651.0273102913052,"HAUTEUR":3.3}},{"type":"Feature","geometry":{"type":"MultiPolygon","coordinates":[[[[-3.5873,48.2677],[-3.588,48.2677],[-3.588,48.2677],[-3.5881,48.2677],[-3.5881,48.2678],[-3.5873,48.2678],[-3.5873,48.2677]]]]},"properties":{"NATURE":"Industriel, agricole ou commercial","USAGE1":"Agricole","ETAT":"En service","surface":605.0507464351831,"HAUTEUR":2.8}},{"type":"Feature","geometry":{"type":"MultiPolygon","coordinates":[[[[-3.5897,48.2675],[-3.5898,48.2676],[-3.5888,48.2678],[-3.5887,48.2677],[-3.5897,48.2675]]]]},"properties":{"NATURE":"Industriel, agricole ou commercial","USAGE1":"Agricole","ETAT":"En service","surface":1187.0994636975229,"HAUTEUR":3.6}},{"type":"Feature","geometry":{"type":"MultiPolygon","coordinates":[[[[-3.5709,48.2695],[-3.5711,48.2695],[-3.5712,48.2696],[-3.5709,48.2697],[-3.5709,48.2695]]]]},"properties":{"NATURE":"Industriel, agricole ou commercial","USAGE1":"Indiff\u00e9renci\u00e9","ETAT":"En service","surface":331.70770836621523,"HAUTEUR":6.1}},{"type":"Feature","geometry":{"type":"MultiPolygon","coordinates":[[[[-3.5717,48.271],[-3.5711,48.2711],[-3.571,48.2708],[-3.5716,48.2707],[-3.5717,48.271]]]]},"properties":{"NATURE":"Industriel, agricole ou commercial","USAGE1":"Commercial et services","ETAT":"En service","surface":1664.6220372319221,"HAUTEUR":6.1}},{"type":"Feature","geometry":{"type":"MultiPolygon","coordinates":[[[[-3.566,48.2645],[-3.5661,48.2645],[-3.5662,48.2645],[-3.5664,48.2644],[-3.5663,48.2643],[-3.5667,48.2643],[-3.5667,48.2644],[-3.5665,48.2645],[-3.5665,48.2645],[-3.5665,48.2645],[-3.5666,48.2647],[-3.5662,48.2648],[-3.5661,48.2647],[-3.566,48.2647],[-3.566,48.2647],[-3.5661,48.2646],[-3.566,48.2645]]]]},"properties":{"NATURE":"Industriel, agricole ou commercial","USAGE1":"Agricole","ETAT":"En service","surface":1644.8243232727982,"HAUTEUR":9.3}},{"type":"Feature","geometry":{"type":"MultiPolygon","coordinates":[[[[-3.567,48.2633],[-3.567,48.2633],[-3.5666,48.2634],[-3.5665,48.2634],[-3.567,48.2633]]]]},"properties":{"NATURE":"Industriel, agricole ou commercial","USAGE1":"Indiff\u00e9renci\u00e9","ETAT":"En service","surface":233.42514301650226,"HAUTEUR":2.8}},{"type":"Feature","geometry":{"type":"MultiPolygon","coordinates":[[[[-3.5653,48.2648],[-3.5655,48.2647],[-3.5656,48.2647],[-3.5656,48.2647],[-3.5657,48.2648],[-3.5656,48.2648],[-3.5654,48.2649],[-3.5653,48.2648],[-3.5653,48.2648]]]]},"properties":{"NATURE":"Industriel, agricole ou commercial","USAGE1":"Indiff\u00e9renci\u00e9","ETAT":"En ruine","surface":351.2732700407505,"HAUTEUR":4.5}},{"type":"Feature","geometry":{"type":"MultiPolygon","coordinates":[[[[-3.5657,48.2645],[-3.5656,48.2645],[-3.5656,48.2645],[-3.5655,48.2643],[-3.5655,48.2643],[-3.5656,48.2643],[-3.5657,48.2643],[-3.5658,48.2645],[-3.5657,48.2645]]]]},"properties":{"NATURE":"Industriel, agricole ou commercial","USAGE1":"Agricole","ETAT":"En service","surface":311.99055436626077,"HAUTEUR":4.2}},{"type":"Feature","geometry":{"type":"MultiPolygon","coordinates":[[[[-3.5526,48.2671],[-3.5525,48.2674],[-3.5524,48.2674],[-3.5524,48.2671],[-3.5524,48.2671],[-3.5526,48.2671],[-3.5526,48.2671]]]]},"properties":{"NATURE":"Industriel, agricole ou commercial","USAGE1":"Agricole","ETAT":"En service","surface":414.6031629733043,"HAUTEUR":4.7}},{"type":"Feature","geometry":{"type":"MultiPolygon","coordinates":[[[[-3.5525,48.2676],[-3.5524,48.2677],[-3.5522,48.2677],[-3.5523,48.2676],[-3.5523,48.2675],[-3.5525,48.2676]]]]},"properties":{"NATURE":"Industriel, agricole ou commercial","USAGE1":"Agricole","ETAT":"En service","surface":349.9709345921874,"HAUTEUR":5.4}},{"type":"Feature","geometry":{"type":"MultiPolygon","coordinates":[[[[-3.533,48.2702],[-3.5318,48.27],[-3.5319,48.2698],[-3.533,48.27],[-3.533,48.2701],[-3.533,48.2701],[-3.533,48.2702]]]]},"properties":{"NATURE":"Industriel, agricole ou commercial","USAGE1":"Agricole","ETAT":"En service","surface":1447.3656096151099,"HAUTEUR":4.8}},{"type":"Feature","geometry":{"type":"MultiPolygon","coordinates":[[[[-3.5344,48.2703],[-3.5346,48.2703],[-3.5346,48.2705],[-3.5343,48.2704],[-3.5344,48.2703]]]]},"properties":{"NATURE":"Industriel, agricole ou commercial","USAGE1":"Agricole","ETAT":"En service","surface":286.54920100420713,"HAUTEUR":4.4}},{"type":"Feature","geometry":{"type":"MultiPolygon","coordinates":[[[[-3.5335,48.2705],[-3.5335,48.2706],[-3.5333,48.2706],[-3.5331,48.2706],[-3.5331,48.2705],[-3.5333,48.2705],[-3.5335,48.2705]]]]},"properties":{"NATURE":"Industriel, agricole ou commercial","USAGE1":"Agricole","ETAT":"En service","surface":299.58662062045187,"HAUTEUR":6.0}},{"type":"Feature","geometry":{"type":"MultiPolygon","coordinates":[[[[-3.542,48.2669],[-3.5419,48.2669],[-3.542,48.2667],[-3.5422,48.2667],[-3.5422,48.2667],[-3.542,48.2669]]]]},"properties":{"NATURE":"Industriel, agricole ou commercial","USAGE1":"Indiff\u00e9renci\u00e9","ETAT":"En service","surface":380.2003098875284,"HAUTEUR":5.5}},{"type":"Feature","geometry":{"type":"MultiPolygon","coordinates":[[[[-3.534,48.2706],[-3.5339,48.2706],[-3.534,48.2704],[-3.5341,48.2705],[-3.534,48.2706]]]]},"properties":{"NATURE":"Industriel, agricole ou commercial","USAGE1":"Agricole","ETAT":"En service","surface":224.94521117210388,"HAUTEUR":6.2}},{"type":"Feature","geometry":{"type":"MultiPolygon","coordinates":[[[[-3.5399,48.2748],[-3.54,48.2748],[-3.5399,48.2749],[-3.5399,48.2749],[-3.5398,48.2749],[-3.5397,48.2749],[-3.5398,48.2747],[-3.5399,48.2748]]]]},"properties":{"NATURE":"Industriel, agricole ou commercial","USAGE1":"Indiff\u00e9renci\u00e9","ETAT":"En service","surface":236.44511948898435,"HAUTEUR":4.9}},{"type":"Feature","geometry":{"type":"MultiPolygon","coordinates":[[[[-3.5417,48.2754],[-3.5418,48.2753],[-3.542,48.2753],[-3.5419,48.2755],[-3.5417,48.2754],[-3.5417,48.2754]]]]},"properties":{"NATURE":"Industriel, agricole ou commercial","USAGE1":"Indiff\u00e9renci\u00e9","ETAT":"En service","surface":232.51624650252052,"HAUTEUR":4.1}},{"type":"Feature","geometry":{"type":"MultiPolygon","coordinates":[[[[-3.5321,48.2732],[-3.5326,48.2733],[-3.5325,48.2735],[-3.5324,48.2735],[-3.5324,48.2735],[-3.5324,48.2735],[-3.5323,48.2736],[-3.532,48.2735],[-3.532,48.2734],[-3.5319,48.2734],[-3.5321,48.2732]]]]},"properties":{"NATURE":"Industriel, agricole ou commercial","USAGE1":"Commercial et services","ETAT":"En service","surface":1525.2095422148705,"HAUTEUR":4.6}},{"type":"Feature","geometry":{"type":"MultiPolygon","coordinates":[[[[-3.5315,48.2753],[-3.5317,48.2754],[-3.5316,48.2755],[-3.5315,48.2755],[-3.5313,48.2754],[-3.5314,48.2753],[-3.5315,48.2753],[-3.5315,48.2753]]]]},"properties":{"NATURE":"Industriel, agricole ou commercial","USAGE1":"Agricole","ETAT":"En service","surface":331.1500944280997,"HAUTEUR":8.0}},{"type":"Feature","geometry":{"type":"MultiPolygon","coordinates":[[[[-3.5311,48.2758],[-3.5308,48.2757],[-3.5309,48.2756],[-3.5312,48.2757],[-3.5311,48.2758]]]]},"properties":{"NATURE":"Industriel, agricole ou commercial","USAGE1":"Agricole","ETAT":"En service","surface":485.1264489144087,"HAUTEUR":4.6}},{"type":"Feature","geometry":{"type":"MultiPolygon","coordinates":[[[[-3.5313,48.2756],[-3.5308,48.2753],[-3.5309,48.2752],[-3.5314,48.2756],[-3.5313,48.2756]]]]},"properties":{"NATURE":"Industriel, agricole ou commercial","USAGE1":"Agricole","ETAT":"En service","surface":587.6291151195765,"HAUTEUR":5.6}},{"type":"Feature","geometry":{"type":"MultiPolygon","coordinates":[[[[-3.5394,48.2762],[-3.5395,48.2762],[-3.5396,48.2761],[-3.5397,48.2762],[-3.5394,48.2764],[-3.5392,48.2762],[-3.5394,48.2762]]]]},"properties":{"NATURE":"Industriel, agricole ou commercial","USAGE1":"Commercial et services","ETAT":"En service","surface":444.5125515386462,"HAUTEUR":2.1}},{"type":"Feature","geometry":{"type":"MultiPolygon","coordinates":[[[[-3.5367,48.2756],[-3.5367,48.2757],[-3.5369,48.2757],[-3.537,48.2757],[-3.537,48.2761],[-3.5367,48.2761],[-3.5366,48.2761],[-3.5366,48.2761],[-3.5366,48.2761],[-3.5363,48.2761],[-3.5363,48.2757],[-3.5366,48.2757],[-3.5366,48.2756],[-3.5367,48.2756]]]]},"properties":{"NATURE":"Industriel, agricole ou commercial","USAGE1":"Commercial et services","ETAT":"En service","surface":2276.2446359689347,"HAUTEUR":8.5}},{"type":"Feature","geometry":{"type":"MultiPolygon","coordinates":[[[[-3.9287,48.2006],[-3.9291,48.2005],[-3.9293,48.2007],[-3.9292,48.2007],[-3.9291,48.2007],[-3.9289,48.2008],[-3.9289,48.2008],[-3.9289,48.2008],[-3.9288,48.2007],[-3.9288,48.2007],[-3.9287,48.2006]]]]},"properties":{"NATURE":"Industriel, agricole ou commercial","USAGE1":"Agricole","ETAT":"En service","surface":628.5428454382345,"HAUTEUR":3.9}},{"type":"Feature","geometry":{"type":"MultiPolygon","coordinates":[[[[-3.9286,48.2004],[-3.9288,48.2003],[-3.9289,48.2004],[-3.9287,48.2005],[-3.9286,48.2004]]]]},"properties":{"NATURE":"Industriel, agricole ou commercial","USAGE1":"Agricole","ETAT":"En service","surface":256.72469720989466,"HAUTEUR":5.9}},{"type":"Feature","geometry":{"type":"MultiPolygon","coordinates":[[[[-3.9294,48.2007],[-3.9294,48.2006],[-3.9293,48.2006],[-3.9292,48.2004],[-3.9293,48.2004],[-3.9293,48.2003],[-3.9294,48.2003],[-3.9296,48.2006],[-3.9296,48.2007],[-3.9295,48.2007],[-3.9294,48.2007]]]]},"properties":{"NATURE":"Industriel, agricole ou commercial","USAGE1":"Agricole","ETAT":"En service","surface":668.2489051818848,"HAUTEUR":6.3}},{"type":"Feature","geometry":{"type":"MultiPolygon","coordinates":[[[[-3.929,48.2008],[-3.9292,48.2008],[-3.9292,48.2008],[-3.9292,48.2009],[-3.929,48.201],[-3.9289,48.2009],[-3.9289,48.2009],[-3.929,48.2008]]]]},"properties":{"NATURE":"Industriel, agricole ou commercial","USAGE1":"Agricole","ETAT":"En service","surface":334.5898061632179,"HAUTEUR":4.6}},{"type":"Feature","geometry":{"type":"MultiPolygon","coordinates":[[[[-3.9234,48.1983],[-3.9234,48.1984],[-3.9233,48.1984],[-3.9233,48.1985],[-3.9234,48.1985],[-3.9233,48.1985],[-3.9233,48.1986],[-3.9233,48.1986],[-3.9233,48.1986],[-3.9233,48.1985],[-3.9229,48.1985],[-3.923,48.1981],[-3.9233,48.1981],[-3.9232,48.1982],[-3.9234,48.1982],[-3.9234,48.1982],[-3.9234,48.1982],[-3.9234,48.1983]]]]},"properties":{"NATURE":"Industriel, agricole ou commercial","USAGE1":"Agricole","ETAT":"En service","surface":1268.2402853784151,"HAUTEUR":5.1}},{"type":"Feature","geometry":{"type":"MultiPolygon","coordinates":[[[[-3.9229,48.1985],[-3.9233,48.1985],[-3.9233,48.1986],[-3.9233,48.1986],[-3.9233,48.1987],[-3.9231,48.1986],[-3.9229,48.1986],[-3.9229,48.1986],[-3.9229,48.1986],[-3.9229,48.1985],[-3.9229,48.1985]]]]},"properties":{"NATURE":"Industriel, agricole ou commercial","USAGE1":"Agricole","ETAT":"En service","surface":445.4501075926237,"HAUTEUR":7.9}},{"type":"Feature","geometry":{"type":"MultiPolygon","coordinates":[[[[-3.9182,48.2011],[-3.9182,48.2011],[-3.9179,48.2012],[-3.9179,48.2011],[-3.9179,48.2009],[-3.9178,48.2009],[-3.9181,48.2009],[-3.9181,48.2009],[-3.9181,48.2009],[-3.9182,48.201],[-3.9182,48.2011]]]]},"properties":{"NATURE":"Industriel, agricole ou commercial","USAGE1":"Agricole","ETAT":"En service","surface":578.2708120130701,"HAUTEUR":6.4}},{"type":"Feature","geometry":{"type":"MultiPolygon","coordinates":[[[[-3.9185,48.2016],[-3.9181,48.2017],[-3.918,48.2015],[-3.9184,48.2014],[-3.9185,48.2016]]]]},"properties":{"NATURE":"Industriel, agricole ou commercial","USAGE1":"Agricole","ETAT":"En service","surface":615.1134724467993,"HAUTEUR":7.0}},{"type":"Feature","geometry":{"type":"MultiPolygon","coordinates":[[[[-3.917,48.2006],[-3.9172,48.2006],[-3.9173,48.2009],[-3.9171,48.2009],[-3.917,48.2006]]]]},"properties":{"NATURE":"Industriel, agricole ou commercial","USAGE1":"Agricole","ETAT":"En service","surface":477.92256789654493,"HAUTEUR":3.3}},{"type":"Feature","geometry":{"type":"MultiPolygon","coordinates":[[[[-3.9174,48.201],[-3.9173,48.2006],[-3.9173,48.2006],[-3.9172,48.2005],[-3.9174,48.2005],[-3.9175,48.2006],[-3.9175,48.2006],[-3.9176,48.201],[-3.9174,48.201]]]]},"properties":{"NATURE":"Industriel, agricole ou commercial","USAGE1":"Agricole","ETAT":"En service","surface":653.6336633060127,"HAUTEUR":2.9}},{"type":"Feature","geometry":{"type":"MultiPolygon","coordinates":[[[[-3.9238,48.1985],[-3.9238,48.1985],[-3.9235,48.1985],[-3.9235,48.1985],[-3.9234,48.1985],[-3.9234,48.1986],[-3.9233,48.1986],[-3.9233,48.1986],[-3.9233,48.1986],[-3.9233,48.1986],[-3.9233,48.1985],[-3.9234,48.1985],[-3.9233,48.1985],[-3.9235,48.1985],[-3.9237,48.1984],[-3.9238,48.1985]]]]},"properties":{"NATURE":"Industriel, agricole ou commercial","USAGE1":"Agricole","ETAT":"En service","surface":243.55157997866627,"HAUTEUR":5.2}},{"type":"Feature","geometry":{"type":"MultiPolygon","coordinates":[[[[-3.9238,48.1985],[-3.9238,48.1986],[-3.9238,48.1987],[-3.9237,48.1987],[-3.9237,48.1986],[-3.9235,48.1986],[-3.9235,48.1986],[-3.9235,48.1986],[-3.9235,48.1986],[-3.9234,48.1986],[-3.9234,48.1985],[-3.9235,48.1985],[-3.9235,48.1985],[-3.9238,48.1985]]]]},"properties":{"NATURE":"Industriel, agricole ou commercial","USAGE1":"Agricole","ETAT":"En service","surface":408.4919312085258,"HAUTEUR":5.3}},{"type":"Feature","geometry":{"type":"MultiPolygon","coordinates":[[[[-3.9192,48.2152],[-3.9192,48.215],[-3.9195,48.215],[-3.9195,48.2152],[-3.9192,48.2152]]]]},"properties":{"NATURE":"Industriel, agricole ou commercial","USAGE1":"Indiff\u00e9renci\u00e9","ETAT":"En service","surface":356.8374348701909,"HAUTEUR":7.1}},{"type":"Feature","geometry":{"type":"MultiPolygon","coordinates":[[[[-3.8995,48.1966],[-3.8993,48.1966],[-3.8993,48.1965],[-3.8996,48.1965],[-3.8996,48.1966],[-3.8995,48.1966]]]]},"properties":{"NATURE":"Industriel, agricole ou commercial","USAGE1":"Indiff\u00e9renci\u00e9","ETAT":"En service","surface":232.67080531269312,"HAUTEUR":4.2}},{"type":"Feature","geometry":{"type":"MultiPolygon","coordinates":[[[[-3.91,48.1964],[-3.9102,48.1964],[-3.91,48.1966],[-3.9099,48.1966],[-3.9098,48.1965],[-3.91,48.1964]]]]},"properties":{"NATURE":"Industriel, agricole ou commercial","USAGE1":"Indiff\u00e9renci\u00e9","ETAT":"En service","surface":417.1918114423752,"HAUTEUR":5.4}},{"type":"Feature","geometry":{"type":"MultiPolygon","coordinates":[[[[-3.9132,48.2046],[-3.9131,48.2047],[-3.9129,48.2047],[-3.9129,48.2047],[-3.9128,48.2047],[-3.9128,48.2047],[-3.9128,48.2047],[-3.9129,48.2046],[-3.9129,48.2046],[-3.9129,48.2046],[-3.9129,48.2046],[-3.9129,48.2046],[-3.9131,48.2046],[-3.9131,48.2046],[-3.9132,48.2046]]]]},"properties":{"NATURE":"Industriel, agricole ou commercial","USAGE1":"Indiff\u00e9renci\u00e9","ETAT":"En service","surface":311.509790774202,"HAUTEUR":3.8}},{"type":"Feature","geometry":{"type":"MultiPolygon","coordinates":[[[[-3.9091,48.1983],[-3.9091,48.1983],[-3.9091,48.1983],[-3.9092,48.199],[-3.9091,48.199],[-3.9089,48.1983],[-3.909,48.1983],[-3.909,48.1983],[-3.9091,48.1983]]]]},"properties":{"NATURE":"Industriel, agricole ou commercial","USAGE1":"Agricole","ETAT":"En service","surface":1120.17191372253,"HAUTEUR":3.6}},{"type":"Feature","geometry":{"type":"MultiPolygon","coordinates":[[[[-3.9011,48.2016],[-3.9012,48.2017],[-3.9009,48.2017],[-3.9009,48.2016],[-3.9009,48.2016],[-3.9011,48.2016]]]]},"properties":{"NATURE":"Industriel, agricole ou commercial","USAGE1":"Indiff\u00e9renci\u00e9","ETAT":"En service","surface":213.1044454742223,"HAUTEUR":4.3}},{"type":"Feature","geometry":{"type":"MultiPolygon","coordinates":[[[[-3.902,48.2022],[-3.902,48.2022],[-3.902,48.2022],[-3.9016,48.2023],[-3.9016,48.2022],[-3.902,48.2021],[-3.902,48.2022]]]]},"properties":{"NATURE":"Industriel, agricole ou commercial","USAGE1":"Agricole","ETAT":"En service","surface":420.40265673259273,"HAUTEUR":2.4}},{"type":"Feature","geometry":{"type":"MultiPolygon","coordinates":[[[[-3.9001,48.2012],[-3.9,48.2012],[-3.8999,48.2008],[-3.9,48.2008],[-3.9001,48.2012]]]]},"properties":{"NATURE":"Industriel, agricole ou commercial","USAGE1":"Agricole","ETAT":"En service","surface":303.6879164464772,"HAUTEUR":2.7}},{"type":"Feature","geometry":{"type":"MultiPolygon","coordinates":[[[[-3.9001,48.2011],[-3.9001,48.2008],[-3.9003,48.2008],[-3.9003,48.2011],[-3.9003,48.2011],[-3.9001,48.2012],[-3.9001,48.2011]]]]},"properties":{"NATURE":"Industriel, agricole ou commercial","USAGE1":"Agricole","ETAT":"En service","surface":492.35231543518603,"HAUTEUR":6.1}},{"type":"Feature","geometry":{"type":"MultiPolygon","coordinates":[[[[-3.9002,48.2005],[-3.9003,48.2007],[-3.8998,48.2007],[-3.8998,48.2005],[-3.9002,48.2005]]]]},"properties":{"NATURE":"Industriel, agricole ou commercial","USAGE1":"Agricole","ETAT":"En service","surface":703.3299813587219,"HAUTEUR":5.0}},{"type":"Feature","geometry":{"type":"MultiPolygon","coordinates":[[[[-3.9007,48.2013],[-3.9005,48.2014],[-3.9004,48.2013],[-3.9005,48.2013],[-3.9005,48.2012],[-3.9007,48.2013]]]]},"properties":{"NATURE":"Industriel, agricole ou commercial","USAGE1":"Indiff\u00e9renci\u00e9","ETAT":"En service","surface":217.82937717810273,"HAUTEUR":4.1}},{"type":"Feature","geometry":{"type":"MultiPolygon","coordinates":[[[[-3.8927,48.1966],[-3.8926,48.1967],[-3.8925,48.1965],[-3.8927,48.1964],[-3.8929,48.1966],[-3.8927,48.1966]]]]},"properties":{"NATURE":"Industriel, agricole ou commercial","USAGE1":"Indiff\u00e9renci\u00e9","ETAT":"En service","surface":387.9765550456941,"HAUTEUR":3.6}},{"type":"Feature","geometry":{"type":"MultiPolygon","coordinates":[[[[-3.8924,48.197],[-3.8925,48.1971],[-3.8923,48.1971],[-3.8922,48.1971],[-3.8921,48.1971],[-3.8919,48.197],[-3.8922,48.1968],[-3.8922,48.1968],[-3.8924,48.1967],[-3.8926,48.1969],[-3.8924,48.197]]]]},"properties":{"NATURE":"Industriel, agricole ou commercial","USAGE1":"Agricole","ETAT":"En service","surface":1247.460602350533,"HAUTEUR":4.9}},{"type":"Feature","geometry":{"type":"MultiPolygon","coordinates":[[[[-3.887,48.1993],[-3.8871,48.1992],[-3.8872,48.1995],[-3.8872,48.1996],[-3.8873,48.1996],[-3.8871,48.1997],[-3.8871,48.1996],[-3.887,48.1993]]]]},"properties":{"NATURE":"Industriel, agricole ou commercial","USAGE1":"Agricole","ETAT":"En service","surface":424.3479404996615,"HAUTEUR":4.3}},{"type":"Feature","geometry":{"type":"MultiPolygon","coordinates":[[[[-3.889,48.2001],[-3.8892,48.2004],[-3.8888,48.2005],[-3.8887,48.2003],[-3.8887,48.2003],[-3.8886,48.2002],[-3.889,48.2001]]]]},"properties":{"NATURE":"Industriel, agricole ou commercial","USAGE1":"Agricole","ETAT":"En service","surface":972.723021402955,"HAUTEUR":5.1}},{"type":"Feature","geometry":{"type":"MultiPolygon","coordinates":[[[[-3.8876,48.1995],[-3.8874,48.1995],[-3.8873,48.1993],[-3.8875,48.1993],[-3.8876,48.1995]]]]},"properties":{"NATURE":"Industriel, agricole ou commercial","USAGE1":"Agricole","ETAT":"En service","surface":298.0976585187018,"HAUTEUR":4.2}},{"type":"Feature","geometry":{"type":"MultiPolygon","coordinates":[[[[-3.8946,48.2072],[-3.8947,48.2074],[-3.8944,48.2074],[-3.8944,48.2074],[-3.8943,48.2072],[-3.8944,48.2072],[-3.8946,48.2072]]]]},"properties":{"NATURE":"Industriel, agricole ou commercial","USAGE1":"Agricole","ETAT":"En service","surface":489.5762550951913,"HAUTEUR":4.9}},{"type":"Feature","geometry":{"type":"MultiPolygon","coordinates":[[[[-3.8915,48.2041],[-3.8917,48.2046],[-3.8915,48.2046],[-3.8913,48.2041],[-3.8915,48.2041]]]]},"properties":{"NATURE":"Industriel, agricole ou commercial","USAGE1":"Agricole","ETAT":"En service","surface":1028.255938500166,"HAUTEUR":3.6}},{"type":"Feature","geometry":{"type":"MultiPolygon","coordinates":[[[[-3.8925,48.2038],[-3.8926,48.2039],[-3.8923,48.2039],[-3.8922,48.2039],[-3.8925,48.2038]]]]},"properties":{"NATURE":"Industriel, agricole ou commercial","USAGE1":"Indiff\u00e9renci\u00e9","ETAT":"En service","surface":205.0806992277503,"HAUTEUR":5.2}},{"type":"Feature","geometry":{"type":"MultiPolygon","coordinates":[[[[-3.8911,48.2038],[-3.891,48.2039],[-3.8903,48.2035],[-3.8905,48.2034],[-3.8911,48.2038],[-3.8911,48.2039],[-3.8911,48.2038]]]]},"properties":{"NATURE":"Industriel, agricole ou commercial","USAGE1":"Agricole","ETAT":"En service","surface":1032.8263796418905,"HAUTEUR":4.5}},{"type":"Feature","geometry":{"type":"MultiPolygon","coordinates":[[[[-3.8908,48.2041],[-3.8909,48.204],[-3.891,48.204],[-3.891,48.204],[-3.8913,48.2046],[-3.8911,48.2047],[-3.8909,48.2042],[-3.8908,48.2041]]]]},"properties":{"NATURE":"Industriel, agricole ou commercial","USAGE1":"Agricole","ETAT":"En service","surface":1034.9427760394756,"HAUTEUR":3.7}},{"type":"Feature","geometry":{"type":"MultiPolygon","coordinates":[[[[-3.8904,48.2037],[-3.8905,48.2037],[-3.8905,48.2037],[-3.8907,48.2039],[-3.8907,48.2039],[-3.8906,48.2039],[-3.8905,48.204],[-3.8903,48.2038],[-3.8904,48.2037]]]]},"properties":{"NATURE":"Industriel, agricole ou commercial","USAGE1":"Agricole","ETAT":"En service","surface":495.2588623613119,"HAUTEUR":7.1}},{"type":"Feature","geometry":{"type":"MultiPolygon","coordinates":[[[[-3.8918,48.2039],[-3.8917,48.2039],[-3.8917,48.2038],[-3.8915,48.2039],[-3.8909,48.2033],[-3.8911,48.2032],[-3.8918,48.2039]]]]},"properties":{"NATURE":"Industriel, agricole ou commercial","USAGE1":"Agricole","ETAT":"En service","surface":1275.2756323441863,"HAUTEUR":3.9}},{"type":"Feature","geometry":{"type":"MultiPolygon","coordinates":[[[[-3.8907,48.2031],[-3.8908,48.203],[-3.891,48.2031],[-3.8909,48.2032],[-3.8907,48.2031]]]]},"properties":{"NATURE":"Industriel, agricole ou commercial","USAGE1":"Agricole","ETAT":"En service","surface":303.16172932088375,"HAUTEUR":6.4}},{"type":"Feature","geometry":{"type":"MultiPolygon","coordinates":[[[[-3.8997,48.2012],[-3.8997,48.2012],[-3.8999,48.2012],[-3.8999,48.2013],[-3.8999,48.2013],[-3.8999,48.2014],[-3.8998,48.2013],[-3.8996,48.2013],[-3.8996,48.2012],[-3.8996,48.2012],[-3.8997,48.2012]]]]},"properties":{"NATURE":"Industriel, agricole ou commercial","USAGE1":"Agricole","ETAT":"En service","surface":356.6373706702143,"HAUTEUR":5.0}},{"type":"Feature","geometry":{"type":"MultiPolygon","coordinates":[[[[-3.8942,48.2066],[-3.8943,48.2066],[-3.8943,48.2067],[-3.8941,48.2068],[-3.8941,48.2068],[-3.8941,48.2068],[-3.8941,48.2068],[-3.894,48.2068],[-3.8939,48.2067],[-3.894,48.2067],[-3.894,48.2066],[-3.8942,48.2066]]]]},"properties":{"NATURE":"Industriel, agricole ou commercial","USAGE1":"Agricole","ETAT":"En service","surface":540.3085197480395,"HAUTEUR":5.5}},{"type":"Feature","geometry":{"type":"MultiPolygon","coordinates":[[[[-3.8941,48.2064],[-3.8937,48.2065],[-3.8937,48.2064],[-3.8941,48.2063],[-3.8941,48.2064]]]]},"properties":{"NATURE":"Industriel, agricole ou commercial","USAGE1":"Agricole","ETAT":"En service","surface":404.32932172715664,"HAUTEUR":3.5}},{"type":"Feature","geometry":{"type":"MultiPolygon","coordinates":[[[[-3.9028,48.2113],[-3.9029,48.2114],[-3.9025,48.2114],[-3.9025,48.2113],[-3.9028,48.2113]]]]},"properties":{"NATURE":"Industriel, agricole ou commercial","USAGE1":"Agricole","ETAT":"En service","surface":456.34528812021017,"HAUTEUR":4.5}},{"type":"Feature","geometry":{"type":"MultiPolygon","coordinates":[[[[-3.9046,48.2088],[-3.9046,48.2088],[-3.9046,48.2088],[-3.9046,48.2087],[-3.9049,48.2087],[-3.9048,48.2089],[-3.9045,48.2089],[-3.9046,48.2088]]]]},"properties":{"NATURE":"Industriel, agricole ou commercial","USAGE1":"Agricole","ETAT":"En service","surface":387.94659137679264,"HAUTEUR":5.4}},{"type":"Feature","geometry":{"type":"MultiPolygon","coordinates":[[[[-3.9042,48.2103],[-3.9042,48.2102],[-3.9045,48.2102],[-3.9045,48.2103],[-3.9042,48.2103]]]]},"properties":{"NATURE":"Industriel, agricole ou commercial","USAGE1":"Indiff\u00e9renci\u00e9","ETAT":"En service","surface":207.46176910214126,"HAUTEUR":4.1}},{"type":"Feature","geometry":{"type":"MultiPolygon","coordinates":[[[[-3.903,48.2082],[-3.903,48.2083],[-3.9028,48.2083],[-3.9028,48.2082],[-3.903,48.2082]]]]},"properties":{"NATURE":"Industriel, agricole ou commercial","USAGE1":"Annexe","ETAT":"En service","surface":252.9186943633831,"HAUTEUR":4.7}},{"type":"Feature","geometry":{"type":"MultiPolygon","coordinates":[[[[-3.905,48.2096],[-3.9054,48.2097],[-3.9054,48.2098],[-3.905,48.2097],[-3.905,48.2096]]]]},"properties":{"NATURE":"Industriel, agricole ou commercial","USAGE1":"Agricole","ETAT":"En service","surface":293.1644295081496,"HAUTEUR":4.5}},{"type":"Feature","geometry":{"type":"MultiPolygon","coordinates":[[[[-3.9057,48.208],[-3.9057,48.2082],[-3.9057,48.2082],[-3.9055,48.2082],[-3.9055,48.2082],[-3.9054,48.2082],[-3.9054,48.2081],[-3.9057,48.208]]]]},"properties":{"NATURE":"Industriel, agricole ou commercial","USAGE1":"Agricole","ETAT":"En service","surface":447.913194025401,"HAUTEUR":6.8}},{"type":"Feature","geometry":{"type":"MultiPolygon","coordinates":[[[[-3.9058,48.2088],[-3.9056,48.2083],[-3.9059,48.2083],[-3.9059,48.2082],[-3.9061,48.2082],[-3.9061,48.2083],[-3.9059,48.2084],[-3.9059,48.2083],[-3.9059,48.2083],[-3.9059,48.2085],[-3.906,48.2085],[-3.9061,48.2089],[-3.9061,48.209],[-3.9058,48.209],[-3.9058,48.2088]]]]},"properties":{"NATURE":"Industriel, agricole ou commercial","USAGE1":"Agricole","ETAT":"En service","surface":1680.5733080194332,"HAUTEUR":6.8}},{"type":"Feature","geometry":{"type":"MultiPolygon","coordinates":[[[[-3.9062,48.2085],[-3.9062,48.2087],[-3.906,48.2087],[-3.906,48.2085],[-3.9062,48.2085]]]]},"properties":{"NATURE":"Industriel, agricole ou commercial","USAGE1":"Agricole","ETAT":"En service","surface":200.5150289349258,"HAUTEUR":3.3}},{"type":"Feature","geometry":{"type":"MultiPolygon","coordinates":[[[[-3.9143,48.2125],[-3.9142,48.2125],[-3.9142,48.2125],[-3.914,48.2126],[-3.914,48.2125],[-3.9142,48.2124],[-3.9142,48.2124],[-3.9143,48.2125]]]]},"properties":{"NATURE":"Industriel, agricole ou commercial","USAGE1":"Agricole","ETAT":"En service","surface":208.65250424668193,"HAUTEUR":4.7}},{"type":"Feature","geometry":{"type":"MultiPolygon","coordinates":[[[[-3.9135,48.2129],[-3.9138,48.2128],[-3.9139,48.2129],[-3.9136,48.213],[-3.9135,48.2129]]]]},"properties":{"NATURE":"Industriel, agricole ou commercial","USAGE1":"Agricole","ETAT":"En service","surface":349.8561377003789,"HAUTEUR":4.4}},{"type":"Feature","geometry":{"type":"MultiPolygon","coordinates":[[[[-3.9137,48.2127],[-3.9137,48.2126],[-3.9139,48.2125],[-3.9139,48.2126],[-3.9139,48.2126],[-3.9137,48.2127],[-3.9137,48.2127]]]]},"properties":{"NATURE":"Industriel, agricole ou commercial","USAGE1":"Agricole","ETAT":"En service","surface":226.38053583633155,"HAUTEUR":5.4}},{"type":"Feature","geometry":{"type":"MultiPolygon","coordinates":[[[[-3.9137,48.2132],[-3.9136,48.2132],[-3.914,48.213],[-3.914,48.2131],[-3.9137,48.2132]]]]},"properties":{"NATURE":"Industriel, agricole ou commercial","USAGE1":"Agricole","ETAT":"En service","surface":283.36839462816715,"HAUTEUR":4.7}},{"type":"Feature","geometry":{"type":"MultiPolygon","coordinates":[[[[-3.9134,48.213],[-3.9133,48.2129],[-3.9132,48.2128],[-3.9132,48.2128],[-3.9136,48.2127],[-3.9136,48.2127],[-3.9137,48.2127],[-3.9138,48.2128],[-3.9134,48.213]]]]},"properties":{"NATURE":"Industriel, agricole ou commercial","USAGE1":"Agricole","ETAT":"En service","surface":786.2404756480828,"HAUTEUR":5.2}},{"type":"Feature","geometry":{"type":"MultiPolygon","coordinates":[[[[-3.9142,48.2122],[-3.9142,48.2122],[-3.914,48.2122],[-3.9139,48.2122],[-3.9138,48.212],[-3.9141,48.2119],[-3.9142,48.2121],[-3.9142,48.2122]]]]},"properties":{"NATURE":"Industriel, agricole ou commercial","USAGE1":"Agricole","ETAT":"En service","surface":568.6994124474004,"HAUTEUR":6.1}},{"type":"Feature","geometry":{"type":"MultiPolygon","coordinates":[[[[-3.9137,48.2134],[-3.9137,48.2133],[-3.9142,48.2131],[-3.9143,48.2132],[-3.9137,48.2134]]]]},"properties":{"NATURE":"Industriel, agricole ou commercial","USAGE1":"Agricole","ETAT":"En service","surface":292.4726235307753,"HAUTEUR":4.1}},{"type":"Feature","geometry":{"type":"MultiPolygon","coordinates":[[[[-3.8941,48.2075],[-3.8941,48.2075],[-3.894,48.2075],[-3.894,48.2073],[-3.894,48.2073],[-3.8941,48.2073],[-3.8941,48.2073],[-3.8941,48.2074],[-3.8941,48.2075],[-3.8941,48.2075]]]]},"properties":{"NATURE":"Industriel, agricole ou commercial","USAGE1":"Agricole","ETAT":"En service","surface":234.36993493393402,"HAUTEUR":3.0}},{"type":"Feature","geometry":{"type":"MultiPolygon","coordinates":[[[[-3.8998,48.2072],[-3.8997,48.2072],[-3.8998,48.2072],[-3.8996,48.2074],[-3.8995,48.2074],[-3.8995,48.2074],[-3.8994,48.2074],[-3.8994,48.2074],[-3.8993,48.2073],[-3.8993,48.2073],[-3.8993,48.2073],[-3.8995,48.2071],[-3.8998,48.2072]]]]},"properties":{"NATURE":"Industriel, agricole ou commercial","USAGE1":"Commercial et services","ETAT":"En service","surface":740.6332975272089,"HAUTEUR":5.6}},{"type":"Feature","geometry":{"type":"MultiPolygon","coordinates":[[[[-3.8994,48.2136],[-3.8994,48.2136],[-3.8993,48.2135],[-3.8993,48.2135],[-3.8996,48.2135],[-3.8996,48.2136],[-3.8994,48.2136]]]]},"properties":{"NATURE":"Industriel, agricole ou commercial","USAGE1":"Indiff\u00e9renci\u00e9","ETAT":"En service","surface":325.79143751820084,"HAUTEUR":6.2}},{"type":"Feature","geometry":{"type":"MultiPolygon","coordinates":[[[[-3.9008,48.2081],[-3.9001,48.2082],[-3.8998,48.2081],[-3.9,48.2079],[-3.9002,48.208],[-3.9003,48.2081],[-3.9003,48.2081],[-3.9003,48.2081],[-3.9004,48.2081],[-3.9005,48.2081],[-3.9004,48.208],[-3.9006,48.208],[-3.9007,48.208],[-3.9008,48.2081]]]]},"properties":{"NATURE":"Industriel, agricole ou commercial","USAGE1":"Annexe","ETAT":"En service","surface":1000.5085967141204,"HAUTEUR":8.1}},{"type":"Feature","geometry":{"type":"MultiPolygon","coordinates":[[[[-3.8875,48.2133],[-3.8874,48.2132],[-3.8875,48.2132],[-3.8876,48.2132],[-3.8876,48.2132],[-3.8877,48.2133],[-3.8875,48.2134],[-3.8875,48.2133]]]]},"properties":{"NATURE":"Industriel, agricole ou commercial","USAGE1":"Indiff\u00e9renci\u00e9","ETAT":"En service","surface":228.9530023895204,"HAUTEUR":6.9}},{"type":"Feature","geometry":{"type":"MultiPolygon","coordinates":[[[[-3.9224,48.2105],[-3.9223,48.2104],[-3.9226,48.2104],[-3.9226,48.2105],[-3.9224,48.2105]]]]},"properties":{"NATURE":"Industriel, agricole ou commercial","USAGE1":"Indiff\u00e9renci\u00e9","ETAT":"En service","surface":328.3851330787875,"HAUTEUR":4.9}},{"type":"Feature","geometry":{"type":"MultiPolygon","coordinates":[[[[-3.7606,48.204],[-3.7603,48.2038],[-3.7604,48.2037],[-3.7607,48.204],[-3.7606,48.204]]]]},"properties":{"NATURE":"Industriel, agricole ou commercial","USAGE1":"Agricole","ETAT":"En service","surface":297.6407972201705,"HAUTEUR":4.7}},{"type":"Feature","geometry":{"type":"MultiPolygon","coordinates":[[[[-3.7607,48.204],[-3.7604,48.2037],[-3.7606,48.2037],[-3.7608,48.2039],[-3.7607,48.204]]]]},"properties":{"NATURE":"Industriel, agricole ou commercial","USAGE1":"Agricole","ETAT":"En service","surface":317.4461861550808,"HAUTEUR":6.9}},{"type":"Feature","geometry":{"type":"MultiPolygon","coordinates":[[[[-3.6714,48.2499],[-3.6713,48.2497],[-3.6715,48.2497],[-3.6716,48.2499],[-3.6714,48.2499]]]]},"properties":{"NATURE":"Industriel, agricole ou commercial","USAGE1":"Agricole","ETAT":"En service","surface":384.0660203769803,"HAUTEUR":5.7}},{"type":"Feature","geometry":{"type":"MultiPolygon","coordinates":[[[[-3.6941,48.2188],[-3.6942,48.219],[-3.6938,48.2191],[-3.6938,48.2188],[-3.6938,48.2188],[-3.6941,48.2188],[-3.6941,48.2188],[-3.6941,48.2188]]]]},"properties":{"NATURE":"Industriel, agricole ou commercial","USAGE1":"Agricole","ETAT":"En service","surface":789.0983352009207,"HAUTEUR":4.7}},{"type":"Feature","geometry":{"type":"MultiPolygon","coordinates":[[[[-3.7286,48.2304],[-3.7286,48.2304],[-3.7286,48.2303],[-3.7287,48.2303],[-3.7287,48.2303],[-3.7287,48.2303],[-3.7287,48.2303],[-3.7288,48.2303],[-3.7289,48.2304],[-3.7286,48.2304]]]]},"properties":{"NATURE":"Industriel, agricole ou commercial","USAGE1":"Indiff\u00e9renci\u00e9","ETAT":"En service","surface":292.07198047381826,"HAUTEUR":5.3}},{"type":"Feature","geometry":{"type":"MultiPolygon","coordinates":[[[[-3.6924,48.2356],[-3.6923,48.2354],[-3.6924,48.2354],[-3.6924,48.2353],[-3.6924,48.2353],[-3.6925,48.2354],[-3.6925,48.2354],[-3.6924,48.2353],[-3.6925,48.2353],[-3.6925,48.2353],[-3.6933,48.235],[-3.6934,48.2352],[-3.6924,48.2356]]]]},"properties":{"NATURE":"Industriel, agricole ou commercial","USAGE1":"Agricole","ETAT":"En service","surface":1476.5684710089117,"HAUTEUR":5.8}},{"type":"Feature","geometry":{"type":"MultiPolygon","coordinates":[[[[-3.5279,47.863],[-3.5274,47.8629],[-3.5275,47.8625],[-3.5279,47.8626],[-3.5278,47.8629],[-3.5279,47.8629],[-3.5279,47.8629],[-3.5279,47.8629],[-3.5279,47.863]]]]},"properties":{"NATURE":"Industriel, agricole ou commercial","USAGE1":"Industriel","ETAT":"En service","surface":1359.1484565441497,"HAUTEUR":4.9}},{"type":"Feature","geometry":{"type":"MultiPolygon","coordinates":[[[[-3.553,47.8633],[-3.5527,47.8634],[-3.5527,47.8634],[-3.5526,47.8634],[-3.5527,47.8635],[-3.5524,47.8636],[-3.5524,47.8635],[-3.5522,47.8633],[-3.5525,47.8632],[-3.5525,47.8632],[-3.5525,47.8632],[-3.5525,47.8632],[-3.5528,47.8631],[-3.5529,47.8632],[-3.5529,47.8632],[-3.553,47.8633],[-3.553,47.8633],[-3.553,47.8633]]]]},"properties":{"NATURE":"Industriel, agricole ou commercial","USAGE1":"Industriel","ETAT":"En service","surface":1694.6840790305287,"HAUTEUR":8.7}},{"type":"Feature","geometry":{"type":"MultiPolygon","coordinates":[[[[-3.5279,47.8622],[-3.5278,47.8622],[-3.5278,47.8621],[-3.5274,47.8621],[-3.5274,47.862],[-3.5276,47.862],[-3.5276,47.862],[-3.5277,47.862],[-3.5277,47.862],[-3.5279,47.862],[-3.5279,47.8621],[-3.5279,47.8621],[-3.5279,47.8622]]]]},"properties":{"NATURE":"Industriel, agricole ou commercial","USAGE1":"Commercial et services","ETAT":"En service","surface":787.2645431027049,"HAUTEUR":6.7}},{"type":"Feature","geometry":{"type":"MultiPolygon","coordinates":[[[[-3.5277,47.8632],[-3.5271,47.8632],[-3.527,47.8632],[-3.5271,47.8631],[-3.5272,47.8631],[-3.5272,47.863],[-3.5278,47.8631],[-3.5278,47.8631],[-3.5277,47.8632],[-3.5277,47.8632]]]]},"properties":{"NATURE":"Industriel, agricole ou commercial","USAGE1":"Commercial et services","ETAT":"En service","surface":959.9761546049267,"HAUTEUR":7.5}},{"type":"Feature","geometry":{"type":"MultiPolygon","coordinates":[[[[-3.4911,47.8265],[-3.4908,47.8264],[-3.4909,47.8263],[-3.4911,47.8263],[-3.4911,47.8265]]]]},"properties":{"NATURE":"Industriel, agricole ou commercial","USAGE1":"Industriel","ETAT":"En service","surface":310.7021849527955,"HAUTEUR":4.9}},{"type":"Feature","geometry":{"type":"MultiPolygon","coordinates":[[[[-3.4919,47.8267],[-3.4918,47.8264],[-3.492,47.8264],[-3.492,47.8266],[-3.4919,47.8267]]]]},"properties":{"NATURE":"Industriel, agricole ou commercial","USAGE1":"Industriel","ETAT":"En service","surface":265.1545256897807,"HAUTEUR":4.4}},{"type":"Feature","geometry":{"type":"MultiPolygon","coordinates":[[[[-3.5036,47.843],[-3.5038,47.8431],[-3.5038,47.8431],[-3.5038,47.8432],[-3.5043,47.8433],[-3.5041,47.8439],[-3.5036,47.8439],[-3.5036,47.8437],[-3.5036,47.8437],[-3.5036,47.8435],[-3.5037,47.8435],[-3.5037,47.8434],[-3.5035,47.8434],[-3.5036,47.843]]]]},"properties":{"NATURE":"Industriel, agricole ou commercial","USAGE1":"Industriel","ETAT":"En service","surface":3719.0268412362784,"HAUTEUR":12.0}},{"type":"Feature","geometry":{"type":"MultiPolygon","coordinates":[[[[-3.5029,47.8436],[-3.5024,47.8435],[-3.5025,47.8429],[-3.5026,47.8428],[-3.5028,47.8428],[-3.5028,47.8429],[-3.5031,47.843],[-3.5029,47.8436]]]]},"properties":{"NATURE":"Industriel, agricole ou commercial","USAGE1":"Industriel","ETAT":"En service","surface":3124.3281394746155,"HAUTEUR":6.8}},{"type":"Feature","geometry":{"type":"MultiPolygon","coordinates":[[[[-3.5933,47.8707],[-3.5931,47.8706],[-3.5932,47.8705],[-3.5931,47.8705],[-3.5931,47.8704],[-3.5935,47.8705],[-3.5933,47.8707]]]]},"properties":{"NATURE":"Industriel, agricole ou commercial","USAGE1":"Commercial et services","ETAT":"En service","surface":557.8618694767356,"HAUTEUR":4.9}},{"type":"Feature","geometry":{"type":"MultiPolygon","coordinates":[[[[-3.5945,47.8654],[-3.5943,47.8652],[-3.5951,47.8648],[-3.5954,47.865],[-3.5945,47.8654]]]]},"properties":{"NATURE":"Industriel, agricole ou commercial","USAGE1":"Industriel","ETAT":"En service","surface":2530.869862794876,"HAUTEUR":12.1}},{"type":"Feature","geometry":{"type":"MultiPolygon","coordinates":[[[[-3.6096,47.8814],[-3.6096,47.8814],[-3.6093,47.8814],[-3.6093,47.8812],[-3.6096,47.8812],[-3.6096,47.8814],[-3.6096,47.8814]]]]},"properties":{"NATURE":"Industriel, agricole ou commercial","USAGE1":"Agricole","ETAT":"En service","surface":398.4799366053194,"HAUTEUR":5.7}},{"type":"Feature","geometry":{"type":"MultiPolygon","coordinates":[[[[-3.5904,47.8713],[-3.5904,47.8713],[-3.5907,47.8712],[-3.5907,47.8713],[-3.5906,47.8714],[-3.5905,47.8713],[-3.5904,47.8713],[-3.5904,47.8713]]]]},"properties":{"NATURE":"Industriel, agricole ou commercial","USAGE1":"Industriel","ETAT":"En service","surface":222.1372450310737,"HAUTEUR":7.2}},{"type":"Feature","geometry":{"type":"MultiPolygon","coordinates":[[[[-3.5932,47.8709],[-3.5931,47.8709],[-3.5931,47.8709],[-3.5929,47.8708],[-3.5929,47.8707],[-3.5932,47.8708],[-3.5932,47.8709]]]]},"properties":{"NATURE":"Industriel, agricole ou commercial","USAGE1":"Commercial et services","ETAT":"En service","surface":361.08335217740387,"HAUTEUR":6.4}},{"type":"Feature","geometry":{"type":"MultiPolygon","coordinates":[[[[-3.5803,47.863],[-3.5802,47.863],[-3.5802,47.863],[-3.58,47.8629],[-3.5801,47.8629],[-3.58,47.8629],[-3.5801,47.8627],[-3.5801,47.8627],[-3.5801,47.8627],[-3.5803,47.8627],[-3.5803,47.8627],[-3.5804,47.8628],[-3.5803,47.863]]]]},"properties":{"NATURE":"Industriel, agricole ou commercial","USAGE1":"Industriel","ETAT":"En service","surface":686.193086931482,"HAUTEUR":5.3}},{"type":"Feature","geometry":{"type":"MultiPolygon","coordinates":[[[[-3.591,47.8694],[-3.5909,47.8694],[-3.5909,47.8694],[-3.5909,47.8694],[-3.5909,47.8693],[-3.5909,47.8693],[-3.5909,47.8693],[-3.5909,47.8692],[-3.5908,47.8692],[-3.5908,47.8692],[-3.5908,47.8692],[-3.591,47.8691],[-3.5911,47.8691],[-3.5912,47.8692],[-3.591,47.8694]]]]},"properties":{"NATURE":"Industriel, agricole ou commercial","USAGE1":"Commercial et services","ETAT":"En service","surface":569.8135155276395,"HAUTEUR":7.5}},{"type":"Feature","geometry":{"type":"MultiPolygon","coordinates":[[[[-3.5915,47.8656],[-3.5915,47.8656],[-3.5915,47.8656],[-3.5915,47.8655],[-3.5916,47.8655],[-3.5917,47.8656],[-3.5916,47.8657],[-3.5915,47.8656]]]]},"properties":{"NATURE":"Industriel, agricole ou commercial","USAGE1":"Commercial et services","ETAT":"En service","surface":263.8944027405232,"HAUTEUR":5.4}},{"type":"Feature","geometry":{"type":"MultiPolygon","coordinates":[[[[-3.5919,47.8701],[-3.592,47.8701],[-3.5918,47.8699],[-3.5918,47.87],[-3.5917,47.8699],[-3.5917,47.8699],[-3.5917,47.8699],[-3.592,47.8698],[-3.5921,47.8698],[-3.592,47.8698],[-3.592,47.8698],[-3.592,47.8698],[-3.5921,47.8699],[-3.5922,47.8699],[-3.5922,47.8699],[-3.5922,47.87],[-3.5922,47.87],[-3.592,47.8701],[-3.592,47.8701],[-3.592,47.8701],[-3.592,47.8701],[-3.5919,47.8701]]]]},"properties":{"NATURE":"Industriel, agricole ou commercial","USAGE1":"Commercial et services","ETAT":"En service","surface":757.1540576168336,"HAUTEUR":8.7}},{"type":"Feature","geometry":{"type":"MultiPolygon","coordinates":[[[[-3.5743,47.8698],[-3.5741,47.8699],[-3.574,47.8696],[-3.5744,47.8695],[-3.5744,47.8695],[-3.5747,47.8694],[-3.5747,47.8695],[-3.5747,47.8695],[-3.5748,47.8697],[-3.5743,47.8698],[-3.5743,47.8698]]]]},"properties":{"NATURE":"Industriel, agricole ou commercial","USAGE1":"Commercial et services","ETAT":"En service","surface":1707.1268465016037,"HAUTEUR":9.1}},{"type":"Feature","geometry":{"type":"MultiPolygon","coordinates":[[[[-3.5687,47.8697],[-3.569,47.8696],[-3.569,47.8696],[-3.5691,47.8695],[-3.5692,47.8696],[-3.5694,47.8701],[-3.569,47.8702],[-3.5689,47.8701],[-3.5688,47.8702],[-3.5685,47.8698],[-3.5687,47.8698],[-3.5687,47.8697]]]]},"properties":{"NATURE":"Industriel, agricole ou commercial","USAGE1":"Commercial et services","ETAT":"En service","surface":2910.2328444179147,"HAUTEUR":9.1}},{"type":"Feature","geometry":{"type":"MultiPolygon","coordinates":[[[[-3.569,47.869],[-3.5688,47.869],[-3.5688,47.8691],[-3.5684,47.8692],[-3.568,47.8685],[-3.5682,47.8685],[-3.5682,47.8685],[-3.5684,47.8684],[-3.5686,47.8687],[-3.5688,47.8687],[-3.569,47.869]]]]},"properties":{"NATURE":"Industriel, agricole ou commercial","USAGE1":"Commercial et services","ETAT":"En service","surface":3543.714595850557,"HAUTEUR":9.1}},{"type":"Feature","geometry":{"type":"MultiPolygon","coordinates":[[[[-3.6109,47.8822],[-3.6109,47.8822],[-3.6109,47.8822],[-3.6109,47.8824],[-3.6107,47.8824],[-3.6107,47.8822],[-3.6109,47.8822],[-3.6109,47.8822]]]]},"properties":{"NATURE":"Industriel, agricole ou commercial","USAGE1":"Agricole","ETAT":"En service","surface":328.86207640642533,"HAUTEUR":4.0}},{"type":"Feature","geometry":{"type":"MultiPolygon","coordinates":[[[[-3.6122,47.882],[-3.6121,47.882],[-3.6121,47.882],[-3.612,47.882],[-3.612,47.8818],[-3.6122,47.8818],[-3.6122,47.882]]]]},"properties":{"NATURE":"Industriel, agricole ou commercial","USAGE1":"Agricole","ETAT":"En service","surface":393.54816842707805,"HAUTEUR":8.3}},{"type":"Feature","geometry":{"type":"MultiPolygon","coordinates":[[[[-3.5926,47.8706],[-3.5924,47.8706],[-3.5925,47.8704],[-3.5924,47.8702],[-3.5926,47.8702],[-3.5927,47.8704],[-3.5926,47.8706]]]]},"properties":{"NATURE":"Industriel, agricole ou commercial","USAGE1":"Commercial et services","ETAT":"En service","surface":702.4205003157258,"HAUTEUR":6.5}},{"type":"Feature","geometry":{"type":"MultiPolygon","coordinates":[[[[-3.5709,47.8641],[-3.5709,47.864],[-3.5713,47.8641],[-3.5713,47.8641],[-3.5715,47.8642],[-3.5715,47.8642],[-3.5709,47.8641]]]]},"properties":{"NATURE":"Industriel, agricole ou commercial","USAGE1":"Indiff\u00e9renci\u00e9","ETAT":"En service","surface":400.41823194827884,"HAUTEUR":5.4}},{"type":"Feature","geometry":{"type":"MultiPolygon","coordinates":[[[[-3.5708,47.8646],[-3.5707,47.8647],[-3.5707,47.8647],[-3.5707,47.8647],[-3.5707,47.8647],[-3.5707,47.8647],[-3.5707,47.8647],[-3.5708,47.8648],[-3.5706,47.8647],[-3.5705,47.8647],[-3.57,47.8646],[-3.5701,47.8644],[-3.5706,47.8646],[-3.5706,47.8646],[-3.5708,47.8646]]]]},"properties":{"NATURE":"Industriel, agricole ou commercial","USAGE1":"Commercial et services","ETAT":"En service","surface":1024.4566022392828,"HAUTEUR":7.4}},{"type":"Feature","geometry":{"type":"MultiPolygon","coordinates":[[[[-3.591,47.8678],[-3.5915,47.868],[-3.5913,47.8683],[-3.591,47.8682],[-3.591,47.8682],[-3.5908,47.8682],[-3.5908,47.8682],[-3.5908,47.8682],[-3.5908,47.8681],[-3.591,47.8678]]]]},"properties":{"NATURE":"Industriel, agricole ou commercial","USAGE1":"Industriel","ETAT":"En service","surface":1677.4793180259876,"HAUTEUR":8.6}},{"type":"Feature","geometry":{"type":"MultiPolygon","coordinates":[[[[-3.5699,47.8642],[-3.57,47.864],[-3.5705,47.8642],[-3.5704,47.8644],[-3.5699,47.8642]]]]},"properties":{"NATURE":"Industriel, agricole ou commercial","USAGE1":"Indiff\u00e9renci\u00e9","ETAT":"En service","surface":863.4004865661263,"HAUTEUR":10.5}},{"type":"Feature","geometry":{"type":"MultiPolygon","coordinates":[[[[-3.4907,47.8275],[-3.4907,47.8271],[-3.491,47.8271],[-3.4909,47.8275],[-3.4907,47.8275]]]]},"properties":{"NATURE":"Industriel, agricole ou commercial","USAGE1":"Industriel","ETAT":"En service","surface":951.3322695568204,"HAUTEUR":5.4}},{"type":"Feature","geometry":{"type":"MultiPolygon","coordinates":[[[[-3.506,47.8454],[-3.506,47.8455],[-3.5062,47.8453],[-3.5062,47.8453],[-3.5064,47.8454],[-3.5062,47.8456],[-3.5059,47.8455],[-3.506,47.8454]]]]},"properties":{"NATURE":"Industriel, agricole ou commercial","USAGE1":"Industriel","ETAT":"En service","surface":701.658892210573,"HAUTEUR":8.3}},{"type":"Feature","geometry":{"type":"MultiPolygon","coordinates":[[[[-3.5047,47.8437],[-3.505,47.8436],[-3.505,47.8435],[-3.5051,47.8435],[-3.5051,47.8435],[-3.5052,47.8436],[-3.5052,47.8436],[-3.5053,47.8437],[-3.5048,47.8439],[-3.5047,47.8437]]]]},"properties":{"NATURE":"Industriel, agricole ou commercial","USAGE1":"Commercial et services","ETAT":"En service","surface":1080.9059777781367,"HAUTEUR":6.9}},{"type":"Feature","geometry":{"type":"MultiPolygon","coordinates":[[[[-3.5015,47.8429],[-3.5016,47.8424],[-3.502,47.8425],[-3.502,47.8426],[-3.5021,47.8426],[-3.502,47.8429],[-3.5019,47.8429],[-3.5015,47.8429]]]]},"properties":{"NATURE":"Industriel, agricole ou commercial","USAGE1":"Indiff\u00e9renci\u00e9","ETAT":"En service","surface":1743.5292138159275,"HAUTEUR":9.0}},{"type":"Feature","geometry":{"type":"MultiPolygon","coordinates":[[[[-3.5291,47.8636],[-3.5293,47.8633],[-3.5296,47.8634],[-3.5293,47.8637],[-3.5291,47.8636]]]]},"properties":{"NATURE":"Industriel, agricole ou commercial","USAGE1":"Indiff\u00e9renci\u00e9","ETAT":"En service","surface":627.0731938183308,"HAUTEUR":5.6}},{"type":"Feature","geometry":{"type":"MultiPolygon","coordinates":[[[[-3.5278,47.8623],[-3.528,47.8623],[-3.528,47.8624],[-3.528,47.8624],[-3.5279,47.8624],[-3.5278,47.8624],[-3.5278,47.8623]]]]},"properties":{"NATURE":"Industriel, agricole ou commercial","USAGE1":"Indiff\u00e9renci\u00e9","ETAT":"En service","surface":228.8529390458716,"HAUTEUR":6.0}},{"type":"Feature","geometry":{"type":"MultiPolygon","coordinates":[[[[-3.53,47.8641],[-3.53,47.864],[-3.53,47.864],[-3.5301,47.864],[-3.5302,47.8641],[-3.5302,47.8641],[-3.5302,47.8641],[-3.5302,47.8641],[-3.5303,47.8642],[-3.5303,47.8642],[-3.5303,47.8642],[-3.5303,47.8642],[-3.5302,47.8642],[-3.5301,47.8642],[-3.5301,47.8642],[-3.5301,47.8641],[-3.53,47.8641]]]]},"properties":{"NATURE":"Industriel, agricole ou commercial","USAGE1":"Commercial et services","ETAT":"En service","surface":235.4464573073201,"HAUTEUR":4.1}},{"type":"Feature","geometry":{"type":"MultiPolygon","coordinates":[[[[-3.895,48.2034],[-3.8947,48.2034],[-3.8946,48.2032],[-3.8949,48.2031],[-3.895,48.2034]]]]},"properties":{"NATURE":"Industriel, agricole ou commercial","USAGE1":"Indiff\u00e9renci\u00e9","ETAT":"En service","surface":650.6088335625827,"HAUTEUR":5.8}},{"type":"Feature","geometry":{"type":"MultiPolygon","coordinates":[[[[-3.9025,48.2117],[-3.9024,48.2115],[-3.9025,48.2115],[-3.9025,48.2115],[-3.9033,48.2115],[-3.9034,48.2116],[-3.9025,48.2117]]]]},"properties":{"NATURE":"Industriel, agricole ou commercial","USAGE1":"Agricole","ETAT":"En service","surface":1239.7187431361526,"HAUTEUR":4.7}},{"type":"Feature","geometry":{"type":"MultiPolygon","coordinates":[[[[-3.8638,48.1941],[-3.8635,48.1942],[-3.8634,48.1942],[-3.8638,48.194],[-3.8638,48.1941]]]]},"properties":{"NATURE":"Industriel, agricole ou commercial","USAGE1":"Indiff\u00e9renci\u00e9","ETAT":"En service","surface":246.23046140745282,"HAUTEUR":4.6}},{"type":"Feature","geometry":{"type":"MultiPolygon","coordinates":[[[[-3.8199,48.2044],[-3.82,48.2044],[-3.82,48.2044],[-3.8202,48.2044],[-3.8202,48.2044],[-3.8203,48.2044],[-3.8203,48.2044],[-3.8203,48.2044],[-3.8203,48.2046],[-3.82,48.2046],[-3.82,48.2045],[-3.8199,48.2045],[-3.8199,48.2044]]]]},"properties":{"NATURE":"Industriel, agricole ou commercial","USAGE1":"Commercial et services","ETAT":"En service","surface":574.0644294945523,"HAUTEUR":5.1}},{"type":"Feature","geometry":{"type":"MultiPolygon","coordinates":[[[[-3.6376,48.2558],[-3.6373,48.2554],[-3.6375,48.2553],[-3.6379,48.2557],[-3.6376,48.2558]]]]},"properties":{"NATURE":"Industriel, agricole ou commercial","USAGE1":"Agricole","ETAT":"En service","surface":983.3166346997023,"HAUTEUR":5.4}},{"type":"Feature","geometry":{"type":"MultiPolygon","coordinates":[[[[-3.6813,48.2415],[-3.6809,48.2415],[-3.6809,48.2414],[-3.6813,48.2413],[-3.6813,48.2415]]]]},"properties":{"NATURE":"Industriel, agricole ou commercial","USAGE1":"Agricole","ETAT":"En service","surface":421.6916106417775,"HAUTEUR":5.9}},{"type":"Feature","geometry":{"type":"MultiPolygon","coordinates":[[[[-3.6831,48.2354],[-3.6832,48.2355],[-3.683,48.2356],[-3.6829,48.2355],[-3.6831,48.2354]]]]},"properties":{"NATURE":"Industriel, agricole ou commercial","USAGE1":"Commercial et services","ETAT":"En service","surface":213.18195567280054,"HAUTEUR":6.8}},{"type":"Feature","geometry":{"type":"MultiPolygon","coordinates":[[[[-3.5838,48.2555],[-3.5836,48.2556],[-3.5836,48.2556],[-3.5835,48.2556],[-3.5835,48.2556],[-3.5836,48.2556],[-3.5836,48.2556],[-3.5838,48.2556],[-3.5839,48.2556],[-3.5836,48.2557],[-3.5837,48.2558],[-3.5842,48.2557],[-3.5842,48.2558],[-3.5837,48.2559],[-3.5835,48.2556],[-3.5838,48.2555],[-3.5838,48.2555]]]]},"properties":{"NATURE":"Industriel, agricole ou commercial","USAGE1":"Agricole","ETAT":"En service","surface":754.528903594522,"HAUTEUR":4.6}},{"type":"Feature","geometry":{"type":"MultiPolygon","coordinates":[[[[-3.5331,48.2737],[-3.5333,48.2737],[-3.5332,48.2738],[-3.5333,48.2738],[-3.5333,48.2739],[-3.5334,48.2739],[-3.5333,48.2741],[-3.5332,48.274],[-3.5332,48.2741],[-3.5329,48.274],[-3.533,48.2738],[-3.533,48.2738],[-3.5331,48.2737]]]]},"properties":{"NATURE":"Industriel, agricole ou commercial","USAGE1":"Commercial et services","ETAT":"En service","surface":959.9999854564667,"HAUTEUR":6.6}},{"type":"Feature","geometry":{"type":"MultiPolygon","coordinates":[[[[-3.5705,48.2698],[-3.5698,48.2701],[-3.5697,48.27],[-3.5704,48.2697],[-3.5705,48.2698]]]]},"properties":{"NATURE":"Industriel, agricole ou commercial","USAGE1":"Indiff\u00e9renci\u00e9","ETAT":"En service","surface":463.283554431051,"HAUTEUR":8.1}},{"type":"Feature","geometry":{"type":"MultiPolygon","coordinates":[[[[-3.5293,48.2655],[-3.5295,48.2656],[-3.5293,48.2657],[-3.5291,48.2657],[-3.5293,48.2655]]]]},"properties":{"NATURE":"Industriel, agricole ou commercial","USAGE1":"Indiff\u00e9renci\u00e9","ETAT":"En service","surface":372.9588154107332,"HAUTEUR":5.2}},{"type":"Feature","geometry":{"type":"MultiPolygon","coordinates":[[[[-3.5907,48.2545],[-3.5907,48.2545],[-3.5907,48.2547],[-3.5905,48.2547],[-3.5904,48.2546],[-3.5905,48.2546],[-3.5905,48.2545],[-3.5906,48.2545],[-3.5907,48.2545]]]]},"properties":{"NATURE":"Industriel, agricole ou commercial","USAGE1":"Agricole","ETAT":"En service","surface":514.2958716964349,"HAUTEUR":4.8}},{"type":"Feature","geometry":{"type":"MultiPolygon","coordinates":[[[[-3.5382,48.2738],[-3.5387,48.274],[-3.5387,48.274],[-3.5388,48.274],[-3.5387,48.274],[-3.5385,48.2743],[-3.538,48.2741],[-3.5382,48.2738]]]]},"properties":{"NATURE":"Industriel, agricole ou commercial","USAGE1":"Commercial et services","ETAT":"En service","surface":1658.885811112821,"HAUTEUR":6.3}},{"type":"Feature","geometry":{"type":"MultiPolygon","coordinates":[[[[-3.5677,48.2689],[-3.5676,48.2687],[-3.568,48.2686],[-3.5681,48.2688],[-3.5677,48.2689]]]]},"properties":{"NATURE":"Industriel, agricole ou commercial","USAGE1":"Commercial et services","ETAT":"En service","surface":608.5934638530016,"HAUTEUR":6.1}},{"type":"Feature","geometry":{"type":"MultiPolygon","coordinates":[[[[-3.5717,48.2706],[-3.5724,48.2705],[-3.5725,48.2708],[-3.5718,48.2709],[-3.5717,48.2706]]]]},"properties":{"NATURE":"Industriel, agricole ou commercial","USAGE1":"Commercial et services","ETAT":"En service","surface":1792.144285172224,"HAUTEUR":5.5}},{"type":"Feature","geometry":{"type":"MultiPolygon","coordinates":[[[[-3.5706,48.2698],[-3.5709,48.2702],[-3.5705,48.2703],[-3.5706,48.2704],[-3.5702,48.2705],[-3.5699,48.2702],[-3.5701,48.2701],[-3.5701,48.2701],[-3.5705,48.2699],[-3.5705,48.2699],[-3.5706,48.2698]]]]},"properties":{"NATURE":"Industriel, agricole ou commercial","USAGE1":"Commercial et services","ETAT":"En service","surface":2670.0255731674843,"HAUTEUR":7.1}},{"type":"Feature","geometry":{"type":"MultiPolygon","coordinates":[[[[-3.5373,48.2713],[-3.5375,48.2714],[-3.5375,48.2715],[-3.5375,48.2715],[-3.5377,48.2715],[-3.5376,48.2717],[-3.5375,48.2717],[-3.5374,48.2717],[-3.5374,48.2717],[-3.5374,48.2715],[-3.5372,48.2715],[-3.5373,48.2713]]]]},"properties":{"NATURE":"Industriel, agricole ou commercial","USAGE1":"Commercial et services","ETAT":"En service","surface":780.5259549524635,"HAUTEUR":5.6}},{"type":"Feature","geometry":{"type":"MultiPolygon","coordinates":[[[[-3.5408,48.2714],[-3.5409,48.2714],[-3.5409,48.2715],[-3.5408,48.2715],[-3.5407,48.2715],[-3.5407,48.2717],[-3.5401,48.2717],[-3.5401,48.2714],[-3.5401,48.2714],[-3.5406,48.2714],[-3.5407,48.2714],[-3.5407,48.2714],[-3.5408,48.2714],[-3.5408,48.2714]]]]},"properties":{"NATURE":"Industriel, agricole ou commercial","USAGE1":"Industriel","ETAT":"En service","surface":1440.0762954125967,"HAUTEUR":22.2}},{"type":"Feature","geometry":{"type":"MultiPolygon","coordinates":[[[[-3.5415,48.2709],[-3.5415,48.2709],[-3.5415,48.2709],[-3.541,48.2709],[-3.5408,48.2709],[-3.5407,48.2709],[-3.5407,48.2708],[-3.5407,48.2707],[-3.5406,48.2707],[-3.5406,48.2708],[-3.5405,48.2708],[-3.5405,48.2707],[-3.5404,48.2707],[-3.5404,48.2708],[-3.5403,48.2708],[-3.5403,48.2707],[-3.5402,48.2706],[-3.5402,48.2708],[-3.5401,48.2708],[-3.5401,48.2706],[-3.54,48.2706],[-3.5395,48.2706],[-3.5395,48.2703],[-3.54,48.2703],[-3.5403,48.2703],[-3.5403,48.2702],[-3.5404,48.2702],[-3.5404,48.2703],[-3.5405,48.2703],[-3.5405,48.2702],[-3.5406,48.2702],[-3.5406,48.2703],[-3.5407,48.2703],[-3.5407,48.2702],[-3.5408,48.2702],[-3.5408,48.2703],[-3.5409,48.2703],[-3.541,48.2703],[-3.5415,48.2703],[-3.5415,48.2706],[-3.5416,48.2706],[-3.5416,48.2709],[-3.5415,48.2709]]]]},"properties":{"NATURE":"Industriel, agricole ou commercial","USAGE1":"Industriel","ETAT":"En service","surface":7479.145594663511,"HAUTEUR":51.8}},{"type":"Feature","geometry":{"type":"MultiPolygon","coordinates":[[[[-3.5421,48.2705],[-3.5426,48.2705],[-3.5439,48.2705],[-3.5439,48.2709],[-3.5433,48.2709],[-3.5433,48.2711],[-3.5435,48.2711],[-3.5435,48.2711],[-3.5427,48.2711],[-3.5427,48.2712],[-3.5425,48.2712],[-3.5425,48.2711],[-3.5425,48.2709],[-3.5426,48.2709],[-3.5426,48.2708],[-3.5423,48.2708],[-3.5421,48.2708],[-3.5421,48.2708],[-3.542,48.2708],[-3.5421,48.2708],[-3.542,48.2708],[-3.542,48.2708],[-3.542,48.2708],[-3.542,48.2707],[-3.5423,48.2707],[-3.5423,48.2706],[-3.5421,48.2706],[-3.5421,48.2705]]]]},"properties":{"NATURE":"Industriel, agricole ou commercial","USAGE1":"Industriel","ETAT":"En service","surface":6959.421403528206,"HAUTEUR":30.6}},{"type":"Feature","geometry":{"type":"MultiPolygon","coordinates":[[[[-3.6329,48.2623],[-3.6328,48.2624],[-3.6325,48.2622],[-3.6326,48.2621],[-3.6329,48.2623]]]]},"properties":{"NATURE":"Industriel, agricole ou commercial","USAGE1":"Agricole","ETAT":"En service","surface":405.73182210326195,"HAUTEUR":6.1}},{"type":"Feature","geometry":{"type":"MultiPolygon","coordinates":[[[[-3.4818,47.8376],[-3.482,47.8375],[-3.4822,47.8377],[-3.482,47.8378],[-3.4818,47.8376]]]]},"properties":{"NATURE":"Industriel, agricole ou commercial","USAGE1":"Agricole","ETAT":"En service","surface":402.1792763918638,"HAUTEUR":5.6}},{"type":"Feature","geometry":{"type":"MultiPolygon","coordinates":[[[[-3.5302,47.8601],[-3.5303,47.86],[-3.5305,47.8601],[-3.5304,47.8602],[-3.5302,47.8601]]]]},"properties":{"NATURE":"Industriel, agricole ou commercial","USAGE1":"Industriel","ETAT":"En service","surface":245.6510163769126,"HAUTEUR":4.7}},{"type":"Feature","geometry":{"type":"MultiPolygon","coordinates":[[[[-3.5286,47.861],[-3.5286,47.8612],[-3.5283,47.8612],[-3.5283,47.8611],[-3.5283,47.861],[-3.5286,47.861]]]]},"properties":{"NATURE":"Industriel, agricole ou commercial","USAGE1":"Indiff\u00e9renci\u00e9","ETAT":"En service","surface":313.0766041316092,"HAUTEUR":6.0}},{"type":"Feature","geometry":{"type":"MultiPolygon","coordinates":[[[[-3.4817,47.8377],[-3.4818,47.8376],[-3.482,47.8378],[-3.4819,47.8379],[-3.4817,47.8377]]]]},"properties":{"NATURE":"Industriel, agricole ou commercial","USAGE1":"Agricole","ETAT":"En service","surface":407.7718938589096,"HAUTEUR":5.6}},{"type":"Feature","geometry":{"type":"MultiPolygon","coordinates":[[[[-3.8894,48.2],[-3.8895,48.2003],[-3.8893,48.2003],[-3.8892,48.2001],[-3.8894,48.2]]]]},"properties":{"NATURE":"Industriel, agricole ou commercial","USAGE1":"Agricole","ETAT":"En service","surface":518.5747714936733,"HAUTEUR":5.8}},{"type":"Feature","geometry":{"type":"MultiPolygon","coordinates":[[[[-3.8897,48.1999],[-3.8898,48.2002],[-3.8897,48.2002],[-3.8896,48.2],[-3.8897,48.1999]]]]},"properties":{"NATURE":"Industriel, agricole ou commercial","USAGE1":"Agricole","ETAT":"En service","surface":312.7125062048435,"HAUTEUR":3.9}},{"type":"Feature","geometry":{"type":"MultiPolygon","coordinates":[[[[-3.8898,48.1999],[-3.8899,48.1999],[-3.89,48.2001],[-3.8899,48.2002],[-3.8898,48.1999]]]]},"properties":{"NATURE":"Industriel, agricole ou commercial","USAGE1":"Agricole","ETAT":"En service","surface":290.1793003305793,"HAUTEUR":4.1}},{"type":"Feature","geometry":{"type":"MultiPolygon","coordinates":[[[[-3.5899,47.8637],[-3.5896,47.8633],[-3.5897,47.8633],[-3.59,47.8637],[-3.5899,47.8637]]]]},"properties":{"NATURE":"Industriel, agricole ou commercial","USAGE1":"Commercial et services","ETAT":"En service","surface":286.24490225315094,"HAUTEUR":3.4}},{"type":"Feature","geometry":{"type":"MultiPolygon","coordinates":[[[[-3.5982,47.8725],[-3.5981,47.8727],[-3.5978,47.8727],[-3.598,47.8724],[-3.5982,47.8725]]]]},"properties":{"NATURE":"Industriel, agricole ou commercial","USAGE1":"Indiff\u00e9renci\u00e9","ETAT":"En service","surface":639.4049806892872,"HAUTEUR":5.3}},{"type":"Feature","geometry":{"type":"MultiPolygon","coordinates":[[[[-3.5921,47.8695],[-3.5921,47.8695],[-3.5922,47.8695],[-3.5921,47.8696],[-3.5921,47.8696],[-3.592,47.8697],[-3.592,47.8697],[-3.5918,47.8698],[-3.5916,47.8697],[-3.5918,47.8696],[-3.5917,47.8695],[-3.5917,47.8695],[-3.5919,47.8696],[-3.5921,47.8695]]]]},"properties":{"NATURE":"Industriel, agricole ou commercial","USAGE1":"Commercial et services","ETAT":"En service","surface":623.7856069486588,"HAUTEUR":5.1}},{"type":"Feature","geometry":{"type":"MultiPolygon","coordinates":[[[[-3.5919,47.8694],[-3.5921,47.8695],[-3.5919,47.8696],[-3.5917,47.8695],[-3.5917,47.8695],[-3.5919,47.8694]]]]},"properties":{"NATURE":"Industriel, agricole ou commercial","USAGE1":"Commercial et services","ETAT":"En service","surface":355.2308935201727,"HAUTEUR":6.0}},{"type":"Feature","geometry":{"type":"MultiPolygon","coordinates":[[[[-3.5893,47.8667],[-3.5891,47.8664],[-3.5893,47.8663],[-3.5894,47.8664],[-3.5893,47.8665],[-3.5894,47.8666],[-3.5898,47.8665],[-3.5898,47.8665],[-3.5899,47.8665],[-3.5899,47.8667],[-3.5893,47.8667]]]]},"properties":{"NATURE":"Industriel, agricole ou commercial","USAGE1":"Commercial et services","ETAT":"En service","surface":1006.295603733859,"HAUTEUR":6.1}},{"type":"Feature","geometry":{"type":"MultiPolygon","coordinates":[[[[-3.5866,47.871],[-3.5864,47.871],[-3.586,47.871],[-3.5859,47.8709],[-3.5864,47.8708],[-3.5865,47.8709],[-3.5866,47.871]]]]},"properties":{"NATURE":"Industriel, agricole ou commercial","USAGE1":"Commercial et services","ETAT":"En service","surface":1046.4106406792998,"HAUTEUR":5.4}},{"type":"Feature","geometry":{"type":"MultiPolygon","coordinates":[[[[-3.8192,48.2018],[-3.8192,48.2016],[-3.8192,48.2015],[-3.8202,48.2015],[-3.8202,48.2017],[-3.8202,48.2018],[-3.8205,48.2018],[-3.8205,48.2018],[-3.8197,48.2019],[-3.8197,48.2018],[-3.8192,48.2018]]]]},"properties":{"NATURE":"Industriel, agricole ou commercial","USAGE1":"Industriel","ETAT":"En service","surface":2847.1766293491237,"HAUTEUR":11.2}},{"type":"Feature","geometry":{"type":"MultiPolygon","coordinates":[[[[-3.8192,48.2014],[-3.819,48.2015],[-3.8189,48.2015],[-3.8189,48.2013],[-3.819,48.2013],[-3.8191,48.2013],[-3.8192,48.2014]]]]},"properties":{"NATURE":"Industriel, agricole ou commercial","USAGE1":"Industriel","ETAT":"En service","surface":379.79620331153274,"HAUTEUR":8.5}},{"type":"Feature","geometry":{"type":"MultiPolygon","coordinates":[[[[-3.8198,48.2022],[-3.8188,48.2023],[-3.8187,48.2019],[-3.8192,48.2018],[-3.8197,48.2018],[-3.8197,48.2019],[-3.8198,48.2022]]]]},"properties":{"NATURE":"Industriel, agricole ou commercial","USAGE1":"Industriel","ETAT":"En service","surface":3439.865774428472,"HAUTEUR":17.8}},{"type":"Feature","geometry":{"type":"MultiPolygon","coordinates":[[[[-3.8212,48.2016],[-3.8212,48.2015],[-3.8212,48.2014],[-3.8213,48.2014],[-3.8212,48.2012],[-3.8212,48.2012],[-3.8211,48.2012],[-3.8213,48.2011],[-3.8213,48.2016],[-3.8212,48.2016]]]]},"properties":{"NATURE":"Industriel, agricole ou commercial","USAGE1":"Industriel","ETAT":"En service","surface":304.65879546664655,"HAUTEUR":7.2}},{"type":"Feature","geometry":{"type":"MultiPolygon","coordinates":[[[[-3.8186,48.2012],[-3.8186,48.2012],[-3.8188,48.2012],[-3.8187,48.2008],[-3.8186,48.2008],[-3.8185,48.2006],[-3.8186,48.2006],[-3.8186,48.2008],[-3.8188,48.2007],[-3.8188,48.201],[-3.8189,48.2012],[-3.8186,48.2012]]]]},"properties":{"NATURE":"Industriel, agricole ou commercial","USAGE1":"Industriel","ETAT":"En service","surface":361.3673679670319,"HAUTEUR":7.4}},{"type":"Feature","geometry":{"type":"MultiPolygon","coordinates":[[[[-3.7639,48.2058],[-3.7636,48.2059],[-3.7635,48.2058],[-3.7634,48.2059],[-3.7633,48.2059],[-3.7633,48.206],[-3.7632,48.206],[-3.7633,48.2059],[-3.7635,48.2058],[-3.7633,48.2057],[-3.7636,48.2055],[-3.7639,48.2058]]]]},"properties":{"NATURE":"Industriel, agricole ou commercial","USAGE1":"Agricole","ETAT":"En service","surface":1115.6590747386217,"HAUTEUR":7.7}},{"type":"Feature","geometry":{"type":"MultiPolygon","coordinates":[[[[-3.5435,48.2711],[-3.5433,48.2711],[-3.5433,48.2709],[-3.5435,48.2709],[-3.5435,48.2711]]]]},"properties":{"NATURE":"Industriel, agricole ou commercial","USAGE1":"Industriel","ETAT":"En service","surface":257.4111554957926,"HAUTEUR":7.5}},{"type":"Feature","geometry":{"type":"MultiPolygon","coordinates":[[[[-3.5421,48.2706],[-3.5423,48.2706],[-3.5423,48.2707],[-3.5421,48.2707],[-3.5421,48.2706]]]]},"properties":{"NATURE":"Industriel, agricole ou commercial","USAGE1":"Industriel","ETAT":"En service","surface":262.7613700819202,"HAUTEUR":39.5}},{"type":"Feature","geometry":{"type":"MultiPolygon","coordinates":[[[[-3.5398,48.2713],[-3.5398,48.2715],[-3.5397,48.2715],[-3.5397,48.2716],[-3.5393,48.2716],[-3.5393,48.2715],[-3.539,48.2715],[-3.539,48.2715],[-3.539,48.2714],[-3.539,48.2713],[-3.5393,48.2713],[-3.5397,48.2713],[-3.5398,48.2713]]]]},"properties":{"NATURE":"Industriel, agricole ou commercial","USAGE1":"Industriel","ETAT":"En service","surface":1421.1883584877942,"HAUTEUR":12.2}},{"type":"Feature","geometry":{"type":"MultiPolygon","coordinates":[[[[-3.5415,48.2706],[-3.5415,48.2703],[-3.5416,48.2703],[-3.5416,48.2703],[-3.5416,48.2705],[-3.5421,48.2705],[-3.5421,48.2706],[-3.5421,48.2707],[-3.542,48.2707],[-3.542,48.2708],[-3.542,48.2708],[-3.542,48.2708],[-3.5421,48.2708],[-3.542,48.2708],[-3.5421,48.2708],[-3.5421,48.2708],[-3.5423,48.2708],[-3.5423,48.2708],[-3.5423,48.2712],[-3.5421,48.2712],[-3.5416,48.2712],[-3.5416,48.2711],[-3.5416,48.2711],[-3.5415,48.2711],[-3.5415,48.271],[-3.5415,48.2709],[-3.5415,48.2709],[-3.5416,48.2709],[-3.5416,48.2708],[-3.5416,48.2706],[-3.5415,48.2706]]]]},"properties":{"NATURE":"Industriel, agricole ou commercial","USAGE1":"Industriel","ETAT":"En service","surface":3805.9149480548695,"HAUTEUR":11.2}},{"type":"Feature","geometry":{"type":"MultiPolygon","coordinates":[[[[-4.0237,48.1432],[-4.0242,48.1437],[-4.024,48.1438],[-4.0241,48.1438],[-4.024,48.1438],[-4.0235,48.1433],[-4.0237,48.1432]]]]},"properties":{"NATURE":"Industriel, agricole ou commercial","USAGE1":"Agricole","ETAT":"En service","surface":1391.3100835382938,"HAUTEUR":3.2}},{"type":"Feature","geometry":{"type":"MultiPolygon","coordinates":[[[[-4.0241,48.143],[-4.0246,48.1435],[-4.0244,48.1436],[-4.0244,48.1437],[-4.0244,48.1437],[-4.0239,48.1431],[-4.0241,48.143]]]]},"properties":{"NATURE":"Industriel, agricole ou commercial","USAGE1":"Agricole","ETAT":"En service","surface":1377.4201924316585,"HAUTEUR":2.8}},{"type":"Feature","geometry":{"type":"MultiPolygon","coordinates":[[[[-4.0246,48.143],[-4.025,48.1434],[-4.0248,48.1435],[-4.0248,48.1435],[-4.0248,48.1435],[-4.0244,48.1431],[-4.0246,48.143]]]]},"properties":{"NATURE":"Industriel, agricole ou commercial","USAGE1":"Agricole","ETAT":"En service","surface":1041.9248680528253,"HAUTEUR":3.7}},{"type":"Feature","geometry":{"type":"MultiPolygon","coordinates":[[[[-3.8506,48.1951],[-3.8506,48.1952],[-3.8504,48.1952],[-3.8504,48.1953],[-3.8489,48.1952],[-3.8489,48.1949],[-3.8504,48.195],[-3.8504,48.1951],[-3.8506,48.1951]]]]},"properties":{"NATURE":"Industriel, agricole ou commercial","USAGE1":"Agricole","ETAT":"En service","surface":3409.719083559001,"HAUTEUR":4.3}},{"type":"Feature","geometry":{"type":"MultiPolygon","coordinates":[[[[-3.8488,48.1947],[-3.8488,48.1948],[-3.8486,48.1948],[-3.8486,48.1947],[-3.8488,48.1947]]]]},"properties":{"NATURE":"Industriel, agricole ou commercial","USAGE1":"Agricole","ETAT":"En service","surface":229.132574621588,"HAUTEUR":6.4}},{"type":"Feature","geometry":{"type":"MultiPolygon","coordinates":[[[[-3.5927,47.8711],[-3.5926,47.8712],[-3.5925,47.8712],[-3.5925,47.8714],[-3.5924,47.8714],[-3.5924,47.8714],[-3.5922,47.8713],[-3.5924,47.8712],[-3.5924,47.8712],[-3.5924,47.871],[-3.5926,47.871],[-3.5926,47.871],[-3.5927,47.8711]]]]},"properties":{"NATURE":"Industriel, agricole ou commercial","USAGE1":"Commercial et services","ETAT":"En service","surface":697.8389188842848,"HAUTEUR":8.4}},{"type":"Feature","geometry":{"type":"MultiPolygon","coordinates":[[[[-3.5914,48.2542],[-3.5912,48.2542],[-3.5911,48.254],[-3.5913,48.254],[-3.5914,48.2542]]]]},"properties":{"NATURE":"Industriel, agricole ou commercial","USAGE1":"Agricole","ETAT":"En service","surface":467.4154629781842,"HAUTEUR":6.5}},{"type":"Feature","geometry":{"type":"MultiPolygon","coordinates":[[[[-3.6047,48.2609],[-3.6047,48.2615],[-3.6049,48.2615],[-3.6049,48.2616],[-3.6044,48.2616],[-3.6044,48.2615],[-3.6045,48.2615],[-3.6045,48.2614],[-3.6044,48.2614],[-3.6044,48.2613],[-3.6045,48.2613],[-3.6044,48.2609],[-3.6047,48.2609]]]]},"properties":{"NATURE":"Industriel, agricole ou commercial","USAGE1":"Agricole","ETAT":"En service","surface":1547.766332265688,"HAUTEUR":7.4}},{"type":"Feature","geometry":{"type":"MultiPolygon","coordinates":[[[[-3.5409,48.2709],[-3.5408,48.2709],[-3.5408,48.2709],[-3.5408,48.2709],[-3.5408,48.2709],[-3.541,48.2709],[-3.5413,48.2709],[-3.5413,48.2711],[-3.5412,48.2711],[-3.5412,48.2712],[-3.5411,48.2712],[-3.5411,48.2711],[-3.5409,48.2711],[-3.5409,48.2709]]]]},"properties":{"NATURE":"Industriel, agricole ou commercial","USAGE1":"Industriel","ETAT":"En service","surface":1054.9688013603622,"HAUTEUR":15.1}},{"type":"Feature","geometry":{"type":"MultiPolygon","coordinates":[[[[-3.5415,48.2711],[-3.5416,48.2711],[-3.5416,48.2711],[-3.5416,48.2712],[-3.5421,48.2712],[-3.5423,48.2712],[-3.5423,48.2715],[-3.5422,48.2715],[-3.5416,48.2715],[-3.5416,48.2713],[-3.5415,48.2713],[-3.5415,48.2711]]]]},"properties":{"NATURE":"Industriel, agricole ou commercial","USAGE1":"Industriel","ETAT":"En service","surface":2011.1074181647928,"HAUTEUR":17.5}},{"type":"Feature","geometry":{"type":"MultiPolygon","coordinates":[[[[-3.5365,48.2757],[-3.5365,48.2756],[-3.5365,48.2756],[-3.5366,48.2756],[-3.5367,48.2756],[-3.5368,48.2756],[-3.5368,48.2756],[-3.5369,48.2756],[-3.5369,48.2757],[-3.5367,48.2757],[-3.5367,48.2756],[-3.5366,48.2756],[-3.5366,48.2757],[-3.5365,48.2757]]]]},"properties":{"NATURE":"Industriel, agricole ou commercial","USAGE1":"Commercial et services","ETAT":"En service","surface":203.74381853127852,"HAUTEUR":5.2}},{"type":"Feature","geometry":{"type":"MultiPolygon","coordinates":[[[[-4.0393,48.1703],[-4.0393,48.1701],[-4.0394,48.1701],[-4.0394,48.1703],[-4.0393,48.1703]]]]},"properties":{"NATURE":"Industriel, agricole ou commercial","USAGE1":"Agricole","ETAT":"En service","surface":222.31610648700735,"HAUTEUR":5.0}},{"type":"Feature","geometry":{"type":"MultiPolygon","coordinates":[[[[-4.0365,48.1658],[-4.0354,48.1661],[-4.0352,48.1658],[-4.0361,48.1655],[-4.0361,48.1656],[-4.0362,48.1655],[-4.0365,48.1658]]]]},"properties":{"NATURE":"Industriel, agricole ou commercial","USAGE1":"Industriel","ETAT":"En service","surface":3527.652223292738,"HAUTEUR":10.0}},{"type":"Feature","geometry":{"type":"MultiPolygon","coordinates":[[[[-4.0495,48.1508],[-4.0494,48.1506],[-4.0494,48.1506],[-4.0493,48.1505],[-4.0498,48.1504],[-4.0498,48.1504],[-4.0499,48.1504],[-4.0499,48.1504],[-4.0498,48.1504],[-4.0499,48.1506],[-4.05,48.1506],[-4.05,48.1506],[-4.05,48.1506],[-4.0501,48.1506],[-4.05,48.1506],[-4.05,48.1506],[-4.0497,48.1507],[-4.0497,48.1507],[-4.0496,48.1507],[-4.0496,48.1507],[-4.0495,48.1508]]]]},"properties":{"NATURE":"Industriel, agricole ou commercial","USAGE1":"Agricole","ETAT":"En service","surface":1192.8305074200616,"HAUTEUR":5.3}},{"type":"Feature","geometry":{"type":"MultiPolygon","coordinates":[[[[-4.0445,48.1697],[-4.0446,48.1696],[-4.0443,48.1695],[-4.0445,48.169],[-4.0446,48.169],[-4.0447,48.169],[-4.0447,48.169],[-4.0449,48.1691],[-4.0449,48.1691],[-4.0451,48.1692],[-4.045,48.1694],[-4.0448,48.1694],[-4.0447,48.1696],[-4.0448,48.1696],[-4.0447,48.1696],[-4.0449,48.1697],[-4.0448,48.1699],[-4.0448,48.1699],[-4.0447,48.1699],[-4.0445,48.1699],[-4.0445,48.1698],[-4.0444,48.1698],[-4.0445,48.1696],[-4.0445,48.1697]]]]},"properties":{"NATURE":"Industriel, agricole ou commercial","USAGE1":"Agricole","ETAT":"En ruine","surface":3520.06127633946,"HAUTEUR":9.1}},{"type":"Feature","geometry":{"type":"MultiPolygon","coordinates":[[[[-4.0284,48.2123],[-4.0285,48.2122],[-4.0285,48.2123],[-4.0286,48.2122],[-4.0298,48.2125],[-4.0297,48.2127],[-4.0296,48.2127],[-4.0296,48.2127],[-4.0289,48.2126],[-4.0289,48.2126],[-4.0289,48.2126],[-4.0289,48.2126],[-4.0284,48.2125],[-4.0284,48.2125],[-4.0284,48.2125],[-4.0285,48.2123],[-4.0284,48.2123]]]]},"properties":{"NATURE":"Industriel, agricole ou commercial","USAGE1":"Agricole","ETAT":"En service","surface":3071.74821069499,"HAUTEUR":5.5}},{"type":"Feature","geometry":{"type":"MultiPolygon","coordinates":[[[[-3.6713,48.2497],[-3.6713,48.2495],[-3.6713,48.2495],[-3.6714,48.2495],[-3.6715,48.2496],[-3.6713,48.2497]]]]},"properties":{"NATURE":"Industriel, agricole ou commercial","USAGE1":"Agricole","ETAT":"En service","surface":248.95380217395723,"HAUTEUR":5.0}},{"type":"Feature","geometry":{"type":"MultiPolygon","coordinates":[[[[-3.6718,48.2506],[-3.6718,48.2505],[-3.6725,48.2503],[-3.6725,48.2504],[-3.6718,48.2506]]]]},"properties":{"NATURE":"Industriel, agricole ou commercial","USAGE1":"Agricole","ETAT":"En service","surface":948.6530960574746,"HAUTEUR":5.3}},{"type":"Feature","geometry":{"type":"MultiPolygon","coordinates":[[[[-3.6712,48.2413],[-3.671,48.2411],[-3.6711,48.2411],[-3.6713,48.2412],[-3.6712,48.2413]]]]},"properties":{"NATURE":"Industriel, agricole ou commercial","USAGE1":"Indiff\u00e9renci\u00e9","ETAT":"En service","surface":216.0234797373414,"HAUTEUR":4.2}},{"type":"Feature","geometry":{"type":"MultiPolygon","coordinates":[[[[-3.8207,48.2017],[-3.8205,48.2018],[-3.8204,48.2017],[-3.8204,48.2016],[-3.8205,48.2016],[-3.8207,48.2016],[-3.8207,48.2016],[-3.8207,48.2016],[-3.8207,48.2016],[-3.8207,48.2017]]]]},"properties":{"NATURE":"Industriel, agricole ou commercial","USAGE1":"Industriel","ETAT":"En service","surface":258.2759385991376,"HAUTEUR":13.6}},{"type":"Feature","geometry":{"type":"MultiPolygon","coordinates":[[[[-3.8259,48.2075],[-3.8258,48.2072],[-3.8259,48.2072],[-3.8259,48.2072],[-3.8259,48.2072],[-3.826,48.2075],[-3.8259,48.2075],[-3.826,48.2075],[-3.8259,48.2075]]]]},"properties":{"NATURE":"Industriel, agricole ou commercial","USAGE1":"Indiff\u00e9renci\u00e9","ETAT":"En service","surface":247.5334113042336,"HAUTEUR":4.4}},{"type":"Feature","geometry":{"type":"MultiPolygon","coordinates":[[[[-3.8704,48.2039],[-3.8701,48.2038],[-3.8701,48.2037],[-3.8701,48.2038],[-3.8703,48.2038],[-3.8703,48.2038],[-3.8705,48.2038],[-3.8704,48.2039]]]]},"properties":{"NATURE":"Industriel, agricole ou commercial","USAGE1":"Agricole","ETAT":"En service","surface":302.6009069867432,"HAUTEUR":5.5}},{"type":"Feature","geometry":{"type":"MultiPolygon","coordinates":[[[[-3.8696,48.2032],[-3.8698,48.2033],[-3.8697,48.2034],[-3.8695,48.2035],[-3.8696,48.2035],[-3.8695,48.2035],[-3.8694,48.2035],[-3.8696,48.2032]]]]},"properties":{"NATURE":"Industriel, agricole ou commercial","USAGE1":"Agricole","ETAT":"En service","surface":461.5043647456914,"HAUTEUR":5.2}},{"type":"Feature","geometry":{"type":"MultiPolygon","coordinates":[[[[-3.8746,48.2096],[-3.8748,48.2095],[-3.8748,48.2095],[-3.875,48.2099],[-3.8747,48.2099],[-3.8746,48.2096]]]]},"properties":{"NATURE":"Industriel, agricole ou commercial","USAGE1":"Agricole","ETAT":"En service","surface":840.3382431808859,"HAUTEUR":2.1}},{"type":"Feature","geometry":{"type":"MultiPolygon","coordinates":[[[[-3.8743,48.2095],[-3.874,48.2095],[-3.8739,48.2094],[-3.8742,48.2093],[-3.8743,48.2095]]]]},"properties":{"NATURE":"Industriel, agricole ou commercial","USAGE1":"Agricole","ETAT":"En service","surface":438.0975754633546,"HAUTEUR":5.9}},{"type":"Feature","geometry":{"type":"MultiPolygon","coordinates":[[[[-3.589,47.8626],[-3.5892,47.8629],[-3.5891,47.8629],[-3.5889,47.8627],[-3.589,47.8626]]]]},"properties":{"NATURE":"Industriel, agricole ou commercial","USAGE1":"Agricole","ETAT":"En service","surface":252.870177552104,"HAUTEUR":3.2}},{"type":"Feature","geometry":{"type":"MultiPolygon","coordinates":[[[[-3.5654,47.8703],[-3.5653,47.8702],[-3.5652,47.8702],[-3.5652,47.8702],[-3.5652,47.8702],[-3.565,47.8702],[-3.565,47.8702],[-3.5653,47.8701],[-3.5653,47.8702],[-3.5654,47.8702],[-3.5654,47.8702],[-3.5654,47.8702],[-3.5656,47.8702],[-3.5656,47.8702],[-3.5654,47.8703]]]]},"properties":{"NATURE":"Industriel, agricole ou commercial","USAGE1":"Commercial et services","ETAT":"En service","surface":226.8337692185305,"HAUTEUR":9.6}},{"type":"Feature","geometry":{"type":"MultiPolygon","coordinates":[[[[-3.5672,47.8703],[-3.5673,47.8703],[-3.5671,47.8704],[-3.5671,47.8704],[-3.5669,47.8705],[-3.5663,47.8706],[-3.5661,47.8706],[-3.5661,47.8705],[-3.5661,47.8705],[-3.5667,47.8704],[-3.5667,47.8704],[-3.5672,47.8703]]]]},"properties":{"NATURE":"Industriel, agricole ou commercial","USAGE1":"Commercial et services","ETAT":"En service","surface":877.5599254667759,"HAUTEUR":8.5}},{"type":"Feature","geometry":{"type":"MultiPolygon","coordinates":[[[[-3.5888,47.8627],[-3.589,47.8629],[-3.5889,47.863],[-3.5888,47.8627],[-3.5888,47.8627]]]]},"properties":{"NATURE":"Industriel, agricole ou commercial","USAGE1":"Agricole","ETAT":"En service","surface":253.18060768395662,"HAUTEUR":3.7}},{"type":"Feature","geometry":{"type":"MultiPolygon","coordinates":[[[[-3.5942,47.8705],[-3.5943,47.8704],[-3.5946,47.8704],[-3.5946,47.8705],[-3.5942,47.8705]]]]},"properties":{"NATURE":"Industriel, agricole ou commercial","USAGE1":"Commercial et services","ETAT":"En service","surface":265.96610951423645,"HAUTEUR":4.1}},{"type":"Feature","geometry":{"type":"MultiPolygon","coordinates":[[[[-3.5887,47.8628],[-3.5889,47.863],[-3.5888,47.863],[-3.5886,47.8628],[-3.5887,47.8628]]]]},"properties":{"NATURE":"Industriel, agricole ou commercial","USAGE1":"Agricole","ETAT":"En service","surface":257.1959768086672,"HAUTEUR":3.6}},{"type":"Feature","geometry":{"type":"MultiPolygon","coordinates":[[[[-3.5923,47.8697],[-3.5924,47.8699],[-3.5923,47.8699],[-3.5923,47.8699],[-3.5923,47.87],[-3.5922,47.87],[-3.5922,47.87],[-3.5922,47.87],[-3.5922,47.8699],[-3.5922,47.8699],[-3.5921,47.8699],[-3.5921,47.8698],[-3.5922,47.8698],[-3.5923,47.8697]]]]},"properties":{"NATURE":"Industriel, agricole ou commercial","USAGE1":"Commercial et services","ETAT":"En service","surface":395.99542102310807,"HAUTEUR":7.5}},{"type":"Feature","geometry":{"type":"MultiPolygon","coordinates":[[[[-3.5068,47.8455],[-3.5066,47.8457],[-3.5064,47.8458],[-3.5064,47.8458],[-3.5064,47.8459],[-3.5063,47.8459],[-3.5063,47.8459],[-3.5063,47.8459],[-3.5063,47.846],[-3.5062,47.846],[-3.5061,47.846],[-3.5061,47.8461],[-3.5061,47.8461],[-3.5061,47.8461],[-3.506,47.8461],[-3.506,47.8462],[-3.506,47.8462],[-3.5059,47.8462],[-3.5057,47.8461],[-3.5063,47.8456],[-3.5065,47.8454],[-3.5068,47.8455]]]]},"properties":{"NATURE":"Industriel, agricole ou commercial","USAGE1":"Industriel","ETAT":"En service","surface":2110.8790322230197,"HAUTEUR":7.5}},{"type":"Feature","geometry":{"type":"MultiPolygon","coordinates":[[[[-3.5024,47.8434],[-3.502,47.8434],[-3.5021,47.8431],[-3.5025,47.8432],[-3.5024,47.8434]]]]},"properties":{"NATURE":"Industriel, agricole ou commercial","USAGE1":"Industriel","ETAT":"En service","surface":804.4650770351291,"HAUTEUR":6.1}},{"type":"Feature","geometry":{"type":"MultiPolygon","coordinates":[[[[-3.5323,47.8609],[-3.5326,47.861],[-3.5325,47.8611],[-3.5323,47.861],[-3.5323,47.8609]]]]},"properties":{"NATURE":"Industriel, agricole ou commercial","USAGE1":"Indiff\u00e9renci\u00e9","ETAT":"En service","surface":239.12203414738178,"HAUTEUR":3.0}},{"type":"Feature","geometry":{"type":"MultiPolygon","coordinates":[[[[-3.5446,47.8528],[-3.5445,47.8525],[-3.5444,47.8525],[-3.5443,47.8523],[-3.5443,47.8523],[-3.5443,47.8523],[-3.5443,47.8522],[-3.5444,47.8524],[-3.5444,47.8524],[-3.5444,47.8524],[-3.5445,47.8524],[-3.5445,47.8524],[-3.5446,47.8525],[-3.5447,47.8527],[-3.5447,47.8527],[-3.5448,47.8527],[-3.5446,47.8528]]]]},"properties":{"NATURE":"Industriel, agricole ou commercial","USAGE1":"Agricole","ETAT":"En service","surface":506.77604133915156,"HAUTEUR":4.5}},{"type":"Feature","geometry":{"type":"MultiPolygon","coordinates":[[[[-3.5287,47.8603],[-3.5287,47.8605],[-3.5284,47.8604],[-3.5284,47.8603],[-3.5286,47.8603],[-3.5286,47.8603],[-3.5287,47.8603]]]]},"properties":{"NATURE":"Industriel, agricole ou commercial","USAGE1":"Indiff\u00e9renci\u00e9","ETAT":"En service","surface":416.3008658653125,"HAUTEUR":4.6}},{"type":"Feature","geometry":{"type":"MultiPolygon","coordinates":[[[[-3.5003,47.8415],[-3.5006,47.8417],[-3.5002,47.842],[-3.5002,47.842],[-3.4997,47.8424],[-3.4993,47.8422],[-3.4994,47.8422],[-3.4993,47.8421],[-3.4995,47.842],[-3.4995,47.8421],[-3.4999,47.8418],[-3.5003,47.8415]]]]},"properties":{"NATURE":"Industriel, agricole ou commercial","USAGE1":"Industriel","ETAT":"En service","surface":3970.028490323806,"HAUTEUR":10.9}},{"type":"Feature","geometry":{"type":"MultiPolygon","coordinates":[[[[-3.5318,47.8641],[-3.5318,47.8642],[-3.5316,47.8641],[-3.5316,47.8641],[-3.5315,47.8641],[-3.5315,47.8641],[-3.5314,47.864],[-3.5315,47.8639],[-3.5317,47.864],[-3.5316,47.864],[-3.5318,47.8641]]]]},"properties":{"NATURE":"Industriel, agricole ou commercial","USAGE1":"Industriel","ETAT":"En service","surface":380.6667025908828,"HAUTEUR":5.6}},{"type":"Feature","geometry":{"type":"MultiPolygon","coordinates":[[[[-3.4902,47.8272],[-3.4901,47.8272],[-3.4901,47.827],[-3.4903,47.827],[-3.4902,47.8272]]]]},"properties":{"NATURE":"Industriel, agricole ou commercial","USAGE1":"Industriel","ETAT":"En service","surface":251.02498544566333,"HAUTEUR":4.0}},{"type":"Feature","geometry":{"type":"MultiPolygon","coordinates":[[[[-3.5287,48.2658],[-3.5288,48.2659],[-3.5286,48.2661],[-3.5285,48.266],[-3.5287,48.2658]]]]},"properties":{"NATURE":"Industriel, agricole ou commercial","USAGE1":"Agricole","ETAT":"En service","surface":265.6154598593712,"HAUTEUR":4.3}},{"type":"Feature","geometry":{"type":"MultiPolygon","coordinates":[[[[-3.5383,48.27],[-3.538,48.2702],[-3.5379,48.2701],[-3.538,48.2701],[-3.5379,48.2701],[-3.5381,48.2699],[-3.5382,48.2699],[-3.5383,48.27]]]]},"properties":{"NATURE":"Industriel, agricole ou commercial","USAGE1":"Indiff\u00e9renci\u00e9","ETAT":"En service","surface":468.88384560868144,"HAUTEUR":null}},{"type":"Feature","geometry":{"type":"MultiPolygon","coordinates":[[[[-3.6386,48.2507],[-3.6386,48.2507],[-3.6384,48.2508],[-3.6382,48.2506],[-3.6383,48.2505],[-3.6384,48.2505],[-3.6386,48.2507]]]]},"properties":{"NATURE":"Industriel, agricole ou commercial","USAGE1":"Industriel","ETAT":"En service","surface":455.0300964899361,"HAUTEUR":null}},{"type":"Feature","geometry":{"type":"MultiPolygon","coordinates":[[[[-3.6395,48.2504],[-3.6391,48.2506],[-3.6385,48.2498],[-3.6388,48.2496],[-3.6395,48.2504]]]]},"properties":{"NATURE":"Industriel, agricole ou commercial","USAGE1":"Industriel","ETAT":"En service","surface":3023.759407877922,"HAUTEUR":null}},{"type":"Feature","geometry":{"type":"MultiPolygon","coordinates":[[[[-3.5885,47.8641],[-3.5884,47.8642],[-3.5882,47.864],[-3.5883,47.8639],[-3.5885,47.8641]]]]},"properties":{"NATURE":"Industriel, agricole ou commercial","USAGE1":"Indiff\u00e9renci\u00e9","ETAT":"En service","surface":245.24968566000462,"HAUTEUR":null}},{"type":"Feature","geometry":{"type":"MultiPolygon","coordinates":[[[[-3.4899,47.8349],[-3.4897,47.835],[-3.4892,47.8346],[-3.4894,47.8345],[-3.4899,47.8349]]]]},"properties":{"NATURE":"Industriel, agricole ou commercial","USAGE1":"Agricole","ETAT":"En service","surface":1226.0925074517727,"HAUTEUR":null}},{"type":"Feature","geometry":{"type":"MultiPolygon","coordinates":[[[[-3.6409,48.2513],[-3.6408,48.2513],[-3.6402,48.2515],[-3.6401,48.2514],[-3.6405,48.2512],[-3.6406,48.2512],[-3.6407,48.2511],[-3.6407,48.2511],[-3.6409,48.2513]]]]},"properties":{"NATURE":"Industriel, agricole ou commercial","USAGE1":"Industriel","ETAT":"En service","surface":1012.1693475288339,"HAUTEUR":null}},{"type":"Feature","geometry":{"type":"MultiPolygon","coordinates":[[[[-4.0389,48.1634],[-4.0388,48.1639],[-4.0384,48.1639],[-4.037,48.1637],[-4.0372,48.1633],[-4.0372,48.1632],[-4.0375,48.1632],[-4.0377,48.1632],[-4.0379,48.1633],[-4.0381,48.1633],[-4.0381,48.1633],[-4.0383,48.1633],[-4.0383,48.1633],[-4.0383,48.1633],[-4.0386,48.1633],[-4.0389,48.1634]]]]},"properties":{"NATURE":"Industriel, agricole ou commercial","USAGE1":"Indiff\u00e9renci\u00e9","ETAT":"En service","surface":7911.320817842381,"HAUTEUR":null}},{"type":"Feature","geometry":{"type":"MultiPolygon","coordinates":[[[[-3.8198,48.1958],[-3.8198,48.196],[-3.8194,48.196],[-3.8194,48.1959],[-3.8198,48.1958]]]]},"properties":{"NATURE":"Industriel, agricole ou commercial","USAGE1":"Commercial et services","ETAT":"En service","surface":480.91805154271424,"HAUTEUR":null}},{"type":"Feature","geometry":{"type":"MultiPolygon","coordinates":[[[[-3.5414,48.2726],[-3.5413,48.2729],[-3.5413,48.273],[-3.5412,48.273],[-3.541,48.273],[-3.541,48.273],[-3.5411,48.2729],[-3.5411,48.2726],[-3.5412,48.2726],[-3.5412,48.2727],[-3.5413,48.2727],[-3.5413,48.2726],[-3.5414,48.2726]]]]},"properties":{"NATURE":"Industriel, agricole ou commercial","USAGE1":"Indiff\u00e9renci\u00e9","ETAT":"En service","surface":816.9746270680334,"HAUTEUR":null}},{"type":"Feature","geometry":{"type":"MultiPolygon","coordinates":[[[[-3.5274,47.8636],[-3.5274,47.8638],[-3.5271,47.8638],[-3.5272,47.8636],[-3.5273,47.8636],[-3.5274,47.8636]]]]},"properties":{"NATURE":"Industriel, agricole ou commercial","USAGE1":"Indiff\u00e9renci\u00e9","ETAT":"En service","surface":475.3891643229872,"HAUTEUR":null}},{"type":"Feature","geometry":{"type":"MultiPolygon","coordinates":[[[[-3.5714,48.2705],[-3.5712,48.2705],[-3.5712,48.2705],[-3.5712,48.2705],[-3.5712,48.2705],[-3.5712,48.2705],[-3.5711,48.2703],[-3.5712,48.2703],[-3.5712,48.2703],[-3.5714,48.2705]]]]},"properties":{"NATURE":"Industriel, agricole ou commercial","USAGE1":"Indiff\u00e9renci\u00e9","ETAT":"En service","surface":305.39723598444834,"HAUTEUR":null}},{"type":"Feature","geometry":{"type":"MultiPolygon","coordinates":[[[[-3.5296,47.862],[-3.5293,47.8622],[-3.5292,47.862],[-3.5294,47.8619],[-3.5296,47.862]]]]},"properties":{"NATURE":"Industriel, agricole ou commercial","USAGE1":"Indiff\u00e9renci\u00e9","ETAT":"En service","surface":403.79346242547035,"HAUTEUR":null}},{"type":"Feature","geometry":{"type":"MultiPolygon","coordinates":[[[[-3.53,47.8615],[-3.5297,47.8616],[-3.5296,47.8615],[-3.5299,47.8614],[-3.53,47.8615]]]]},"properties":{"NATURE":"Industriel, agricole ou commercial","USAGE1":"Indiff\u00e9renci\u00e9","ETAT":"En service","surface":369.29718843102455,"HAUTEUR":null}},{"type":"Feature","geometry":{"type":"MultiPolygon","coordinates":[[[[-3.5292,47.8608],[-3.5291,47.8609],[-3.5289,47.8607],[-3.5291,47.8606],[-3.5292,47.8608]]]]},"properties":{"NATURE":"Industriel, agricole ou commercial","USAGE1":"Indiff\u00e9renci\u00e9","ETAT":"En service","surface":297.27039186656475,"HAUTEUR":null}},{"type":"Feature","geometry":{"type":"MultiPolygon","coordinates":[[[[-3.5301,47.8619],[-3.5297,47.8621],[-3.5296,47.8619],[-3.5297,47.8619],[-3.53,47.8617],[-3.5301,47.8619]]]]},"properties":{"NATURE":"Industriel, agricole ou commercial","USAGE1":"Indiff\u00e9renci\u00e9","ETAT":"En service","surface":683.1194558441639,"HAUTEUR":null}},{"type":"Feature","geometry":{"type":"MultiPolygon","coordinates":[[[[-3.5297,47.8613],[-3.5295,47.8614],[-3.5294,47.8613],[-3.5296,47.8612],[-3.5297,47.8613]]]]},"properties":{"NATURE":"Industriel, agricole ou commercial","USAGE1":"Indiff\u00e9renci\u00e9","ETAT":"En service","surface":222.49458768963814,"HAUTEUR":null}},{"type":"Feature","geometry":{"type":"MultiPolygon","coordinates":[[[[-3.6734,48.2502],[-3.6732,48.2503],[-3.6733,48.2503],[-3.6731,48.2504],[-3.6729,48.2504],[-3.6729,48.2503],[-3.6729,48.2503],[-3.6728,48.2502],[-3.6728,48.2502],[-3.6728,48.2501],[-3.673,48.25],[-3.673,48.2501],[-3.6733,48.25],[-3.6733,48.2501],[-3.6734,48.2502]]]]},"properties":{"NATURE":"Industriel, agricole ou commercial","USAGE1":"Indiff\u00e9renci\u00e9","ETAT":"En service","surface":1156.391667271033,"HAUTEUR":null}},{"type":"Feature","geometry":{"type":"MultiPolygon","coordinates":[[[[-3.5917,47.8708],[-3.5916,47.871],[-3.5915,47.8709],[-3.5913,47.8708],[-3.5915,47.8707],[-3.5917,47.8708]]]]},"properties":{"NATURE":"Industriel, agricole ou commercial","USAGE1":"Commercial et services","ETAT":"En service","surface":380.2740546166897,"HAUTEUR":null}},{"type":"Feature","geometry":{"type":"MultiPolygon","coordinates":[[[[-3.5375,48.2736],[-3.5375,48.2736],[-3.537,48.2736],[-3.537,48.2735],[-3.5369,48.2735],[-3.5371,48.2724],[-3.5373,48.2724],[-3.5373,48.2724],[-3.5377,48.2725],[-3.5377,48.2725],[-3.5377,48.2725],[-3.5375,48.2736]]]]},"properties":{"NATURE":"Industriel, agricole ou commercial","USAGE1":"Indiff\u00e9renci\u00e9","ETAT":"En service","surface":5838.415383034386,"HAUTEUR":9.6}},{"type":"Feature","geometry":{"type":"MultiPolygon","coordinates":[[[[-3.5361,48.2757],[-3.5363,48.2757],[-3.5363,48.2761],[-3.5361,48.2761],[-3.5361,48.2757]]]]},"properties":{"NATURE":"Industriel, agricole ou commercial","USAGE1":"Commercial et services","ETAT":"En service","surface":687.7040017023683,"HAUTEUR":4.9}},{"type":"Feature","geometry":{"type":"MultiPolygon","coordinates":[[[[-3.567,47.8722],[-3.5671,47.8723],[-3.5671,47.8723],[-3.5666,47.8724],[-3.5665,47.8723],[-3.567,47.8722]]]]},"properties":{"NATURE":"Industriel, agricole ou commercial","USAGE1":"Indiff\u00e9renci\u00e9","ETAT":"En service","surface":596.6028913359623,"HAUTEUR":5.0}},{"type":"Feature","geometry":{"type":"MultiPolygon","coordinates":[[[[-3.5979,47.8699],[-3.5981,47.8697],[-3.5985,47.8698],[-3.5987,47.8701],[-3.5979,47.8699]]]]},"properties":{"NATURE":"Industriel, agricole ou commercial","USAGE1":"Industriel","ETAT":"En service","surface":1232.6710746586323,"HAUTEUR":8.8}},{"type":"Feature","geometry":{"type":"MultiPolygon","coordinates":[[[[-3.5799,47.8557],[-3.5804,47.8563],[-3.5804,47.8563],[-3.5803,47.8564],[-3.5797,47.8558],[-3.5799,47.8557]]]]},"properties":{"NATURE":"Industriel, agricole ou commercial","USAGE1":"Agricole","ETAT":"En service","surface":971.4272372443229,"HAUTEUR":6.6}},{"type":"Feature","geometry":{"type":"MultiPolygon","coordinates":[[[[-3.5943,47.8642],[-3.5943,47.8641],[-3.5944,47.8642],[-3.5942,47.8643],[-3.5941,47.8642],[-3.5942,47.8642],[-3.5943,47.8642]]]]},"properties":{"NATURE":"Industriel, agricole ou commercial","USAGE1":"Indiff\u00e9renci\u00e9","ETAT":"En service","surface":219.62521141394973,"HAUTEUR":6.0}},{"type":"Feature","geometry":{"type":"MultiPolygon","coordinates":[[[[-3.5882,47.8637],[-3.588,47.8638],[-3.5879,47.8636],[-3.5881,47.8636],[-3.5881,47.8636],[-3.589,47.8632],[-3.5891,47.8633],[-3.589,47.8633],[-3.5882,47.8637],[-3.5882,47.8637],[-3.5882,47.8637]]]]},"properties":{"NATURE":"Industriel, agricole ou commercial","USAGE1":"Commercial et services","ETAT":"En service","surface":1086.1655174288899,"HAUTEUR":10.4}},{"type":"Feature","geometry":{"type":"MultiPolygon","coordinates":[[[[-3.8217,48.211],[-3.8215,48.211],[-3.8215,48.2109],[-3.8215,48.2109],[-3.8215,48.2107],[-3.8216,48.2107],[-3.8216,48.2108],[-3.8216,48.2109],[-3.8216,48.211],[-3.8217,48.211],[-3.8217,48.211]]]]},"properties":{"NATURE":"Industriel, agricole ou commercial","USAGE1":"Agricole","ETAT":"En service","surface":280.2058324428144,"HAUTEUR":5.9}},{"type":"Feature","geometry":{"type":"MultiPolygon","coordinates":[[[[-3.6441,48.2483],[-3.644,48.2484],[-3.6438,48.2485],[-3.6438,48.2486],[-3.6439,48.2486],[-3.6439,48.2486],[-3.644,48.2486],[-3.644,48.2486],[-3.6437,48.2488],[-3.6436,48.2486],[-3.6438,48.2485],[-3.6436,48.2484],[-3.6434,48.2484],[-3.6434,48.2484],[-3.6432,48.2485],[-3.643,48.2483],[-3.6432,48.2482],[-3.6433,48.2483],[-3.6434,48.2482],[-3.6431,48.2479],[-3.6432,48.2479],[-3.6433,48.2478],[-3.6435,48.248],[-3.6435,48.2479],[-3.6439,48.2482],[-3.6441,48.2483]]]]},"properties":{"NATURE":"Industriel, agricole ou commercial","USAGE1":"Indiff\u00e9renci\u00e9","ETAT":"En service","surface":3406.1152661489323,"HAUTEUR":10.6}},{"type":"Feature","geometry":{"type":"MultiPolygon","coordinates":[[[[-3.5817,48.2512],[-3.5815,48.2513],[-3.5814,48.2511],[-3.5817,48.251],[-3.5817,48.2512]]]]},"properties":{"NATURE":"Industriel, agricole ou commercial","USAGE1":"Agricole","ETAT":"En service","surface":393.4045842066407,"HAUTEUR":4.9}},{"type":"Feature","geometry":{"type":"MultiPolygon","coordinates":[[[[-3.5407,48.2714],[-3.5407,48.2714],[-3.5407,48.2712],[-3.5407,48.2712],[-3.5407,48.2712],[-3.5407,48.2712],[-3.5407,48.2709],[-3.5408,48.2709],[-3.5408,48.2709],[-3.5408,48.2709],[-3.5408,48.2709],[-3.5408,48.2714],[-3.5408,48.2714],[-3.5407,48.2714],[-3.5407,48.2714]]]]},"properties":{"NATURE":"Industriel, agricole ou commercial","USAGE1":"Industriel","ETAT":"En service","surface":378.8271853815936,"HAUTEUR":18.3}},{"type":"Feature","geometry":{"type":"MultiPolygon","coordinates":[[[[-3.5333,48.2741],[-3.5334,48.2739],[-3.5335,48.2739],[-3.5335,48.2741],[-3.5333,48.2741]]]]},"properties":{"NATURE":"Industriel, agricole ou commercial","USAGE1":"Commercial et services","ETAT":"En service","surface":213.97392380982637,"HAUTEUR":5.8}},{"type":"Feature","geometry":{"type":"MultiPolygon","coordinates":[[[[-3.5652,48.2565],[-3.5654,48.2567],[-3.5641,48.2572],[-3.5639,48.257],[-3.5652,48.2565]]]]},"properties":{"NATURE":"Industriel, agricole ou commercial","USAGE1":"Agricole","ETAT":"En service","surface":3487.5130874812603,"HAUTEUR":3.8}},{"type":"Feature","geometry":{"type":"MultiPolygon","coordinates":[[[[-3.5705,48.2699],[-3.5705,48.2699],[-3.5701,48.2701],[-3.5701,48.2701],[-3.5699,48.2702],[-3.5699,48.2701],[-3.5705,48.2699],[-3.5705,48.2699]]]]},"properties":{"NATURE":"Industriel, agricole ou commercial","USAGE1":"Commercial et services","ETAT":"En service","surface":345.54576412402093,"HAUTEUR":5.6}},{"type":"Feature","geometry":{"type":"MultiPolygon","coordinates":[[[[-3.5286,47.8611],[-3.5286,47.8611],[-3.5287,47.8611],[-3.5288,47.8613],[-3.5286,47.8613],[-3.5285,47.8612],[-3.5285,47.8612],[-3.5286,47.8612],[-3.5286,47.8611]]]]},"properties":{"NATURE":"Industriel, agricole ou commercial","USAGE1":"Indiff\u00e9renci\u00e9","ETAT":"En service","surface":422.7342598885298,"HAUTEUR":6.8}},{"type":"Feature","geometry":{"type":"MultiPolygon","coordinates":[[[[-3.5304,47.8604],[-3.5307,47.8601],[-3.5309,47.8602],[-3.5307,47.8605],[-3.5304,47.8604]]]]},"properties":{"NATURE":"Industriel, agricole ou commercial","USAGE1":"Industriel","ETAT":"En service","surface":911.8986401408911,"HAUTEUR":6.7}},{"type":"Feature","geometry":{"type":"MultiPolygon","coordinates":[[[[-3.4819,47.8379],[-3.4817,47.838],[-3.4815,47.8378],[-3.4817,47.8377],[-3.4819,47.8379]]]]},"properties":{"NATURE":"Industriel, agricole ou commercial","USAGE1":"Agricole","ETAT":"En service","surface":296.43482530862093,"HAUTEUR":5.8}},{"type":"Feature","geometry":{"type":"MultiPolygon","coordinates":[[[[-3.4905,47.8345],[-3.4904,47.8345],[-3.4901,47.8342],[-3.4901,47.8342],[-3.4905,47.8345]]]]},"properties":{"NATURE":"Industriel, agricole ou commercial","USAGE1":"Agricole","ETAT":"En service","surface":299.8703552559018,"HAUTEUR":4.6}},{"type":"Feature","geometry":{"type":"MultiPolygon","coordinates":[[[[-3.4986,47.8413],[-3.4986,47.8413],[-3.4988,47.8414],[-3.4988,47.8414],[-3.4985,47.8416],[-3.4984,47.8415],[-3.4986,47.8413]]]]},"properties":{"NATURE":"Industriel, agricole ou commercial","USAGE1":"Commercial et services","ETAT":"En service","surface":381.1594238928519,"HAUTEUR":11.6}},{"type":"Feature","geometry":{"type":"MultiPolygon","coordinates":[[[[-3.6053,48.2635],[-3.6053,48.2635],[-3.6053,48.2636],[-3.6051,48.2636],[-3.6051,48.2634],[-3.6053,48.2634],[-3.6053,48.2635]]]]},"properties":{"NATURE":"Industriel, agricole ou commercial","USAGE1":"Indiff\u00e9renci\u00e9","ETAT":"En service","surface":259.6053483779833,"HAUTEUR":6.6}},{"type":"Feature","geometry":{"type":"MultiPolygon","coordinates":[[[[-3.6316,48.2622],[-3.6318,48.2624],[-3.6313,48.2627],[-3.6311,48.2625],[-3.6316,48.2622]]]]},"properties":{"NATURE":"Industriel, agricole ou commercial","USAGE1":"Agricole","ETAT":"En service","surface":871.9117955267429,"HAUTEUR":5.1}},{"type":"Feature","geometry":{"type":"MultiPolygon","coordinates":[[[[-3.5272,48.2608],[-3.5273,48.2607],[-3.5274,48.2609],[-3.5272,48.2609],[-3.5272,48.2608]]]]},"properties":{"NATURE":"Industriel, agricole ou commercial","USAGE1":"Agricole","ETAT":"En service","surface":203.07642462849617,"HAUTEUR":6.3}},{"type":"Feature","geometry":{"type":"MultiPolygon","coordinates":[[[[-3.5275,48.2601],[-3.5276,48.2601],[-3.5277,48.2604],[-3.5276,48.2604],[-3.5275,48.2601]]]]},"properties":{"NATURE":"Industriel, agricole ou commercial","USAGE1":"Agricole","ETAT":"En service","surface":228.02069145441055,"HAUTEUR":5.9}},{"type":"Feature","geometry":{"type":"MultiPolygon","coordinates":[[[[-3.7001,48.234],[-3.7,48.2339],[-3.6999,48.2339],[-3.6999,48.2339],[-3.6997,48.2338],[-3.6999,48.2337],[-3.7002,48.2339],[-3.7001,48.234]]]]},"properties":{"NATURE":"Industriel, agricole ou commercial","USAGE1":"Agricole","ETAT":"En service","surface":483.2313041090965,"HAUTEUR":6.3}},{"type":"Feature","geometry":{"type":"MultiPolygon","coordinates":[[[[-3.7383,48.2265],[-3.7381,48.2262],[-3.7382,48.2261],[-3.7384,48.2264],[-3.7383,48.2265]]]]},"properties":{"NATURE":"Industriel, agricole ou commercial","USAGE1":"Indiff\u00e9renci\u00e9","ETAT":"En ruine","surface":366.3277630060911,"HAUTEUR":4.6}},{"type":"Feature","geometry":{"type":"MultiPolygon","coordinates":[[[[-4.0255,48.2113],[-4.0253,48.2112],[-4.0255,48.2111],[-4.0256,48.2112],[-4.0256,48.2112],[-4.0257,48.2112],[-4.0257,48.2112],[-4.0256,48.2111],[-4.026,48.2108],[-4.0261,48.2109],[-4.026,48.211],[-4.026,48.211],[-4.0259,48.2111],[-4.026,48.2111],[-4.026,48.2111],[-4.0261,48.2112],[-4.0262,48.2112],[-4.0262,48.2112],[-4.026,48.2114],[-4.0257,48.2112],[-4.0257,48.2112],[-4.0257,48.2113],[-4.0257,48.2113],[-4.0256,48.2112],[-4.0255,48.2113]]]]},"properties":{"NATURE":"Industriel, agricole ou commercial","USAGE1":"Agricole","ETAT":"En service","surface":1395.398093371652,"HAUTEUR":8.2}},{"type":"Feature","geometry":{"type":"MultiPolygon","coordinates":[[[[-4.0283,48.2112],[-4.0283,48.2112],[-4.0283,48.2112],[-4.0283,48.2112],[-4.0283,48.2112],[-4.0283,48.2112],[-4.0282,48.2112],[-4.0282,48.2112],[-4.0282,48.2112],[-4.0282,48.2112],[-4.0282,48.2112],[-4.0282,48.2112],[-4.0282,48.2111],[-4.0282,48.2111],[-4.0282,48.2111],[-4.0282,48.2111],[-4.0282,48.2111],[-4.0282,48.2111],[-4.0282,48.2111],[-4.0282,48.2111],[-4.0282,48.2111],[-4.0282,48.2111],[-4.0282,48.2111],[-4.0283,48.2111],[-4.0283,48.2111],[-4.0283,48.2111],[-4.0283,48.2111],[-4.0283,48.211],[-4.0283,48.211],[-4.0283,48.211],[-4.0284,48.211],[-4.0284,48.211],[-4.0284,48.211],[-4.0284,48.211],[-4.0284,48.211],[-4.0284,48.211],[-4.0284,48.211],[-4.0284,48.211],[-4.0284,48.211],[-4.0284,48.211],[-4.0285,48.211],[-4.0285,48.211],[-4.0285,48.2111],[-4.0285,48.2111],[-4.0285,48.2111],[-4.0285,48.2111],[-4.0285,48.2111],[-4.0285,48.2111],[-4.0285,48.2111],[-4.0285,48.2111],[-4.0285,48.2111],[-4.0285,48.2111],[-4.0286,48.2111],[-4.0286,48.2111],[-4.0286,48.2112],[-4.0286,48.2112],[-4.0286,48.2112],[-4.0286,48.2112],[-4.0286,48.2112],[-4.0286,48.2112],[-4.0285,48.2112],[-4.0285,48.2112],[-4.0285,48.2112],[-4.0285,48.2112],[-4.0285,48.2112],[-4.0285,48.2113],[-4.0285,48.2113],[-4.0285,48.2113],[-4.0284,48.2113],[-4.0284,48.2113],[-4.0284,48.2113],[-4.0284,48.2113],[-4.0284,48.2113],[-4.0283,48.2113],[-4.0283,48.2112],[-4.0283,48.2112]],[[-4.0284,48.2112],[-4.0284,48.2112],[-4.0284,48.2112],[-4.0284,48.2112],[-4.0284,48.2112],[-4.0285,48.2112],[-4.0285,48.2112],[-4.0285,48.2112],[-4.0285,48.2112],[-4.0285,48.2112],[-4.0285,48.2112],[-4.0285,48.2112],[-4.0285,48.2111],[-4.0285,48.2112],[-4.0285,48.2112],[-4.0284,48.2112],[-4.0284,48.2111],[-4.0284,48.2111],[-4.0284,48.2111],[-4.0284,48.2111],[-4.0284,48.2111],[-4.0284,48.2111],[-4.0284,48.2111],[-4.0283,48.2111],[-4.0283,48.2111],[-4.0283,48.2111],[-4.0283,48.2111],[-4.0283,48.2111],[-4.0283,48.2111],[-4.0283,48.2111],[-4.0283,48.2111],[-4.0283,48.2111],[-4.0284,48.2111],[-4.0284,48.2111],[-4.0284,48.2111],[-4.0284,48.2112],[-4.0284,48.2112],[-4.0284,48.2112],[-4.0284,48.2112]]]]},"properties":{"NATURE":"Industriel, agricole ou commercial","USAGE1":"Agricole","ETAT":"En service","surface":512.9431235640659,"HAUTEUR":10.5}},{"type":"Feature","geometry":{"type":"MultiPolygon","coordinates":[[[[-4.036,48.2038],[-4.0359,48.2038],[-4.0359,48.2039],[-4.0359,48.2039],[-4.0359,48.2039],[-4.0357,48.2039],[-4.0356,48.2037],[-4.0356,48.2037],[-4.0356,48.2037],[-4.0358,48.2036],[-4.0359,48.2037],[-4.0359,48.2037],[-4.036,48.2038]]]]},"properties":{"NATURE":"Industriel, agricole ou commercial","USAGE1":"Agricole","ETAT":"En service","surface":625.8480734489858,"HAUTEUR":5.8}},{"type":"Feature","geometry":{"type":"MultiPolygon","coordinates":[[[[-3.8458,48.2099],[-3.8459,48.21],[-3.8456,48.21],[-3.8455,48.2099],[-3.8458,48.2099]]]]},"properties":{"NATURE":"Industriel, agricole ou commercial","USAGE1":"Agricole","ETAT":"En service","surface":300.9072552360594,"HAUTEUR":6.2}},{"type":"Feature","geometry":{"type":"MultiPolygon","coordinates":[[[[-3.796,48.2096],[-3.7961,48.2098],[-3.7958,48.2098],[-3.7958,48.2097],[-3.796,48.2096]]]]},"properties":{"NATURE":"Industriel, agricole ou commercial","USAGE1":"Indiff\u00e9renci\u00e9","ETAT":"En service","surface":344.5819165036082,"HAUTEUR":8.7}},{"type":"Feature","geometry":{"type":"MultiPolygon","coordinates":[[[[-3.8012,48.2033],[-3.8011,48.2033],[-3.8011,48.2033],[-3.8009,48.2034],[-3.8008,48.2033],[-3.8009,48.2033],[-3.8011,48.2032],[-3.8012,48.2033]]]]},"properties":{"NATURE":"Industriel, agricole ou commercial","USAGE1":"Annexe","ETAT":"En service","surface":358.6286842338741,"HAUTEUR":5.0}},{"type":"Feature","geometry":{"type":"MultiPolygon","coordinates":[[[[-3.869,48.1917],[-3.8689,48.1916],[-3.8696,48.1914],[-3.8697,48.1915],[-3.869,48.1917]]]]},"properties":{"NATURE":"Industriel, agricole ou commercial","USAGE1":"Agricole","ETAT":"En service","surface":780.6669883951545,"HAUTEUR":2.2}},{"type":"Feature","geometry":{"type":"MultiPolygon","coordinates":[[[[-4.0329,48.1785],[-4.0327,48.1786],[-4.0327,48.1784],[-4.0328,48.1784],[-4.0329,48.1784],[-4.0329,48.1785]]]]},"properties":{"NATURE":"Industriel, agricole ou commercial","USAGE1":"Agricole","ETAT":"En service","surface":302.2284264517948,"HAUTEUR":5.5}},{"type":"Feature","geometry":{"type":"MultiPolygon","coordinates":[[[[-4.0374,48.1726],[-4.0375,48.1725],[-4.0377,48.1725],[-4.0376,48.1727],[-4.0374,48.1726]]]]},"properties":{"NATURE":"Industriel, agricole ou commercial","USAGE1":"Indiff\u00e9renci\u00e9","ETAT":"En service","surface":233.51743319630623,"HAUTEUR":3.2}},{"type":"Feature","geometry":{"type":"MultiPolygon","coordinates":[[[[-4.0337,48.1638],[-4.0335,48.1635],[-4.0339,48.1634],[-4.034,48.1635],[-4.034,48.1635],[-4.0341,48.1635],[-4.034,48.1636],[-4.0341,48.1637],[-4.0337,48.1638]]]]},"properties":{"NATURE":"Industriel, agricole ou commercial","USAGE1":"Industriel","ETAT":"En service","surface":1080.7350453585386,"HAUTEUR":4.8}},{"type":"Feature","geometry":{"type":"MultiPolygon","coordinates":[[[[-4.0303,48.157],[-4.0297,48.1575],[-4.0295,48.1574],[-4.0301,48.1569],[-4.0303,48.157]]]]},"properties":{"NATURE":"Industriel, agricole ou commercial","USAGE1":"Agricole","ETAT":"En service","surface":1306.2795037925243,"HAUTEUR":4.6}},{"type":"Feature","geometry":{"type":"MultiPolygon","coordinates":[[[[-4.0106,48.1327],[-4.0109,48.1326],[-4.011,48.1326],[-4.0106,48.1328],[-4.0106,48.1327]]]]},"properties":{"NATURE":"Industriel, agricole ou commercial","USAGE1":"Agricole","ETAT":"En service","surface":205.220697902143,"HAUTEUR":5.7}},{"type":"Feature","geometry":{"type":"MultiPolygon","coordinates":[[[[-3.5457,47.8724],[-3.5458,47.8726],[-3.5455,47.8726],[-3.5455,47.8724],[-3.5457,47.8724]]]]},"properties":{"NATURE":"Industriel, agricole ou commercial","USAGE1":"Commercial et services","ETAT":"En service","surface":351.8104557991028,"HAUTEUR":4.4}},{"type":"Feature","geometry":{"type":"MultiPolygon","coordinates":[[[[-3.5529,47.8708],[-3.5528,47.8705],[-3.5529,47.8705],[-3.5529,47.8704],[-3.5529,47.8704],[-3.553,47.8705],[-3.5531,47.8705],[-3.5532,47.8708],[-3.5529,47.8708]]]]},"properties":{"NATURE":"Industriel, agricole ou commercial","USAGE1":"Commercial et services","ETAT":"En service","surface":723.648808428552,"HAUTEUR":6.4}},{"type":"Feature","geometry":{"type":"MultiPolygon","coordinates":[[[[-3.5854,47.8686],[-3.5854,47.8686],[-3.5853,47.8687],[-3.5852,47.8687],[-3.5852,47.8686],[-3.5853,47.8686],[-3.5853,47.8686],[-3.5854,47.8684],[-3.5856,47.8685],[-3.5854,47.8686]]]]},"properties":{"NATURE":"Industriel, agricole ou commercial","USAGE1":"Commercial et services","ETAT":"En service","surface":394.97946708556265,"HAUTEUR":3.7}},{"type":"Feature","geometry":{"type":"MultiPolygon","coordinates":[[[[-3.5883,47.8711],[-3.5881,47.8711],[-3.5881,47.871],[-3.5878,47.8711],[-3.5876,47.8711],[-3.5876,47.871],[-3.5874,47.871],[-3.5873,47.8709],[-3.587,47.871],[-3.587,47.871],[-3.5868,47.8711],[-3.5866,47.8711],[-3.5866,47.871],[-3.5864,47.8707],[-3.5866,47.8707],[-3.5866,47.8707],[-3.5867,47.8707],[-3.5867,47.8707],[-3.5869,47.8707],[-3.5868,47.8706],[-3.5868,47.8706],[-3.5867,47.8703],[-3.587,47.8703],[-3.587,47.8703],[-3.587,47.8702],[-3.5871,47.8702],[-3.5872,47.8702],[-3.5873,47.8702],[-3.5873,47.8702],[-3.5874,47.8701],[-3.5875,47.8701],[-3.5875,47.8702],[-3.5878,47.8701],[-3.588,47.8704],[-3.5881,47.8704],[-3.5883,47.8708],[-3.5884,47.8708],[-3.5884,47.8708],[-3.5885,47.8711],[-3.5883,47.8711]]]]},"properties":{"NATURE":"Industriel, agricole ou commercial","USAGE1":"Commercial et services","ETAT":"En service","surface":11079.502653371543,"HAUTEUR":12.8}},{"type":"Feature","geometry":{"type":"MultiPolygon","coordinates":[[[[-3.5889,47.8701],[-3.5885,47.8702],[-3.5882,47.8696],[-3.5882,47.8697],[-3.5881,47.8694],[-3.5881,47.8694],[-3.5881,47.8693],[-3.5885,47.8693],[-3.5885,47.8693],[-3.5887,47.8693],[-3.5888,47.8694],[-3.5886,47.8694],[-3.5887,47.8696],[-3.5889,47.8695],[-3.5891,47.8699],[-3.5889,47.8699],[-3.5889,47.8701]]]]},"properties":{"NATURE":"Industriel, agricole ou commercial","USAGE1":"Commercial et services","ETAT":"En service","surface":4613.735257444903,"HAUTEUR":12.1}},{"type":"Feature","geometry":{"type":"MultiPolygon","coordinates":[[[[-3.5537,47.8661],[-3.5536,47.8662],[-3.5535,47.8661],[-3.5535,47.8661],[-3.5534,47.866],[-3.5535,47.866],[-3.5536,47.866],[-3.5537,47.8661]]]]},"properties":{"NATURE":"Industriel, agricole ou commercial","USAGE1":"Industriel","ETAT":"En service","surface":235.29090525396168,"HAUTEUR":17.0}},{"type":"Feature","geometry":{"type":"MultiPolygon","coordinates":[[[[-3.5536,47.8633],[-3.5535,47.8633],[-3.5535,47.8632],[-3.5534,47.8632],[-3.5534,47.8632],[-3.5534,47.8632],[-3.5534,47.8632],[-3.5533,47.8632],[-3.5533,47.8633],[-3.5532,47.8633],[-3.5532,47.863],[-3.5533,47.863],[-3.5533,47.863],[-3.5534,47.863],[-3.5534,47.8631],[-3.5536,47.863],[-3.5536,47.8632],[-3.5536,47.8632],[-3.5536,47.8633]]]]},"properties":{"NATURE":"Industriel, agricole ou commercial","USAGE1":"Industriel","ETAT":"En service","surface":628.149848409746,"HAUTEUR":4.8}},{"type":"Feature","geometry":{"type":"MultiPolygon","coordinates":[[[[-3.545,47.8608],[-3.5449,47.8607],[-3.5448,47.8607],[-3.5448,47.8607],[-3.5448,47.8606],[-3.5448,47.8605],[-3.5449,47.8606],[-3.545,47.8604],[-3.545,47.8604],[-3.5449,47.8603],[-3.5449,47.8603],[-3.5449,47.8603],[-3.5449,47.8602],[-3.545,47.8601],[-3.545,47.8601],[-3.5451,47.8601],[-3.5452,47.8601],[-3.545,47.8608]]]]},"properties":{"NATURE":"Industriel, agricole ou commercial","USAGE1":"Industriel","ETAT":"En service","surface":863.5734512179624,"HAUTEUR":3.0}},{"type":"Feature","geometry":{"type":"MultiPolygon","coordinates":[[[[-3.5871,47.8571],[-3.587,47.8569],[-3.5875,47.8568],[-3.5876,47.857],[-3.5871,47.8571]]]]},"properties":{"NATURE":"Industriel, agricole ou commercial","USAGE1":"Agricole","ETAT":"En service","surface":989.6711265146732,"HAUTEUR":2.8}},{"type":"Feature","geometry":{"type":"MultiPolygon","coordinates":[[[[-3.5878,47.8569],[-3.5877,47.8567],[-3.5878,47.8566],[-3.5879,47.8568],[-3.5878,47.8569]]]]},"properties":{"NATURE":"Industriel, agricole ou commercial","USAGE1":"Agricole","ETAT":"En service","surface":269.403757981956,"HAUTEUR":2.2}},{"type":"Feature","geometry":{"type":"MultiPolygon","coordinates":[[[[-3.504,47.8452],[-3.5031,47.8449],[-3.5033,47.8445],[-3.5043,47.8448],[-3.504,47.8452]]]]},"properties":{"NATURE":"Industriel, agricole ou commercial","USAGE1":"Industriel","ETAT":"En service","surface":3286.144054785371,"HAUTEUR":9.2}},{"type":"Feature","geometry":{"type":"MultiPolygon","coordinates":[[[[-3.5075,47.844],[-3.5073,47.8437],[-3.5073,47.8437],[-3.5073,47.8436],[-3.5074,47.8436],[-3.5074,47.8436],[-3.5075,47.8436],[-3.5075,47.8437],[-3.5076,47.8437],[-3.5078,47.8439],[-3.5075,47.844]]]]},"properties":{"NATURE":"Industriel, agricole ou commercial","USAGE1":"Industriel","ETAT":"En service","surface":695.1259730253369,"HAUTEUR":3.6}},{"type":"Feature","geometry":{"type":"MultiPolygon","coordinates":[[[[-3.4823,47.8374],[-3.4825,47.8375],[-3.4823,47.8377],[-3.482,47.8375],[-3.4823,47.8374]]]]},"properties":{"NATURE":"Industriel, agricole ou commercial","USAGE1":"Agricole","ETAT":"En service","surface":614.1338535994291,"HAUTEUR":4.5}},{"type":"Feature","geometry":{"type":"MultiPolygon","coordinates":[[[[-3.6038,47.8678],[-3.6034,47.868],[-3.6035,47.868],[-3.6029,47.8682],[-3.6028,47.8681],[-3.6037,47.8677],[-3.6038,47.8678]]]]},"properties":{"NATURE":"Industriel, agricole ou commercial","USAGE1":"Agricole","ETAT":"En service","surface":1384.321223076433,"HAUTEUR":6.3}},{"type":"Feature","geometry":{"type":"MultiPolygon","coordinates":[[[[-3.586,47.8701],[-3.5861,47.8704],[-3.5857,47.8705],[-3.5856,47.8704],[-3.5856,47.8702],[-3.5856,47.8702],[-3.586,47.8701]]]]},"properties":{"NATURE":"Industriel, agricole ou commercial","USAGE1":"Commercial et services","ETAT":"En service","surface":1088.0118917040527,"HAUTEUR":9.3}},{"type":"Feature","geometry":{"type":"MultiPolygon","coordinates":[[[[-3.596,48.2587],[-3.5958,48.2587],[-3.5958,48.2585],[-3.5959,48.2585],[-3.596,48.2587]]]]},"properties":{"NATURE":"Industriel, agricole ou commercial","USAGE1":"Agricole","ETAT":"En service","surface":236.12894463911653,"HAUTEUR":4.3}},{"type":"Feature","geometry":{"type":"MultiPolygon","coordinates":[[[[-3.637,48.2561],[-3.6368,48.2561],[-3.6367,48.2558],[-3.6369,48.2558],[-3.637,48.2561]]]]},"properties":{"NATURE":"Industriel, agricole ou commercial","USAGE1":"Agricole","ETAT":"En service","surface":323.87997614592314,"HAUTEUR":8.0}},{"type":"Feature","geometry":{"type":"MultiPolygon","coordinates":[[[[-3.5159,47.8462],[-3.5159,47.8458],[-3.5159,47.8458],[-3.5159,47.8457],[-3.516,47.8458],[-3.516,47.8457],[-3.5161,47.8457],[-3.5161,47.8457],[-3.5162,47.8457],[-3.5161,47.8462],[-3.5159,47.8462]]]]},"properties":{"NATURE":"Industriel, agricole ou commercial","USAGE1":"Agricole","ETAT":"En service","surface":932.8477978449082,"HAUTEUR":6.2}},{"type":"Feature","geometry":{"type":"MultiPolygon","coordinates":[[[[-3.5508,47.8634],[-3.5508,47.8633],[-3.5511,47.8633],[-3.5511,47.8634],[-3.5511,47.8634],[-3.5508,47.8634]]]]},"properties":{"NATURE":"Industriel, agricole ou commercial","USAGE1":"Industriel","ETAT":"En service","surface":292.55842348374426,"HAUTEUR":5.5}},{"type":"Feature","geometry":{"type":"MultiPolygon","coordinates":[[[[-3.5803,47.8664],[-3.5801,47.8666],[-3.5801,47.8665],[-3.5801,47.8666],[-3.58,47.8665],[-3.5802,47.8664],[-3.5803,47.8664]]]]},"properties":{"NATURE":"Industriel, agricole ou commercial","USAGE1":"Commercial et services","ETAT":"En service","surface":237.95940090343356,"HAUTEUR":6.2}},{"type":"Feature","geometry":{"type":"MultiPolygon","coordinates":[[[[-4.0289,48.2107],[-4.0286,48.2106],[-4.0289,48.2103],[-4.0292,48.2104],[-4.0289,48.2107]]]]},"properties":{"NATURE":"Industriel, agricole ou commercial","USAGE1":"Agricole","ETAT":"En service","surface":881.1241601258516,"HAUTEUR":25.9}},{"type":"Feature","geometry":{"type":"MultiPolygon","coordinates":[[[[-4.0496,48.1658],[-4.0496,48.1659],[-4.0495,48.166],[-4.0491,48.1659],[-4.0493,48.1657],[-4.0496,48.1658]]]]},"properties":{"NATURE":"Industriel, agricole ou commercial","USAGE1":"Agricole","ETAT":"En service","surface":871.989898070693,"HAUTEUR":5.9}},{"type":"Feature","geometry":{"type":"MultiPolygon","coordinates":[[[[-3.5937,47.8707],[-3.5934,47.8707],[-3.5935,47.8705],[-3.5937,47.8706],[-3.5937,47.8706],[-3.5938,47.8706],[-3.5938,47.8706],[-3.5938,47.8706],[-3.5937,47.8707]]]]},"properties":{"NATURE":"Industriel, agricole ou commercial","USAGE1":"Commercial et services","ETAT":"En service","surface":359.25096979085356,"HAUTEUR":3.7}},{"type":"Feature","geometry":{"type":"MultiPolygon","coordinates":[[[[-3.5801,47.8556],[-3.5805,47.856],[-3.5805,47.8559],[-3.5806,47.856],[-3.5805,47.856],[-3.5808,47.8563],[-3.5806,47.8564],[-3.5805,47.8563],[-3.5804,47.8563],[-3.5799,47.8557],[-3.5801,47.8556]]]]},"properties":{"NATURE":"Industriel, agricole ou commercial","USAGE1":"Agricole","ETAT":"En service","surface":1902.2997606806457,"HAUTEUR":5.5}},{"type":"Feature","geometry":{"type":"MultiPolygon","coordinates":[[[[-3.585,47.8686],[-3.5848,47.8685],[-3.5849,47.8683],[-3.5851,47.8684],[-3.585,47.8686]]]]},"properties":{"NATURE":"Industriel, agricole ou commercial","USAGE1":"Commercial et services","ETAT":"En service","surface":417.33446944504976,"HAUTEUR":9.0}},{"type":"Feature","geometry":{"type":"MultiPolygon","coordinates":[[[[-3.5944,47.8714],[-3.5941,47.8713],[-3.5942,47.871],[-3.5942,47.871],[-3.5941,47.871],[-3.5941,47.8709],[-3.5942,47.8709],[-3.5942,47.8709],[-3.5942,47.8709],[-3.5942,47.8706],[-3.5942,47.8706],[-3.5942,47.8707],[-3.5944,47.8707],[-3.5944,47.8708],[-3.5944,47.8708],[-3.5944,47.8709],[-3.5944,47.8709],[-3.5945,47.8709],[-3.5945,47.8709],[-3.5946,47.8709],[-3.5944,47.8714]]]]},"properties":{"NATURE":"Industriel, agricole ou commercial","USAGE1":"Commercial et services","ETAT":"En service","surface":1742.7526044822298,"HAUTEUR":9.6}},{"type":"Feature","geometry":{"type":"MultiPolygon","coordinates":[[[[-3.5896,47.8688],[-3.5891,47.8688],[-3.5891,47.8687],[-3.5896,47.8686],[-3.5896,47.8687],[-3.5896,47.8687],[-3.5896,47.8688]]]]},"properties":{"NATURE":"Industriel, agricole ou commercial","USAGE1":"Commercial et services","ETAT":"En service","surface":529.5047054160386,"HAUTEUR":12.8}},{"type":"Feature","geometry":{"type":"MultiPolygon","coordinates":[[[[-3.586,47.8701],[-3.5856,47.8702],[-3.5856,47.8701],[-3.5856,47.87],[-3.5857,47.87],[-3.5857,47.87],[-3.5859,47.8699],[-3.586,47.8701]]]]},"properties":{"NATURE":"Industriel, agricole ou commercial","USAGE1":"Commercial et services","ETAT":"En service","surface":558.1074369167909,"HAUTEUR":8.6}},{"type":"Feature","geometry":{"type":"MultiPolygon","coordinates":[[[[-3.5907,47.8712],[-3.5903,47.8713],[-3.5902,47.8712],[-3.5905,47.8711],[-3.5905,47.8711],[-3.5906,47.8711],[-3.5907,47.8712]]]]},"properties":{"NATURE":"Industriel, agricole ou commercial","USAGE1":"Industriel","ETAT":"En service","surface":512.7662172857672,"HAUTEUR":7.5}},{"type":"Feature","geometry":{"type":"MultiPolygon","coordinates":[[[[-3.495,47.8302],[-3.4952,47.8303],[-3.495,47.8304],[-3.4949,47.8305],[-3.4948,47.8303],[-3.495,47.8302]]]]},"properties":{"NATURE":"Industriel, agricole ou commercial","USAGE1":"Agricole","ETAT":"En service","surface":418.76444913446903,"HAUTEUR":8.9}},{"type":"Feature","geometry":{"type":"MultiPolygon","coordinates":[[[[-3.4898,47.8343],[-3.4905,47.8349],[-3.4903,47.835],[-3.4898,47.8346],[-3.4897,47.8346],[-3.4897,47.8346],[-3.4897,47.8345],[-3.4895,47.8344],[-3.4898,47.8343]]]]},"properties":{"NATURE":"Industriel, agricole ou commercial","USAGE1":"Agricole","ETAT":"En service","surface":2016.8844953402877,"HAUTEUR":4.7}},{"type":"Feature","geometry":{"type":"MultiPolygon","coordinates":[[[[-3.5264,47.8639],[-3.5264,47.8642],[-3.5262,47.8642],[-3.5262,47.8639],[-3.5264,47.8639]]]]},"properties":{"NATURE":"Industriel, agricole ou commercial","USAGE1":"Commercial et services","ETAT":"En service","surface":551.8167510117055,"HAUTEUR":5.9}},{"type":"Feature","geometry":{"type":"MultiPolygon","coordinates":[[[[-4.0496,48.1661],[-4.0495,48.166],[-4.0496,48.1659],[-4.0498,48.1659],[-4.0496,48.1661]]]]},"properties":{"NATURE":"Industriel, agricole ou commercial","USAGE1":"Agricole","ETAT":"En service","surface":266.5842495113611,"HAUTEUR":6.7}},{"type":"Feature","geometry":{"type":"MultiPolygon","coordinates":[[[[-4.0333,48.1636],[-4.0335,48.1635],[-4.0337,48.1638],[-4.0335,48.1639],[-4.0333,48.1636]]]]},"properties":{"NATURE":"Industriel, agricole ou commercial","USAGE1":"Industriel","ETAT":"En service","surface":634.5230648368597,"HAUTEUR":8.2}},{"type":"Feature","geometry":{"type":"MultiPolygon","coordinates":[[[[-3.5677,48.2547],[-3.5677,48.255],[-3.5673,48.2549],[-3.5674,48.2547],[-3.5675,48.2547],[-3.5677,48.2547]]]]},"properties":{"NATURE":"Industriel, agricole ou commercial","USAGE1":"Agricole","ETAT":"En service","surface":766.1059234440327,"HAUTEUR":11.1}},{"type":"Feature","geometry":{"type":"MultiPolygon","coordinates":[[[[-3.8214,48.1973],[-3.8216,48.1978],[-3.8209,48.1977],[-3.8214,48.1973]]]]},"properties":{"NATURE":"Industriel, agricole ou commercial","USAGE1":"Commercial et services","ETAT":"En service","surface":1180.515497252345,"HAUTEUR":8.5}},{"type":"Feature","geometry":{"type":"MultiPolygon","coordinates":[[[[-3.8636,48.1939],[-3.8633,48.1941],[-3.8632,48.194],[-3.8635,48.1939],[-3.8636,48.1939]]]]},"properties":{"NATURE":"Industriel, agricole ou commercial","USAGE1":"Agricole","ETAT":"En service","surface":306.92849695682526,"HAUTEUR":7.3}},{"type":"Feature","geometry":{"type":"MultiPolygon","coordinates":[[[[-3.793,48.2006],[-3.7932,48.2006],[-3.7934,48.2006],[-3.7934,48.2007],[-3.793,48.2007],[-3.793,48.2006]]]]},"properties":{"NATURE":"Industriel, agricole ou commercial","USAGE1":"Agricole","ETAT":"En service","surface":288.19705580174923,"HAUTEUR":5.5}},{"type":"Feature","geometry":{"type":"MultiPolygon","coordinates":[[[[-3.8203,48.1973],[-3.82,48.1973],[-3.82,48.1973],[-3.8199,48.1974],[-3.8199,48.1973],[-3.8198,48.197],[-3.8201,48.1969],[-3.8203,48.1973]]]]},"properties":{"NATURE":"Industriel, agricole ou commercial","USAGE1":"Commercial et services","ETAT":"En service","surface":1206.287782644853,"HAUTEUR":8.0}},{"type":"Feature","geometry":{"type":"MultiPolygon","coordinates":[[[[-3.8212,48.1973],[-3.8209,48.1973],[-3.8209,48.1973],[-3.821,48.1972],[-3.821,48.1972],[-3.8212,48.1972],[-3.8212,48.1973]]]]},"properties":{"NATURE":"Industriel, agricole ou commercial","USAGE1":"Commercial et services","ETAT":"En service","surface":203.20516213029623,"HAUTEUR":5.5}},{"type":"Feature","geometry":{"type":"MultiPolygon","coordinates":[[[[-3.734,48.2135],[-3.7338,48.2135],[-3.7336,48.2136],[-3.7334,48.2134],[-3.7338,48.2133],[-3.734,48.2135]]]]},"properties":{"NATURE":"Industriel, agricole ou commercial","USAGE1":"Agricole","ETAT":"En service","surface":840.154807522893,"HAUTEUR":8.0}}]}