{
"type": "FeatureCollection",
"name": "Vision_refuge_sans_Crozon_45_60",
"crs": { "type": "name", "properties": { "name": "urn:ogc:def:crs:OGC:1.3:CRS84" } },
"features": [
{ "type": "Feature", "properties": { "fid": 1, "ID": null, "CENTER_LON": "-4.4809806", "CENTER_LAT": "48.4256985", "AA_MINS": 60, "AA_MODE": "driving-car", "TOTAL_POP": "634395" }, "geometry": { "type": "MultiPolygon", "coordinates": [ [ [ [ -4.441524, 48.276474 ], [ -4.440443, 48.276731 ], [ -4.439737, 48.27675 ], [ -4.438759, 48.276708 ], [ -4.43782, 48.276652 ], [ -4.436391, 48.276484 ], [ -4.430524, 48.274773 ], [ -4.427494, 48.274731 ], [ -4.424004, 48.271697 ], [ -4.41839, 48.270882 ], [ -4.41747, 48.271043 ], [ -4.416135, 48.271334 ], [ -4.407784, 48.270396 ], [ -4.39974, 48.273065 ], [ -4.397477, 48.272132 ], [ -4.390486, 48.271101 ], [ -4.391033, 48.271085 ], [ -4.395568, 48.27108 ], [ -4.397252, 48.267899 ], [ -4.401726, 48.262328 ], [ -4.403668, 48.261311 ], [ -4.409035, 48.258438 ], [ -4.412485, 48.258535 ], [ -4.41505, 48.258985 ], [ -4.419335, 48.259649 ], [ -4.421372, 48.260297 ], [ -4.427666, 48.265572 ], [ -4.429009, 48.268912 ], [ -4.429765, 48.270815 ], [ -4.434934, 48.272818 ], [ -4.435574, 48.2727 ], [ -4.43649, 48.272437 ], [ -4.444099, 48.275876 ], [ -4.448578404676986, 48.278952261625378 ], [ -4.441524, 48.276474 ] ] ], [ [ [ -4.45232, 48.237286 ], [ -4.457593, 48.236089 ], [ -4.45798, 48.236056 ], [ -4.461961, 48.235881 ], [ -4.46208, 48.235901 ], [ -4.462838, 48.237206 ], [ -4.462972, 48.237477 ], [ -4.468893, 48.242069 ], [ -4.472458, 48.241569 ], [ -4.476579, 48.24367 ], [ -4.480621, 48.246174 ], [ -4.481658, 48.247885 ], [ -4.481497, 48.248947 ], [ -4.48114, 48.249736 ], [ -4.479507, 48.250924 ], [ -4.473496, 48.254389 ], [ -4.471991, 48.25492 ], [ -4.470398, 48.255797 ], [ -4.466886, 48.263831 ], [ -4.46881, 48.264846 ], [ -4.46976, 48.268318 ], [ -4.464897, 48.273361 ], [ -4.465345, 48.282333 ], [ -4.465947, 48.283208 ], [ -4.465987, 48.283313 ], [ -4.466112, 48.28392 ], [ -4.465185, 48.285929 ], [ -4.461668, 48.28846 ], [ -4.461465, 48.288489 ], [ -4.460468, 48.288214 ], [ -4.455153, 48.286816 ], [ -4.453546, 48.28605 ], [ -4.453431, 48.285835 ], [ -4.450238, 48.280092 ], [ -4.450421, 48.280243 ], [ -4.454554, 48.276944 ], [ -4.455459, 48.275827 ], [ -4.455513, 48.27497 ], [ -4.456008, 48.267336 ], [ -4.455645, 48.263754 ], [ -4.453744, 48.263856 ], [ -4.452804, 48.263839 ], [ -4.446998, 48.259736 ], [ -4.447243, 48.254857 ], [ -4.453252, 48.250426 ], [ -4.455913, 48.250934 ], [ -4.461859, 48.252314 ], [ -4.462728, 48.25265 ], [ -4.462924, 48.252651 ], [ -4.469838, 48.250148 ], [ -4.469589, 48.246557 ], [ -4.469126, 48.246589 ], [ -4.467244, 48.246725 ], [ -4.462084, 48.246168 ], [ -4.458602, 48.245915 ], [ -4.452462, 48.241576 ], [ -4.449572048041314, 48.236386347352948 ], [ -4.45232, 48.237286 ] ] ], [ [ [ -4.443937, 48.234721 ], [ -4.4455570458293, 48.235044153938048 ], [ -4.444404, 48.235593 ], [ -4.443112, 48.236094 ], [ -4.441871, 48.236576 ], [ -4.439208, 48.237278 ], [ -4.443937, 48.234721 ] ] ], [ [ [ -4.43009, 48.229594 ], [ -4.433218, 48.236507 ], [ -4.430783, 48.231267 ], [ -4.4297964142783, 48.229453768949604 ], [ -4.43009, 48.229594 ] ] ], [ [ [ -4.426496953997407, 48.229485300714195 ], [ -4.42581, 48.229822 ], [ -4.424572642102715, 48.229367450589216 ], [ -4.426496953997407, 48.229485300714195 ] ] ], [ [ [ -4.383157, 48.21874 ], [ -4.388408, 48.218364 ], [ -4.390001, 48.221593 ], [ -4.396012, 48.225769 ], [ -4.388903, 48.222095 ], [ -4.38713, 48.218995 ], [ -4.381598, 48.218849 ], [ -4.381432799092066, 48.218743362654138 ], [ -4.383157, 48.21874 ] ] ], [ [ [ -4.349195, 48.20526 ], [ -4.349617, 48.205132 ], [ -4.350431, 48.204874 ], [ -4.354054250086614, 48.207026457088382 ], [ -4.349199, 48.207552 ], [ -4.348022, 48.207009 ], [ -4.346018, 48.206656 ], [ -4.342351636611543, 48.20552969734824 ], [ -4.349195, 48.20526 ] ] ], [ [ [ -4.336328, 48.205099 ], [ -4.330015, 48.205452 ], [ -4.329897247595984, 48.205335969227235 ], [ -4.336328, 48.205099 ] ] ], [ [ [ -4.313137519036321, 48.202333948194372 ], [ -4.31299, 48.202293 ], [ -4.311759, 48.200002 ], [ -4.313137519036321, 48.202333948194372 ] ] ], [ [ [ -4.309208, 48.196148 ], [ -4.307282, 48.195239 ], [ -4.302644768108509, 48.190612870818541 ], [ -4.309208, 48.196148 ] ] ], [ [ [ -4.30041, 48.187514 ], [ -4.300418175757598, 48.187526666666699 ], [ -4.300372262068857, 48.187458965517081 ], [ -4.30041, 48.187514 ] ] ], [ [ [ -4.294801, 48.178723 ], [ -4.299594, 48.186324 ], [ -4.299638096901417, 48.186388307981233 ], [ -4.298689, 48.185215 ], [ -4.295313, 48.179773 ], [ -4.294832, 48.178783 ], [ -4.29477188857049, 48.178670066400706 ], [ -4.294801, 48.178723 ] ] ], [ [ [ -3.667606, 48.69039 ], [ -3.672964940919942, 48.689002639563853 ], [ -3.673110133257214, 48.689063601627666 ], [ -3.667606, 48.69039 ] ] ], [ [ [ -3.708584, 48.694615 ], [ -3.707006, 48.695727 ], [ -3.705305, 48.695515 ], [ -3.704762, 48.694942 ], [ -3.704683, 48.694829 ], [ -3.696197, 48.692057 ], [ -3.696737, 48.691863 ], [ -3.697948, 48.69136 ], [ -3.702119, 48.688878 ], [ -3.708139, 48.692871 ], [ -3.709854362751309, 48.692161493086466 ], [ -3.710382, 48.692511 ], [ -3.71042710342751, 48.692549534626153 ], [ -3.708584, 48.694615 ] ] ], [ [ [ -3.723375, 48.705343 ], [ -3.722735, 48.705406 ], [ -3.722201, 48.705347 ], [ -3.721788, 48.705209 ], [ -3.7209, 48.701756 ], [ -3.721788, 48.6996 ], [ -3.720545388009457, 48.694364241636947 ], [ -3.721675, 48.694797 ], [ -3.722629, 48.696903 ], [ -3.7231, 48.698347 ], [ -3.723258082053531, 48.698423824923211 ], [ -3.725175, 48.704757 ], [ -3.725765, 48.704712 ], [ -3.723375, 48.705343 ] ] ], [ [ [ -3.736402, 48.706345 ], [ -3.736152, 48.706297 ], [ -3.735318, 48.705895 ], [ -3.734438, 48.704743 ], [ -3.726225, 48.704599 ], [ -3.732362, 48.702363 ], [ -3.735127, 48.702684 ], [ -3.742503, 48.705364 ], [ -3.736402, 48.706345 ] ] ], [ [ [ -3.814031, 48.715524 ], [ -3.809878, 48.713936 ], [ -3.801021, 48.713342 ], [ -3.800394, 48.712984 ], [ -3.799511, 48.712049 ], [ -3.799511, 48.710508 ], [ -3.798093542476761, 48.705705435978288 ], [ -3.798684, 48.706023 ], [ -3.80108, 48.71114 ], [ -3.801837, 48.712141 ], [ -3.802712, 48.71245 ], [ -3.804916, 48.712579 ], [ -3.81287, 48.713022 ], [ -3.815694, 48.714702 ], [ -3.816042793676221, 48.714773151741198 ], [ -3.814031, 48.715524 ] ] ], [ [ [ -3.835295772743784, 48.709609874319433 ], [ -3.835186, 48.708323 ], [ -3.837457909466806, 48.707413052927102 ], [ -3.835295772743784, 48.709609874319433 ] ] ], [ [ [ -3.840739, 48.70483 ], [ -3.840717, 48.704868 ], [ -3.840189446450379, 48.705137344622294 ], [ -3.840814975961739, 48.704251479129333 ], [ -3.840739, 48.70483 ] ] ], [ [ [ -3.849793, 48.694626 ], [ -3.84971, 48.694662 ], [ -3.849797998007968, 48.694613601095618 ], [ -3.849793, 48.694626 ] ] ], [ [ [ -3.895907, 48.670089 ], [ -3.893248, 48.666574 ], [ -3.895884, 48.670017 ], [ -3.897058, 48.671156 ], [ -3.895907, 48.670089 ] ] ], [ [ [ -3.924247, 48.691267 ], [ -3.924144, 48.691055 ], [ -3.922062, 48.683573 ], [ -3.924292744379731, 48.691328875292584 ], [ -3.924247, 48.691267 ] ] ], [ [ [ -3.927303, 48.689327 ], [ -3.928085, 48.690992 ], [ -3.928041, 48.691548 ], [ -3.927694, 48.692439 ], [ -3.927559, 48.692625 ], [ -3.925839511635064, 48.692256896546233 ], [ -3.927018, 48.692135 ], [ -3.925302, 48.687197 ], [ -3.925603, 48.680827 ], [ -3.927303, 48.689327 ] ] ], [ [ [ -3.952765, 48.725643 ], [ -3.952764605013112, 48.72564290332167 ], [ -3.954613961047797, 48.723997692632828 ], [ -3.952765, 48.725643 ] ] ], [ [ [ -4.07737, 48.689657 ], [ -4.077306, 48.689632 ], [ -4.080924, 48.690508 ], [ -4.08131, 48.690644 ], [ -4.07737, 48.689657 ] ] ] ] } },
{ "type": "Feature", "properties": { "fid": 2, "ID": null, "CENTER_LON": "-4.517279602100955", "CENTER_LAT": "48.39264004019653", "AA_MINS": 60, "AA_MODE": "driving-car", "TOTAL_POP": "512004" }, "geometry": { "type": "MultiPolygon", "coordinates": [ [ [ [ -4.554911, 48.360775 ], [ -4.549839549476606, 48.362415564325133 ], [ -4.549839549476605, 48.362415564325133 ], [ -4.554911, 48.360775 ] ] ], [ [ [ -4.498543710006773, 48.381733226636584 ], [ -4.498543710006772, 48.381733226636584 ], [ -4.491201, 48.379701 ], [ -4.498543710006773, 48.381733226636584 ] ] ], [ [ [ -4.491201, 48.379701 ], [ -4.489238276369702, 48.379386804323133 ], [ -4.489238276369697, 48.379386804323133 ], [ -4.48923827636969, 48.379386804323133 ], [ -4.489238276369679, 48.379386804323126 ], [ -4.491201, 48.379701 ] ] ], [ [ [ -4.468767133802514, 48.384444505885519 ], [ -4.468767133802485, 48.384444505885519 ], [ -4.465627, 48.384382 ], [ -4.468767133802514, 48.384444505885519 ] ] ], [ [ [ -4.465627, 48.384382 ], [ -4.463970240529755, 48.384594286728777 ], [ -4.46397024052974, 48.384594286728777 ], [ -4.465627, 48.384382 ] ] ], [ [ [ -4.462663, 48.384927 ], [ -4.4572335744161, 48.386898107897998 ], [ -4.457233574416099, 48.386898107897998 ], [ -4.462663, 48.384927 ] ] ], [ [ [ -4.319809360860999, 48.315240962906429 ], [ -4.319809360860948, 48.315240962906429 ], [ -4.317891, 48.315214 ], [ -4.319809360860999, 48.315240962906429 ] ] ], [ [ [ -4.270045, 48.308971 ], [ -4.262419467287659, 48.309338121455134 ], [ -4.262419467287658, 48.309338121455134 ], [ -4.270045, 48.308971 ] ] ], [ [ [ -4.252616602586968, 48.284257339686114 ], [ -4.252616602586967, 48.284257339686114 ], [ -4.25295, 48.284177 ], [ -4.252616602586968, 48.284257339686114 ] ] ], [ [ [ -4.291068, 48.290435 ], [ -4.290692, 48.290622 ], [ -4.290686600564038, 48.290616801907262 ], [ -4.291653, 48.290119 ], [ -4.291951393443394, 48.290001463420516 ], [ -4.291952, 48.290003 ], [ -4.293849, 48.289254 ], [ -4.295065015454088, 48.289891316817474 ], [ -4.291068, 48.290435 ] ] ], [ [ [ -4.322111, 48.282838 ], [ -4.319336, 48.283748 ], [ -4.316957791474223, 48.282996802889755 ], [ -4.317025013168958, 48.282968683936595 ], [ -4.319284, 48.283653 ], [ -4.3254270825609, 48.281635049771772 ], [ -4.325816019408775, 48.281881735012512 ], [ -4.322111, 48.282838 ] ] ], [ [ [ -3.926242, 48.667171 ], [ -3.926177, 48.667429 ], [ -3.924168404415202, 48.668969187918783 ], [ -3.923854, 48.668256 ], [ -3.924144, 48.665616 ], [ -3.929912, 48.660555 ], [ -3.926242, 48.667171 ] ] ], [ [ [ -3.952736, 48.666076 ], [ -3.952497, 48.66427 ], [ -3.952701, 48.660118 ], [ -3.95294, 48.660521 ], [ -3.953274, 48.660905 ], [ -3.952918598779017, 48.666609578722195 ], [ -3.952736, 48.666076 ] ] ], [ [ [ -3.955428, 48.67294 ], [ -3.955417111458679, 48.672917401140651 ], [ -3.956042, 48.67285 ], [ -3.956329, 48.672827 ], [ -3.962352, 48.675068 ], [ -3.962244389495365, 48.675353326697469 ], [ -3.955428, 48.67294 ] ] ], [ [ [ -4.062728, 48.685927 ], [ -4.060307, 48.687209 ], [ -4.059290363385196, 48.686494250853613 ], [ -4.060224, 48.684952 ], [ -4.061676, 48.683886 ], [ -4.062495, 48.683285 ], [ -4.062760891076415, 48.683279738221088 ], [ -4.062728, 48.685927 ] ] ], [ [ [ -4.143347, 48.693147 ], [ -4.135983, 48.694888 ], [ -4.133480437270759, 48.694521587041905 ], [ -4.137151, 48.694116 ], [ -4.144642640202484, 48.691758560511715 ], [ -4.14668, 48.691738 ], [ -4.146762782608674, 48.691741257648957 ], [ -4.146814, 48.691746 ], [ -4.146984692510394, 48.691749990214532 ], [ -4.147112, 48.691755 ], [ -4.147193665127015, 48.691754875288687 ], [ -4.147199, 48.691755 ], [ -4.147203053248448, 48.691754860952024 ], [ -4.151041, 48.691749 ], [ -4.143347, 48.693147 ] ] ], [ [ [ -4.168495830180954, 48.688004163499642 ], [ -4.168495830180957, 48.688004163499642 ], [ -4.170642, 48.688209 ], [ -4.168495830180954, 48.688004163499642 ] ] ], [ [ [ -4.350315, 48.675821 ], [ -4.350742194938059, 48.675582731849559 ], [ -4.35074219493806, 48.675582731849559 ], [ -4.350315, 48.675821 ] ] ], [ [ [ -4.436104, 48.652969 ], [ -4.43490869494342, 48.651045050080164 ], [ -4.434908694943421, 48.651045050080164 ], [ -4.436104, 48.652969 ] ] ], [ [ [ -4.438534, 48.638893 ], [ -4.438307943661886, 48.638795042253484 ], [ -4.438580550930848, 48.638909897092688 ], [ -4.438534, 48.638893 ] ] ], [ [ [ -4.43895, 48.639044 ], [ -4.438738239949582, 48.638967135174006 ], [ -4.439081547400621, 48.639075155963305 ], [ -4.43895, 48.639044 ] ] ], [ [ [ -4.439406, 48.639152 ], [ -4.439248880943746, 48.639114787591943 ], [ -4.442537941189036, 48.639173820901732 ], [ -4.439406, 48.639152 ] ] ], [ [ [ -4.450406, 48.635697 ], [ -4.454131699038802, 48.633251279794735 ], [ -4.454131699038807, 48.633251279794735 ], [ -4.450406, 48.635697 ] ] ], [ [ [ -4.45741653957907, 48.631197567803106 ], [ -4.457416539579081, 48.631197567803099 ], [ -4.457421, 48.631195 ], [ -4.45741653957907, 48.631197567803106 ] ] ], [ [ [ -4.727937521405684, 48.558197396024767 ], [ -4.727937521406267, 48.558197396024596 ], [ -4.729391, 48.557783 ], [ -4.727937521405684, 48.558197396024767 ] ] ], [ [ [ -4.729391, 48.557783 ], [ -4.729474159135726, 48.557751955585012 ], [ -4.729474159135753, 48.557751955585005 ], [ -4.729391, 48.557783 ] ] ], [ [ [ -4.729798760588976, 48.557630777531251 ], [ -4.729798760589098, 48.557630777531202 ], [ -4.730058, 48.557534 ], [ -4.729798760588976, 48.557630777531251 ] ] ], [ [ [ -4.731059, 48.556993 ], [ -4.731166781125103, 48.556908522901942 ], [ -4.731166781125124, 48.556908522901928 ], [ -4.731059, 48.556993 ] ] ], [ [ [ -4.732034, 48.556128 ], [ -4.732058116994331, 48.556100953392473 ], [ -4.732058116994359, 48.556100953392445 ], [ -4.732034, 48.556128 ] ] ], [ [ [ -4.733416261627432, 48.554626206395881 ], [ -4.733416261627507, 48.554626206395795 ], [ -4.734009, 48.553967 ], [ -4.733416261627432, 48.554626206395881 ] ] ] ] } },
{ "type": "Feature", "properties": { "fid": 3, "ID": null, "CENTER_LON": "-4.4926", "CENTER_LAT": "48.0333179", "AA_MINS": 60, "AA_MODE": "driving-car", "TOTAL_POP": "220744" }, "geometry": { "type": "MultiPolygon", "coordinates": [ [ [ [ -4.497303, 48.000399 ], [ -4.490896059984779, 48.001646450625749 ], [ -4.490896059984778, 48.001646450625749 ], [ -4.497303, 48.000399 ] ] ], [ [ [ -4.453582358892771, 47.980567715160539 ], [ -4.453582358892767, 47.980567715160539 ], [ -4.447936, 47.976607 ], [ -4.453582358892771, 47.980567715160539 ] ] ], [ [ [ -4.349644, 47.87333 ], [ -4.349604726186016, 47.873341860633687 ], [ -4.349604726186015, 47.873341860633687 ], [ -4.349644, 47.87333 ] ] ], [ [ [ -4.375202, 47.80333 ], [ -4.37361, 47.804624 ], [ -4.375244926125417, 47.800908167900886 ], [ -4.375202, 47.80333 ] ] ], [ [ [ -4.37524, 47.799808 ], [ -4.375240386351128, 47.799892688167311 ], [ -4.3752274922049, 47.799743852879416 ], [ -4.37524, 47.799808 ] ] ], [ [ [ -4.37517, 47.799449 ], [ -4.37520354520852, 47.799621038997984 ], [ -4.375103830158696, 47.799257330147185 ], [ -4.37517, 47.799449 ] ] ], [ [ [ -4.374754, 47.798244 ], [ -4.374799758335271, 47.798376545177888 ], [ -4.374708309865758, 47.798186740260945 ], [ -4.374754, 47.798244 ] ] ], [ [ [ -4.374288, 47.79766 ], [ -4.374467236143747, 47.797884622120058 ], [ -4.374199657978738, 47.797594789929441 ], [ -4.374288, 47.79766 ] ] ], [ [ [ -4.373887, 47.797364 ], [ -4.37404845463946, 47.797483178486985 ], [ -4.373848821714872, 47.797358661679787 ], [ -4.373887, 47.797364 ] ] ], [ [ [ -4.364389, 47.79614 ], [ -4.364519, 47.796129 ], [ -4.365262, 47.796158 ], [ -4.36381, 47.796409 ], [ -4.357712, 47.796796 ], [ -4.364389, 47.79614 ] ] ], [ [ [ -4.292365, 47.792328 ], [ -4.292543, 47.792404 ], [ -4.292674, 47.792479 ], [ -4.291993, 47.792195 ], [ -4.292365, 47.792328 ] ] ], [ [ [ -4.291906, 47.792202 ], [ -4.291993, 47.792195 ], [ -4.285876, 47.793145 ], [ -4.291906, 47.792202 ] ] ], [ [ [ -4.235595, 47.794406 ], [ -4.236275, 47.794378 ], [ -4.236392, 47.794397 ], [ -4.237222, 47.794646 ], [ -4.236443, 47.794451 ], [ -4.235446, 47.794464 ], [ -4.235595, 47.794406 ] ] ], [ [ [ -4.197916, 47.798785 ], [ -4.198046, 47.798884 ], [ -4.195409, 47.797419 ], [ -4.197916, 47.798785 ] ] ], [ [ [ -4.163694, 47.822561 ], [ -4.163864, 47.822383 ], [ -4.164513, 47.821889 ], [ -4.163636, 47.822698 ], [ -4.163694, 47.822561 ] ] ], [ [ [ -4.113115, 47.866833 ], [ -4.111321582995358, 47.869700479353455 ], [ -4.110991, 47.869737 ], [ -4.1098087429386, 47.869748970866425 ], [ -4.113115, 47.866833 ] ] ], [ [ [ -4.330054, 48.20348 ], [ -4.33053, 48.203687 ], [ -4.331689811711397, 48.205358350620287 ], [ -4.330015, 48.205452 ], [ -4.326732, 48.202217 ], [ -4.32549, 48.201463 ], [ -4.325197, 48.201308 ], [ -4.330054, 48.20348 ] ] ] ] } },
{ "type": "Feature", "properties": { "fid": 4, "ID": null, "CENTER_LON": "-4.2631309874182195", "CENTER_LAT": "48.445795450285786", "AA_MINS": 60, "AA_MODE": "driving-car", "TOTAL_POP": "676420" }, "geometry": { "type": "MultiPolygon", "coordinates": [ [ [ [ -4.777084, 48.501813 ], [ -4.777017, 48.50203 ], [ -4.7769794334547, 48.501336229289905 ], [ -4.777084, 48.501813 ] ] ], [ [ [ -4.775983, 48.492474 ], [ -4.775989, 48.492492 ], [ -4.775959454842186, 48.493092242142936 ], [ -4.775442, 48.49212 ], [ -4.773578, 48.484555 ], [ -4.775983, 48.492474 ] ] ], [ [ [ -4.760723, 48.472301 ], [ -4.763811, 48.464691 ], [ -4.764925860442935, 48.464574156714143 ], [ -4.760723, 48.472301 ] ] ], [ [ [ -4.781952, 48.443924 ], [ -4.781286, 48.445681 ], [ -4.77884, 48.451692 ], [ -4.781251, 48.445756 ], [ -4.781972, 48.443853 ], [ -4.785656, 48.43713 ], [ -4.781952, 48.443924 ] ] ], [ [ [ -4.786756, 48.433435 ], [ -4.786163, 48.427052 ], [ -4.78633980989189, 48.426752400339602 ], [ -4.786756, 48.433435 ] ] ], [ [ [ -4.776062, 48.361002 ], [ -4.775704, 48.361105 ], [ -4.77657, 48.360812 ], [ -4.776062, 48.361002 ] ] ], [ [ [ -4.324610218254275, 48.281903382729638 ], [ -4.3254270825609, 48.281635049771772 ], [ -4.330570099481198, 48.284897035294684 ], [ -4.324610218254275, 48.281903382729638 ] ] ], [ [ [ -4.45232, 48.237286 ], [ -4.457593, 48.236089 ], [ -4.45798, 48.236056 ], [ -4.458327, 48.23607 ], [ -4.461138, 48.236128 ], [ -4.469656, 48.237944 ], [ -4.470394, 48.237506 ], [ -4.478766, 48.236935 ], [ -4.478961, 48.236982 ], [ -4.48009, 48.237381 ], [ -4.486452, 48.238605 ], [ -4.491139, 48.237114 ], [ -4.496391, 48.234366 ], [ -4.496875, 48.234227 ], [ -4.498245, 48.234153 ], [ -4.498759, 48.234443 ], [ -4.49979, 48.235602 ], [ -4.500341, 48.239146 ], [ -4.507523, 48.243228 ], [ -4.511274, 48.241569 ], [ -4.511843, 48.241118 ], [ -4.511984, 48.241031 ], [ -4.513185, 48.241316 ], [ -4.516129, 48.242621 ], [ -4.516356, 48.246214 ], [ -4.520416, 48.250633 ], [ -4.519347, 48.25407 ], [ -4.518588, 48.25406 ], [ -4.518342, 48.253963 ], [ -4.516934, 48.253373 ], [ -4.508475, 48.254585 ], [ -4.50492, 48.255152 ], [ -4.504716, 48.263396 ], [ -4.509142, 48.26662 ], [ -4.510913, 48.267028 ], [ -4.51274, 48.268485 ], [ -4.513225, 48.268872 ], [ -4.513792, 48.269439 ], [ -4.512497, 48.277004 ], [ -4.510167, 48.282763 ], [ -4.510484, 48.286087 ], [ -4.510228, 48.286506 ], [ -4.510112, 48.286561 ], [ -4.508926, 48.2866 ], [ -4.50887, 48.286581 ], [ -4.505922, 48.284118 ], [ -4.497947, 48.281936 ], [ -4.497401, 48.28189 ], [ -4.49674, 48.281549 ], [ -4.491062, 48.279217 ], [ -4.487527, 48.280371 ], [ -4.486671, 48.280631 ], [ -4.481595, 48.283451 ], [ -4.481341, 48.283638 ], [ -4.477181, 48.283585 ], [ -4.469792, 48.287845 ], [ -4.463397, 48.290597 ], [ -4.460209, 48.292443 ], [ -4.460166, 48.292462 ], [ -4.459676, 48.292598 ], [ -4.458911, 48.292537 ], [ -4.456673, 48.29151 ], [ -4.449391, 48.288102 ], [ -4.447424, 48.2875 ], [ -4.439124, 48.28837 ], [ -4.438598, 48.288407 ], [ -4.431848, 48.290123 ], [ -4.430421, 48.290775 ], [ -4.429792, 48.290876 ], [ -4.427889, 48.290983 ], [ -4.427215, 48.287447 ], [ -4.424516, 48.281623 ], [ -4.420873, 48.274662 ], [ -4.415663, 48.275129 ], [ -4.414216, 48.275638 ], [ -4.413603, 48.275684 ], [ -4.411993, 48.275818 ], [ -4.411536, 48.275846 ], [ -4.41007, 48.275852 ], [ -4.410015, 48.275771 ], [ -4.4023, 48.271729 ], [ -4.39975, 48.273058 ], [ -4.39974, 48.273065 ], [ -4.397477, 48.272132 ], [ -4.390486, 48.271101 ], [ -4.391033, 48.271085 ], [ -4.395568, 48.27108 ], [ -4.397252, 48.267899 ], [ -4.401726, 48.262328 ], [ -4.403668, 48.261311 ], [ -4.409035, 48.258438 ], [ -4.412485, 48.258535 ], [ -4.41505, 48.258985 ], [ -4.419335, 48.259649 ], [ -4.421372, 48.260297 ], [ -4.427666, 48.265572 ], [ -4.429009, 48.268912 ], [ -4.429765, 48.270815 ], [ -4.434934, 48.272818 ], [ -4.435574, 48.2727 ], [ -4.43649, 48.272437 ], [ -4.444099, 48.275876 ], [ -4.450238, 48.280092 ], [ -4.450421, 48.280243 ], [ -4.454554, 48.276944 ], [ -4.455459, 48.275827 ], [ -4.455513, 48.27497 ], [ -4.456008, 48.267336 ], [ -4.455645, 48.263754 ], [ -4.453744, 48.263856 ], [ -4.452804, 48.263839 ], [ -4.446998, 48.259736 ], [ -4.447243, 48.254857 ], [ -4.453252, 48.250426 ], [ -4.455913, 48.250934 ], [ -4.461859, 48.252314 ], [ -4.462728, 48.25265 ], [ -4.462924, 48.252651 ], [ -4.469838, 48.250148 ], [ -4.469589, 48.246557 ], [ -4.469126, 48.246589 ], [ -4.467244, 48.246725 ], [ -4.462084, 48.246168 ], [ -4.458602, 48.245915 ], [ -4.452462, 48.241576 ], [ -4.449572048041314, 48.236386347352948 ], [ -4.45232, 48.237286 ] ] ], [ [ [ -4.443937, 48.234721 ], [ -4.4455570458293, 48.235044153938048 ], [ -4.444404, 48.235593 ], [ -4.443112, 48.236094 ], [ -4.441871, 48.236576 ], [ -4.439208, 48.237278 ], [ -4.443937, 48.234721 ] ] ], [ [ [ -4.43009, 48.229594 ], [ -4.433218, 48.236507 ], [ -4.430783, 48.231267 ], [ -4.4297964142783, 48.229453768949604 ], [ -4.43009, 48.229594 ] ] ], [ [ [ -4.426496953997407, 48.229485300714195 ], [ -4.42581, 48.229822 ], [ -4.424572642102715, 48.229367450589216 ], [ -4.426496953997407, 48.229485300714195 ] ] ], [ [ [ -4.38713, 48.218995 ], [ -4.381598, 48.218849 ], [ -4.381530877317364, 48.218806078552838 ], [ -4.38713, 48.218995 ] ] ], [ [ [ -4.336328, 48.205099 ], [ -4.330015, 48.205452 ], [ -4.329897247595984, 48.205335969227235 ], [ -4.336328, 48.205099 ] ] ], [ [ [ -4.313137519036321, 48.202333948194372 ], [ -4.31299, 48.202293 ], [ -4.311759, 48.200002 ], [ -4.313137519036321, 48.202333948194372 ] ] ], [ [ [ -4.309208, 48.196148 ], [ -4.307282, 48.195239 ], [ -4.302644768108509, 48.190612870818541 ], [ -4.309208, 48.196148 ] ] ], [ [ [ -4.30041, 48.187514 ], [ -4.300418175757598, 48.187526666666699 ], [ -4.300372262068857, 48.187458965517081 ], [ -4.30041, 48.187514 ] ] ], [ [ [ -4.295298, 48.179742 ], [ -4.299594, 48.186324 ], [ -4.299638096901417, 48.186388307981233 ], [ -4.298689, 48.185215 ], [ -4.295313, 48.179773 ], [ -4.295281967741996, 48.179709129032382 ], [ -4.295298, 48.179742 ] ] ], [ [ [ -4.294801, 48.178723 ], [ -4.294811253511543, 48.178744022793282 ], [ -4.29477188857049, 48.178670066400706 ], [ -4.294801, 48.178723 ] ] ], [ [ [ -4.270060124474734, 48.141812054478173 ], [ -4.269635, 48.141123 ], [ -4.268674, 48.138923 ], [ -4.269322387197008, 48.137418639191132 ], [ -4.270060124474734, 48.141812054478173 ] ] ], [ [ [ -3.587430150753296, 48.673091917394238 ], [ -3.587465, 48.673089 ], [ -3.587583379942118, 48.673122413693335 ], [ -3.587670891224858, 48.673154084443283 ], [ -3.587430150753296, 48.673091917394238 ] ] ], [ [ [ -3.587732393600234, 48.673169966364426 ], [ -3.587810018397137, 48.673186384224998 ], [ -3.587961, 48.673229 ], [ -3.587732393600234, 48.673169966364426 ] ] ], [ [ [ -3.62308, 48.684088 ], [ -3.618195, 48.683985 ], [ -3.623163, 48.684076 ], [ -3.62308, 48.684088 ] ] ], [ [ [ -3.630047812933507, 48.682053901150326 ], [ -3.630069036559181, 48.682049056828433 ], [ -3.635363692414571, 48.682244182848301 ], [ -3.635463, 48.682268 ], [ -3.630047812933507, 48.682053901150326 ] ] ], [ [ [ -3.643803, 48.691616 ], [ -3.64384, 48.6915 ], [ -3.644123, 48.690949 ], [ -3.646836, 48.688625 ], [ -3.646983, 48.688507 ], [ -3.648292, 48.688207 ], [ -3.651742, 48.684391 ], [ -3.646444, 48.677732 ], [ -3.653113, 48.683349 ], [ -3.649367, 48.689408 ], [ -3.648296, 48.689761 ], [ -3.645861, 48.691024 ], [ -3.64398280956259, 48.691777866782459 ], [ -3.643803, 48.691616 ] ] ], [ [ [ -3.652465157785855, 48.694260337723868 ], [ -3.653315, 48.694034 ], [ -3.654392396094192, 48.694067906288851 ], [ -3.655152, 48.694316 ], [ -3.656477, 48.695051 ], [ -3.652465157785855, 48.694260337723868 ] ] ], [ [ [ -3.812700480629062, 48.713012558576651 ], [ -3.81287, 48.713022 ], [ -3.815694, 48.714702 ], [ -3.812700480629062, 48.713012558576651 ] ] ], [ [ [ -3.895907, 48.670089 ], [ -3.893248, 48.666574 ], [ -3.895884, 48.670017 ], [ -3.897058, 48.671156 ], [ -3.895907, 48.670089 ] ] ], [ [ [ -3.924474, 48.692294 ], [ -3.92452, 48.692119 ], [ -3.924485, 48.692397 ], [ -3.924474, 48.692294 ] ] ], [ [ [ -3.925847, 48.687811 ], [ -3.927018, 48.692135 ], [ -3.925302, 48.687197 ], [ -3.925603, 48.680827 ], [ -3.925798, 48.680117 ], [ -3.925847, 48.687811 ] ] ], [ [ [ -3.94083, 48.726821 ], [ -3.942107999993596, 48.725986812656913 ], [ -3.940829894825812, 48.726821415678501 ], [ -3.94083, 48.726821 ] ] ], [ [ [ -3.980289, 48.732584 ], [ -3.978186, 48.730358 ], [ -3.970466, 48.725849 ], [ -3.976084, 48.728132 ], [ -3.978639, 48.730837 ], [ -3.980353351839532, 48.732527099770124 ], [ -3.980289, 48.732584 ] ] ] ] } },
{ "type": "Feature", "properties": { "fid": 5, "ID": null, "CENTER_LON": "-4.324840216100055", "CENTER_LAT": "48.57246251931615", "AA_MINS": 60, "AA_MODE": "driving-car", "TOTAL_POP": "508455" }, "geometry": { "type": "MultiPolygon", "coordinates": [ [ [ [ -4.350315, 48.675821 ], [ -4.350742194938059, 48.675582731849559 ], [ -4.35074219493806, 48.675582731849559 ], [ -4.350315, 48.675821 ] ] ], [ [ [ -4.393687090970462, 48.65678328200643 ], [ -4.393687090970488, 48.656783282006415 ], [ -4.394564666282703, 48.656380015255806 ], [ -4.393687090970462, 48.65678328200643 ] ] ], [ [ [ -4.436104, 48.652969 ], [ -4.43490869494342, 48.651045050080164 ], [ -4.434908694943421, 48.651045050080164 ], [ -4.436104, 48.652969 ] ] ], [ [ [ -4.454194, 48.633251 ], [ -4.457416539579081, 48.631197567803099 ], [ -4.457416539579093, 48.631197567803092 ], [ -4.454194, 48.633251 ] ] ], [ [ [ -4.727794, 48.558239 ], [ -4.727937521406267, 48.558197396024596 ], [ -4.727937521406851, 48.558197396024433 ], [ -4.727794, 48.558239 ] ] ], [ [ [ -4.729543, 48.557732 ], [ -4.729798760589098, 48.557630777531202 ], [ -4.72979876058922, 48.557630777531159 ], [ -4.729543, 48.557732 ] ] ], [ [ [ -4.731166781125082, 48.556908522901956 ], [ -4.731166781125103, 48.556908522901942 ], [ -4.731273, 48.55684 ], [ -4.731166781125082, 48.556908522901956 ] ] ], [ [ [ -4.734091, 48.553869 ], [ -4.734173407418642, 48.55376045454549 ], [ -4.734247, 48.553668 ], [ -4.737787393308309, 48.550874911469769 ], [ -4.738443223764927, 48.550461733768472 ], [ -4.734091, 48.553869 ] ] ], [ [ [ -4.744167, 48.547683 ], [ -4.743222948676405, 48.547981910799798 ], [ -4.74411, 48.547697 ], [ -4.744312898778334, 48.547641226876095 ], [ -4.744167, 48.547683 ] ] ], [ [ [ -4.744642, 48.547547 ], [ -4.744580351359251, 48.547564650979247 ], [ -4.744821424657571, 48.547483136986287 ], [ -4.744642, 48.547547 ] ] ], [ [ [ -4.745055, 48.5474 ], [ -4.744990332175903, 48.547423017361119 ], [ -4.745329477214759, 48.547283668836712 ], [ -4.745055, 48.5474 ] ] ], [ [ [ -4.745567, 48.547183 ], [ -4.745522031623764, 48.547202058862581 ], [ -4.745619719433114, 48.547155837449431 ], [ -4.745567, 48.547183 ] ] ], [ [ [ -4.745961, 48.54698 ], [ -4.745859550898239, 48.547032269461056 ], [ -4.746072601156044, 48.546904439306374 ], [ -4.745961, 48.54698 ] ] ], [ [ [ -4.749263, 48.544622 ], [ -4.746767578259956, 48.54641856370629 ], [ -4.749378003233614, 48.544526869846415 ], [ -4.749263, 48.544622 ] ] ], [ [ [ -4.749616, 48.54433 ], [ -4.749542611361737, 48.544390706748935 ], [ -4.749686579083469, 48.544256236897731 ], [ -4.749616, 48.54433 ] ] ], [ [ [ -4.749882, 48.544052 ], [ -4.749814994219618, 48.544122028597542 ], [ -4.749914299420147, 48.544007479177637 ], [ -4.749882, 48.544052 ] ] ], [ [ [ -4.750141, 48.543695 ], [ -4.750056659485328, 48.543811253141847 ], [ -4.750171024181703, 48.543632788877744 ], [ -4.750141, 48.543695 ] ] ], [ [ [ -4.750377, 48.543206 ], [ -4.750279425809718, 48.54340817702986 ], [ -4.750419091331325, 48.543045266619394 ], [ -4.750377, 48.543206 ] ] ], [ [ [ -4.750559, 48.542511 ], [ -4.750510974853241, 48.542694392730752 ], [ -4.750569175688073, 48.542332489357797 ], [ -4.750559, 48.542511 ] ] ], [ [ [ -4.750594, 48.541897 ], [ -4.750584525050266, 48.542063217689616 ], [ -4.750559846864927, 48.541433152770175 ], [ -4.750594, 48.541897 ] ] ], [ [ [ -4.750551, 48.541313 ], [ -4.750553130897259, 48.541341940558127 ], [ -4.750540475422526, 48.541227423945301 ], [ -4.750551, 48.541313 ] ] ], [ [ [ -4.769198, 48.461529 ], [ -4.76743, 48.464505 ], [ -4.767346, 48.464679 ], [ -4.76715, 48.465099 ], [ -4.766685, 48.465617 ], [ -4.760723, 48.472301 ], [ -4.763811, 48.464691 ], [ -4.766225, 48.464438 ], [ -4.768352, 48.460889 ], [ -4.769491033336426, 48.459828333980944 ], [ -4.769198, 48.461529 ] ] ], [ [ [ -4.783512, 48.444822 ], [ -4.783404, 48.445015 ], [ -4.77884, 48.451692 ], [ -4.781251, 48.445756 ], [ -4.781972, 48.443853 ], [ -4.785656, 48.43713 ], [ -4.783512, 48.444822 ] ] ], [ [ [ -4.777565, 48.406007 ], [ -4.779375, 48.406347 ], [ -4.780694694897438, 48.408517604388379 ], [ -4.778188, 48.407475 ], [ -4.772278, 48.402592 ], [ -4.773027080442165, 48.400112224223449 ], [ -4.777565, 48.406007 ] ] ], [ [ [ -4.762651560972653, 48.378723249424262 ], [ -4.762458, 48.377685 ], [ -4.762390812950216, 48.376835083820232 ], [ -4.762651560972653, 48.378723249424262 ] ] ], [ [ [ -4.762124, 48.374903 ], [ -4.762142997193969, 48.375040565178409 ], [ -4.761969, 48.374567 ], [ -4.762124, 48.374903 ] ] ], [ [ [ -4.761969, 48.374567 ], [ -4.761659, 48.374071 ], [ -4.76109320949666, 48.370078776024933 ], [ -4.761969, 48.374567 ] ] ], [ [ [ -4.700356, 48.345904 ], [ -4.701999, 48.343336 ], [ -4.702273, 48.343149 ], [ -4.702317374575962, 48.343121119029156 ], [ -4.702397, 48.343321 ], [ -4.699233, 48.349147 ], [ -4.698884, 48.349346 ], [ -4.698437, 48.349735 ], [ -4.700356, 48.345904 ] ] ], [ [ [ -4.683003, 48.352797 ], [ -4.683663, 48.352793 ], [ -4.684771, 48.352746 ], [ -4.685178, 48.352761 ], [ -4.687065, 48.35276 ], [ -4.685579, 48.352818 ], [ -4.677308, 48.355566 ], [ -4.683003, 48.352797 ] ] ], [ [ [ -4.661707602111345, 48.352336036092659 ], [ -4.661674, 48.35234 ], [ -4.654309, 48.349921 ], [ -4.661707602111345, 48.352336036092659 ] ] ], [ [ [ -4.554911, 48.360775 ], [ -4.549839549476606, 48.362415564325133 ], [ -4.549839549476605, 48.362415564325133 ], [ -4.554911, 48.360775 ] ] ], [ [ [ -4.498543710006773, 48.381733226636584 ], [ -4.498543710006772, 48.381733226636584 ], [ -4.491201, 48.379701 ], [ -4.498543710006773, 48.381733226636584 ] ] ], [ [ [ -4.491201, 48.379701 ], [ -4.489238276369702, 48.379386804323133 ], [ -4.489238276369697, 48.379386804323133 ], [ -4.48923827636969, 48.379386804323133 ], [ -4.489238276369679, 48.379386804323126 ], [ -4.491201, 48.379701 ] ] ], [ [ [ -4.468779538644307, 48.384443235561513 ], [ -4.468767133802485, 48.384444505885519 ], [ -4.468767133802484, 48.384444505885519 ], [ -4.468779538644307, 48.384443235561513 ] ] ], [ [ [ -4.463970240529762, 48.384594286728777 ], [ -4.463970240529755, 48.384594286728777 ], [ -4.463947, 48.384594 ], [ -4.463970240529762, 48.384594286728777 ] ] ], [ [ [ -4.332688, 48.314817 ], [ -4.32818358628827, 48.315129458461577 ], [ -4.328183586288261, 48.315129458461577 ], [ -4.332688, 48.314817 ] ] ], [ [ [ -4.319809360860999, 48.315240962906429 ], [ -4.319809360860948, 48.315240962906429 ], [ -4.317891, 48.315214 ], [ -4.319809360860999, 48.315240962906429 ] ] ], [ [ [ -4.272228, 48.310928 ], [ -4.272241, 48.311004 ], [ -4.272227, 48.311077 ], [ -4.272075, 48.311409 ], [ -4.272092, 48.31051 ], [ -4.272069, 48.31042 ], [ -4.272228, 48.310928 ] ] ], [ [ [ -4.270045, 48.308971 ], [ -4.262419467287659, 48.309338121455134 ], [ -4.262419467287658, 48.309338121455134 ], [ -4.270045, 48.308971 ] ] ], [ [ [ -4.252616602586968, 48.284257339686114 ], [ -4.252616602586967, 48.284257339686114 ], [ -4.25295, 48.284177 ], [ -4.252616602586968, 48.284257339686114 ] ] ], [ [ [ -3.792263, 48.702756 ], [ -3.791611, 48.702762 ], [ -3.783617, 48.70267 ], [ -3.779976513388084, 48.702648514890043 ], [ -3.78277, 48.701248 ], [ -3.786871, 48.702122 ], [ -3.790925, 48.70185 ], [ -3.792518062106468, 48.702706791876565 ], [ -3.792263, 48.702756 ] ] ], [ [ [ -3.853042, 48.676407 ], [ -3.851541251799002, 48.6784499648329 ], [ -3.851419, 48.676752 ], [ -3.85765, 48.671221 ], [ -3.859378, 48.670524 ], [ -3.853042, 48.676407 ] ] ], [ [ [ -3.874141, 48.639405 ], [ -3.865897, 48.636682 ], [ -3.873816, 48.63908 ], [ -3.875267009563179, 48.63971873629972 ], [ -3.874141, 48.639405 ] ] ], [ [ [ -3.889097, 48.643685 ], [ -3.887758, 48.64317 ], [ -3.884507, 48.642042 ], [ -3.882838, 48.641611 ], [ -3.880886480391204, 48.641189583703202 ], [ -3.882575, 48.639793 ], [ -3.889586286926957, 48.643834518937396 ], [ -3.889097, 48.643685 ] ] ], [ [ [ -3.892439, 48.644839 ], [ -3.894860140420176, 48.645073155623876 ], [ -3.897256, 48.647116 ], [ -3.897950292391124, 48.648088662718322 ], [ -3.892439, 48.644839 ] ] ], [ [ [ -3.895907, 48.670089 ], [ -3.893248, 48.666574 ], [ -3.895884, 48.670017 ], [ -3.897058, 48.671156 ], [ -3.895907, 48.670089 ] ] ], [ [ [ -3.925847, 48.687811 ], [ -3.927902, 48.693703 ], [ -3.927258, 48.694096 ], [ -3.926999, 48.69425 ], [ -3.924968, 48.694196 ], [ -3.923914, 48.694249 ], [ -3.923691, 48.694193 ], [ -3.92275, 48.692935 ], [ -3.922709, 48.692689 ], [ -3.922909, 48.691529 ], [ -3.922062, 48.683573 ], [ -3.92452, 48.692119 ], [ -3.924485, 48.692397 ], [ -3.927018, 48.692135 ], [ -3.925302, 48.687197 ], [ -3.925603, 48.680827 ], [ -3.925798, 48.680117 ], [ -3.925847, 48.687811 ] ] ], [ [ [ -3.984527, 48.735083 ], [ -3.98182, 48.733973 ], [ -3.984532021261536, 48.735070764577785 ], [ -3.984527, 48.735083 ] ] ], [ [ [ -4.03637441358531, 48.708969987238987 ], [ -4.041008250001361, 48.703026400418032 ], [ -4.041008250001362, 48.703026400418032 ], [ -4.03637441358531, 48.708969987238987 ] ] ], [ [ [ -4.187631, 48.685293 ], [ -4.18752057675986, 48.685303717697273 ], [ -4.187556, 48.685306 ], [ -4.187631, 48.685293 ] ] ], [ [ [ -4.327672053289251, 48.67058128311001 ], [ -4.328359785373062, 48.671203472941535 ], [ -4.328079863760937, 48.671552992828538 ], [ -4.327672053289251, 48.67058128311001 ] ] ] ] } },
{ "type": "Feature", "properties": { "fid": 6, "ID": null, "CENTER_LON": "-3.857758279926775", "CENTER_LAT": "48.572839238833424", "AA_MINS": 60, "AA_MODE": "driving-car", "TOTAL_POP": "695046" }, "geometry": { "type": "MultiPolygon", "coordinates": [ [ [ [ -4.399216, 48.656586 ], [ -4.39812, 48.656943 ], [ -4.396746, 48.657344 ], [ -4.38866, 48.659505 ], [ -4.389077, 48.659304 ], [ -4.389655, 48.659026 ], [ -4.390561, 48.658476 ], [ -4.391202, 48.658099 ], [ -4.393687090970488, 48.656783282006415 ], [ -4.395884111989446, 48.655773698538184 ], [ -4.401353, 48.654283 ], [ -4.40189, 48.654174 ], [ -4.404397132425327, 48.654651450366238 ], [ -4.399216, 48.656586 ] ] ], [ [ [ -4.491182545453862, 48.624710675582513 ], [ -4.491800191787086, 48.624650701750973 ], [ -4.492066, 48.624635 ], [ -4.49290078892761, 48.624603048510046 ], [ -4.491182545453862, 48.624710675582513 ] ] ], [ [ [ -4.528604, 48.630272 ], [ -4.528338304965083, 48.630263809373311 ], [ -4.52911, 48.630248 ], [ -4.529142725808553, 48.630256276319997 ], [ -4.528604, 48.630272 ] ] ], [ [ [ -4.65832, 48.350284 ], [ -4.661805, 48.350545 ], [ -4.661857, 48.350549 ], [ -4.667039, 48.351365 ], [ -4.667226932688522, 48.351684942631394 ], [ -4.661674, 48.35234 ], [ -4.654309, 48.349921 ], [ -4.65832, 48.350284 ] ] ], [ [ [ -4.305799460043481, 48.315108811146608 ], [ -4.304876, 48.31565 ], [ -4.298930093537874, 48.313373921208182 ], [ -4.305799460043481, 48.315108811146608 ] ] ], [ [ [ -4.274002, 48.310389 ], [ -4.274399, 48.310601 ], [ -4.272791, 48.314091 ], [ -4.278624, 48.320169 ], [ -4.274855, 48.321183 ], [ -4.27123, 48.315008 ], [ -4.271332, 48.313279 ], [ -4.272075, 48.311409 ], [ -4.272092, 48.31051 ], [ -4.272069, 48.31042 ], [ -4.271184, 48.308753 ], [ -4.274002, 48.310389 ] ] ], [ [ [ -4.262806, 48.308775 ], [ -4.2637, 48.308476 ], [ -4.264305, 48.308261 ], [ -4.265731, 48.308107 ], [ -4.271184, 48.308753 ], [ -4.270439, 48.308873 ], [ -4.270045, 48.308971 ], [ -4.262419467287659, 48.309338121455134 ], [ -4.262174542469229, 48.309114884431501 ], [ -4.262806, 48.308775 ] ] ], [ [ [ -4.245565, 48.286524 ], [ -4.243926, 48.286991 ], [ -4.243500132953095, 48.28728890924522 ], [ -4.24514, 48.285487 ], [ -4.249670109326492, 48.284710273009772 ], [ -4.249757239534265, 48.284724404492607 ], [ -4.245565, 48.286524 ] ] ], [ [ [ -3.545026, 48.23722 ], [ -3.546652, 48.235578 ], [ -3.546684, 48.23555 ], [ -3.546936568458876, 48.235408646559989 ], [ -3.546874, 48.236573 ], [ -3.545288759075445, 48.237969668630029 ], [ -3.545026, 48.23722 ] ] ], [ [ [ -3.462757, 48.324145 ], [ -3.460341, 48.321476 ], [ -3.462168, 48.315882 ], [ -3.46234, 48.315083 ], [ -3.462653, 48.314275 ], [ -3.46314, 48.313404 ], [ -3.465827, 48.308575 ], [ -3.466133928228061, 48.306998632669213 ], [ -3.466382, 48.308631 ], [ -3.468167, 48.311757 ], [ -3.470980959870397, 48.31250138618438 ], [ -3.469507, 48.316633 ], [ -3.468067, 48.319932 ], [ -3.470792, 48.324495 ], [ -3.470294, 48.328061 ], [ -3.463966, 48.330541 ], [ -3.463365, 48.330542 ], [ -3.462782, 48.330588 ], [ -3.462541, 48.330742 ], [ -3.462501, 48.330776 ], [ -3.461733593465695, 48.331210672805625 ], [ -3.462757, 48.324145 ] ] ], [ [ [ -3.378393, 48.326699 ], [ -3.381257, 48.326724 ], [ -3.389764, 48.329491 ], [ -3.390987, 48.329527 ], [ -3.391851, 48.329525 ], [ -3.392306, 48.32956 ], [ -3.395627, 48.329465 ], [ -3.396416, 48.329382 ], [ -3.396968, 48.329365 ], [ -3.399838, 48.329225 ], [ -3.406228, 48.324982 ], [ -3.409374, 48.316945 ], [ -3.409048, 48.31336 ], [ -3.411367, 48.312526 ], [ -3.411828, 48.312366 ], [ -3.412497, 48.312231 ], [ -3.419129, 48.311308 ], [ -3.419823, 48.311186 ], [ -3.426052, 48.315711 ], [ -3.427905, 48.316014 ], [ -3.428566, 48.316064 ], [ -3.433775, 48.316154 ], [ -3.438344, 48.322928 ], [ -3.44455, 48.328718 ], [ -3.445574, 48.328548 ], [ -3.446688, 48.328332 ], [ -3.448204, 48.328016 ], [ -3.454906, 48.332594 ], [ -3.455653, 48.332558 ], [ -3.456062, 48.332647 ], [ -3.456415, 48.332713 ], [ -3.460316198465151, 48.33201351072011 ], [ -3.457141, 48.333812 ], [ -3.45639, 48.337332 ], [ -3.457149, 48.337494 ], [ -3.457865, 48.33759 ], [ -3.458598, 48.337634 ], [ -3.459433, 48.337627 ], [ -3.460522, 48.337624 ], [ -3.465265, 48.342096 ], [ -3.462527, 48.34683 ], [ -3.461739, 48.347148 ], [ -3.460708, 48.348256 ], [ -3.457742, 48.349747 ], [ -3.456732, 48.350025 ], [ -3.453025, 48.351254 ], [ -3.451973, 48.352067 ], [ -3.444488, 48.347981 ], [ -3.446103, 48.344543 ], [ -3.446622, 48.344113 ], [ -3.446344, 48.34055 ], [ -3.445743, 48.340622 ], [ -3.440279, 48.334508 ], [ -3.440968, 48.332824 ], [ -3.441262, 48.331045 ], [ -3.439718, 48.329449 ], [ -3.434535, 48.325876 ], [ -3.428602, 48.319512 ], [ -3.428559, 48.318615 ], [ -3.428237, 48.31793 ], [ -3.427872, 48.31752 ], [ -3.427384, 48.317193 ], [ -3.426898, 48.317014 ], [ -3.4243, 48.31632 ], [ -3.420247, 48.315917 ], [ -3.41945, 48.319428 ], [ -3.416018, 48.325959 ], [ -3.410226, 48.327277 ], [ -3.409871, 48.327224 ], [ -3.405207, 48.334398 ], [ -3.40161, 48.334542 ], [ -3.392811, 48.334776 ], [ -3.392542, 48.333192 ], [ -3.39034, 48.331955 ], [ -3.38998, 48.332035 ], [ -3.389016, 48.332469 ], [ -3.388934, 48.332869 ], [ -3.388895, 48.333418 ], [ -3.388952, 48.333966 ], [ -3.389195, 48.335306 ], [ -3.389355, 48.335845 ], [ -3.389527, 48.336251 ], [ -3.390092, 48.339727 ], [ -3.39002, 48.340429 ], [ -3.390089, 48.341041 ], [ -3.390598, 48.34256 ], [ -3.390692, 48.342701 ], [ -3.396453, 48.349526 ], [ -3.39565, 48.351296 ], [ -3.395894, 48.352372 ], [ -3.394919, 48.356186 ], [ -3.3951, 48.358389 ], [ -3.396003, 48.359617 ], [ -3.396724, 48.359956 ], [ -3.397128, 48.360117 ], [ -3.400806, 48.363496 ], [ -3.401618, 48.365288 ], [ -3.397388, 48.372499 ], [ -3.393864, 48.371763 ], [ -3.390083, 48.368477 ], [ -3.389633, 48.367621 ], [ -3.389122, 48.367195 ], [ -3.388609, 48.366946 ], [ -3.38704, 48.366436 ], [ -3.386294, 48.366185 ], [ -3.385748, 48.365986 ], [ -3.385382, 48.365898 ], [ -3.38497, 48.365844 ], [ -3.383854, 48.365798 ], [ -3.383654, 48.365773 ], [ -3.383133, 48.365697 ], [ -3.382555, 48.365657 ], [ -3.382145, 48.365671 ], [ -3.381087, 48.365654 ], [ -3.379942, 48.365388 ], [ -3.376744, 48.362797 ], [ -3.381324, 48.355452 ], [ -3.382902, 48.355302 ], [ -3.38347, 48.355192 ], [ -3.383973, 48.355043 ], [ -3.384438, 48.354949 ], [ -3.385151, 48.353121 ], [ -3.384177, 48.351358 ], [ -3.377999, 48.345732 ], [ -3.377987, 48.34396 ], [ -3.377926, 48.343878 ], [ -3.376995, 48.342274 ], [ -3.377839, 48.333872 ], [ -3.377635, 48.330278 ], [ -3.376385, 48.329993 ], [ -3.375891, 48.329894 ], [ -3.375287, 48.329875 ], [ -3.374569, 48.330027 ], [ -3.374355547454582, 48.330024129198364 ], [ -3.378393, 48.326699 ] ] ], [ [ [ -3.344061, 48.328633 ], [ -3.344434, 48.328477 ], [ -3.344733, 48.328388 ], [ -3.347274, 48.327722 ], [ -3.347983, 48.327463 ], [ -3.349541, 48.327069 ], [ -3.350744, 48.32674 ], [ -3.351156, 48.326934 ], [ -3.354083, 48.328087 ], [ -3.362365, 48.328141 ], [ -3.363031, 48.32846 ], [ -3.365703, 48.329902 ], [ -3.365988947515449, 48.329911603724497 ], [ -3.365721, 48.329908 ], [ -3.359919, 48.33444 ], [ -3.359219, 48.334601 ], [ -3.358682, 48.334755 ], [ -3.358266, 48.3349 ], [ -3.350447, 48.331291 ], [ -3.350118, 48.329418 ], [ -3.346524, 48.329633 ], [ -3.342417246288775, 48.329956708206709 ], [ -3.344061, 48.328633 ] ] ], [ [ [ -3.341618774507405, 48.330019646451028 ], [ -3.338671, 48.330252 ], [ -3.334625, 48.327793 ], [ -3.341618774507405, 48.330019646451028 ] ] ], [ [ [ -3.293811, 48.3381 ], [ -3.29055, 48.336575 ], [ -3.288116, 48.3312 ], [ -3.287938, 48.330905 ], [ -3.287733, 48.330506 ], [ -3.288944, 48.3278 ], [ -3.29279, 48.320428 ], [ -3.294453, 48.319137 ], [ -3.294935, 48.318742 ], [ -3.295563, 48.318194 ], [ -3.296242, 48.317621 ], [ -3.301232, 48.31022 ], [ -3.301599, 48.309277 ], [ -3.303013, 48.307055 ], [ -3.303968, 48.306058 ], [ -3.310622, 48.302177 ], [ -3.311191, 48.298713 ], [ -3.314744, 48.29813 ], [ -3.317068, 48.300601 ], [ -3.325357, 48.299305 ], [ -3.325843, 48.298502 ], [ -3.327248, 48.295858 ], [ -3.329973, 48.294251 ], [ -3.331404, 48.293325 ], [ -3.336205, 48.294963 ], [ -3.335531, 48.2985 ], [ -3.332659, 48.305084 ], [ -3.332969, 48.309547 ], [ -3.333228, 48.313138 ], [ -3.330575, 48.313329 ], [ -3.330055, 48.313342 ], [ -3.329596, 48.313306 ], [ -3.326392, 48.314158 ], [ -3.323598250245938, 48.316223761235207 ], [ -3.323787, 48.313138 ], [ -3.325095, 48.308215 ], [ -3.324509, 48.306621 ], [ -3.321494, 48.304654 ], [ -3.313685, 48.307521 ], [ -3.309787, 48.312655 ], [ -3.303648, 48.315002 ], [ -3.302755, 48.315095 ], [ -3.301637, 48.315244 ], [ -3.301316, 48.315325 ], [ -3.300986, 48.315431 ], [ -3.300051, 48.323207 ], [ -3.30018, 48.325037 ], [ -3.295796, 48.332778 ], [ -3.294656, 48.332747 ], [ -3.294298, 48.332692 ], [ -3.292291, 48.334628 ], [ -3.292023, 48.335202 ], [ -3.292415, 48.335622 ], [ -3.293056, 48.336068 ], [ -3.293872, 48.336267 ], [ -3.295121, 48.336314 ], [ -3.300066, 48.338198 ], [ -3.293811, 48.3381 ] ] ], [ [ [ -3.269255, 48.359558 ], [ -3.269558, 48.359229 ], [ -3.270624, 48.359059 ], [ -3.271008, 48.359005 ], [ -3.271335, 48.358989 ], [ -3.277091, 48.357568 ], [ -3.28111, 48.351587 ], [ -3.282094, 48.350508 ], [ -3.282593, 48.349962 ], [ -3.282875, 48.350027 ], [ -3.283668, 48.350307 ], [ -3.283817, 48.350405 ], [ -3.292565, 48.352447 ], [ -3.295146, 48.349938 ], [ -3.296374, 48.350811 ], [ -3.296866, 48.351296 ], [ -3.302259750869718, 48.352672397160717 ], [ -3.301825, 48.353614 ], [ -3.297229, 48.351844 ], [ -3.294286, 48.353916 ], [ -3.285841, 48.35442 ], [ -3.284944, 48.355365 ], [ -3.279018, 48.359702 ], [ -3.275716, 48.360537 ], [ -3.273314, 48.361732 ], [ -3.272811, 48.362107 ], [ -3.269848, 48.364294 ], [ -3.269571, 48.364492 ], [ -3.26926, 48.36477 ], [ -3.268936, 48.365176 ], [ -3.267072, 48.367747 ], [ -3.269255, 48.359558 ] ] ], [ [ [ -3.23831, 48.366422 ], [ -3.237718, 48.365755 ], [ -3.235561, 48.363792 ], [ -3.233289, 48.362111 ], [ -3.233273, 48.36159 ], [ -3.233762, 48.360718 ], [ -3.234019, 48.360559 ], [ -3.234616, 48.360318 ], [ -3.240176, 48.362104 ], [ -3.247090289116659, 48.364578947767917 ], [ -3.241433, 48.364389 ], [ -3.239075, 48.366255 ], [ -3.238612, 48.366625 ], [ -3.239016, 48.367134 ], [ -3.23831, 48.366422 ] ] ], [ [ [ -3.230105, 48.378211 ], [ -3.230491, 48.378163 ], [ -3.230924, 48.378152 ], [ -3.231242, 48.378161 ], [ -3.231726, 48.378267 ], [ -3.232051, 48.378758 ], [ -3.240794, 48.380872 ], [ -3.243031, 48.3795 ], [ -3.245809, 48.378844 ], [ -3.244828, 48.379259 ], [ -3.246231, 48.382575 ], [ -3.246546, 48.38932 ], [ -3.24586, 48.39106 ], [ -3.245692, 48.391533 ], [ -3.245744, 48.391733 ], [ -3.245944, 48.392626 ], [ -3.246017, 48.392792 ], [ -3.246091, 48.392863 ], [ -3.246311, 48.392991 ], [ -3.246944, 48.393356 ], [ -3.247193, 48.393498 ], [ -3.247874, 48.393889 ], [ -3.250811, 48.393281 ], [ -3.254099, 48.394328 ], [ -3.254703, 48.394537 ], [ -3.255605, 48.394768 ], [ -3.257359, 48.395723 ], [ -3.258732, 48.396996 ], [ -3.259536, 48.403058 ], [ -3.254496, 48.405127 ], [ -3.254103, 48.405115 ], [ -3.253618, 48.405158 ], [ -3.252695, 48.405352 ], [ -3.251818, 48.405623 ], [ -3.251172, 48.405873 ], [ -3.250898, 48.406023 ], [ -3.248518, 48.406816 ], [ -3.240845, 48.403727 ], [ -3.239468, 48.403549 ], [ -3.233829, 48.400573 ], [ -3.231549, 48.395105 ], [ -3.231369, 48.388401 ], [ -3.231625, 48.387814 ], [ -3.23173, 48.387373 ], [ -3.230588, 48.381794 ], [ -3.229701, 48.378305 ], [ -3.228231863028061, 48.37584285883559 ], [ -3.230105, 48.378211 ] ] ], [ [ [ -3.224947, 48.370475 ], [ -3.224868, 48.370768 ], [ -3.224799049787687, 48.370926197456825 ], [ -3.224598, 48.370807 ], [ -3.223828740154167, 48.370172506689187 ], [ -3.224947, 48.370475 ] ] ], [ [ [ -3.203202, 48.365509 ], [ -3.20307, 48.365 ], [ -3.206384, 48.359598 ], [ -3.209194, 48.357349 ], [ -3.216087, 48.351991 ], [ -3.217594, 48.351862 ], [ -3.2181, 48.352102 ], [ -3.218292, 48.352233 ], [ -3.218306, 48.352657 ], [ -3.218508, 48.354655 ], [ -3.218236, 48.354902 ], [ -3.216244, 48.357078 ], [ -3.217262, 48.355736 ], [ -3.214619, 48.353292 ], [ -3.214035, 48.353923 ], [ -3.213773, 48.354245 ], [ -3.211229, 48.357156 ], [ -3.206889, 48.360337 ], [ -3.203262499116602, 48.365783236127228 ], [ -3.203202, 48.365509 ] ] ], [ [ [ -3.203712, 48.367135 ], [ -3.20478, 48.368172 ], [ -3.20459042084975, 48.368505705739281 ], [ -3.203712, 48.367135 ] ] ], [ [ [ -3.202339498808072, 48.372467879865397 ], [ -3.200534, 48.375646 ], [ -3.200101, 48.375629 ], [ -3.202339498808072, 48.372467879865397 ] ] ], [ [ [ -3.193521, 48.370858 ], [ -3.193901, 48.370691 ], [ -3.194575, 48.370427 ], [ -3.195888, 48.373779 ], [ -3.200101, 48.375629 ], [ -3.199656, 48.375642 ], [ -3.194905, 48.374184 ], [ -3.193122, 48.371057 ], [ -3.189980497369591, 48.371824532263552 ], [ -3.193521, 48.370858 ] ] ], [ [ [ -3.151091, 48.394413 ], [ -3.152517, 48.392721 ], [ -3.157897, 48.385964 ], [ -3.160311, 48.377992 ], [ -3.1606, 48.376518 ], [ -3.163307, 48.373597 ], [ -3.166603, 48.37337 ], [ -3.166775, 48.373579 ], [ -3.175548, 48.374762 ], [ -3.182964, 48.372244 ], [ -3.187476515056603, 48.37243630549397 ], [ -3.187224, 48.372498 ], [ -3.185188, 48.37294 ], [ -3.17868, 48.375466 ], [ -3.177719, 48.378935 ], [ -3.178652, 48.379194 ], [ -3.178996, 48.379272 ], [ -3.179435, 48.379339 ], [ -3.180172, 48.379349 ], [ -3.186274, 48.382678 ], [ -3.18458, 48.390989 ], [ -3.182961, 48.39143 ], [ -3.178828, 48.391414 ], [ -3.17534, 48.389182 ], [ -3.174806, 48.388907 ], [ -3.174056, 48.388417 ], [ -3.173106, 48.387553 ], [ -3.17271, 48.387287 ], [ -3.172281, 48.387055 ], [ -3.171888, 48.386884 ], [ -3.171333, 48.386693 ], [ -3.170012, 48.386342 ], [ -3.166373, 48.379211 ], [ -3.166813, 48.378032 ], [ -3.166857, 48.377729 ], [ -3.167199, 48.376395 ], [ -3.167056, 48.375468 ], [ -3.166925, 48.37516 ], [ -3.16121, 48.377016 ], [ -3.160737, 48.377168 ], [ -3.160311, 48.378182 ], [ -3.158135, 48.386014 ], [ -3.157385, 48.389535 ], [ -3.151007093590946, 48.394646689750836 ], [ -3.151091, 48.394413 ] ] ], [ [ [ -3.108354, 48.415427 ], [ -3.111534, 48.413739 ], [ -3.118871, 48.416252 ], [ -3.124952, 48.412804 ], [ -3.127529, 48.406776 ], [ -3.130923, 48.405721 ], [ -3.137718644000282, 48.404474599949083 ], [ -3.130962, 48.406139 ], [ -3.130711, 48.406061 ], [ -3.129483, 48.40706 ], [ -3.128594, 48.408973 ], [ -3.126572, 48.412065 ], [ -3.127549, 48.41553 ], [ -3.127405, 48.421152 ], [ -3.124511, 48.423293 ], [ -3.117756, 48.420376 ], [ -3.118019, 48.416786 ], [ -3.11642, 48.416443 ], [ -3.11194, 48.414783 ], [ -3.108665, 48.415497 ], [ -3.108409, 48.41548 ], [ -3.104091, 48.415185 ], [ -3.108354, 48.415427 ] ] ], [ [ [ -3.069459, 48.403611 ], [ -3.072477, 48.400846 ], [ -3.075255, 48.399576 ], [ -3.079864, 48.394353 ], [ -3.077604, 48.390578 ], [ -3.078277, 48.387041 ], [ -3.080835, 48.386827 ], [ -3.084089, 48.378881 ], [ -3.086003, 48.377638 ], [ -3.089352, 48.377266 ], [ -3.08968, 48.377242 ], [ -3.090223, 48.377231 ], [ -3.094568, 48.379962 ], [ -3.094642, 48.380008 ], [ -3.098732, 48.387678 ], [ -3.099137, 48.388277 ], [ -3.099332, 48.388703 ], [ -3.09965, 48.39332 ], [ -3.103707, 48.400344 ], [ -3.106764, 48.40045 ], [ -3.107071, 48.400392 ], [ -3.108195, 48.401875 ], [ -3.108253, 48.402051 ], [ -3.107742, 48.403929 ], [ -3.107184, 48.404088 ], [ -3.106556, 48.404327 ], [ -3.105367, 48.404724 ], [ -3.105011487087959, 48.404804205240673 ], [ -3.105618, 48.402673 ], [ -3.10547, 48.402197 ], [ -3.104306, 48.401295 ], [ -3.097776, 48.39543 ], [ -3.097784, 48.395059 ], [ -3.097781, 48.394497 ], [ -3.097998, 48.392792 ], [ -3.096262, 48.389915 ], [ -3.094038, 48.384115 ], [ -3.090205, 48.379988 ], [ -3.086989, 48.381605 ], [ -3.081307, 48.388442 ], [ -3.08073, 48.389667 ], [ -3.08103, 48.391876 ], [ -3.082842, 48.393895 ], [ -3.082471, 48.399896 ], [ -3.075227, 48.401328 ], [ -3.074487, 48.401185 ], [ -3.073667, 48.401176 ], [ -3.070839, 48.403736 ], [ -3.070379, 48.40451 ], [ -3.070126, 48.4051 ], [ -3.064849, 48.409696 ], [ -3.064682743368621, 48.40970323501287 ], [ -3.069459, 48.403611 ] ] ], [ [ [ -3.042465, 48.425511 ], [ -3.042825, 48.425218 ], [ -3.043217, 48.424995 ], [ -3.043493, 48.424873 ], [ -3.046864, 48.423355 ], [ -3.050785, 48.417482 ], [ -3.051791, 48.414025 ], [ -3.057791, 48.409332 ], [ -3.061388, 48.409173 ], [ -3.064465689003334, 48.409712680597764 ], [ -3.061494, 48.409842 ], [ -3.058028, 48.410813 ], [ -3.054849, 48.414886 ], [ -3.054382, 48.416429 ], [ -3.053601, 48.419314 ], [ -3.046948, 48.42461 ], [ -3.041642, 48.426893 ], [ -3.039378205499731, 48.42677343983744 ], [ -3.042465, 48.425511 ] ] ], [ [ [ -3.029189, 48.432708 ], [ -3.027108, 48.429042 ], [ -3.026369, 48.427963 ], [ -3.026172, 48.427646 ], [ -3.025232, 48.425981 ], [ -3.028368, 48.424212 ], [ -3.03241, 48.426248 ], [ -3.032043, 48.426167 ], [ -3.030373, 48.425912 ], [ -3.029457, 48.425746 ], [ -3.028816, 48.429289 ], [ -3.031642, 48.431541 ], [ -3.033499, 48.434625 ], [ -3.029689, 48.440441 ], [ -3.028946, 48.440634 ], [ -3.028307, 48.441091 ], [ -3.029189, 48.432708 ] ] ], [ [ [ -3.017076, 48.438778 ], [ -3.017601, 48.438722 ], [ -3.017826, 48.438721 ], [ -3.020332, 48.439638 ], [ -3.028307, 48.441091 ], [ -3.027419, 48.441642 ], [ -3.026852, 48.4423 ], [ -3.025534, 48.44348 ], [ -3.025256, 48.44368 ], [ -3.017543, 48.442361 ], [ -3.016616362958316, 48.438887109624979 ], [ -3.017076, 48.438778 ] ] ], [ [ [ -2.993892, 48.421086 ], [ -3.001, 48.416793 ], [ -3.004261, 48.418026 ], [ -3.009598, 48.419592 ], [ -3.010595, 48.419924 ], [ -3.011184, 48.420166 ], [ -3.011453, 48.420312 ], [ -3.009733, 48.423475 ], [ -3.008441, 48.426176 ], [ -3.007969, 48.427325 ], [ -3.004855, 48.431266 ], [ -3.005882, 48.437025 ], [ -3.010318701359713, 48.439257413761503 ], [ -3.006076, 48.439698 ], [ -3.004195, 48.437868 ], [ -3.002311, 48.431105 ], [ -3.005261, 48.426658 ], [ -3.006666, 48.423238 ], [ -3.0052, 48.41995 ], [ -3.003415, 48.419968 ], [ -3.00322, 48.419974 ], [ -3.000898, 48.420113 ], [ -2.994458, 48.422582 ], [ -2.985547, 48.421887 ], [ -2.985123, 48.421594 ], [ -2.993892, 48.421086 ] ] ], [ [ [ -2.973205, 48.43169 ], [ -2.973843, 48.428147 ], [ -2.977696, 48.422268 ], [ -2.977697, 48.42175 ], [ -2.978557, 48.419756 ], [ -2.97994, 48.42011 ], [ -2.981695, 48.420552 ], [ -2.984323, 48.421268 ], [ -2.982462, 48.420761 ], [ -2.981515, 48.424234 ], [ -2.976443, 48.428697 ], [ -2.976, 48.43227 ], [ -2.975072, 48.435622 ], [ -2.974721115700274, 48.435836801605952 ], [ -2.973205, 48.43169 ] ] ], [ [ [ -2.9486, 48.414647 ], [ -2.955705, 48.416224 ], [ -2.95889, 48.414544 ], [ -2.961498, 48.414003 ], [ -2.966284, 48.419284 ], [ -2.964659, 48.422496 ], [ -2.963039, 48.425301 ], [ -2.962578, 48.425748 ], [ -2.961788, 48.426774 ], [ -2.958701, 48.424923 ], [ -2.951643, 48.424516 ], [ -2.956334, 48.423271 ], [ -2.957435, 48.4236 ], [ -2.957956, 48.423757 ], [ -2.960081, 48.424152 ], [ -2.960423, 48.42421 ], [ -2.96056, 48.424218 ], [ -2.963182, 48.421804 ], [ -2.962811, 48.416911 ], [ -2.959092, 48.41519 ], [ -2.958025, 48.415695 ], [ -2.957366, 48.416047 ], [ -2.950796, 48.417135 ], [ -2.946659, 48.415022 ], [ -2.941405757258202, 48.41327457825971 ], [ -2.9486, 48.414647 ] ] ], [ [ [ -2.939121, 48.412816 ], [ -2.938139, 48.412863 ], [ -2.936041614061117, 48.411478599139031 ], [ -2.939121, 48.412816 ] ] ], [ [ [ -2.913597, 48.407008 ], [ -2.913511, 48.404564 ], [ -2.916538, 48.400271 ], [ -2.917572, 48.399714 ], [ -2.921267, 48.401586 ], [ -2.929003, 48.40416 ], [ -2.931006, 48.404376 ], [ -2.935648679272052, 48.411219238546302 ], [ -2.930823, 48.408034 ], [ -2.930429, 48.406062 ], [ -2.929828, 48.405798 ], [ -2.927601, 48.406428 ], [ -2.920932, 48.403108 ], [ -2.919013, 48.402366 ], [ -2.918982, 48.402374 ], [ -2.918849, 48.402411 ], [ -2.91877, 48.402437 ], [ -2.915076, 48.408141 ], [ -2.912384412475165, 48.414551251226193 ], [ -2.913597, 48.407008 ] ] ], [ [ [ -2.908115, 48.443367 ], [ -2.91128, 48.44165 ], [ -2.916309, 48.436225 ], [ -2.91464, 48.431521 ], [ -2.914472, 48.431182 ], [ -2.914327, 48.429208 ], [ -2.914997, 48.426358 ], [ -2.908997, 48.420149 ], [ -2.908238, 48.416629 ], [ -2.90921, 48.41642 ], [ -2.909842, 48.416206 ], [ -2.912073741334243, 48.415291141734549 ], [ -2.912002, 48.415462 ], [ -2.91415, 48.418352 ], [ -2.916939, 48.425191 ], [ -2.916561, 48.427654 ], [ -2.915917, 48.429736 ], [ -2.915877, 48.434978 ], [ -2.915941, 48.435075 ], [ -2.916461, 48.435609 ], [ -2.916965, 48.435931 ], [ -2.918705, 48.437929 ], [ -2.919376, 48.43867 ], [ -2.919514, 48.446212 ], [ -2.913163, 48.445428 ], [ -2.909954, 48.447059 ], [ -2.906355, 48.44805 ], [ -2.906336092866423, 48.448052874395309 ], [ -2.908115, 48.443367 ] ] ], [ [ [ -2.901773, 48.456379 ], [ -2.901151, 48.454207 ], [ -2.9012, 48.454109 ], [ -2.901949, 48.452943 ], [ -2.903324631523057, 48.452422525767275 ], [ -2.903167, 48.452672 ], [ -2.903216, 48.461072 ], [ -2.895473842651955, 48.461129672955416 ], [ -2.901773, 48.456379 ] ] ], [ [ [ -2.881093, 48.461909 ], [ -2.884635, 48.461266 ], [ -2.890311602369632, 48.462038967853033 ], [ -2.884606, 48.462857 ], [ -2.881034, 48.462412 ], [ -2.876272157246017, 48.460467644982117 ], [ -2.881093, 48.461909 ] ] ], [ [ [ -2.846622, 48.478921 ], [ -2.853131, 48.47687 ], [ -2.856095, 48.473155 ], [ -2.857798, 48.469916 ], [ -2.859351, 48.466668 ], [ -2.862443, 48.46433 ], [ -2.866705, 48.458471 ], [ -2.867235, 48.455943 ], [ -2.868445, 48.455533 ], [ -2.870309, 48.455173 ], [ -2.87062, 48.455292 ], [ -2.870972, 48.455451 ], [ -2.871972, 48.456203 ], [ -2.874018459296023, 48.459547415326448 ], [ -2.873606, 48.459379 ], [ -2.873178, 48.459168 ], [ -2.872611, 48.458952 ], [ -2.872055, 48.458793 ], [ -2.871732, 48.458724 ], [ -2.87092, 48.458585 ], [ -2.86977, 48.458489 ], [ -2.86962, 48.458492 ], [ -2.867446, 48.46129 ], [ -2.862758, 48.466027 ], [ -2.859628, 48.469831 ], [ -2.857619, 48.473931 ], [ -2.851207, 48.478662 ], [ -2.846043, 48.480209 ], [ -2.844854275258082, 48.480474356352644 ], [ -2.846622, 48.478921 ] ] ], [ [ [ -2.81772, 48.491674 ], [ -2.815644, 48.491527 ], [ -2.813614, 48.49169 ], [ -2.813325, 48.488102 ], [ -2.817083, 48.486239 ], [ -2.8236, 48.482717 ], [ -2.8268, 48.481067 ], [ -2.83389, 48.479471 ], [ -2.836411, 48.478674 ], [ -2.842408243817003, 48.480778394302817 ], [ -2.836458, 48.481483 ], [ -2.834186, 48.479981 ], [ -2.833422, 48.479675 ], [ -2.833126, 48.479781 ], [ -2.82476, 48.482385 ], [ -2.824558, 48.482557 ], [ -2.817451, 48.487728 ], [ -2.8172, 48.49132 ], [ -2.818489417440241, 48.491680809003896 ], [ -2.81772, 48.491674 ] ] ], [ [ [ -2.833364, 48.49791 ], [ -2.829802, 48.493405 ], [ -2.823994, 48.493913 ], [ -2.823692, 48.493713 ], [ -2.819076, 48.491686 ], [ -2.819593, 48.491672 ], [ -2.823102, 48.492412 ], [ -2.828648, 48.491559 ], [ -2.833493, 48.497955 ], [ -2.832226, 48.503654 ], [ -2.833364, 48.49791 ] ] ], [ [ [ -2.802848, 48.505579 ], [ -2.802522, 48.504841 ], [ -2.802303, 48.504198 ], [ -2.802179, 48.503628 ], [ -2.805696, 48.50286 ], [ -2.812353, 48.50457 ], [ -2.813199, 48.505072 ], [ -2.813204, 48.505077 ], [ -2.813715383023973, 48.506204397706142 ], [ -2.812674, 48.50603 ], [ -2.812497, 48.506067 ], [ -2.806813, 48.505556 ], [ -2.803555, 48.507086 ], [ -2.801074, 48.512734 ], [ -2.799559422858863, 48.512975447200098 ], [ -2.802848, 48.505579 ] ] ], [ [ [ -2.793011, 48.52084 ], [ -2.791488, 48.519625 ], [ -2.791342, 48.519016 ], [ -2.789508, 48.515211 ], [ -2.791063, 48.511964 ], [ -2.794162, 48.512863 ], [ -2.794713, 48.512925 ], [ -2.795533, 48.512971 ], [ -2.796108, 48.513026 ], [ -2.798018373949765, 48.513221114412559 ], [ -2.794914, 48.513716 ], [ -2.793465, 48.513625 ], [ -2.793114, 48.513833 ], [ -2.792514, 48.516398 ], [ -2.794239, 48.518852 ], [ -2.794376, 48.519182 ], [ -2.795509, 48.520412 ], [ -2.794176, 48.529173 ], [ -2.79361, 48.529319 ], [ -2.792993, 48.52954 ], [ -2.792454, 48.529779 ], [ -2.793011, 48.52084 ] ] ], [ [ [ -2.722772, 48.49983 ], [ -2.721551, 48.499212 ], [ -2.721521, 48.499175 ], [ -2.720783, 48.497572 ], [ -2.718144, 48.489066 ], [ -2.717656, 48.488781 ], [ -2.717111, 48.488505 ], [ -2.716402, 48.488189 ], [ -2.71535, 48.487821 ], [ -2.716542, 48.484424 ], [ -2.717593, 48.484792 ], [ -2.718553, 48.485206 ], [ -2.71927, 48.485563 ], [ -2.719943, 48.485948 ], [ -2.72056, 48.486346 ], [ -2.721149, 48.486779 ], [ -2.721602, 48.487144 ], [ -2.722152, 48.487656 ], [ -2.727444, 48.491828 ], [ -2.732507, 48.495116 ], [ -2.733669, 48.495971 ], [ -2.742084, 48.498028 ], [ -2.743525, 48.50014 ], [ -2.743934, 48.501116 ], [ -2.745861, 48.508313 ], [ -2.75137, 48.510494 ], [ -2.752885, 48.510436 ], [ -2.755027, 48.510461 ], [ -2.756103, 48.510435 ], [ -2.757452, 48.512553 ], [ -2.76394, 48.517345 ], [ -2.766935, 48.519343 ], [ -2.768526605955654, 48.520819705897111 ], [ -2.766005, 48.520312 ], [ -2.762801, 48.519055 ], [ -2.757219, 48.513731 ], [ -2.75105, 48.510401 ], [ -2.745975, 48.509061 ], [ -2.741666, 48.502499 ], [ -2.740281, 48.499177 ], [ -2.740074, 48.499263 ], [ -2.737264, 48.500173 ], [ -2.729055, 48.496926 ], [ -2.728974, 48.495694 ], [ -2.728933, 48.495592 ], [ -2.7279, 48.494734 ], [ -2.724197, 48.490278 ], [ -2.723598, 48.489354 ], [ -2.723254, 48.488892 ], [ -2.720364, 48.491039 ], [ -2.722916, 48.498108 ], [ -2.723231, 48.498694 ], [ -2.723552, 48.499187 ], [ -2.72421, 48.499987 ], [ -2.724655, 48.50044 ], [ -2.72516, 48.50089 ], [ -2.727762, 48.503085 ], [ -2.722772, 48.49983 ] ] ], [ [ [ -2.771272, 48.5703 ], [ -2.771184, 48.570411 ], [ -2.770764, 48.570676 ], [ -2.770463, 48.570696 ], [ -2.7699, 48.570645 ], [ -2.769032, 48.570165 ], [ -2.763915, 48.567259 ], [ -2.763265, 48.566696 ], [ -2.757471, 48.561295 ], [ -2.751297, 48.555283 ], [ -2.751249, 48.555211 ], [ -2.747375, 48.547473 ], [ -2.740423, 48.546616 ], [ -2.740107, 48.546717 ], [ -2.737272, 48.54275 ], [ -2.732487, 48.537285 ], [ -2.732464, 48.537145 ], [ -2.733207, 48.535553 ], [ -2.734484, 48.534355 ], [ -2.738697, 48.530023 ], [ -2.739203, 48.521719 ], [ -2.737728, 48.519631 ], [ -2.736283, 48.517904 ], [ -2.73422, 48.513729 ], [ -2.731938, 48.509255 ], [ -2.731928835525147, 48.509241459576188 ], [ -2.736339, 48.513968 ], [ -2.737756, 48.517277 ], [ -2.739879, 48.518969 ], [ -2.742284, 48.527245 ], [ -2.740976, 48.530241 ], [ -2.73497, 48.535131 ], [ -2.734897, 48.538102 ], [ -2.735054, 48.538203 ], [ -2.735944, 48.538597 ], [ -2.742622, 48.544013 ], [ -2.742957, 48.545872 ], [ -2.74427, 48.545579 ], [ -2.746466, 48.545432 ], [ -2.747741, 48.544698 ], [ -2.749253, 48.544058 ], [ -2.749832, 48.543768 ], [ -2.75642, 48.544705 ], [ -2.755641, 48.552561 ], [ -2.75523, 48.552855 ], [ -2.754957, 48.553089 ], [ -2.755389, 48.555742 ], [ -2.756597, 48.55691 ], [ -2.760117, 48.560396 ], [ -2.763196, 48.563949 ], [ -2.766016, 48.566187 ], [ -2.769052, 48.567334 ], [ -2.77147199802615, 48.568002114728834 ], [ -2.771272, 48.5703 ] ] ], [ [ [ -2.772937939595341, 48.565837687680869 ], [ -2.773325, 48.563845 ], [ -2.775909823985067, 48.562263127267961 ], [ -2.772937939595341, 48.565837687680869 ] ] ], [ [ [ -2.815607, 48.576538 ], [ -2.813809, 48.575113 ], [ -2.813803, 48.574775 ], [ -2.806313, 48.570594 ], [ -2.804792, 48.572073 ], [ -2.80461, 48.572083 ], [ -2.802713, 48.570597 ], [ -2.793885, 48.570504 ], [ -2.793858, 48.570518 ], [ -2.793177, 48.570865 ], [ -2.792455, 48.570617 ], [ -2.79193, 48.566876 ], [ -2.789341, 48.559009 ], [ -2.789299, 48.558945 ], [ -2.787916793796188, 48.557678985228726 ], [ -2.788979, 48.557564 ], [ -2.792842, 48.558714 ], [ -2.794132, 48.565164 ], [ -2.794485, 48.568747 ], [ -2.802541, 48.569549 ], [ -2.803989, 48.570027 ], [ -2.804307, 48.569973 ], [ -2.80495, 48.569802 ], [ -2.811287, 48.569763 ], [ -2.816616, 48.575258 ], [ -2.821877, 48.581726 ], [ -2.815607, 48.576538 ] ] ], [ [ [ -2.869907, 48.593891 ], [ -2.869895, 48.594244 ], [ -2.869863, 48.5952 ], [ -2.869713, 48.5958 ], [ -2.869421, 48.595958 ], [ -2.869198, 48.596009 ], [ -2.868281, 48.596116 ], [ -2.86807, 48.596126 ], [ -2.859994, 48.598693 ], [ -2.85925, 48.599354 ], [ -2.858436, 48.59978 ], [ -2.856862, 48.597102 ], [ -2.856495, 48.596277 ], [ -2.855019, 48.592173 ], [ -2.853714, 48.588818 ], [ -2.85722, 48.580977 ], [ -2.854279, 48.577384 ], [ -2.852616, 48.574191 ], [ -2.851557, 48.572715 ], [ -2.84573, 48.568207 ], [ -2.838862, 48.568648 ], [ -2.835996, 48.570826 ], [ -2.827788, 48.572467 ], [ -2.82763, 48.575414 ], [ -2.827465, 48.583853 ], [ -2.827474, 48.58436 ], [ -2.827453, 48.585609 ], [ -2.823972, 48.586527 ], [ -2.822379, 48.582865 ], [ -2.821877, 48.581726 ], [ -2.822214, 48.582298 ], [ -2.822703, 48.582929 ], [ -2.823541, 48.583934 ], [ -2.826306, 48.581628 ], [ -2.826454, 48.573064 ], [ -2.826329, 48.572247 ], [ -2.827043, 48.569214 ], [ -2.835014, 48.569505 ], [ -2.838008, 48.567506 ], [ -2.845335, 48.567341 ], [ -2.851999, 48.572204 ], [ -2.854079, 48.575256 ], [ -2.856445, 48.578401 ], [ -2.856922, 48.579026 ], [ -2.860287, 48.587343 ], [ -2.858908, 48.587829 ], [ -2.856714, 48.594046 ], [ -2.859717, 48.596032 ], [ -2.862365, 48.595359 ], [ -2.863157, 48.595146 ], [ -2.866338, 48.594183 ], [ -2.869841611663142, 48.593440684095228 ], [ -2.869907, 48.593891 ] ] ], [ [ [ -2.884295, 48.605785 ], [ -2.883332, 48.607258 ], [ -2.883108, 48.607378 ], [ -2.881338, 48.606947 ], [ -2.878615, 48.604955 ], [ -2.877526, 48.602167 ], [ -2.879956, 48.597499 ], [ -2.880003, 48.597201 ], [ -2.880572, 48.596056 ], [ -2.88161, 48.595984 ], [ -2.883198, 48.595878 ], [ -2.884183, 48.595838 ], [ -2.888734, 48.594458 ], [ -2.887396, 48.587128 ], [ -2.884976, 48.585238 ], [ -2.886187, 48.585905 ], [ -2.886918, 48.585947 ], [ -2.887219, 48.585812 ], [ -2.887512, 48.585633 ], [ -2.890282, 48.584667 ], [ -2.89601, 48.588414 ], [ -2.892221, 48.594123 ], [ -2.89104, 48.594762 ], [ -2.885061, 48.596031 ], [ -2.882391, 48.599053 ], [ -2.881379, 48.601979 ], [ -2.880201, 48.604091 ], [ -2.880236, 48.604248 ], [ -2.882091, 48.605508 ], [ -2.882313, 48.605463 ], [ -2.88551932667959, 48.60496223501211 ], [ -2.884295, 48.605785 ] ] ], [ [ [ -2.908755, 48.604467 ], [ -2.906512, 48.610451 ], [ -2.900375, 48.614616 ], [ -2.897495, 48.612456 ], [ -2.894873, 48.610234 ], [ -2.894715, 48.610102 ], [ -2.894162, 48.608558 ], [ -2.889198621793122, 48.605284222644066 ], [ -2.895211, 48.606588 ], [ -2.895633, 48.606997 ], [ -2.898189, 48.610069 ], [ -2.900722, 48.611371 ], [ -2.902655, 48.611778 ], [ -2.903229, 48.611119 ], [ -2.907356, 48.603213 ], [ -2.912711, 48.600508 ], [ -2.914669422266821, 48.600526148816286 ], [ -2.908755, 48.604467 ] ] ], [ [ [ -2.921695388087294, 48.602051648160518 ], [ -2.921903, 48.602153 ], [ -2.922622922794895, 48.602675801077247 ], [ -2.921695388087294, 48.602051648160518 ] ] ], [ [ [ -2.942153, 48.615777 ], [ -2.940613, 48.61652 ], [ -2.939881, 48.616956 ], [ -2.93949, 48.617106 ], [ -2.938943, 48.617288 ], [ -2.938376, 48.617133 ], [ -2.938143, 48.617021 ], [ -2.935123, 48.610361 ], [ -2.931503, 48.608244 ], [ -2.92398, 48.603589 ], [ -2.922769073396991, 48.602774148151305 ], [ -2.923882, 48.60325 ], [ -2.930071, 48.604688 ], [ -2.933826, 48.607685 ], [ -2.934953, 48.608433 ], [ -2.940334, 48.611416 ], [ -2.942458873130217, 48.615705706262887 ], [ -2.942153, 48.615777 ] ] ], [ [ [ -2.940682, 48.637959 ], [ -2.939976, 48.638096 ], [ -2.939543, 48.637957 ], [ -2.934481, 48.636779 ], [ -2.93335, 48.636656 ], [ -2.933738, 48.633077 ], [ -2.937365, 48.629671 ], [ -2.938675, 48.628204 ], [ -2.939225, 48.628112 ], [ -2.944948, 48.624736 ], [ -2.948996, 48.620029 ], [ -2.943882, 48.615374 ], [ -2.944769, 48.615104 ], [ -2.951171, 48.617772 ], [ -2.947773, 48.625428 ], [ -2.944614, 48.626556 ], [ -2.937629, 48.631958 ], [ -2.937619, 48.632543 ], [ -2.938632, 48.636656 ], [ -2.945123583236894, 48.638258255608164 ], [ -2.940682, 48.637959 ] ] ], [ [ [ -2.996113, 48.655349 ], [ -2.993924, 48.658207 ], [ -2.988196, 48.66351 ], [ -2.987927, 48.663513 ], [ -2.986611, 48.663431 ], [ -2.984834, 48.661916 ], [ -2.981097, 48.657824 ], [ -2.979726, 48.655795 ], [ -2.971612, 48.65811 ], [ -2.966482, 48.657353 ], [ -2.961922, 48.65805 ], [ -2.958146, 48.659486 ], [ -2.956386, 48.660484 ], [ -2.955028, 48.66141 ], [ -2.954077, 48.660247 ], [ -2.953, 48.658436 ], [ -2.954358, 48.65751 ], [ -2.954082, 48.64877 ], [ -2.952612, 48.647829 ], [ -2.951959, 48.647367 ], [ -2.95171, 48.646671 ], [ -2.948876, 48.639093 ], [ -2.950574, 48.639575 ], [ -2.951302, 48.639826 ], [ -2.956046, 48.647012 ], [ -2.955432, 48.649418 ], [ -2.956915, 48.65584 ], [ -2.958459, 48.658336 ], [ -2.958679, 48.658353 ], [ -2.95995, 48.657777 ], [ -2.967622, 48.656582 ], [ -2.968517, 48.656446 ], [ -2.96867, 48.656346 ], [ -2.968992, 48.656084 ], [ -2.972806, 48.650745 ], [ -2.977802, 48.652948 ], [ -2.981141, 48.657414 ], [ -2.98157, 48.657802 ], [ -2.982015, 48.658106 ], [ -2.98509, 48.66086 ], [ -2.98869, 48.660859 ], [ -2.991729, 48.657135 ], [ -2.993735, 48.654146 ], [ -2.999917, 48.652056 ], [ -3.00369, 48.654422 ], [ -3.004441, 48.655085 ], [ -3.005067, 48.655728 ], [ -2.996113, 48.655349 ] ] ], [ [ [ -3.010048, 48.661382 ], [ -3.007022, 48.660525 ], [ -3.005067, 48.655728 ], [ -3.005469, 48.656025 ], [ -3.009478, 48.659438 ], [ -3.010361, 48.660599 ], [ -3.010765, 48.660706 ], [ -3.011595, 48.660762 ], [ -3.015292, 48.660743 ], [ -3.015458352796661, 48.660847267279109 ], [ -3.010048, 48.661382 ] ] ], [ [ [ -3.048113, 48.701435 ], [ -3.047578, 48.70131 ], [ -3.047172, 48.701171 ], [ -3.046468, 48.700777 ], [ -3.040653, 48.697994 ], [ -3.034048, 48.696814 ], [ -3.03331, 48.693291 ], [ -3.034028, 48.685584 ], [ -3.032787, 48.684192 ], [ -3.033436, 48.677417 ], [ -3.033359, 48.677163 ], [ -3.033482, 48.67581 ], [ -3.026406, 48.6713 ], [ -3.022856, 48.674527 ], [ -3.021508, 48.677241 ], [ -3.018284, 48.675639 ], [ -3.019633, 48.672925 ], [ -3.020982, 48.670211 ], [ -3.022395, 48.667423 ], [ -3.018401637300728, 48.6626920710519 ], [ -3.022789, 48.665442 ], [ -3.023477, 48.667319 ], [ -3.028835, 48.668035 ], [ -3.029916, 48.668553 ], [ -3.036877, 48.673194 ], [ -3.035282, 48.67653 ], [ -3.036054, 48.681271 ], [ -3.037784, 48.684429 ], [ -3.03828, 48.692234 ], [ -3.038529, 48.695825 ], [ -3.044222, 48.698147 ], [ -3.047753, 48.697448 ], [ -3.054909, 48.700008 ], [ -3.048113, 48.701435 ] ] ], [ [ [ -3.057472, 48.701779 ], [ -3.057187, 48.701554 ], [ -3.057492824742271, 48.70178972164949 ], [ -3.057472, 48.701779 ] ] ], [ [ [ -3.093376, 48.714469 ], [ -3.093152, 48.715318 ], [ -3.092688, 48.715952 ], [ -3.092057, 48.716404 ], [ -3.09149, 48.716613 ], [ -3.088859, 48.717347 ], [ -3.086306, 48.71481 ], [ -3.081488, 48.707649 ], [ -3.07914, 48.706967 ], [ -3.078707, 48.706898 ], [ -3.078047, 48.706706 ], [ -3.077429, 48.7064 ], [ -3.076739, 48.70585 ], [ -3.076352, 48.705288 ], [ -3.076171, 48.704817 ], [ -3.076027, 48.704456 ], [ -3.072850678849691, 48.698166951062767 ], [ -3.075587, 48.697363 ], [ -3.08171, 48.70314 ], [ -3.081762, 48.706011 ], [ -3.081924, 48.706734 ], [ -3.082645, 48.706691 ], [ -3.088515, 48.712936 ], [ -3.088605, 48.713411 ], [ -3.088893, 48.714233 ], [ -3.089314, 48.714825 ], [ -3.089935, 48.715301 ], [ -3.090407, 48.715565 ], [ -3.092568, 48.712686 ], [ -3.09545085509445, 48.711858291901322 ], [ -3.093376, 48.714469 ] ] ], [ [ [ -3.112568, 48.713156 ], [ -3.106227, 48.714513 ], [ -3.103729, 48.714498 ], [ -3.099258505746735, 48.71076506203768 ], [ -3.099304, 48.710752 ], [ -3.103838, 48.712528 ], [ -3.111717, 48.712301 ], [ -3.113244, 48.711573 ], [ -3.115689372429194, 48.712544340083191 ], [ -3.112568, 48.713156 ] ] ], [ [ [ -3.418952, 48.797984 ], [ -3.418242, 48.797997 ], [ -3.417815, 48.797931 ], [ -3.415489300881669, 48.797317234355539 ], [ -3.417181, 48.796111 ], [ -3.424545, 48.798039 ], [ -3.418952, 48.797984 ] ] ], [ [ [ -3.541397802902034, 48.790410237740083 ], [ -3.542398, 48.790012 ], [ -3.542670678091566, 48.79004209164416 ], [ -3.541397802902034, 48.790410237740083 ] ] ], [ [ [ -3.552097, 48.774368 ], [ -3.551448, 48.774426 ], [ -3.552201, 48.774358 ], [ -3.552345328655829, 48.774354469423592 ], [ -3.552097, 48.774368 ] ] ], [ [ [ -3.550249, 48.747673 ], [ -3.550179, 48.747282 ], [ -3.550184376999147, 48.747170556168363 ], [ -3.550249, 48.747673 ] ] ], [ [ [ -3.549797, 48.740997 ], [ -3.549798519725363, 48.741021732304702 ], [ -3.549758, 48.740935 ], [ -3.549797, 48.740997 ] ] ], [ [ [ -3.578209, 48.720171 ], [ -3.577474706931871, 48.717690356261215 ], [ -3.5768643665027, 48.714511886346386 ], [ -3.576880147393322, 48.714485238535609 ], [ -3.578209, 48.720171 ] ] ], [ [ [ -3.842836, 48.716389 ], [ -3.845194, 48.716254 ], [ -3.847553, 48.716118 ], [ -3.849911, 48.715983 ], [ -3.852093, 48.715866 ], [ -3.854894, 48.715425 ], [ -3.855454, 48.718981 ], [ -3.852652, 48.719422 ], [ -3.850118, 48.719577 ], [ -3.847759, 48.719712 ], [ -3.845401, 48.719848 ], [ -3.843043, 48.719983 ], [ -3.842679981647754, 48.719999595124676 ], [ -3.842517, 48.716404 ], [ -3.841348666505065, 48.716456977637314 ], [ -3.842836, 48.716389 ] ] ], [ [ [ -3.991762, 48.733332 ], [ -3.994177, 48.734007 ], [ -3.996739, 48.734363 ], [ -3.999079, 48.734703 ], [ -4.002662, 48.734755 ], [ -4.006244, 48.734807 ], [ -4.006192, 48.738406 ], [ -4.00261, 48.738354 ], [ -3.999027, 48.738303 ], [ -3.996243, 48.737929 ], [ -3.993681, 48.737572 ], [ -3.990814, 48.736805 ], [ -3.988173, 48.736084 ], [ -3.988093015510597, 48.736062941103711 ], [ -3.98901, 48.732581 ], [ -3.990682365434629, 48.727387667876769 ], [ -3.991762, 48.733332 ] ] ], [ [ [ -4.187520934786592, 48.685303740764773 ], [ -4.187556, 48.685306 ], [ -4.187631, 48.685293 ], [ -4.193273604416966, 48.692749096618755 ], [ -4.187520934786592, 48.685303740764773 ] ] ], [ [ [ -3.592762758749453, 48.33856759816728 ], [ -3.58813, 48.341635 ], [ -3.587644, 48.341969 ], [ -3.586994, 48.342928 ], [ -3.586379197978659, 48.344989706778463 ], [ -3.582806, 48.341383 ], [ -3.575776, 48.340052 ], [ -3.575192, 48.335166 ], [ -3.572503, 48.332772 ], [ -3.570426, 48.333676 ], [ -3.569345, 48.33711 ], [ -3.563879, 48.340938 ], [ -3.556461, 48.33872 ], [ -3.5547, 48.337205 ], [ -3.551815, 48.339358 ], [ -3.54353634055931, 48.340311835439209 ], [ -3.542755, 48.334385 ], [ -3.543181, 48.332776 ], [ -3.543219618783238, 48.332617438223323 ], [ -3.543287, 48.332426 ], [ -3.545864, 48.328504 ], [ -3.546003, 48.324906 ], [ -3.546091204230569, 48.324611055473731 ], [ -3.55299, 48.320779 ], [ -3.554726, 48.322238 ], [ -3.555776, 48.323511 ], [ -3.558218, 48.321949 ], [ -3.558553, 48.32122 ], [ -3.558843, 48.32058 ], [ -3.561428, 48.313762 ], [ -3.562094, 48.312092 ], [ -3.562076, 48.31201 ], [ -3.561727, 48.310175 ], [ -3.566092, 48.305047 ], [ -3.571079, 48.310836 ], [ -3.570884, 48.31443 ], [ -3.575635, 48.320888 ], [ -3.576347, 48.32637 ], [ -3.579805, 48.327373 ], [ -3.582408, 48.323998 ], [ -3.585816, 48.322838 ], [ -3.592901, 48.32797 ], [ -3.591375, 48.334083 ], [ -3.591471, 48.337372 ], [ -3.591513, 48.33768 ], [ -3.592762758749453, 48.33856759816728 ] ] ], [ [ [ -3.504672417860894, 48.312303614398004 ], [ -3.503453, 48.311693 ], [ -3.498382, 48.31212 ], [ -3.496548, 48.312236 ], [ -3.49675, 48.31583 ], [ -3.491494, 48.323102 ], [ -3.489192, 48.322262 ], [ -3.488722, 48.322014 ], [ -3.485408, 48.316757 ], [ -3.480476, 48.310837 ], [ -3.479336139671802, 48.310377411199362 ], [ -3.483923, 48.305545 ], [ -3.484645, 48.305485 ], [ -3.485377, 48.305438 ], [ -3.485781, 48.305383 ], [ -3.486141, 48.305295 ], [ -3.486606, 48.305124 ], [ -3.489648, 48.303866 ], [ -3.496235, 48.307858 ], [ -3.496943, 48.30837 ], [ -3.497517, 48.308584 ], [ -3.499925, 48.308953 ], [ -3.500292, 48.309048 ], [ -3.500434, 48.309086 ], [ -3.500969, 48.309208 ], [ -3.504672417860894, 48.312303614398004 ] ] ], [ [ [ -4.327672053289251, 48.67058128311001 ], [ -4.328359785373062, 48.671203472941535 ], [ -4.328079863760937, 48.671552992828538 ], [ -4.327672053289251, 48.67058128311001 ] ] ] ] } },
{ "type": "Feature", "properties": { "fid": 7, "ID": null, "CENTER_LON": "-4.110093780584127", "CENTER_LAT": "47.968796898032636", "AA_MINS": 60, "AA_MODE": "driving-car", "TOTAL_POP": "566916" }, "geometry": { "type": "MultiPolygon", "coordinates": [ [ [ [ -4.409292, 48.390294 ], [ -4.410348, 48.390424 ], [ -4.410888, 48.390667 ], [ -4.41815, 48.395663 ], [ -4.417206, 48.395503 ], [ -4.416204, 48.395426 ], [ -4.415033, 48.395245 ], [ -4.411575, 48.394019 ], [ -4.411206, 48.393811 ], [ -4.409224, 48.392299 ], [ -4.406382, 48.39149 ], [ -4.403632, 48.390211 ], [ -4.409292, 48.390294 ] ] ], [ [ [ -4.418101, 48.3667 ], [ -4.412562, 48.370933 ], [ -4.411187, 48.375409 ], [ -4.410932, 48.373807 ], [ -4.410504, 48.370257 ], [ -4.417654, 48.366217 ], [ -4.419983268806195, 48.366367619384896 ], [ -4.418101, 48.3667 ] ] ], [ [ [ -4.321861, 48.331435 ], [ -4.322445, 48.335029 ], [ -4.327118, 48.341226 ], [ -4.330457, 48.342572 ], [ -4.332049, 48.344118 ], [ -4.324492, 48.340775 ], [ -4.321784, 48.342423 ], [ -4.314923, 48.344345 ], [ -4.311565, 48.343861 ], [ -4.309374, 48.335138 ], [ -4.312536, 48.334438 ], [ -4.312975, 48.334471 ], [ -4.313802, 48.334528 ], [ -4.315708, 48.334884 ], [ -4.315888, 48.334957 ], [ -4.316344, 48.335097 ], [ -4.316518, 48.335118 ], [ -4.316647, 48.335107 ], [ -4.316839, 48.335033 ], [ -4.317512, 48.33455 ], [ -4.318288, 48.329233 ], [ -4.321501152199828, 48.325943680968479 ], [ -4.321861, 48.331435 ] ] ], [ [ [ -4.310116, 48.313934 ], [ -4.315525, 48.314321 ], [ -4.31595, 48.314462 ], [ -4.319176939907075, 48.315232074116345 ], [ -4.317891, 48.315214 ], [ -4.312316620738057, 48.315482660728911 ], [ -4.308107, 48.314255 ], [ -4.307427, 48.314155 ], [ -4.310116, 48.313934 ] ] ], [ [ [ -4.272228, 48.310928 ], [ -4.272241, 48.311004 ], [ -4.272227, 48.311077 ], [ -4.272075, 48.311409 ], [ -4.272092, 48.31051 ], [ -4.272069, 48.31042 ], [ -4.272228, 48.310928 ] ] ], [ [ [ -4.270045, 48.308971 ], [ -4.262419467287659, 48.309338121455134 ], [ -4.262419467287658, 48.309338121455134 ], [ -4.270045, 48.308971 ] ] ], [ [ [ -4.252616602586968, 48.284257339686114 ], [ -4.252616602586968, 48.284257339686114 ], [ -4.25295, 48.284177 ], [ -4.252616602586968, 48.284257339686114 ] ] ], [ [ [ -4.345622, 48.205786 ], [ -4.348167, 48.205999 ], [ -4.350888320893747, 48.207369144203632 ], [ -4.349199, 48.207552 ], [ -4.348022, 48.207009 ], [ -4.346018, 48.206656 ], [ -4.339003, 48.204501 ], [ -4.345622, 48.205786 ] ] ], [ [ [ -4.336328, 48.205099 ], [ -4.330015, 48.205452 ], [ -4.329897247595984, 48.205335969227235 ], [ -4.336328, 48.205099 ] ] ], [ [ [ -4.649886, 48.067518 ], [ -4.649061, 48.068134 ], [ -4.648765, 48.068162 ], [ -4.648166, 48.068158 ], [ -4.646804, 48.067293 ], [ -4.649796, 48.06634 ], [ -4.650103, 48.066084 ], [ -4.653414499276871, 48.066070130238479 ], [ -4.649886, 48.067518 ] ] ], [ [ [ -4.629936786192274, 48.026523480572166 ], [ -4.629783, 48.026492 ], [ -4.629737764550931, 48.026413199009163 ], [ -4.629936786192274, 48.026523480572166 ] ] ], [ [ [ -4.579067, 48.006833 ], [ -4.580385, 48.006748 ], [ -4.585033, 48.006477 ], [ -4.585622, 48.006793 ], [ -4.585987, 48.007486 ], [ -4.586399, 48.0084 ], [ -4.58681, 48.009607 ], [ -4.594032, 48.013472 ], [ -4.591374, 48.015057 ], [ -4.585824, 48.008851 ], [ -4.585743, 48.008143 ], [ -4.579299, 48.007628 ], [ -4.578076, 48.00766 ], [ -4.576593, 48.007796 ], [ -4.579067, 48.006833 ] ] ], [ [ [ -4.56471, 48.00175 ], [ -4.565226, 48.001834 ], [ -4.566869, 48.00361 ], [ -4.573044, 48.008034 ], [ -4.566516, 48.004772 ], [ -4.565265, 48.002449 ], [ -4.564554, 48.002506 ], [ -4.556882, 48.005396 ], [ -4.56471, 48.00175 ] ] ], [ [ [ -4.534512, 48.010364 ], [ -4.541834, 48.011282 ], [ -4.534583, 48.010394 ], [ -4.528859, 48.008504 ], [ -4.534512, 48.010364 ] ] ], [ [ [ -4.503116, 48.002451 ], [ -4.503867, 48.002668 ], [ -4.506393, 48.003578 ], [ -4.503053, 48.00294 ], [ -4.497303, 48.000399 ], [ -4.503116, 48.002451 ] ] ], [ [ [ -4.497303, 48.000399 ], [ -4.490896059984779, 48.001646450625749 ], [ -4.490896059984778, 48.001646450625749 ], [ -4.497303, 48.000399 ] ] ], [ [ [ -4.402683626655047, 47.939900791021046 ], [ -4.402683626655045, 47.939900791021046 ], [ -4.400483, 47.938104 ], [ -4.402683626655047, 47.939900791021046 ] ] ], [ [ [ -4.349644, 47.87333 ], [ -4.349604726186016, 47.873341860633687 ], [ -4.349604726186015, 47.873341860633687 ], [ -4.349644, 47.87333 ] ] ], [ [ [ -3.895611617527479, 47.832051297815269 ], [ -3.895611617527475, 47.832051297815269 ], [ -3.891962, 47.829458 ], [ -3.895611617527479, 47.832051297815269 ] ] ], [ [ [ -3.738636, 47.805032 ], [ -3.73490006082462, 47.806989558993692 ], [ -3.734900060824618, 47.806989558993692 ], [ -3.738636, 47.805032 ] ] ], [ [ [ -3.522499879773011, 47.758142960141733 ], [ -3.522499879773007, 47.758142960141726 ], [ -3.522432, 47.758 ], [ -3.522499879773011, 47.758142960141733 ] ] ], [ [ [ -3.522432, 47.758 ], [ -3.522240867034718, 47.757753659305706 ], [ -3.522240867034714, 47.757753659305699 ], [ -3.522432, 47.758 ] ] ], [ [ [ -3.522019067341253, 47.757467793963727 ], [ -3.522019067341244, 47.75746779396372 ], [ -3.52193, 47.757353 ], [ -3.522019067341253, 47.757467793963727 ] ] ], [ [ [ -3.52193, 47.757353 ], [ -3.521668641601593, 47.757102819863036 ], [ -3.521668641601569, 47.757102819863007 ], [ -3.52193, 47.757353 ] ] ], [ [ [ -3.521497035236409, 47.756938553077624 ], [ -3.521497035236401, 47.756938553077617 ], [ -3.521439, 47.756883 ], [ -3.521497035236409, 47.756938553077624 ] ] ], [ [ [ -3.521138359875894, 47.756644051924482 ], [ -3.521138359875874, 47.756644051924468 ], [ -3.521093, 47.756608 ], [ -3.521138359875894, 47.756644051924482 ] ] ], [ [ [ -3.520144279951246, 47.755952117590446 ], [ -3.520144279951224, 47.755952117590432 ], [ -3.520066, 47.755898 ], [ -3.520144279951246, 47.755952117590446 ] ] ], [ [ [ -3.520066, 47.755898 ], [ -3.519848724547501, 47.755784615965325 ], [ -3.519848724547428, 47.755784615965283 ], [ -3.520066, 47.755898 ] ] ], [ [ [ -3.481076, 47.717155 ], [ -3.487284246064769, 47.722217468071648 ], [ -3.487258463573317, 47.7222044449788 ], [ -3.481156, 47.717296 ], [ -3.481042320642892, 47.717107407518156 ], [ -3.481076, 47.717155 ] ] ], [ [ [ -3.480725, 47.716659 ], [ -3.48083261285026, 47.716811068301219 ], [ -3.480583368844564, 47.716518378092701 ], [ -3.480725, 47.716659 ] ] ], [ [ [ -3.467870207003579, 47.707355964337445 ], [ -3.466067, 47.706345 ], [ -3.466033460141987, 47.706318477622432 ], [ -3.467870207003579, 47.707355964337445 ] ] ], [ [ [ -3.431319, 47.70033 ], [ -3.4314, 47.70031 ], [ -3.43292064958923, 47.700690797059075 ], [ -3.431531, 47.700948 ], [ -3.431248, 47.701079 ], [ -3.43076964658185, 47.701336356772288 ], [ -3.431319, 47.70033 ] ] ], [ [ [ -3.426927867081456, 47.703403255292407 ], [ -3.426525, 47.70362 ], [ -3.426253358687073, 47.703563602182726 ], [ -3.426927867081456, 47.703403255292407 ] ] ], [ [ [ -3.413389, 47.699908 ], [ -3.413971, 47.699591 ], [ -3.414726, 47.699277 ], [ -3.414862, 47.699254 ], [ -3.415941789939263, 47.699600478051217 ], [ -3.414962, 47.699946 ], [ -3.41388, 47.700515 ], [ -3.412489090474292, 47.701629397497825 ], [ -3.41239, 47.701621 ], [ -3.411073077263436, 47.701895759771638 ], [ -3.413389, 47.699908 ] ] ], [ [ [ -3.375073, 47.709408 ], [ -3.375986, 47.70795 ], [ -3.37988, 47.703976 ], [ -3.380045, 47.703899 ], [ -3.383413, 47.702623 ], [ -3.387275, 47.70182 ], [ -3.393874, 47.700613 ], [ -3.39509, 47.701481 ], [ -3.39802482669751, 47.702155987912505 ], [ -3.397202, 47.702149 ], [ -3.394272470636052, 47.702464526151161 ], [ -3.393102, 47.702192 ], [ -3.390096, 47.702119 ], [ -3.389602, 47.702278 ], [ -3.384995, 47.703487 ], [ -3.380807, 47.70553 ], [ -3.378763047811434, 47.707392360530463 ], [ -3.375492, 47.709576 ], [ -3.375086, 47.709843 ], [ -3.374127865836073, 47.710464284099857 ], [ -3.375073, 47.709408 ] ] ], [ [ [ -3.367684430932555, 47.716559152098682 ], [ -3.367684517864808, 47.716562048486381 ], [ -3.367673, 47.716566 ], [ -3.367684430932555, 47.716559152098682 ] ] ], [ [ [ -3.485751287344907, 47.966839800314851 ], [ -3.486943, 47.967054 ], [ -3.488814052869018, 47.968534386974191 ], [ -3.485751287344907, 47.966839800314851 ] ] ], [ [ [ -3.505234, 48.010814 ], [ -3.505149, 48.010488 ], [ -3.505084, 48.01 ], [ -3.505162, 48.009343 ], [ -3.505292, 48.008979 ], [ -3.501524, 48.001035 ], [ -3.499677183586286, 47.998499341100512 ], [ -3.501914, 47.996785 ], [ -3.504724, 47.999035 ], [ -3.509143004213, 47.998890189582532 ], [ -3.510604, 47.998865 ], [ -3.511234, 47.998983 ], [ -3.514213, 47.999746 ], [ -3.518372, 48.00647 ], [ -3.5153, 48.012513 ], [ -3.513766, 48.014108 ], [ -3.513884867670968, 48.018923084068419 ], [ -3.509484, 48.019277 ], [ -3.504092480410533, 48.016085677845211 ], [ -3.505234, 48.010814 ] ] ], [ [ [ -3.523964, 48.022477 ], [ -3.523755, 48.026071 ], [ -3.521545, 48.025943 ], [ -3.519335, 48.025814 ], [ -3.518801, 48.025765 ], [ -3.518737, 48.025747 ], [ -3.518234, 48.025574 ], [ -3.515659729015777, 48.024727315509359 ], [ -3.515758, 48.024211 ], [ -3.516145948054701, 48.022223266152714 ], [ -3.516499, 48.022095 ], [ -3.516949, 48.021897 ], [ -3.517317, 48.021705 ], [ -3.517756, 48.021388 ], [ -3.522175, 48.018314 ], [ -3.525181711537707, 48.016454050215508 ], [ -3.523964, 48.022477 ] ] ], [ [ [ -3.550266, 48.017157 ], [ -3.546895, 48.020437 ], [ -3.546717, 48.0205 ], [ -3.545013, 48.020017 ], [ -3.542627, 48.019469 ], [ -3.540706, 48.016425 ], [ -3.542273, 48.012209 ], [ -3.542184, 48.014528 ], [ -3.542237, 48.01454 ], [ -3.543126, 48.014517 ], [ -3.543148, 48.01451 ], [ -3.545974, 48.014215 ], [ -3.551591, 48.014905 ], [ -3.551673944392961, 48.01630348483377 ], [ -3.550266, 48.017157 ] ] ], [ [ [ -3.594371963508428, 48.039717312095199 ], [ -3.594387, 48.039711 ], [ -3.596822, 48.041027 ], [ -3.594371963508428, 48.039717312095199 ] ] ], [ [ [ -3.602087, 48.067867 ], [ -3.605342, 48.06633 ], [ -3.60599910050322, 48.066089068542404 ], [ -3.605643, 48.068145 ], [ -3.602344, 48.068906 ], [ -3.600644666900306, 48.068576327021745 ], [ -3.602087, 48.067867 ] ] ], [ [ [ -3.610401, 48.074031 ], [ -3.604744327179216, 48.073887410934645 ], [ -3.607822, 48.071492 ], [ -3.612045, 48.07329 ], [ -3.612365711280109, 48.073306568785988 ], [ -3.610401, 48.074031 ] ] ] ] } },
{ "type": "Feature", "properties": { "fid": 8, "ID": null, "CENTER_LON": "-3.90254259763715", "CENTER_LAT": "47.934364831352646", "AA_MINS": 60, "AA_MODE": "driving-car", "TOTAL_POP": "705395" }, "geometry": { "type": "MultiPolygon", "coordinates": [ [ [ [ -4.467809, 48.383597 ], [ -4.476110352186557, 48.383595011890264 ], [ -4.475852, 48.383638 ], [ -4.475375547028994, 48.383767768036208 ], [ -4.472875038628374, 48.384023833844928 ], [ -4.469256589979767, 48.384394382881794 ], [ -4.468779538644307, 48.384443235561513 ], [ -4.468767133802484, 48.384444505885519 ], [ -4.465627, 48.384382 ], [ -4.463970240529762, 48.384594286728777 ], [ -4.463947, 48.384594 ], [ -4.467809, 48.383597 ] ] ], [ [ [ -4.452648, 48.385965 ], [ -4.452941, 48.386016 ], [ -4.453814, 48.386238 ], [ -4.461836399228803, 48.385227090549805 ], [ -4.4572335744161, 48.386898107897998 ], [ -4.452453860240754, 48.386029999848532 ], [ -4.452648, 48.385965 ] ] ], [ [ [ -4.334078, 48.317047 ], [ -4.328780666996798, 48.318426969840537 ], [ -4.32888, 48.318316 ], [ -4.328900875877027, 48.318214248606481 ], [ -4.334221279738587, 48.315298402373969 ], [ -4.334078, 48.317047 ] ] ], [ [ [ -4.331729, 48.313203 ], [ -4.332247, 48.313072 ], [ -4.33277, 48.312962 ], [ -4.333208, 48.313094 ], [ -4.334372, 48.313459 ], [ -4.334226138734677, 48.315239102789043 ], [ -4.332688, 48.314817 ], [ -4.32818358628827, 48.315129458461577 ], [ -4.327525, 48.31498 ], [ -4.327495549816887, 48.314980996081495 ], [ -4.331729, 48.313203 ] ] ], [ [ [ -4.319809360861036, 48.315240962906429 ], [ -4.319809360860999, 48.315240962906429 ], [ -4.317891, 48.315214 ], [ -4.319809360861036, 48.315240962906429 ] ] ], [ [ [ -4.305799460043481, 48.315108811146608 ], [ -4.304876, 48.31565 ], [ -4.298930093537874, 48.313373921208182 ], [ -4.305799460043481, 48.315108811146608 ] ] ], [ [ [ -4.272228, 48.310928 ], [ -4.272241, 48.311004 ], [ -4.272227, 48.311077 ], [ -4.272075, 48.311409 ], [ -4.272092, 48.31051 ], [ -4.272069, 48.31042 ], [ -4.272228, 48.310928 ] ] ], [ [ [ -4.270045, 48.308971 ], [ -4.262419467287659, 48.309338121455134 ], [ -4.262419467287658, 48.309338121455134 ], [ -4.270045, 48.308971 ] ] ], [ [ [ -4.252616602586968, 48.284257339686114 ], [ -4.252616602586968, 48.284257339686114 ], [ -4.25295, 48.284177 ], [ -4.252616602586968, 48.284257339686114 ] ] ], [ [ [ -4.332072, 48.204997 ], [ -4.332422918930411, 48.205317357930866 ], [ -4.330015, 48.205452 ], [ -4.326732, 48.202217 ], [ -4.332072, 48.204997 ] ] ], [ [ [ -4.42949746534322, 48.097323016415608 ], [ -4.429498511684619, 48.097322309737621 ], [ -4.429628, 48.097291 ], [ -4.42949746534322, 48.097323016415608 ] ] ], [ [ [ -4.430507, 48.09715 ], [ -4.430331, 48.097192 ], [ -4.429628, 48.097291 ], [ -4.430614, 48.097108 ], [ -4.438204, 48.096069 ], [ -4.430507, 48.09715 ] ] ], [ [ [ -4.490419, 48.086712 ], [ -4.493737, 48.086043 ], [ -4.496657257642194, 48.086191979479295 ], [ -4.490419, 48.086712 ] ] ], [ [ [ -4.517689, 48.085645 ], [ -4.508902, 48.086859 ], [ -4.504552116343593, 48.085920830648178 ], [ -4.508437, 48.08357 ], [ -4.514264, 48.08532 ], [ -4.517785, 48.085448 ], [ -4.518512542824942, 48.085449205253759 ], [ -4.517689, 48.085645 ] ] ], [ [ [ -4.503116, 48.002451 ], [ -4.506241, 48.002958 ], [ -4.50657, 48.003054 ], [ -4.512528, 48.005141 ], [ -4.515239954852191, 48.006368167283796 ], [ -4.511406, 48.006068 ], [ -4.506393, 48.003578 ], [ -4.503053, 48.00294 ], [ -4.497303, 48.000399 ], [ -4.503116, 48.002451 ] ] ], [ [ [ -4.497303, 48.000399 ], [ -4.490896059984779, 48.001646450625749 ], [ -4.490896059984778, 48.001646450625749 ], [ -4.497303, 48.000399 ] ] ], [ [ [ -4.453630521900375, 47.980592665372235 ], [ -4.45363007795428, 47.980592520698039 ], [ -4.453582358892767, 47.980567715160539 ], [ -4.447936, 47.976607 ], [ -4.453630521900375, 47.980592665372235 ] ] ], [ [ [ -4.402683626655047, 47.939900791021046 ], [ -4.402683626655045, 47.939900791021046 ], [ -4.400483, 47.938104 ], [ -4.402683626655047, 47.939900791021046 ] ] ], [ [ [ -4.349644, 47.87333 ], [ -4.349604726186016, 47.873341860633687 ], [ -4.349604726186015, 47.873341860633687 ], [ -4.349644, 47.87333 ] ] ], [ [ [ -4.364389, 47.79614 ], [ -4.364519, 47.796129 ], [ -4.365262, 47.796158 ], [ -4.36381, 47.796409 ], [ -4.357712, 47.796796 ], [ -4.364389, 47.79614 ] ] ], [ [ [ -4.292365, 47.792328 ], [ -4.292543, 47.792404 ], [ -4.292674, 47.792479 ], [ -4.291993, 47.792195 ], [ -4.292365, 47.792328 ] ] ], [ [ [ -4.291906, 47.792202 ], [ -4.291993, 47.792195 ], [ -4.285876, 47.793145 ], [ -4.291906, 47.792202 ] ] ], [ [ [ -3.895611617527479, 47.832051297815269 ], [ -3.895611617527475, 47.832051297815269 ], [ -3.891962, 47.829458 ], [ -3.895611617527479, 47.832051297815269 ] ] ], [ [ [ -3.738636, 47.805032 ], [ -3.73490006082462, 47.806989558993692 ], [ -3.734900060824618, 47.806989558993692 ], [ -3.738636, 47.805032 ] ] ], [ [ [ -3.522499879773011, 47.758142960141733 ], [ -3.522499879773007, 47.758142960141726 ], [ -3.522432, 47.758 ], [ -3.522499879773011, 47.758142960141733 ] ] ], [ [ [ -3.522432, 47.758 ], [ -3.522240867034718, 47.757753659305706 ], [ -3.522240867034714, 47.757753659305699 ], [ -3.522432, 47.758 ] ] ], [ [ [ -3.522019067341253, 47.757467793963727 ], [ -3.522019067341244, 47.75746779396372 ], [ -3.52193, 47.757353 ], [ -3.522019067341253, 47.757467793963727 ] ] ], [ [ [ -3.52193, 47.757353 ], [ -3.521668641601593, 47.757102819863036 ], [ -3.521668641601569, 47.757102819863007 ], [ -3.52193, 47.757353 ] ] ], [ [ [ -3.521497035236409, 47.756938553077624 ], [ -3.521497035236401, 47.756938553077617 ], [ -3.521439, 47.756883 ], [ -3.521497035236409, 47.756938553077624 ] ] ], [ [ [ -3.521138359875894, 47.756644051924482 ], [ -3.521138359875874, 47.756644051924468 ], [ -3.521093, 47.756608 ], [ -3.521138359875894, 47.756644051924482 ] ] ], [ [ [ -3.520144279951246, 47.755952117590446 ], [ -3.520144279951224, 47.755952117590432 ], [ -3.520066, 47.755898 ], [ -3.520144279951246, 47.755952117590446 ] ] ], [ [ [ -3.520066, 47.755898 ], [ -3.519848724547501, 47.755784615965325 ], [ -3.519848724547428, 47.755784615965283 ], [ -3.520066, 47.755898 ] ] ], [ [ [ -3.481076, 47.717155 ], [ -3.487284246064769, 47.722217468071648 ], [ -3.487258463573317, 47.7222044449788 ], [ -3.481156, 47.717296 ], [ -3.481042320642892, 47.717107407518156 ], [ -3.481076, 47.717155 ] ] ], [ [ [ -3.480725, 47.716659 ], [ -3.48083261285026, 47.716811068301219 ], [ -3.480583368844564, 47.716518378092701 ], [ -3.480725, 47.716659 ] ] ], [ [ [ -3.41388, 47.700515 ], [ -3.412489090474292, 47.701629397497825 ], [ -3.41248909047429, 47.701629397497825 ], [ -3.41388, 47.700515 ] ] ], [ [ [ -3.345673, 47.694122 ], [ -3.346143, 47.694177 ], [ -3.346187017115688, 47.694916353481275 ], [ -3.341025, 47.694246 ], [ -3.345673, 47.694122 ] ] ], [ [ [ -3.334067, 47.69352 ], [ -3.331378, 47.693416 ], [ -3.325345, 47.692953 ], [ -3.334067, 47.69352 ] ] ], [ [ [ -3.24968, 47.665589 ], [ -3.249902, 47.665634 ], [ -3.251973, 47.670765 ], [ -3.249545, 47.667398 ], [ -3.247052807369673, 47.666108017688678 ], [ -3.24968, 47.665589 ] ] ], [ [ [ -3.152431, 47.667895 ], [ -3.155374, 47.669725 ], [ -3.156769, 47.670821 ], [ -3.157137, 47.671097 ], [ -3.16154681076253, 47.672202080080268 ], [ -3.159768, 47.673412 ], [ -3.153473, 47.669593 ], [ -3.152379816611325, 47.667860683450442 ], [ -3.152431, 47.667895 ] ] ], [ [ [ -2.981431, 47.654903 ], [ -2.976588, 47.657931 ], [ -2.975771440126122, 47.657578292391221 ], [ -2.981431, 47.654903 ] ] ], [ [ [ -2.881456, 47.660653 ], [ -2.881865769227691, 47.660707653845748 ], [ -2.881455989305979, 47.660653080351501 ], [ -2.881456, 47.660653 ] ] ], [ [ [ -3.029771, 47.833973 ], [ -3.03108704440956, 47.833455681646946 ], [ -3.030659, 47.833996 ], [ -3.029770327433998, 47.833998479632022 ], [ -3.029771, 47.833973 ] ] ], [ [ [ -3.55164, 48.174087 ], [ -3.557291, 48.172163 ], [ -3.557397, 48.172036 ], [ -3.559604, 48.16774 ], [ -3.552485, 48.162575 ], [ -3.551652, 48.162872 ], [ -3.550665, 48.163307 ], [ -3.547288, 48.164555 ], [ -3.540233344826416, 48.159659834330476 ], [ -3.540387, 48.159462 ], [ -3.546953, 48.161043 ], [ -3.550419, 48.16007 ], [ -3.554578, 48.155352 ], [ -3.553689, 48.151863 ], [ -3.554502, 48.144064 ], [ -3.558024, 48.143707 ], [ -3.560754, 48.143419 ], [ -3.563484, 48.143131 ], [ -3.564099568369801, 48.143751169794491 ], [ -3.564105, 48.150299 ], [ -3.564608, 48.153864 ], [ -3.567527, 48.15429 ], [ -3.575233, 48.158825 ], [ -3.575364, 48.159067 ], [ -3.57592, 48.159733 ], [ -3.577207, 48.166234 ], [ -3.574163, 48.168956 ], [ -3.573786, 48.169488 ], [ -3.569276, 48.173306 ], [ -3.56857, 48.173696 ], [ -3.56009, 48.174417 ], [ -3.557366, 48.174314 ], [ -3.557355, 48.174313 ], [ -3.555969, 48.174269 ], [ -3.550237, 48.17887 ], [ -3.546609, 48.180113 ], [ -3.55164, 48.174087 ] ] ], [ [ [ -3.526636, 48.183748 ], [ -3.528772, 48.182834 ], [ -3.529729, 48.182803 ], [ -3.530499, 48.183313 ], [ -3.536258609693223, 48.184166122866905 ], [ -3.534863, 48.184784 ], [ -3.53506, 48.188379 ], [ -3.530968362316109, 48.189563464928014 ], [ -3.528435, 48.189261 ], [ -3.526825439119563, 48.190024140392474 ], [ -3.521609, 48.186763 ], [ -3.519211019224017, 48.1867969289831 ], [ -3.526636, 48.183748 ] ] ], [ [ [ -3.51725, 48.192328 ], [ -3.516064, 48.188929 ], [ -3.517952, 48.18742 ], [ -3.519111, 48.186838 ], [ -3.516831, 48.188657 ], [ -3.516823, 48.189676 ], [ -3.516879, 48.189985 ], [ -3.517004, 48.190405 ], [ -3.517114, 48.190644 ], [ -3.517455, 48.191126 ], [ -3.51757, 48.191243 ], [ -3.518352, 48.19192 ], [ -3.520282539101976, 48.192595711575649 ], [ -3.51725, 48.192328 ] ] ], [ [ [ -3.620784, 48.109545 ], [ -3.620859706314433, 48.109780928405343 ], [ -3.616925, 48.117015 ], [ -3.614324, 48.116391 ], [ -3.611094, 48.121844 ], [ -3.608323, 48.124143 ], [ -3.601044, 48.120755 ], [ -3.598718, 48.119295 ], [ -3.595084, 48.119271 ], [ -3.594666, 48.119546 ], [ -3.588019, 48.121588 ], [ -3.584531, 48.121011 ], [ -3.575787, 48.119815 ], [ -3.574618, 48.11928 ], [ -3.573791, 48.11897 ], [ -3.570655, 48.124455 ], [ -3.568331, 48.127204 ], [ -3.56914651069689, 48.127893128759872 ], [ -3.562873, 48.129544 ], [ -3.562506, 48.129522 ], [ -3.555026, 48.12747 ], [ -3.54747, 48.126367 ], [ -3.547186, 48.126311 ], [ -3.546742, 48.126258 ], [ -3.539305, 48.124554 ], [ -3.533318, 48.120127 ], [ -3.53289, 48.119784 ], [ -3.532354, 48.11948 ], [ -3.530655, 48.11856 ], [ -3.530136, 48.118247 ], [ -3.529536, 48.117991 ], [ -3.528574, 48.117715 ], [ -3.528395, 48.117674 ], [ -3.521268, 48.113748 ], [ -3.51919, 48.110809 ], [ -3.515177, 48.106566 ], [ -3.514583, 48.099381 ], [ -3.511259, 48.097998 ], [ -3.505955, 48.096636 ], [ -3.502225, 48.089777 ], [ -3.502511, 48.086402 ], [ -3.502207, 48.086136 ], [ -3.499439, 48.07915 ], [ -3.501474, 48.076179 ], [ -3.502303, 48.068135 ], [ -3.50486, 48.067095 ], [ -3.511237, 48.065425 ], [ -3.517191, 48.06962 ], [ -3.517485, 48.070199 ], [ -3.520767, 48.068719 ], [ -3.529154, 48.071395 ], [ -3.529448, 48.071638 ], [ -3.531736, 48.068858 ], [ -3.531441, 48.068616 ], [ -3.529234, 48.066588 ], [ -3.528714, 48.066169 ], [ -3.528171, 48.065776 ], [ -3.524062, 48.059993 ], [ -3.523947, 48.056395 ], [ -3.529469, 48.049785 ], [ -3.530587, 48.049701 ], [ -3.530317, 48.046111 ], [ -3.527523, 48.043963 ], [ -3.523129, 48.043999 ], [ -3.520959, 48.043388 ], [ -3.519157, 48.042558 ], [ -3.515228, 48.03493 ], [ -3.515403, 48.034333 ], [ -3.515523, 48.033751 ], [ -3.514132, 48.032754 ], [ -3.515758, 48.024211 ], [ -3.516145948054701, 48.022223266152714 ], [ -3.516499, 48.022095 ], [ -3.516949, 48.021897 ], [ -3.517317, 48.021705 ], [ -3.517756, 48.021388 ], [ -3.522175, 48.018314 ], [ -3.529186, 48.013977 ], [ -3.531125, 48.010018 ], [ -3.533391, 48.007954 ], [ -3.536591, 48.007043 ], [ -3.542273, 48.012209 ], [ -3.542184, 48.014528 ], [ -3.542237, 48.01454 ], [ -3.543126, 48.014517 ], [ -3.543148, 48.01451 ], [ -3.545974, 48.014215 ], [ -3.551591, 48.014905 ], [ -3.5521, 48.023487 ], [ -3.548894, 48.026001 ], [ -3.540574, 48.025844 ], [ -3.540055, 48.025477 ], [ -3.537743, 48.023853 ], [ -3.537253, 48.023513 ], [ -3.53632, 48.023511 ], [ -3.535995, 48.023671 ], [ -3.53589, 48.023734 ], [ -3.535201, 48.026472 ], [ -3.536831, 48.028827 ], [ -3.542552, 48.033221 ], [ -3.542937, 48.033573 ], [ -3.544083, 48.034396 ], [ -3.551933, 48.035545 ], [ -3.553762, 48.038633 ], [ -3.556863, 48.040461 ], [ -3.565668, 48.039227 ], [ -3.566174, 48.039877 ], [ -3.566737, 48.040215 ], [ -3.567145, 48.040339 ], [ -3.568945, 48.04078 ], [ -3.571192, 48.041466 ], [ -3.571932, 48.041461 ], [ -3.574382, 48.040589 ], [ -3.582915, 48.042477 ], [ -3.584029, 48.042968 ], [ -3.584356, 48.04299 ], [ -3.58629, 48.04311 ], [ -3.594387, 48.039711 ], [ -3.596822, 48.041027 ], [ -3.601281, 48.045984 ], [ -3.598615, 48.052492 ], [ -3.598554, 48.056092 ], [ -3.599976, 48.056116 ], [ -3.601476, 48.05622 ], [ -3.606474, 48.058729 ], [ -3.607135, 48.059531 ], [ -3.605643, 48.068145 ], [ -3.602344, 48.068906 ], [ -3.596576, 48.067787 ], [ -3.595949, 48.067416 ], [ -3.595247, 48.067212 ], [ -3.594758, 48.067173 ], [ -3.591256, 48.065872 ], [ -3.587703, 48.066453 ], [ -3.587914, 48.067743 ], [ -3.587959, 48.070126 ], [ -3.587367, 48.074003 ], [ -3.579912, 48.076152 ], [ -3.577826, 48.079086 ], [ -3.577827, 48.086011 ], [ -3.579176, 48.089348 ], [ -3.579766, 48.08911 ], [ -3.580282, 48.088859 ], [ -3.582834, 48.087624 ], [ -3.583287, 48.087373 ], [ -3.585024, 48.085932 ], [ -3.585393, 48.085523 ], [ -3.592926, 48.080866 ], [ -3.593534, 48.080819 ], [ -3.594328, 48.080734 ], [ -3.594794, 48.080665 ], [ -3.595711, 48.080556 ], [ -3.596119, 48.08048 ], [ -3.596478, 48.080385 ], [ -3.596966, 48.08022 ], [ -3.597583, 48.079915 ], [ -3.598413, 48.079409 ], [ -3.59953, 48.078681 ], [ -3.599961, 48.078386 ], [ -3.600396, 48.07803 ], [ -3.60156, 48.076947 ], [ -3.601811, 48.076687 ], [ -3.602278, 48.075807 ], [ -3.607822, 48.071492 ], [ -3.612045, 48.07329 ], [ -3.619052, 48.073652 ], [ -3.620517, 48.076941 ], [ -3.622209, 48.076964 ], [ -3.623185, 48.077088 ], [ -3.629342, 48.080384 ], [ -3.633094, 48.084104 ], [ -3.631531, 48.089294 ], [ -3.630648, 48.089985 ], [ -3.62504, 48.090603 ], [ -3.624674, 48.09087 ], [ -3.623436, 48.091831 ], [ -3.622213, 48.092964 ], [ -3.618513, 48.101067 ], [ -3.617484, 48.104517 ], [ -3.620784, 48.109545 ] ] ], [ [ [ -3.513766, 48.014108 ], [ -3.513884867670968, 48.018923084068419 ], [ -3.509484, 48.019277 ], [ -3.502978, 48.015426 ], [ -3.499432, 48.014801 ], [ -3.494802, 48.007932 ], [ -3.494997, 48.005214 ], [ -3.495075, 48.004035 ], [ -3.495123, 48.003702 ], [ -3.495204, 48.002545 ], [ -3.495154, 48.001966 ], [ -3.501914, 47.996785 ], [ -3.504724, 47.999035 ], [ -3.509143004213, 47.998890189582532 ], [ -3.510604, 47.998865 ], [ -3.511234, 47.998983 ], [ -3.514213, 47.999746 ], [ -3.518372, 48.00647 ], [ -3.5153, 48.012513 ], [ -3.513766, 48.014108 ] ] ], [ [ [ -3.489276946949291, 47.968900631230682 ], [ -3.489519267804617, 47.973893967280972 ], [ -3.486278, 47.971777 ], [ -3.483072, 47.973341 ], [ -3.481694, 47.973569 ], [ -3.481216, 47.973624 ], [ -3.478317, 47.973855 ], [ -3.474018, 47.966997 ], [ -3.474097, 47.966468 ], [ -3.47416, 47.96618 ], [ -3.475328, 47.96374 ], [ -3.477257, 47.959677 ], [ -3.478968, 47.957359 ], [ -3.478816, 47.956895 ], [ -3.477493, 47.953608 ], [ -3.474049, 47.954656 ], [ -3.471471082923843, 47.957162904626273 ], [ -3.471231, 47.956504 ], [ -3.470527, 47.954362 ], [ -3.47, 47.950416 ], [ -3.476174, 47.945607 ], [ -3.476755, 47.945602 ], [ -3.476883059290604, 47.945672057141373 ], [ -3.477896, 47.94879 ], [ -3.478092, 47.948902 ], [ -3.478516, 47.949103 ], [ -3.479881, 47.94966 ], [ -3.480173, 47.949757 ], [ -3.480677, 47.949859 ], [ -3.484824341301384, 47.952243095554408 ], [ -3.484992, 47.960523 ], [ -3.484532, 47.960996 ], [ -3.484705, 47.965141 ], [ -3.485495, 47.966698 ], [ -3.48563, 47.966818 ], [ -3.486943, 47.967054 ], [ -3.489276946949291, 47.968900631230682 ] ] ] ] } },
{ "type": "Feature", "properties": { "fid": 9, "ID": null, "CENTER_LON": "-3.0880597", "CENTER_LAT": "48.0856334", "AA_MINS": 60, "AA_MODE": "driving-car", "TOTAL_POP": "408890" }, "geometry": { "type": "MultiPolygon", "coordinates": [ [ [ [ -2.788498, 47.665429 ], [ -2.78564, 47.666694 ], [ -2.782748, 47.667973 ], [ -2.781668, 47.668414 ], [ -2.780956, 47.668681 ], [ -2.779717, 47.677313 ], [ -2.782137, 47.678011 ], [ -2.782601, 47.678054 ], [ -2.782268, 47.681639 ], [ -2.77966, 47.683373 ], [ -2.777787, 47.685735 ], [ -2.776821, 47.689413 ], [ -2.780869, 47.696898 ], [ -2.788286, 47.693702 ], [ -2.790139, 47.690616 ], [ -2.793157, 47.687124 ], [ -2.796096, 47.682824 ], [ -2.796194, 47.682297 ], [ -2.796379, 47.68186 ], [ -2.797812, 47.679322 ], [ -2.80133, 47.680085 ], [ -2.804331, 47.687891 ], [ -2.804847, 47.689442 ], [ -2.808437, 47.696703 ], [ -2.810216, 47.699096 ], [ -2.817104, 47.70478 ], [ -2.82299, 47.705525 ], [ -2.826586, 47.705698 ], [ -2.82759, 47.709666 ], [ -2.827716, 47.710241 ], [ -2.829241, 47.715115 ], [ -2.830541, 47.717918 ], [ -2.831234, 47.719451 ], [ -2.831897, 47.72077 ], [ -2.832174, 47.721268 ], [ -2.832468, 47.721729 ], [ -2.833099, 47.72263 ], [ -2.841515, 47.719485 ], [ -2.840883, 47.717658 ], [ -2.843805, 47.715555 ], [ -2.849917, 47.719475 ], [ -2.848629, 47.722837 ], [ -2.854891, 47.726999 ], [ -2.861538, 47.725506 ], [ -2.862243, 47.725004 ], [ -2.862949, 47.724691 ], [ -2.865806, 47.722859 ], [ -2.868337, 47.721435 ], [ -2.870939, 47.723923 ], [ -2.870663, 47.7301 ], [ -2.870512, 47.730534 ], [ -2.869942, 47.732738 ], [ -2.869769, 47.734294 ], [ -2.869771, 47.734678 ], [ -2.869801, 47.735574 ], [ -2.876094, 47.74131 ], [ -2.877389, 47.741239 ], [ -2.881111, 47.741001 ], [ -2.887807, 47.740576 ], [ -2.894412, 47.734728 ], [ -2.897743, 47.733362 ], [ -2.8984, 47.734964 ], [ -2.898662, 47.735694 ], [ -2.902776, 47.739611 ], [ -2.908943, 47.736845 ], [ -2.909233, 47.736493 ], [ -2.909442, 47.736262 ], [ -2.912116, 47.738672 ], [ -2.913734, 47.747337 ], [ -2.912909, 47.748083 ], [ -2.911235, 47.749481 ], [ -2.910558, 47.750094 ], [ -2.90985, 47.750854 ], [ -2.913345, 47.759111 ], [ -2.914678, 47.75934 ], [ -2.917413, 47.759713 ], [ -2.91802, 47.75986 ], [ -2.918518, 47.76012 ], [ -2.918692, 47.760247 ], [ -2.919014, 47.768777 ], [ -2.918916, 47.769144 ], [ -2.917858, 47.773126 ], [ -2.919406, 47.781095 ], [ -2.926519, 47.781373 ], [ -2.928561, 47.779864 ], [ -2.930435, 47.778489 ], [ -2.932309, 47.777115 ], [ -2.935087, 47.772226 ], [ -2.935559, 47.771579 ], [ -2.936898, 47.771726 ], [ -2.944403, 47.769012 ], [ -2.944773, 47.768717 ], [ -2.945538, 47.768286 ], [ -2.946822, 47.767685 ], [ -2.947354, 47.76749 ], [ -2.953246, 47.764573 ], [ -2.953685, 47.764383 ], [ -2.954151, 47.764232 ], [ -2.954512, 47.764144 ], [ -2.958983, 47.76947 ], [ -2.962586, 47.768826 ], [ -2.965444, 47.771015 ], [ -2.972208, 47.774318 ], [ -2.978339, 47.778184 ], [ -2.982409, 47.778648 ], [ -2.983350701882103, 47.778510428637027 ], [ -2.983398, 47.778588 ], [ -2.979855, 47.785636 ], [ -2.979665, 47.785881 ], [ -2.979415, 47.786191 ], [ -2.979167, 47.786769 ], [ -2.979045, 47.78803 ], [ -2.971559, 47.792561 ], [ -2.970209, 47.795898 ], [ -2.973936, 47.803569 ], [ -2.982409, 47.805508 ], [ -2.987554, 47.80364 ], [ -2.988094, 47.803512 ], [ -2.988492, 47.803373 ], [ -2.989241, 47.802842 ], [ -2.989652, 47.80224 ], [ -2.997171, 47.799526 ], [ -2.998755, 47.800138 ], [ -3.001612, 47.802329 ], [ -3.005737, 47.805669 ], [ -3.008996, 47.807864 ], [ -3.010228, 47.808544 ], [ -3.011481, 47.808458 ], [ -3.012335, 47.808391 ], [ -3.012751, 47.808262 ], [ -3.013085, 47.808094 ], [ -3.013317, 47.807948 ], [ -3.012859, 47.800796 ], [ -3.018434, 47.795427 ], [ -3.023019, 47.792476 ], [ -3.028653, 47.795776 ], [ -3.030396, 47.80186 ], [ -3.028319, 47.804801 ], [ -3.02717, 47.806558 ], [ -3.026623, 47.809853 ], [ -3.029108, 47.812501 ], [ -3.033992, 47.819829 ], [ -3.033922, 47.820229 ], [ -3.034635, 47.82865 ], [ -3.03438, 47.829299 ], [ -3.030659, 47.833996 ], [ -3.024208, 47.834014 ], [ -3.018286, 47.829419 ], [ -3.018355, 47.822687 ], [ -3.018421, 47.822499 ], [ -3.018757, 47.82126 ], [ -3.018741, 47.820578 ], [ -3.018596, 47.820055 ], [ -3.018148, 47.819138 ], [ -3.017942, 47.818861 ], [ -3.013425, 47.819583 ], [ -3.013348, 47.81957 ], [ -3.011219, 47.820348 ], [ -3.010535, 47.822025 ], [ -3.003513, 47.826592 ], [ -3.002646, 47.826371 ], [ -3.000089, 47.82548 ], [ -2.993559, 47.82627 ], [ -2.985249, 47.823114 ], [ -2.982574, 47.822861 ], [ -2.974706, 47.823462 ], [ -2.974248, 47.823524 ], [ -2.973872, 47.823615 ], [ -2.973461, 47.823789 ], [ -2.973059, 47.824048 ], [ -2.964373, 47.823058 ], [ -2.961455, 47.821296 ], [ -2.955865, 47.817928 ], [ -2.95576, 47.817866 ], [ -2.95436, 47.817781 ], [ -2.953946, 47.817925 ], [ -2.953936, 47.82097 ], [ -2.954041, 47.821032 ], [ -2.959594, 47.824377 ], [ -2.962512, 47.82614 ], [ -2.963181, 47.833265 ], [ -2.962571, 47.835383 ], [ -2.962723, 47.835717 ], [ -2.964007, 47.838963 ], [ -2.964187, 47.839696 ], [ -2.964571, 47.842646 ], [ -2.959717, 47.847541 ], [ -2.959308, 47.847593 ], [ -2.958884, 47.847707 ], [ -2.956942, 47.848025 ], [ -2.954415, 47.848664 ], [ -2.952731, 47.84909 ], [ -2.946267, 47.854508 ], [ -2.938099, 47.858275 ], [ -2.935528, 47.857709 ], [ -2.932945, 47.85714 ], [ -2.930977, 47.856721 ], [ -2.927015, 47.861205 ], [ -2.926929, 47.862078 ], [ -2.926982, 47.862434 ], [ -2.927921, 47.86339 ], [ -2.930688, 47.868753 ], [ -2.924821, 47.874131 ], [ -2.924053, 47.874735 ], [ -2.921722, 47.876534 ], [ -2.914045, 47.873209 ], [ -2.907903, 47.871042 ], [ -2.906717, 47.870817 ], [ -2.902724, 47.869799 ], [ -2.900655, 47.869056 ], [ -2.896127, 47.863243 ], [ -2.889387, 47.859571 ], [ -2.886812, 47.858989 ], [ -2.885064, 47.858737 ], [ -2.882494, 47.859182 ], [ -2.877366, 47.860936 ], [ -2.874319463978294, 47.863075795383672 ], [ -2.873836, 47.863332 ], [ -2.866444, 47.85919 ], [ -2.866398, 47.858913 ], [ -2.866353, 47.855591 ], [ -2.868922, 47.852017 ], [ -2.868952, 47.851973 ], [ -2.868903, 47.849072 ], [ -2.868632, 47.848054 ], [ -2.86811, 47.847424 ], [ -2.867941, 47.847292 ], [ -2.865249, 47.849156 ], [ -2.862977, 47.850496 ], [ -2.855025, 47.847494 ], [ -2.855069, 47.842269 ], [ -2.854917, 47.838673 ], [ -2.854135, 47.833833 ], [ -2.85305, 47.833043 ], [ -2.852414, 47.832946 ], [ -2.850599, 47.833156 ], [ -2.85007, 47.833217 ], [ -2.849113, 47.835408 ], [ -2.84713, 47.840914 ], [ -2.839792, 47.840992 ], [ -2.838614, 47.83759 ], [ -2.836569, 47.831148 ], [ -2.836298, 47.828783 ], [ -2.836255, 47.828376 ], [ -2.832675, 47.828756 ], [ -2.826219, 47.8256 ], [ -2.824182, 47.822631 ], [ -2.816654, 47.818395 ], [ -2.816277, 47.817807 ], [ -2.81545, 47.81633 ], [ -2.814198, 47.813496 ], [ -2.811399, 47.809502 ], [ -2.808106, 47.810957 ], [ -2.809055, 47.813105 ], [ -2.810113, 47.815247 ], [ -2.810721, 47.816394 ], [ -2.811522, 47.817624 ], [ -2.812192, 47.818509 ], [ -2.812807, 47.823932 ], [ -2.809704, 47.827283 ], [ -2.802426, 47.827253 ], [ -2.800045, 47.826174 ], [ -2.796446, 47.826071 ], [ -2.789806, 47.826846 ], [ -2.78828, 47.827722 ], [ -2.783387, 47.830285 ], [ -2.783006, 47.830491 ], [ -2.78234, 47.830938 ], [ -2.781119, 47.831716 ], [ -2.783055, 47.834752 ], [ -2.784368, 47.834759 ], [ -2.788685, 47.836923 ], [ -2.786837, 47.845127 ], [ -2.778463, 47.842979 ], [ -2.778051, 47.842259 ], [ -2.775368, 47.842474 ], [ -2.774891, 47.843072 ], [ -2.774584, 47.843463 ], [ -2.774447, 47.844043 ], [ -2.769003, 47.849543 ], [ -2.763869, 47.842225 ], [ -2.763847, 47.841953 ], [ -2.762395, 47.840329 ], [ -2.761105, 47.837693 ], [ -2.758016, 47.836858 ], [ -2.757585, 47.836724 ], [ -2.757077, 47.836644 ], [ -2.755258, 47.836555 ], [ -2.753674, 47.839294 ], [ -2.754392, 47.844841 ], [ -2.74753, 47.850328 ], [ -2.745113, 47.850481 ], [ -2.74534, 47.854074 ], [ -2.740911, 47.858014 ], [ -2.736036, 47.855335 ], [ -2.733872, 47.853101 ], [ -2.733001, 47.852186 ], [ -2.732369, 47.852553 ], [ -2.730393, 47.854668 ], [ -2.731264, 47.855583 ], [ -2.732968, 47.861914 ], [ -2.728492, 47.865768 ], [ -2.723723, 47.864085 ], [ -2.722451, 47.863889 ], [ -2.721061, 47.863908 ], [ -2.71545, 47.864931 ], [ -2.714107, 47.868271 ], [ -2.717257, 47.871235 ], [ -2.720451, 47.872897 ], [ -2.727221, 47.870406 ], [ -2.727939, 47.870316 ], [ -2.731834, 47.869708 ], [ -2.737892, 47.873619 ], [ -2.738535, 47.874861 ], [ -2.73952, 47.878323 ], [ -2.737315, 47.886938 ], [ -2.733595, 47.887629 ], [ -2.733151, 47.887591 ], [ -2.732656, 47.887589 ], [ -2.729495, 47.887745 ], [ -2.726472, 47.887403 ], [ -2.722342, 47.886245 ], [ -2.719772, 47.884561 ], [ -2.716173, 47.884655 ], [ -2.711094, 47.890394 ], [ -2.711966, 47.893887 ], [ -2.707804, 47.901856 ], [ -2.706964, 47.901565 ], [ -2.704625, 47.900462 ], [ -2.704203, 47.900168 ], [ -2.703753, 47.89992 ], [ -2.700992, 47.896559 ], [ -2.698852, 47.898034 ], [ -2.698246, 47.898629 ], [ -2.697472, 47.899636 ], [ -2.697488, 47.900226 ], [ -2.698477, 47.903093 ], [ -2.691171, 47.90695 ], [ -2.686871, 47.903624 ], [ -2.684884, 47.903307 ], [ -2.680237, 47.904481 ], [ -2.679075, 47.904579 ], [ -2.678526, 47.904609 ], [ -2.671181, 47.903516 ], [ -2.669043, 47.901678 ], [ -2.668414, 47.901055 ], [ -2.664577, 47.902979 ], [ -2.657506, 47.904078 ], [ -2.656025, 47.909655 ], [ -2.655817, 47.910631 ], [ -2.655339, 47.915117 ], [ -2.655203, 47.915917 ], [ -2.652084, 47.922933 ], [ -2.649988, 47.923661 ], [ -2.647808, 47.924576 ], [ -2.645628, 47.925491 ], [ -2.643448, 47.926406 ], [ -2.641324, 47.927299 ], [ -2.638342, 47.928302 ], [ -2.635823, 47.928961 ], [ -2.633239, 47.929637 ], [ -2.631848, 47.930059 ], [ -2.630587, 47.930522 ], [ -2.629515, 47.930911 ], [ -2.622409, 47.933205 ], [ -2.616215, 47.939048 ], [ -2.612885, 47.940469 ], [ -2.614297, 47.94378 ], [ -2.617627, 47.942359 ], [ -2.620957, 47.940938 ], [ -2.621795, 47.940568 ], [ -2.622467, 47.94024 ], [ -2.623187, 47.939853 ], [ -2.623957, 47.939395 ], [ -2.624615, 47.938962 ], [ -2.625538, 47.938276 ], [ -2.626431, 47.93751 ], [ -2.626834, 47.937128 ], [ -2.627891, 47.93619 ], [ -2.62951, 47.935058 ], [ -2.630248, 47.934644 ], [ -2.631085, 47.934229 ], [ -2.631922, 47.933863 ], [ -2.633088, 47.933439 ], [ -2.634276, 47.933085 ], [ -2.636733, 47.932444 ], [ -2.639253, 47.931785 ], [ -2.641168, 47.931207 ], [ -2.642607, 47.930663 ], [ -2.65058, 47.929192 ], [ -2.652979, 47.928101 ], [ -2.654759, 47.927694 ], [ -2.65909, 47.927086 ], [ -2.664808, 47.93243 ], [ -2.670258, 47.936185 ], [ -2.672298, 47.939151 ], [ -2.672883, 47.938866 ], [ -2.673593, 47.938506 ], [ -2.680202, 47.937863 ], [ -2.681389, 47.938042 ], [ -2.683266, 47.9383 ], [ -2.684263, 47.938459 ], [ -2.693216, 47.937586 ], [ -2.696541, 47.94183 ], [ -2.699159, 47.944296 ], [ -2.700811, 47.951346 ], [ -2.698119, 47.953736 ], [ -2.693886, 47.959716 ], [ -2.689977, 47.958867 ], [ -2.688451, 47.95783 ], [ -2.686895, 47.956774 ], [ -2.685264, 47.95575 ], [ -2.68474, 47.955559 ], [ -2.68392, 47.955367 ], [ -2.683328, 47.95528 ], [ -2.680837, 47.955996 ], [ -2.674812, 47.952319 ], [ -2.67445, 47.952383 ], [ -2.673273, 47.952549 ], [ -2.669244, 47.951953 ], [ -2.665423, 47.952299 ], [ -2.664011, 47.951995 ], [ -2.66, 47.954781 ], [ -2.654679, 47.961367 ], [ -2.650152, 47.961223 ], [ -2.647343, 47.960707 ], [ -2.646214, 47.961006 ], [ -2.645677, 47.961363 ], [ -2.641285, 47.963032 ], [ -2.636461, 47.961337 ], [ -2.635065, 47.96224 ], [ -2.634048, 47.962764 ], [ -2.625804, 47.964943 ], [ -2.622366, 47.964614 ], [ -2.622023, 47.964659 ], [ -2.620917, 47.968085 ], [ -2.624939, 47.975576 ], [ -2.627336, 47.978262 ], [ -2.635205, 47.979486 ], [ -2.637454, 47.984192 ], [ -2.639196, 47.985157 ], [ -2.63931, 47.985218 ], [ -2.639817, 47.985408 ], [ -2.641842, 47.984761 ], [ -2.649281, 47.983197 ], [ -2.652635, 47.985644 ], [ -2.657441, 47.993239 ], [ -2.655027, 47.995003 ], [ -2.652734, 47.997091 ], [ -2.652416, 47.997543 ], [ -2.652183, 47.99787 ], [ -2.651828, 47.998621 ], [ -2.651707, 47.999267 ], [ -2.651691, 47.999886 ], [ -2.651731, 48.00044 ], [ -2.651781, 48.000803 ], [ -2.653083, 48.000711 ], [ -2.653993, 48.000684 ], [ -2.660335, 48.004889 ], [ -2.660718, 48.008469 ], [ -2.664062, 48.009359 ], [ -2.665212, 48.010041 ], [ -2.665983, 48.010493 ], [ -2.666981, 48.010936 ], [ -2.667622, 48.010999 ], [ -2.669356, 48.010917 ], [ -2.669976, 48.010908 ], [ -2.671372, 48.01094 ], [ -2.67254, 48.011141 ], [ -2.674613, 48.011403 ], [ -2.67603, 48.011428 ], [ -2.677515, 48.011721 ], [ -2.678035, 48.011866 ], [ -2.678542, 48.011919 ], [ -2.679282, 48.011789 ], [ -2.684778, 48.014997 ], [ -2.683252, 48.020783 ], [ -2.678952, 48.023288 ], [ -2.675767, 48.024956 ], [ -2.671982, 48.026676 ], [ -2.669093, 48.028825 ], [ -2.661509, 48.028997 ], [ -2.659152, 48.024013 ], [ -2.658824, 48.023398 ], [ -2.658434, 48.022645 ], [ -2.657676, 48.020232 ], [ -2.654151, 48.020964 ], [ -2.648534, 48.022873 ], [ -2.646928, 48.026308 ], [ -2.647874, 48.029152 ], [ -2.648022, 48.029305 ], [ -2.648277, 48.029466 ], [ -2.654015, 48.030746 ], [ -2.655898, 48.032031 ], [ -2.658533, 48.03436 ], [ -2.657631, 48.042727 ], [ -2.65929, 48.04374 ], [ -2.65959, 48.043908 ], [ -2.660438, 48.044346 ], [ -2.661383, 48.044688 ], [ -2.664055, 48.043876 ], [ -2.669882, 48.050727 ], [ -2.669194, 48.054261 ], [ -2.661537, 48.057927 ], [ -2.660703, 48.058716 ], [ -2.654211, 48.063456 ], [ -2.652129, 48.06423 ], [ -2.650514, 48.065115 ], [ -2.650168, 48.065318 ], [ -2.649662, 48.065756 ], [ -2.643679, 48.068122 ], [ -2.640126, 48.067542 ], [ -2.637452, 48.070427 ], [ -2.637687, 48.073231 ], [ -2.641071, 48.076349 ], [ -2.63982, 48.082072 ], [ -2.638772, 48.083371 ], [ -2.63482, 48.085929 ], [ -2.635089, 48.089519 ], [ -2.629172, 48.094086 ], [ -2.627945, 48.094338 ], [ -2.622354, 48.087969 ], [ -2.618785, 48.087497 ], [ -2.615871, 48.09188 ], [ -2.609479, 48.093714 ], [ -2.609079, 48.09366 ], [ -2.6086, 48.097229 ], [ -2.609306, 48.097562 ], [ -2.60971, 48.097802 ], [ -2.610175, 48.098003 ], [ -2.610703, 48.098163 ], [ -2.61142, 48.098345 ], [ -2.611892, 48.098439 ], [ -2.612512, 48.098504 ], [ -2.614536, 48.098632 ], [ -2.616016, 48.107113 ], [ -2.614395, 48.108009 ], [ -2.606788, 48.10787 ], [ -2.605664, 48.107786 ], [ -2.605205, 48.10769 ], [ -2.604432, 48.107521 ], [ -2.599705, 48.103205 ], [ -2.596056, 48.10282 ], [ -2.587697, 48.103691 ], [ -2.586764, 48.103123 ], [ -2.585745, 48.102309 ], [ -2.584786, 48.102944 ], [ -2.583496, 48.10512 ], [ -2.585702, 48.107375 ], [ -2.589388, 48.114039 ], [ -2.59031, 48.116284 ], [ -2.59299, 48.124428 ], [ -2.590285, 48.130295 ], [ -2.585198, 48.135702 ], [ -2.58134, 48.134656 ], [ -2.577467, 48.135278 ], [ -2.577239, 48.138871 ], [ -2.568325, 48.139842 ], [ -2.568075, 48.139532 ], [ -2.567746, 48.139209 ], [ -2.567134, 48.138701 ], [ -2.566858, 48.138514 ], [ -2.566133, 48.138001 ], [ -2.564405, 48.13609 ], [ -2.562607, 48.132908 ], [ -2.560621, 48.130083 ], [ -2.558569, 48.129714 ], [ -2.555838, 48.13206 ], [ -2.549253, 48.137296 ], [ -2.540588, 48.13946 ], [ -2.538077, 48.138996 ], [ -2.537424, 48.142537 ], [ -2.539935, 48.143 ], [ -2.54358, 48.14189 ], [ -2.54559, 48.142482 ], [ -2.545729, 48.14253 ], [ -2.546239, 48.151346 ], [ -2.544893, 48.151654 ], [ -2.538172, 48.155559 ], [ -2.534869, 48.155281 ], [ -2.533671, 48.158676 ], [ -2.535599, 48.165189 ], [ -2.536392, 48.1687 ], [ -2.534869, 48.17428 ], [ -2.531319, 48.177071 ], [ -2.524543, 48.176865 ], [ -2.52247, 48.175217 ], [ -2.514322, 48.172593 ], [ -2.513756, 48.171894 ], [ -2.513028, 48.171077 ], [ -2.511146, 48.17107 ], [ -2.510175, 48.172206 ], [ -2.507707, 48.175779 ], [ -2.506045, 48.177282 ], [ -2.500036, 48.181028 ], [ -2.496489, 48.180412 ], [ -2.492591, 48.179378 ], [ -2.489592, 48.18137 ], [ -2.489734, 48.181583 ], [ -2.490435, 48.182706 ], [ -2.49056, 48.182922 ], [ -2.491379, 48.185772 ], [ -2.485492, 48.192375 ], [ -2.484682, 48.192428 ], [ -2.478492, 48.193622 ], [ -2.477288, 48.19344 ], [ -2.477081, 48.193523 ], [ -2.469569, 48.195407 ], [ -2.467426, 48.195056 ], [ -2.466844, 48.198609 ], [ -2.468987, 48.19896 ], [ -2.476775, 48.202055 ], [ -2.482352, 48.201232 ], [ -2.491005, 48.199752 ], [ -2.497552, 48.201577 ], [ -2.500741, 48.20199 ], [ -2.50566, 48.199467 ], [ -2.509932, 48.199985 ], [ -2.513919, 48.204954 ], [ -2.514703, 48.204942 ], [ -2.515111, 48.2049 ], [ -2.515529, 48.204803 ], [ -2.516334, 48.204403 ], [ -2.518136, 48.20328 ], [ -2.526675, 48.203438 ], [ -2.529337, 48.202931 ], [ -2.529444, 48.202856 ], [ -2.530022, 48.202111 ], [ -2.537237, 48.198178 ], [ -2.539467, 48.197177 ], [ -2.547682, 48.194553 ], [ -2.554905, 48.192778 ], [ -2.558323, 48.191651 ], [ -2.558055, 48.190836 ], [ -2.55783, 48.190245 ], [ -2.56057, 48.183555 ], [ -2.568044, 48.186774 ], [ -2.568249, 48.187263 ], [ -2.568339, 48.193117 ], [ -2.567746, 48.194099 ], [ -2.567485, 48.194523 ], [ -2.56739, 48.19472 ], [ -2.570638, 48.196274 ], [ -2.571512, 48.19629 ], [ -2.577077, 48.202385 ], [ -2.575291, 48.20603 ], [ -2.574754, 48.206525 ], [ -2.574329, 48.207034 ], [ -2.574004, 48.207532 ], [ -2.573659, 48.20826 ], [ -2.572915, 48.210564 ], [ -2.57634, 48.21167 ], [ -2.580891, 48.208489 ], [ -2.588629, 48.205048 ], [ -2.58939, 48.204936 ], [ -2.590119, 48.204727 ], [ -2.590211, 48.203605 ], [ -2.596989, 48.198214 ], [ -2.597918, 48.198299 ], [ -2.598779, 48.198397 ], [ -2.606187, 48.200001 ], [ -2.607359, 48.203405 ], [ -2.611098, 48.205399 ], [ -2.614692, 48.208448 ], [ -2.614957, 48.208683 ], [ -2.616807, 48.208831 ], [ -2.622723, 48.213934 ], [ -2.62314, 48.216098 ], [ -2.623893, 48.217338 ], [ -2.624362, 48.217177 ], [ -2.633073, 48.218488 ], [ -2.6354, 48.218832 ], [ -2.636665, 48.218719 ], [ -2.641603, 48.213636 ], [ -2.643647, 48.210673 ], [ -2.651281, 48.209132 ], [ -2.653069, 48.211505 ], [ -2.65442, 48.212801 ], [ -2.655938, 48.213826 ], [ -2.65674, 48.214283 ], [ -2.657231, 48.214474 ], [ -2.658437, 48.214825 ], [ -2.659442, 48.211368 ], [ -2.664239, 48.206092 ], [ -2.668799, 48.203417 ], [ -2.673101, 48.208014 ], [ -2.674772, 48.211203 ], [ -2.679487, 48.210063 ], [ -2.687631, 48.206713 ], [ -2.691933, 48.207738 ], [ -2.694277, 48.207106 ], [ -2.696056, 48.203976 ], [ -2.698893, 48.198439 ], [ -2.701507, 48.197041 ], [ -2.703872, 48.195764 ], [ -2.711142, 48.196567 ], [ -2.711058, 48.204609 ], [ -2.710801, 48.204953 ], [ -2.709918, 48.206276 ], [ -2.712014, 48.207434 ], [ -2.712883, 48.208317 ], [ -2.714832, 48.216697 ], [ -2.711082, 48.21736 ], [ -2.710395, 48.218057 ], [ -2.70978, 48.218861 ], [ -2.706231, 48.226776 ], [ -2.703515, 48.22657 ], [ -2.700054, 48.225932 ], [ -2.699251, 48.225778 ], [ -2.697487, 48.225335 ], [ -2.697113, 48.225285 ], [ -2.696729, 48.225271 ], [ -2.696026, 48.22531 ], [ -2.692085, 48.225401 ], [ -2.689412, 48.227814 ], [ -2.682847, 48.22948 ], [ -2.68031, 48.226426 ], [ -2.679595, 48.226059 ], [ -2.679079, 48.225841 ], [ -2.677471, 48.225246 ], [ -2.67706, 48.225099 ], [ -2.676365, 48.224889 ], [ -2.673996, 48.223748 ], [ -2.673152, 48.22309 ], [ -2.670939, 48.22593 ], [ -2.67279, 48.233939 ], [ -2.674937, 48.23438 ], [ -2.676761, 48.234394 ], [ -2.681367, 48.24212 ], [ -2.683845, 48.244732 ], [ -2.689963, 48.247979 ], [ -2.692156, 48.250834 ], [ -2.700816, 48.252922 ], [ -2.701025, 48.253265 ], [ -2.703931, 48.261475 ], [ -2.70534, 48.266091 ], [ -2.705577, 48.272474 ], [ -2.707942, 48.275125 ], [ -2.711179, 48.273551 ], [ -2.713408, 48.271802 ], [ -2.720033, 48.269244 ], [ -2.720271, 48.269108 ], [ -2.724575, 48.262949 ], [ -2.730005, 48.261741 ], [ -2.734309, 48.258035 ], [ -2.742404, 48.257733 ], [ -2.742972, 48.263618 ], [ -2.742978, 48.267218 ], [ -2.744006, 48.267216 ], [ -2.746183, 48.267164 ], [ -2.748217, 48.267021 ], [ -2.749001, 48.266941 ], [ -2.751709, 48.266561 ], [ -2.753914, 48.266632 ], [ -2.760253, 48.269876 ], [ -2.761236, 48.269416 ], [ -2.761499, 48.26927 ], [ -2.769184, 48.273767 ], [ -2.769125, 48.274842 ], [ -2.77044, 48.278846 ], [ -2.770477, 48.27897 ], [ -2.771139, 48.279918 ], [ -2.772659, 48.28171 ], [ -2.778322, 48.280643 ], [ -2.780555, 48.279221 ], [ -2.781256, 48.278804 ], [ -2.781844, 48.278337 ], [ -2.782792, 48.277286 ], [ -2.785253, 48.272161 ], [ -2.792782, 48.27381 ], [ -2.794469, 48.276215 ], [ -2.795044, 48.278322 ], [ -2.795259, 48.278961 ], [ -2.795519, 48.279514 ], [ -2.796131, 48.280566 ], [ -2.796513, 48.281322 ], [ -2.797107, 48.282571 ], [ -2.797834, 48.283828 ], [ -2.796481, 48.292612 ], [ -2.795427, 48.293372 ], [ -2.793505, 48.294315 ], [ -2.791568, 48.295266 ], [ -2.788466, 48.296829 ], [ -2.787022, 48.297661 ], [ -2.788819, 48.30078 ], [ -2.790262, 48.299949 ], [ -2.793185, 48.298482 ], [ -2.801579, 48.299966 ], [ -2.803154, 48.303203 ], [ -2.806073, 48.301783 ], [ -2.808118, 48.300612 ], [ -2.810053, 48.2995 ], [ -2.810421, 48.299242 ], [ -2.810838, 48.298853 ], [ -2.812029, 48.297773 ], [ -2.812339, 48.297545 ], [ -2.812731, 48.297179 ], [ -2.813228, 48.29648 ], [ -2.815441, 48.294709 ], [ -2.817405, 48.294017 ], [ -2.823844, 48.299509 ], [ -2.819684, 48.305728 ], [ -2.817511, 48.306828 ], [ -2.817714, 48.310422 ], [ -2.819918, 48.310297 ], [ -2.824859, 48.316606 ], [ -2.824897, 48.317826 ], [ -2.825959, 48.32039 ], [ -2.826446, 48.32685 ], [ -2.826512, 48.327408 ], [ -2.827559, 48.333007 ], [ -2.827755, 48.334077 ], [ -2.828115, 48.334774 ], [ -2.828286, 48.334982 ], [ -2.830193, 48.335672 ], [ -2.832434, 48.334372 ], [ -2.83415, 48.332917 ], [ -2.834554, 48.332541 ], [ -2.83485, 48.33222 ], [ -2.835166, 48.331796 ], [ -2.835428, 48.331354 ], [ -2.835548, 48.330696 ], [ -2.835693, 48.329973 ], [ -2.835715, 48.329225 ], [ -2.835598, 48.328521 ], [ -2.835378, 48.327896 ], [ -2.834726, 48.326865 ], [ -2.832551, 48.324208 ], [ -2.832005, 48.323516 ], [ -2.831333, 48.322529 ], [ -2.830512, 48.321104 ], [ -2.830402, 48.320874 ], [ -2.832228, 48.312299 ], [ -2.833055, 48.3118 ], [ -2.837759, 48.310002 ], [ -2.83992, 48.309877 ], [ -2.841255, 48.309968 ], [ -2.842198, 48.309478 ], [ -2.842634, 48.309051 ], [ -2.849497, 48.304425 ], [ -2.852495, 48.306418 ], [ -2.857639, 48.305296 ], [ -2.861727, 48.306376 ], [ -2.863539, 48.306639 ], [ -2.8645, 48.305345 ], [ -2.865138, 48.303413 ], [ -2.864106, 48.301767 ], [ -2.863646, 48.294477 ], [ -2.870044, 48.294557 ], [ -2.870202, 48.294687 ], [ -2.871972, 48.294788 ], [ -2.872511, 48.294527 ], [ -2.872489, 48.291907 ], [ -2.870936, 48.287336 ], [ -2.870792, 48.283738 ], [ -2.879747, 48.284321 ], [ -2.879988, 48.284527 ], [ -2.881542, 48.286157 ], [ -2.882892, 48.287331 ], [ -2.884511, 48.290531 ], [ -2.884767, 48.292534 ], [ -2.886263, 48.293901 ], [ -2.889862, 48.293985 ], [ -2.897868, 48.290638 ], [ -2.900433, 48.291904 ], [ -2.906736, 48.294234 ], [ -2.90724, 48.297821 ], [ -2.907651, 48.301048 ], [ -2.90762, 48.301513 ], [ -2.90762, 48.301885 ], [ -2.908503, 48.303015 ], [ -2.909075, 48.303027 ], [ -2.909628, 48.302984 ], [ -2.91122, 48.301885 ], [ -2.914224, 48.299407 ], [ -2.919974, 48.297222 ], [ -2.923355, 48.301002 ], [ -2.925941, 48.303506 ], [ -2.930915, 48.30748 ], [ -2.931983, 48.308697 ], [ -2.940231, 48.309469 ], [ -2.940278, 48.312578 ], [ -2.94015, 48.316176 ], [ -2.944048, 48.321952 ], [ -2.952332, 48.325407 ], [ -2.953128, 48.325579 ], [ -2.953516, 48.325624 ], [ -2.95419, 48.325562 ], [ -2.96286, 48.326871 ], [ -2.966722, 48.326955 ], [ -2.967033, 48.326916 ], [ -2.969079, 48.325979 ], [ -2.977209, 48.324422 ], [ -2.981597, 48.32587 ], [ -2.982555, 48.326287 ], [ -2.987731, 48.324308 ], [ -2.992782, 48.322306 ], [ -2.996854, 48.314673 ], [ -2.99956, 48.31384 ], [ -3.006052, 48.316534 ], [ -3.006874, 48.325448 ], [ -3.005722, 48.326273 ], [ -3.007816, 48.329201 ], [ -3.004131, 48.337165 ], [ -3.00544, 48.340518 ], [ -3.007769, 48.339609 ], [ -3.016281, 48.342481 ], [ -3.017281, 48.345939 ], [ -3.019558, 48.348298 ], [ -3.023058, 48.347455 ], [ -3.022957, 48.346168 ], [ -3.028213, 48.33984 ], [ -3.036033, 48.336575 ], [ -3.036402, 48.335379 ], [ -3.039332, 48.332333 ], [ -3.043364, 48.330887 ], [ -3.046978, 48.338415 ], [ -3.046628, 48.338972 ], [ -3.046354, 48.33992 ], [ -3.045316, 48.341754 ], [ -3.045057, 48.342056 ], [ -3.044756, 48.342542 ], [ -3.044472, 48.343541 ], [ -3.044101, 48.345679 ], [ -3.043998, 48.346084 ], [ -3.043962, 48.34671 ], [ -3.043849, 48.349066 ], [ -3.043957, 48.351302 ], [ -3.044434, 48.351661 ], [ -3.047653, 48.353019 ], [ -3.051206, 48.352441 ], [ -3.051063, 48.351565 ], [ -3.050673, 48.350543 ], [ -3.050127, 48.347807 ], [ -3.051386, 48.339494 ], [ -3.051805, 48.338902 ], [ -3.054928, 48.336256 ], [ -3.056932, 48.335348 ], [ -3.057091, 48.335151 ], [ -3.05869, 48.33279 ], [ -3.065337, 48.33003 ], [ -3.069152, 48.336767 ], [ -3.068796, 48.337941 ], [ -3.065661, 48.34354 ], [ -3.064079, 48.34446 ], [ -3.065889, 48.347572 ], [ -3.067251, 48.347281 ], [ -3.07068, 48.346186 ], [ -3.077427, 48.352135 ], [ -3.079819, 48.355328 ], [ -3.082457, 48.357778 ], [ -3.083716, 48.356583 ], [ -3.084158, 48.35601 ], [ -3.085517, 48.353955 ], [ -3.085842, 48.352923 ], [ -3.085965, 48.35241 ], [ -3.087296, 48.348239 ], [ -3.087725, 48.347345 ], [ -3.094763, 48.342091 ], [ -3.100435, 48.340914 ], [ -3.101396, 48.339707 ], [ -3.101699, 48.339197 ], [ -3.100716, 48.337325 ], [ -3.100383, 48.337299 ], [ -3.099695, 48.337296 ], [ -3.098725, 48.337168 ], [ -3.095806, 48.335913 ], [ -3.092394, 48.327932 ], [ -3.093317, 48.323132 ], [ -3.101823, 48.323701 ], [ -3.102393, 48.32446 ], [ -3.104713, 48.32616 ], [ -3.107629, 48.328907 ], [ -3.109275, 48.332109 ], [ -3.110514, 48.331472 ], [ -3.113098, 48.330091 ], [ -3.113506, 48.329909 ], [ -3.116204, 48.328527 ], [ -3.116617, 48.328331 ], [ -3.119376, 48.327043 ], [ -3.127354, 48.329904 ], [ -3.13087, 48.329129 ], [ -3.139227, 48.327051 ], [ -3.147367, 48.329043 ], [ -3.148262, 48.329699 ], [ -3.14989, 48.330047 ], [ -3.156954, 48.333536 ], [ -3.157735, 48.340559 ], [ -3.160958, 48.342378 ], [ -3.164374, 48.343516 ], [ -3.165585, 48.343277 ], [ -3.166168, 48.340617 ], [ -3.168634, 48.336122 ], [ -3.177335, 48.335631 ], [ -3.179344, 48.337244 ], [ -3.182058, 48.33961 ], [ -3.183494, 48.339801 ], [ -3.185493, 48.336808 ], [ -3.190157, 48.330942 ], [ -3.190177, 48.32994 ], [ -3.190147, 48.32957 ], [ -3.188527, 48.327732 ], [ -3.186661, 48.327815 ], [ -3.184323, 48.319357 ], [ -3.186935, 48.31688 ], [ -3.194251, 48.317143 ], [ -3.194787, 48.316713 ], [ -3.19889, 48.314528 ], [ -3.200883, 48.314016 ], [ -3.201016, 48.313945 ], [ -3.201352, 48.313078 ], [ -3.201366, 48.312992 ], [ -3.200978, 48.312136 ], [ -3.200597, 48.311358 ], [ -3.20022, 48.307231 ], [ -3.207739, 48.302763 ], [ -3.208079, 48.302774 ], [ -3.209408, 48.302851 ], [ -3.216183, 48.306449 ], [ -3.217029, 48.308467 ], [ -3.217247, 48.308765 ], [ -3.218204, 48.309953 ], [ -3.220962, 48.30764 ], [ -3.228215, 48.310678 ], [ -3.229498, 48.312719 ], [ -3.227445, 48.321053 ], [ -3.224064, 48.322288 ], [ -3.221881, 48.32994 ], [ -3.218825, 48.331844 ], [ -3.215048, 48.335008 ], [ -3.215797, 48.338529 ], [ -3.218305, 48.344095 ], [ -3.218584, 48.344732 ], [ -3.218936, 48.345241 ], [ -3.219488, 48.345864 ], [ -3.222182, 48.343477 ], [ -3.224928, 48.339372 ], [ -3.227648, 48.335892 ], [ -3.232741, 48.328852 ], [ -3.238803, 48.326263 ], [ -3.239318, 48.326127 ], [ -3.239955, 48.325866 ], [ -3.24119, 48.325362 ], [ -3.244055, 48.323539 ], [ -3.244285, 48.323399 ], [ -3.252074, 48.31913 ], [ -3.252613, 48.319182 ], [ -3.252999, 48.319156 ], [ -3.253519, 48.319071 ], [ -3.255147, 48.318769 ], [ -3.256112, 48.318523 ], [ -3.255706, 48.314946 ], [ -3.254873, 48.307078 ], [ -3.263252, 48.30451 ], [ -3.263965, 48.304675 ], [ -3.268607, 48.304187 ], [ -3.273249, 48.305923 ], [ -3.27662, 48.303594 ], [ -3.277468, 48.301344 ], [ -3.283946, 48.297094 ], [ -3.284366, 48.293519 ], [ -3.28946, 48.288469 ], [ -3.292358, 48.287871 ], [ -3.291631, 48.284346 ], [ -3.297057, 48.279584 ], [ -3.301028, 48.282037 ], [ -3.302463, 48.284709 ], [ -3.303307, 48.288209 ], [ -3.306469, 48.290362 ], [ -3.308033, 48.29036 ], [ -3.308414, 48.290217 ], [ -3.309218, 48.288037 ], [ -3.312361, 48.283808 ], [ -3.319195, 48.278708 ], [ -3.322587, 48.281581 ], [ -3.327771, 48.280608 ], [ -3.328535, 48.277089 ], [ -3.33585, 48.27383 ], [ -3.336363, 48.27382 ], [ -3.339643, 48.273806 ], [ -3.340124, 48.273861 ], [ -3.345614, 48.273499 ], [ -3.35102, 48.280553 ], [ -3.353381, 48.283271 ], [ -3.354615, 48.2822 ], [ -3.355174, 48.281638 ], [ -3.355573, 48.281101 ], [ -3.355832, 48.280554 ], [ -3.356149, 48.279343 ], [ -3.356611, 48.278078 ], [ -3.357066, 48.276712 ], [ -3.357315, 48.275821 ], [ -3.35954, 48.272292 ], [ -3.366294, 48.274184 ], [ -3.36954, 48.27574 ], [ -3.373756, 48.276359 ], [ -3.373807, 48.276368 ], [ -3.380276, 48.276642 ], [ -3.383082, 48.270135 ], [ -3.383597, 48.266572 ], [ -3.386648605594742, 48.264436281343386 ], [ -3.388487, 48.265971 ], [ -3.389505, 48.269223 ], [ -3.392941, 48.268147 ], [ -3.400395, 48.272495 ], [ -3.400141, 48.278534 ], [ -3.40053, 48.282113 ], [ -3.403655, 48.281773 ], [ -3.409681, 48.281172 ], [ -3.411563, 48.288305 ], [ -3.410255, 48.290332 ], [ -3.409991, 48.291251 ], [ -3.409968, 48.291591 ], [ -3.411032, 48.292516 ], [ -3.411231, 48.292632 ], [ -3.414521, 48.291937 ], [ -3.416527, 48.29143 ], [ -3.425292, 48.290979 ], [ -3.427994, 48.293358 ], [ -3.435948, 48.295591 ], [ -3.436185, 48.295595 ], [ -3.43829, 48.295464 ], [ -3.442992, 48.295311 ], [ -3.445633, 48.295111 ], [ -3.446055, 48.295068 ], [ -3.447151, 48.294895 ], [ -3.447569, 48.294801 ], [ -3.448894, 48.294424 ], [ -3.450329, 48.294098 ], [ -3.451398, 48.293796 ], [ -3.4546, 48.292855 ], [ -3.455563, 48.292616 ], [ -3.463526, 48.29626 ], [ -3.465391, 48.30211 ], [ -3.466382, 48.308631 ], [ -3.468167, 48.311757 ], [ -3.470980959870397, 48.31250138618438 ], [ -3.469507, 48.316633 ], [ -3.468067, 48.319932 ], [ -3.46808969174396, 48.319969997221172 ], [ -3.46797, 48.319888 ], [ -3.466845, 48.319332 ], [ -3.459824, 48.318908 ], [ -3.456801, 48.323154 ], [ -3.456402, 48.324064 ], [ -3.452953, 48.323031 ], [ -3.45315, 48.322373 ], [ -3.453315, 48.320793 ], [ -3.453363, 48.32055 ], [ -3.453411, 48.319205 ], [ -3.451562, 48.315877 ], [ -3.444249, 48.320198 ], [ -3.444125, 48.320563 ], [ -3.440847, 48.32202 ], [ -3.43818958016299, 48.328395354605895 ], [ -3.434535, 48.325876 ], [ -3.428602, 48.319512 ], [ -3.428559, 48.318615 ], [ -3.428237, 48.31793 ], [ -3.427872, 48.31752 ], [ -3.427384, 48.317193 ], [ -3.426898, 48.317014 ], [ -3.4243, 48.31632 ], [ -3.420247, 48.315917 ], [ -3.41945, 48.319428 ], [ -3.416018, 48.325959 ], [ -3.410226, 48.327277 ], [ -3.409871, 48.327224 ], [ -3.406616924060365, 48.332229304629273 ], [ -3.405002, 48.332322 ], [ -3.402749, 48.332693 ], [ -3.402393, 48.33278 ], [ -3.40117, 48.332999 ], [ -3.400174, 48.333085 ], [ -3.399049, 48.333096 ], [ -3.398382, 48.333041 ], [ -3.396604, 48.332977 ], [ -3.391557278292941, 48.332638820730409 ], [ -3.39034, 48.331955 ], [ -3.38998, 48.332035 ], [ -3.38901690783239, 48.332468591287082 ], [ -3.388247, 48.332417 ], [ -3.387152, 48.333479 ], [ -3.384383, 48.334145 ], [ -3.383812, 48.334225 ], [ -3.383195, 48.334217 ], [ -3.382718, 48.334172 ], [ -3.377668091392785, 48.335573391134858 ], [ -3.377839, 48.333872 ], [ -3.377635, 48.330278 ], [ -3.376385, 48.329993 ], [ -3.375891, 48.329894 ], [ -3.375287, 48.329875 ], [ -3.374569, 48.330027 ], [ -3.365721, 48.329908 ], [ -3.359919, 48.33444 ], [ -3.359219, 48.334601 ], [ -3.358682, 48.334755 ], [ -3.358266, 48.3349 ], [ -3.350447, 48.331291 ], [ -3.350118, 48.329418 ], [ -3.346524, 48.329633 ], [ -3.338671, 48.330252 ], [ -3.334625, 48.327793 ], [ -3.330726, 48.324878 ], [ -3.326721, 48.323294 ], [ -3.323279, 48.321443 ], [ -3.323787, 48.313138 ], [ -3.325095, 48.308215 ], [ -3.324509, 48.306621 ], [ -3.321494, 48.304654 ], [ -3.313685, 48.307521 ], [ -3.309787, 48.312655 ], [ -3.303648, 48.315002 ], [ -3.302755, 48.315095 ], [ -3.301637, 48.315244 ], [ -3.301316, 48.315325 ], [ -3.300986, 48.315431 ], [ -3.300051, 48.323207 ], [ -3.30018, 48.325037 ], [ -3.295796, 48.332778 ], [ -3.294656, 48.332747 ], [ -3.294298, 48.332692 ], [ -3.292291, 48.334628 ], [ -3.292023, 48.335202 ], [ -3.292415, 48.335622 ], [ -3.293056, 48.336068 ], [ -3.293872, 48.336267 ], [ -3.295121, 48.336314 ], [ -3.300066, 48.338198 ], [ -3.30064, 48.338548 ], [ -3.304143, 48.343109 ], [ -3.305069, 48.346588 ], [ -3.301825, 48.353614 ], [ -3.297229, 48.351844 ], [ -3.294286, 48.353916 ], [ -3.285841, 48.35442 ], [ -3.284944, 48.355365 ], [ -3.279018, 48.359702 ], [ -3.275716, 48.360537 ], [ -3.273314, 48.361732 ], [ -3.272811, 48.362107 ], [ -3.269848, 48.364294 ], [ -3.269571, 48.364492 ], [ -3.26926, 48.36477 ], [ -3.268936, 48.365176 ], [ -3.267072, 48.367747 ], [ -3.265614, 48.369208 ], [ -3.258036, 48.368804 ], [ -3.257396, 48.368334 ], [ -3.256445, 48.367795 ], [ -3.251309, 48.364338 ], [ -3.250588, 48.364462 ], [ -3.249683, 48.364666 ], [ -3.241433, 48.364389 ], [ -3.239075, 48.366255 ], [ -3.238612, 48.366625 ], [ -3.239016, 48.367134 ], [ -3.239507, 48.367582 ], [ -3.239821, 48.367783 ], [ -3.240293, 48.367981 ], [ -3.241576, 48.36841 ], [ -3.242182, 48.368557 ], [ -3.242648, 48.368637 ], [ -3.243797, 48.368785 ], [ -3.244965, 48.368963 ], [ -3.24673, 48.369483 ], [ -3.247297, 48.369714 ], [ -3.246528, 48.378566 ], [ -3.245809, 48.378844 ], [ -3.244828, 48.379259 ], [ -3.246231, 48.382575 ], [ -3.246546, 48.38932 ], [ -3.24586, 48.39106 ], [ -3.245692, 48.391533 ], [ -3.245744, 48.391733 ], [ -3.245944, 48.392626 ], [ -3.246017, 48.392792 ], [ -3.246091, 48.392863 ], [ -3.246311, 48.392991 ], [ -3.246944, 48.393356 ], [ -3.247193, 48.393498 ], [ -3.247874, 48.393889 ], [ -3.250811, 48.393281 ], [ -3.254099, 48.394328 ], [ -3.254703, 48.394537 ], [ -3.255605, 48.394768 ], [ -3.257359, 48.395723 ], [ -3.258732, 48.396996 ], [ -3.259536, 48.403058 ], [ -3.254496, 48.405127 ], [ -3.254103, 48.405115 ], [ -3.253618, 48.405158 ], [ -3.252695, 48.405352 ], [ -3.251818, 48.405623 ], [ -3.251172, 48.405873 ], [ -3.250898, 48.406023 ], [ -3.248518, 48.406816 ], [ -3.240845, 48.403727 ], [ -3.239468, 48.403549 ], [ -3.233829, 48.400573 ], [ -3.231549, 48.395105 ], [ -3.231369, 48.388401 ], [ -3.231625, 48.387814 ], [ -3.23173, 48.387373 ], [ -3.230588, 48.381794 ], [ -3.229701, 48.378305 ], [ -3.225662, 48.371536 ], [ -3.224991, 48.37104 ], [ -3.224598, 48.370807 ], [ -3.218673, 48.36592 ], [ -3.215503, 48.35846 ], [ -3.216244, 48.357078 ], [ -3.217262, 48.355736 ], [ -3.214619, 48.353292 ], [ -3.214035, 48.353923 ], [ -3.213773, 48.354245 ], [ -3.211229, 48.357156 ], [ -3.206889, 48.360337 ], [ -3.203254, 48.365796 ], [ -3.203354, 48.366198 ], [ -3.203712, 48.367135 ], [ -3.20478, 48.368172 ], [ -3.200534, 48.375646 ], [ -3.200101, 48.375629 ], [ -3.199656, 48.375642 ], [ -3.194905, 48.374184 ], [ -3.193122, 48.371057 ], [ -3.187224, 48.372498 ], [ -3.185188, 48.37294 ], [ -3.17868, 48.375466 ], [ -3.177719, 48.378935 ], [ -3.178652, 48.379194 ], [ -3.178996, 48.379272 ], [ -3.179435, 48.379339 ], [ -3.180172, 48.379349 ], [ -3.186274, 48.382678 ], [ -3.18458, 48.390989 ], [ -3.182961, 48.39143 ], [ -3.178828, 48.391414 ], [ -3.17534, 48.389182 ], [ -3.174806, 48.388907 ], [ -3.174056, 48.388417 ], [ -3.173106, 48.387553 ], [ -3.17271, 48.387287 ], [ -3.172281, 48.387055 ], [ -3.171888, 48.386884 ], [ -3.171333, 48.386693 ], [ -3.170012, 48.386342 ], [ -3.166373, 48.379211 ], [ -3.166813, 48.378032 ], [ -3.166857, 48.377729 ], [ -3.167199, 48.376395 ], [ -3.167056, 48.375468 ], [ -3.166925, 48.37516 ], [ -3.16121, 48.377016 ], [ -3.160737, 48.377168 ], [ -3.160311, 48.378182 ], [ -3.158135, 48.386014 ], [ -3.157385, 48.389535 ], [ -3.150983, 48.394666 ], [ -3.150607, 48.395761 ], [ -3.150315, 48.396658 ], [ -3.148393, 48.400177 ], [ -3.142033, 48.403727 ], [ -3.141428, 48.403836 ], [ -3.139694, 48.403988 ], [ -3.130962, 48.406139 ], [ -3.130711, 48.406061 ], [ -3.129483, 48.40706 ], [ -3.128594, 48.408973 ], [ -3.126572, 48.412065 ], [ -3.127549, 48.41553 ], [ -3.127405, 48.421152 ], [ -3.124511, 48.423293 ], [ -3.117756, 48.420376 ], [ -3.118019, 48.416786 ], [ -3.11642, 48.416443 ], [ -3.11194, 48.414783 ], [ -3.108665, 48.415497 ], [ -3.108409, 48.41548 ], [ -3.104091, 48.415185 ], [ -3.10282, 48.415348 ], [ -3.102025, 48.415393 ], [ -3.101487, 48.415486 ], [ -3.099104, 48.415308 ], [ -3.097693, 48.40686 ], [ -3.09781, 48.406765 ], [ -3.101021, 48.405444 ], [ -3.103482, 48.405107 ], [ -3.10425, 48.404976 ], [ -3.105005, 48.404827 ], [ -3.105618, 48.402673 ], [ -3.10547, 48.402197 ], [ -3.104306, 48.401295 ], [ -3.097776, 48.39543 ], [ -3.097784, 48.395059 ], [ -3.097781, 48.394497 ], [ -3.097998, 48.392792 ], [ -3.096262, 48.389915 ], [ -3.094038, 48.384115 ], [ -3.090205, 48.379988 ], [ -3.086989, 48.381605 ], [ -3.081307, 48.388442 ], [ -3.08073, 48.389667 ], [ -3.08103, 48.391876 ], [ -3.082842, 48.393895 ], [ -3.082471, 48.399896 ], [ -3.075227, 48.401328 ], [ -3.074487, 48.401185 ], [ -3.073667, 48.401176 ], [ -3.070839, 48.403736 ], [ -3.070379, 48.40451 ], [ -3.070126, 48.4051 ], [ -3.064849, 48.409696 ], [ -3.061494, 48.409842 ], [ -3.058028, 48.410813 ], [ -3.054849, 48.414886 ], [ -3.054382, 48.416429 ], [ -3.053601, 48.419314 ], [ -3.046948, 48.42461 ], [ -3.041642, 48.426893 ], [ -3.032989, 48.426436 ], [ -3.03241, 48.426248 ], [ -3.032043, 48.426167 ], [ -3.030373, 48.425912 ], [ -3.029457, 48.425746 ], [ -3.028816, 48.429289 ], [ -3.031642, 48.431541 ], [ -3.033499, 48.434625 ], [ -3.033045367529821, 48.435317474132951 ], [ -3.032315, 48.435102 ], [ -3.026161, 48.429095 ], [ -3.0185, 48.430026 ], [ -3.01791, 48.43321 ], [ -3.017134, 48.433158 ], [ -3.016532, 48.43304 ], [ -3.01537, 48.432694 ], [ -3.014906, 48.432615 ], [ -3.013616, 48.432156 ], [ -3.013455, 48.432122 ], [ -3.012489, 48.431952 ], [ -3.011196, 48.431932 ], [ -3.010395280149596, 48.439249461384442 ], [ -3.006076, 48.439698 ], [ -3.004195, 48.437868 ], [ -3.002311, 48.431105 ], [ -3.005261, 48.426658 ], [ -3.006666, 48.423238 ], [ -3.0052, 48.41995 ], [ -3.003415, 48.419968 ], [ -3.00322, 48.419974 ], [ -3.000898, 48.420113 ], [ -2.994458, 48.422582 ], [ -2.985547, 48.421887 ], [ -2.985123, 48.421594 ], [ -2.984682, 48.421388 ], [ -2.984323, 48.421268 ], [ -2.982462, 48.420761 ], [ -2.981515, 48.424234 ], [ -2.976700680442177, 48.428470259500507 ], [ -2.970965, 48.422784 ], [ -2.969946, 48.422808 ], [ -2.967849, 48.423126 ], [ -2.96564, 48.420704 ], [ -2.9654, 48.420487 ], [ -2.963032871492504, 48.419837191948311 ], [ -2.962811, 48.416911 ], [ -2.959092, 48.41519 ], [ -2.958025, 48.415695 ], [ -2.957366, 48.416047 ], [ -2.950796, 48.417135 ], [ -2.946659, 48.415022 ], [ -2.941395, 48.413271 ], [ -2.939121, 48.412816 ], [ -2.938139, 48.412863 ], [ -2.930823, 48.408034 ], [ -2.930429, 48.406062 ], [ -2.929828, 48.405798 ], [ -2.927601, 48.406428 ], [ -2.920932, 48.403108 ], [ -2.919013, 48.402366 ], [ -2.918982, 48.402374 ], [ -2.918849, 48.402411 ], [ -2.91877, 48.402437 ], [ -2.915076, 48.408141 ], [ -2.912002, 48.415462 ], [ -2.91415, 48.418352 ], [ -2.916939, 48.425191 ], [ -2.916655620040632, 48.427037467830488 ], [ -2.914456, 48.426408 ], [ -2.911296, 48.428133 ], [ -2.909269, 48.427287 ], [ -2.909054, 48.423649 ], [ -2.900624, 48.423223 ], [ -2.896737, 48.42513 ], [ -2.893305, 48.424045 ], [ -2.891927, 48.42042 ], [ -2.892438, 48.416856 ], [ -2.88593, 48.411661 ], [ -2.881242, 48.411445 ], [ -2.874076, 48.413839 ], [ -2.873137, 48.415523 ], [ -2.867301, 48.414885 ], [ -2.864226, 48.414907 ], [ -2.863783, 48.414884 ], [ -2.863351, 48.414828 ], [ -2.862941, 48.414747 ], [ -2.858346, 48.414503 ], [ -2.851534, 48.413067 ], [ -2.847791, 48.418951 ], [ -2.847058, 48.421968 ], [ -2.846928, 48.421975 ], [ -2.846501, 48.421953 ], [ -2.846046, 48.421846 ], [ -2.845656, 48.42168 ], [ -2.845078, 48.421267 ], [ -2.84037, 48.419806 ], [ -2.838697, 48.41996 ], [ -2.832648, 48.425578 ], [ -2.829401, 48.429084 ], [ -2.825053, 48.43421 ], [ -2.823973, 48.435046 ], [ -2.823893, 48.435102 ], [ -2.823584, 48.435295 ], [ -2.822912, 48.435713 ], [ -2.81458, 48.439089 ], [ -2.81127, 48.441957 ], [ -2.807959, 48.444824 ], [ -2.804457, 48.447863 ], [ -2.803043, 48.449073 ], [ -2.801587, 48.450317 ], [ -2.800192, 48.451438 ], [ -2.798752, 48.452523 ], [ -2.797541, 48.453397 ], [ -2.795841, 48.454564 ], [ -2.792715, 48.456585 ], [ -2.78959, 48.458607 ], [ -2.787635, 48.455584 ], [ -2.79076, 48.453563 ], [ -2.793886, 48.451541 ], [ -2.795503, 48.450429 ], [ -2.796645, 48.449604 ], [ -2.798026, 48.448563 ], [ -2.799331, 48.447512 ], [ -2.800703, 48.446337 ], [ -2.802118, 48.445127 ], [ -2.805602, 48.442103 ], [ -2.808912, 48.439235 ], [ -2.80355, 48.432829 ], [ -2.802567, 48.433111 ], [ -2.801706, 48.433106 ], [ -2.801165, 48.433103 ], [ -2.800473, 48.433135 ], [ -2.800304, 48.429539 ], [ -2.801384, 48.423395 ], [ -2.798554, 48.420092 ], [ -2.793064, 48.413658 ], [ -2.7921, 48.412659 ], [ -2.784992, 48.408912 ], [ -2.781864, 48.407129 ], [ -2.774453, 48.404543 ], [ -2.772951, 48.404307 ], [ -2.772356, 48.404047 ], [ -2.771199, 48.403354 ], [ -2.771893, 48.401841 ], [ -2.77218, 48.401508 ], [ -2.772979, 48.400225 ], [ -2.777757, 48.397475 ], [ -2.776291, 48.390703 ], [ -2.770203, 48.387845 ], [ -2.76613, 48.391191 ], [ -2.765155, 48.392165 ], [ -2.764776, 48.392316 ], [ -2.763415, 48.392582 ], [ -2.759415, 48.395518 ], [ -2.758854, 48.396023 ], [ -2.756983, 48.395595 ], [ -2.749392, 48.397899 ], [ -2.748914, 48.398027 ], [ -2.742885, 48.395622 ], [ -2.734841, 48.396475 ], [ -2.73403, 48.397509 ], [ -2.733202, 48.399393 ], [ -2.732744, 48.399552 ], [ -2.732571, 48.399601 ], [ -2.73202, 48.399237 ], [ -2.730494, 48.398183 ], [ -2.730489, 48.398156 ], [ -2.730938, 48.395511 ], [ -2.731021, 48.39482 ], [ -2.731434, 48.393923 ], [ -2.731574, 48.393584 ], [ -2.73195, 48.392874 ], [ -2.732805, 48.38923 ], [ -2.732198, 48.385681 ], [ -2.730439, 48.382781 ], [ -2.722835, 48.380603 ], [ -2.719314, 48.381352 ], [ -2.710445, 48.381481 ], [ -2.708528, 48.381931 ], [ -2.707808, 48.381984 ], [ -2.706848, 48.381948 ], [ -2.700327, 48.381148 ], [ -2.699145, 48.377747 ], [ -2.700489, 48.37728 ], [ -2.70269, 48.375713 ], [ -2.70509, 48.373864 ], [ -2.706481, 48.371695 ], [ -2.707147, 48.368157 ], [ -2.700178, 48.365216 ], [ -2.699541, 48.365512 ], [ -2.699217, 48.365522 ], [ -2.697757, 48.36486 ], [ -2.697275, 48.363843 ], [ -2.695384, 48.360818 ], [ -2.694725, 48.360136 ], [ -2.686743, 48.364215 ], [ -2.686774, 48.364655 ], [ -2.686986, 48.367251 ], [ -2.685999, 48.367737 ], [ -2.685598, 48.367806 ], [ -2.685569, 48.367809 ], [ -2.684721, 48.367333 ], [ -2.684324, 48.367103 ], [ -2.683882, 48.366716 ], [ -2.683532, 48.366237 ], [ -2.677559, 48.360878 ], [ -2.67693, 48.360211 ], [ -2.669166, 48.357227 ], [ -2.666153, 48.35836 ], [ -2.665908, 48.357973 ], [ -2.658097, 48.357527 ], [ -2.656914, 48.360404 ], [ -2.656538, 48.360349 ], [ -2.655857, 48.360117 ], [ -2.652657, 48.35946 ], [ -2.645411, 48.357924 ], [ -2.644921, 48.357987 ], [ -2.641213, 48.358915 ], [ -2.637916, 48.364515 ], [ -2.638126, 48.368159 ], [ -2.635179, 48.370226 ], [ -2.63228, 48.368944 ], [ -2.625677, 48.368149 ], [ -2.625114, 48.368025 ], [ -2.625071, 48.368014 ], [ -2.624202, 48.3678 ], [ -2.623848, 48.365362 ], [ -2.62541, 48.361273 ], [ -2.625884, 48.361113 ], [ -2.629922, 48.355402 ], [ -2.629417, 48.35102 ], [ -2.622347, 48.349489 ], [ -2.621925, 48.349763 ], [ -2.619428, 48.349295 ], [ -2.612016, 48.348513 ], [ -2.611266, 48.346021 ], [ -2.611054, 48.345044 ], [ -2.612867, 48.340688 ], [ -2.61396, 48.340964 ], [ -2.620611, 48.33517 ], [ -2.620726, 48.334577 ], [ -2.621087, 48.333045 ], [ -2.62108, 48.326685 ], [ -2.620954, 48.323087 ], [ -2.614163, 48.318259 ], [ -2.612571, 48.318561 ], [ -2.610798, 48.31897 ], [ -2.610053, 48.315447 ], [ -2.612432, 48.311127 ], [ -2.605861, 48.305241 ], [ -2.602975, 48.304684 ], [ -2.596252, 48.300647 ], [ -2.596161, 48.298291 ], [ -2.589021, 48.293736 ], [ -2.584681, 48.29719 ], [ -2.58442, 48.297754 ], [ -2.5841, 48.298262 ], [ -2.581054, 48.296343 ], [ -2.573654, 48.298232 ], [ -2.571903, 48.302092 ], [ -2.570692, 48.302965 ], [ -2.567338, 48.301597 ], [ -2.558906, 48.299879 ], [ -2.555433, 48.298929 ], [ -2.550413, 48.30368 ], [ -2.546452, 48.306227 ], [ -2.544858, 48.307416 ], [ -2.543077, 48.3158 ], [ -2.542776, 48.316446 ], [ -2.54086, 48.318647 ], [ -2.537782, 48.318655 ], [ -2.529628, 48.315846 ], [ -2.521079, 48.315803 ], [ -2.514917, 48.315184 ], [ -2.507193, 48.316426 ], [ -2.503951, 48.317381 ], [ -2.502165, 48.314255 ], [ -2.503115, 48.313712 ], [ -2.505381, 48.3058 ], [ -2.501569, 48.302179 ], [ -2.49804, 48.301468 ], [ -2.491259, 48.299429 ], [ -2.485081, 48.299924 ], [ -2.483828, 48.296549 ], [ -2.487939, 48.289401 ], [ -2.486183, 48.285922 ], [ -2.48358, 48.283936 ], [ -2.481764, 48.282934 ], [ -2.477794, 48.28186 ], [ -2.477267, 48.281791 ], [ -2.477011, 48.281739 ], [ -2.476336, 48.281457 ], [ -2.475881, 48.281073 ], [ -2.469086, 48.277266 ], [ -2.463368, 48.275975 ], [ -2.462803, 48.275573 ], [ -2.462017, 48.274667 ], [ -2.460777, 48.273476 ], [ -2.453671, 48.271095 ], [ -2.450239, 48.270406 ], [ -2.447476, 48.268773 ], [ -2.440147, 48.268007 ], [ -2.437892, 48.268285 ], [ -2.430487, 48.272043 ], [ -2.422665, 48.275354 ], [ -2.420197, 48.27748 ], [ -2.414949, 48.276624 ], [ -2.414811, 48.273027 ], [ -2.416561, 48.268247 ], [ -2.415891, 48.263975 ], [ -2.414923, 48.260507 ], [ -2.414842, 48.259007 ], [ -2.414661, 48.258184 ], [ -2.405811, 48.258004 ], [ -2.404005, 48.261119 ], [ -2.399914, 48.262336 ], [ -2.395622, 48.261748 ], [ -2.388016, 48.26099 ], [ -2.385458, 48.258457 ], [ -2.379054, 48.255359 ], [ -2.376612, 48.252714 ], [ -2.371038, 48.249706 ], [ -2.365279, 48.252493 ], [ -2.364029, 48.254379 ], [ -2.362703, 48.25637 ], [ -2.361891, 48.257421 ], [ -2.360953, 48.258681 ], [ -2.359319, 48.261788 ], [ -2.356739, 48.263937 ], [ -2.353167, 48.26349 ], [ -2.352317, 48.262527 ], [ -2.352327, 48.258927 ], [ -2.358997, 48.255279 ], [ -2.359854, 48.254169 ], [ -2.359148, 48.245908 ], [ -2.358265, 48.242418 ], [ -2.350693, 48.240134 ], [ -2.348975, 48.242248 ], [ -2.348305, 48.242828 ], [ -2.347689, 48.242657 ], [ -2.347236, 48.24188 ], [ -2.339422, 48.238966 ], [ -2.337902, 48.23966 ], [ -2.337318, 48.239871 ], [ -2.335497, 48.240326 ], [ -2.331213, 48.236095 ], [ -2.332662, 48.2328 ], [ -2.340458, 48.233141 ], [ -2.343902, 48.234191 ], [ -2.345414, 48.234391 ], [ -2.351733, 48.22967 ], [ -2.353517, 48.228742 ], [ -2.354773, 48.228278 ], [ -2.355172, 48.228468 ], [ -2.355486, 48.228633 ], [ -2.361976, 48.23084 ], [ -2.366524, 48.22751 ], [ -2.36795, 48.22582 ], [ -2.370017, 48.226639 ], [ -2.376952, 48.224542 ], [ -2.377138, 48.221119 ], [ -2.374103, 48.215477 ], [ -2.373771, 48.214639 ], [ -2.373261, 48.211075 ], [ -2.373217, 48.203189 ], [ -2.367087, 48.198425 ], [ -2.366306, 48.198231 ], [ -2.361932, 48.197937 ], [ -2.360054, 48.198112 ], [ -2.358161, 48.198287 ], [ -2.357025, 48.198383 ], [ -2.356221, 48.198418 ], [ -2.35252, 48.198416 ], [ -2.345716, 48.196971 ], [ -2.342632, 48.196978 ], [ -2.341337, 48.196942 ], [ -2.34013, 48.196853 ], [ -2.33541, 48.198416 ], [ -2.333853, 48.20474 ], [ -2.333915, 48.205225 ], [ -2.333892, 48.20619 ], [ -2.334107, 48.210877 ], [ -2.334296, 48.212045 ], [ -2.326648, 48.214981 ], [ -2.326213, 48.215396 ], [ -2.32455, 48.217131 ], [ -2.322206, 48.218184 ], [ -2.321407, 48.218192 ], [ -2.320576, 48.218171 ], [ -2.319066, 48.214903 ], [ -2.313972, 48.210837 ], [ -2.313458, 48.210664 ], [ -2.307257, 48.210385 ], [ -2.304391, 48.212564 ], [ -2.303334, 48.211508 ], [ -2.300782, 48.208884 ], [ -2.292972, 48.210601 ], [ -2.286615, 48.212047 ], [ -2.281573, 48.215203 ], [ -2.27867, 48.214279 ], [ -2.271305, 48.211593 ], [ -2.269251, 48.211175 ], [ -2.267199, 48.210758 ], [ -2.266471, 48.210604 ], [ -2.264297, 48.2099 ], [ -2.263883, 48.209719 ], [ -2.255799, 48.207856 ], [ -2.24904, 48.211434 ], [ -2.245475, 48.210935 ], [ -2.238052, 48.206998 ], [ -2.229954, 48.203433 ], [ -2.224021, 48.199493 ], [ -2.22133, 48.198083 ], [ -2.220496, 48.197667 ], [ -2.219092, 48.196918 ], [ -2.217829, 48.196156 ], [ -2.215997, 48.195065 ], [ -2.208983, 48.191454 ], [ -2.205377, 48.190746 ], [ -2.205099, 48.187826 ], [ -2.200504, 48.180248 ], [ -2.199895, 48.180041 ], [ -2.199343, 48.179868 ], [ -2.198408, 48.179651 ], [ -2.198054, 48.179588 ], [ -2.197464, 48.179514 ], [ -2.196873, 48.179456 ], [ -2.196418, 48.179436 ], [ -2.195831, 48.179435 ], [ -2.195017, 48.179474 ], [ -2.194238, 48.179557 ], [ -2.19334, 48.179713 ], [ -2.192723, 48.176167 ], [ -2.193621, 48.176011 ], [ -2.194618, 48.175896 ], [ -2.195646, 48.17584 ], [ -2.196408, 48.175836 ], [ -2.197023, 48.175859 ], [ -2.1978, 48.17593 ], [ -2.198496, 48.176015 ], [ -2.199022, 48.176104 ], [ -2.200147, 48.176359 ], [ -2.200944, 48.176597 ], [ -2.201656, 48.176837 ], [ -2.20252, 48.177198 ], [ -2.203346, 48.177618 ], [ -2.204024, 48.178021 ], [ -2.204624, 48.178438 ], [ -2.205241, 48.178934 ], [ -2.205867, 48.179522 ], [ -2.208024, 48.181826 ], [ -2.213813, 48.184436 ], [ -2.217911, 48.184146 ], [ -2.221018, 48.183443 ], [ -2.222149, 48.183234 ], [ -2.222234, 48.18452 ], [ -2.222804, 48.186774 ], [ -2.225597, 48.194697 ], [ -2.23149, 48.190019 ], [ -2.234339, 48.185394 ], [ -2.237925, 48.185712 ], [ -2.239161, 48.190132 ], [ -2.247383, 48.189937 ], [ -2.248474, 48.186506 ], [ -2.253647, 48.186702 ], [ -2.258962, 48.190373 ], [ -2.259456, 48.190613 ], [ -2.260053, 48.190879 ], [ -2.260659, 48.191186 ], [ -2.261136, 48.191442 ], [ -2.267738, 48.19481 ], [ -2.272484, 48.192298 ], [ -2.274293, 48.18667 ], [ -2.277251, 48.184618 ], [ -2.282716, 48.182622 ], [ -2.283597, 48.182645 ], [ -2.289238, 48.181485 ], [ -2.29341, 48.175023 ], [ -2.295173, 48.1752 ], [ -2.295977, 48.175232 ], [ -2.296981, 48.175484 ], [ -2.296901, 48.17695 ], [ -2.304206, 48.181043 ], [ -2.305258, 48.180599 ], [ -2.309108, 48.177107 ], [ -2.310179, 48.17367 ], [ -2.311555, 48.174099 ], [ -2.31928, 48.172753 ], [ -2.320578, 48.173266 ], [ -2.322074, 48.173668 ], [ -2.329519, 48.169192 ], [ -2.329343, 48.165597 ], [ -2.333224, 48.158394 ], [ -2.326582, 48.156271 ], [ -2.323394, 48.1546 ], [ -2.317182, 48.154938 ], [ -2.314615, 48.156013 ], [ -2.313538, 48.156515 ], [ -2.313074, 48.156601 ], [ -2.312573, 48.156665 ], [ -2.311432, 48.15439 ], [ -2.311502, 48.154205 ], [ -2.311602, 48.154034 ], [ -2.312113, 48.153095 ], [ -2.312169, 48.144109 ], [ -2.312208, 48.143993 ], [ -2.313812, 48.14286 ], [ -2.314104, 48.142898 ], [ -2.3221, 48.141642 ], [ -2.328693, 48.141953 ], [ -2.32838, 48.1338 ], [ -2.327208, 48.131707 ], [ -2.327165, 48.127355 ], [ -2.329212, 48.124394 ], [ -2.331458, 48.125945 ], [ -2.331732, 48.126151 ], [ -2.332012, 48.126397 ], [ -2.332222, 48.126616 ], [ -2.332589, 48.127136 ], [ -2.341528, 48.127732 ], [ -2.345121, 48.127506 ], [ -2.348299, 48.130842 ], [ -2.348143, 48.134438 ], [ -2.353283, 48.140765 ], [ -2.355578, 48.140025 ], [ -2.356103, 48.139749 ], [ -2.360475, 48.133716 ], [ -2.362374, 48.133141 ], [ -2.363894, 48.132587 ], [ -2.364591, 48.132594 ], [ -2.365258, 48.136132 ], [ -2.371713, 48.139637 ], [ -2.373708, 48.139538 ], [ -2.378869, 48.137326 ], [ -2.385843, 48.132327 ], [ -2.386209, 48.127635 ], [ -2.389632, 48.126518 ], [ -2.394447, 48.119296 ], [ -2.396283, 48.118671 ], [ -2.397958, 48.118415 ], [ -2.405511, 48.114863 ], [ -2.406385, 48.114685 ], [ -2.411539, 48.113384 ], [ -2.418674, 48.113043 ], [ -2.426237, 48.11252 ], [ -2.43013, 48.108271 ], [ -2.436371, 48.103392 ], [ -2.436765, 48.102984 ], [ -2.440288, 48.095873 ], [ -2.439863, 48.092298 ], [ -2.438238, 48.084821 ], [ -2.434247, 48.08099 ], [ -2.43479, 48.078182 ], [ -2.435161, 48.077508 ], [ -2.436994, 48.075335 ], [ -2.439575, 48.077333 ], [ -2.445077, 48.079078 ], [ -2.447159, 48.071917 ], [ -2.444858, 48.069149 ], [ -2.445088, 48.068958 ], [ -2.445525, 48.068644 ], [ -2.445609, 48.059818 ], [ -2.447657, 48.056858 ], [ -2.449096, 48.057584 ], [ -2.452461, 48.058769 ], [ -2.452942, 48.058941 ], [ -2.453749, 48.059343 ], [ -2.456859, 48.06298 ], [ -2.458456, 48.064189 ], [ -2.460402, 48.06588 ], [ -2.46775, 48.066743 ], [ -2.470692, 48.062212 ], [ -2.470875, 48.060359 ], [ -2.470807, 48.059519 ], [ -2.469945, 48.056881 ], [ -2.472699, 48.054016 ], [ -2.468618, 48.047318 ], [ -2.468102, 48.047221 ], [ -2.466161, 48.046777 ], [ -2.465381, 48.046726 ], [ -2.464358, 48.046718 ], [ -2.464386, 48.043118 ], [ -2.465409, 48.043126 ], [ -2.470094, 48.042061 ], [ -2.474497, 48.040566 ], [ -2.477997, 48.039723 ], [ -2.481729, 48.034456 ], [ -2.479369, 48.027506 ], [ -2.473132, 48.025368 ], [ -2.47174, 48.025461 ], [ -2.464486, 48.023949 ], [ -2.461926, 48.024481 ], [ -2.461194, 48.020956 ], [ -2.465558, 48.013723 ], [ -2.464872, 48.008889 ], [ -2.465777, 48.007212 ], [ -2.466935, 48.005938 ], [ -2.4697, 48.002519 ], [ -2.464075, 47.995972 ], [ -2.464075, 47.992372 ], [ -2.466812, 47.991701 ], [ -2.469765, 47.989641 ], [ -2.472687, 47.986342 ], [ -2.471352, 47.978631 ], [ -2.464965, 47.979591 ], [ -2.463933, 47.980533 ], [ -2.459759, 47.981824 ], [ -2.459047, 47.982052 ], [ -2.459015, 47.982063 ], [ -2.458095, 47.982379 ], [ -2.452326, 47.981826 ], [ -2.452087, 47.981795 ], [ -2.450462, 47.979787 ], [ -2.4506, 47.978517 ], [ -2.451746, 47.977897 ], [ -2.456023, 47.9735 ], [ -2.456919, 47.967945 ], [ -2.453836, 47.963846 ], [ -2.453572, 47.963579 ], [ -2.44961, 47.959927 ], [ -2.448764, 47.958391 ], [ -2.447619, 47.953134 ], [ -2.447099, 47.949572 ], [ -2.44383, 47.945147 ], [ -2.437171, 47.94523 ], [ -2.436707, 47.945514 ], [ -2.433914, 47.943241 ], [ -2.42632, 47.943406 ], [ -2.420433, 47.942666 ], [ -2.415236, 47.943335 ], [ -2.412873, 47.943704 ], [ -2.410677, 47.944005 ], [ -2.406104, 47.944545 ], [ -2.398492, 47.944974 ], [ -2.396572, 47.944494 ], [ -2.396238, 47.9444 ], [ -2.39588, 47.944192 ], [ -2.395804, 47.944028 ], [ -2.39618, 47.942234 ], [ -2.39622, 47.942015 ], [ -2.396621, 47.93464 ], [ -2.394908, 47.933077 ], [ -2.391777, 47.930063 ], [ -2.386171, 47.930669 ], [ -2.384611, 47.931215 ], [ -2.382758, 47.931786 ], [ -2.37946, 47.930341 ], [ -2.377586, 47.929323 ], [ -2.377646, 47.928543 ], [ -2.378165, 47.92577 ], [ -2.373679, 47.92023 ], [ -2.37045, 47.920301 ], [ -2.370156, 47.920286 ], [ -2.368593, 47.920354 ], [ -2.367512, 47.920422 ], [ -2.366163, 47.920574 ], [ -2.361884, 47.921239 ], [ -2.357966, 47.921849 ], [ -2.354049, 47.922459 ], [ -2.350131, 47.923069 ], [ -2.346254, 47.923672 ], [ -2.340649, 47.925206 ], [ -2.336923, 47.926742 ], [ -2.333197, 47.928278 ], [ -2.329525, 47.929791 ], [ -2.325853, 47.931305 ], [ -2.324481, 47.927976 ], [ -2.328153, 47.926463 ], [ -2.331825, 47.924949 ], [ -2.335551, 47.923413 ], [ -2.339277, 47.921878 ], [ -2.340744, 47.921321 ], [ -2.341607, 47.92104 ], [ -2.342414, 47.920799 ], [ -2.343962, 47.920428 ], [ -2.34562, 47.920128 ], [ -2.349577, 47.919511 ], [ -2.353495, 47.918901 ], [ -2.357412, 47.918292 ], [ -2.36133, 47.917682 ], [ -2.365614, 47.917016 ], [ -2.367692, 47.916607 ], [ -2.368224, 47.916579 ], [ -2.374104, 47.912805 ], [ -2.372816, 47.904391 ], [ -2.371334, 47.903268 ], [ -2.370962, 47.90299 ], [ -2.370609, 47.90269 ], [ -2.369664, 47.901766 ], [ -2.372181, 47.899192 ], [ -2.379859, 47.901924 ], [ -2.385919, 47.906103 ], [ -2.389473, 47.905529 ], [ -2.390723, 47.906343 ], [ -2.396749, 47.911725 ], [ -2.398548, 47.911575 ], [ -2.400347, 47.911425 ], [ -2.405813, 47.917463 ], [ -2.407222, 47.917972 ], [ -2.408123, 47.918336 ], [ -2.408871, 47.91868 ], [ -2.409593, 47.919049 ], [ -2.410902, 47.919799 ], [ -2.418317, 47.922695 ], [ -2.419505, 47.923197 ], [ -2.425236, 47.926821 ], [ -2.427636, 47.930284 ], [ -2.433334, 47.932882 ], [ -2.439595, 47.929568 ], [ -2.445703, 47.924265 ], [ -2.444312, 47.920995 ], [ -2.444262, 47.917395 ], [ -2.440586, 47.91122 ], [ -2.43984, 47.907698 ], [ -2.446732, 47.903002 ], [ -2.448735, 47.902658 ], [ -2.45287, 47.902245 ], [ -2.460743, 47.901434 ], [ -2.464055, 47.900024 ], [ -2.470895, 47.902834 ], [ -2.471586, 47.903092 ], [ -2.47186, 47.90327 ], [ -2.480286, 47.900433 ], [ -2.480393, 47.899949 ], [ -2.480434, 47.899836 ], [ -2.483416, 47.899631 ], [ -2.484557, 47.899835 ], [ -2.484916, 47.899905 ], [ -2.490019, 47.900215 ], [ -2.497191, 47.898169 ], [ -2.49731, 47.89457 ], [ -2.497298, 47.893991 ], [ -2.49732, 47.893602 ], [ -2.501694, 47.887236 ], [ -2.498984, 47.879417 ], [ -2.497619, 47.878678 ], [ -2.4944, 47.87474 ], [ -2.49467, 47.87115 ], [ -2.495203, 47.87119 ], [ -2.498239, 47.871771 ], [ -2.505841, 47.871912 ], [ -2.511984, 47.874638 ], [ -2.515852, 47.878418 ], [ -2.521606, 47.879212 ], [ -2.528969, 47.876336 ], [ -2.529801, 47.875961 ], [ -2.530383, 47.875889 ], [ -2.532969, 47.877362 ], [ -2.540079, 47.879084 ], [ -2.541859, 47.880175 ], [ -2.541927, 47.880617 ], [ -2.543324, 47.888956 ], [ -2.550219, 47.886836 ], [ -2.552199, 47.886162 ], [ -2.5554, 47.884514 ], [ -2.557494, 47.878874 ], [ -2.561589, 47.875991 ], [ -2.563493, 47.87473 ], [ -2.5659, 47.872053 ], [ -2.560846, 47.865457 ], [ -2.559727, 47.862035 ], [ -2.561736, 47.85428 ], [ -2.561001, 47.852387 ], [ -2.560742, 47.851883 ], [ -2.562029, 47.849858 ], [ -2.563364, 47.84941 ], [ -2.568291, 47.849109 ], [ -2.57168, 47.848414 ], [ -2.574286, 47.850897 ], [ -2.573863, 47.856392 ], [ -2.579949, 47.860716 ], [ -2.585678, 47.85933 ], [ -2.587351, 47.850653 ], [ -2.589615, 47.842208 ], [ -2.583531, 47.835666 ], [ -2.58318, 47.832083 ], [ -2.584596, 47.829086 ], [ -2.586175, 47.827557 ], [ -2.587195, 47.828229 ], [ -2.593744, 47.830327 ], [ -2.595772, 47.830089 ], [ -2.596312, 47.830004 ], [ -2.596858, 47.829967 ], [ -2.598325, 47.829956 ], [ -2.603514, 47.823256 ], [ -2.606049, 47.823634 ], [ -2.611438, 47.821355 ], [ -2.613273, 47.818258 ], [ -2.613906, 47.815585 ], [ -2.617145, 47.814316 ], [ -2.620595, 47.814073 ], [ -2.623021, 47.807216 ], [ -2.625812, 47.804941 ], [ -2.627406, 47.805161 ], [ -2.633906, 47.811253 ], [ -2.636178, 47.810782 ], [ -2.641179, 47.815188 ], [ -2.647543, 47.81155 ], [ -2.647717, 47.811271 ], [ -2.648095, 47.810557 ], [ -2.648647, 47.809643 ], [ -2.654055, 47.808378 ], [ -2.661377, 47.803212 ], [ -2.663471, 47.803364 ], [ -2.66562, 47.806253 ], [ -2.672527, 47.810122 ], [ -2.673064, 47.810129 ], [ -2.675292, 47.809997 ], [ -2.682787, 47.807629 ], [ -2.681255, 47.802288 ], [ -2.678425, 47.800247 ], [ -2.673688, 47.797949 ], [ -2.672655, 47.7945 ], [ -2.676061, 47.790425 ], [ -2.676106, 47.784995 ], [ -2.675871, 47.784259 ], [ -2.668473, 47.779385 ], [ -2.664613, 47.779007 ], [ -2.663217, 47.779135 ], [ -2.659748, 47.779166 ], [ -2.659716, 47.775566 ], [ -2.661838, 47.767911 ], [ -2.662588, 47.767986 ], [ -2.663002, 47.768066 ], [ -2.663431, 47.76821 ], [ -2.67133, 47.76905 ], [ -2.678753, 47.771101 ], [ -2.682203, 47.766274 ], [ -2.682324, 47.765821 ], [ -2.682621, 47.76506 ], [ -2.683067, 47.764203 ], [ -2.683899, 47.759543 ], [ -2.684866, 47.756604 ], [ -2.685054, 47.756118 ], [ -2.686042, 47.754251 ], [ -2.68958, 47.754919 ], [ -2.697509, 47.754577 ], [ -2.697051, 47.749743 ], [ -2.69545, 47.746758 ], [ -2.692328, 47.742775 ], [ -2.690517, 47.741953 ], [ -2.689668, 47.738455 ], [ -2.6879, 47.733622 ], [ -2.686374, 47.730361 ], [ -2.686151, 47.721553 ], [ -2.685149, 47.721356 ], [ -2.684876, 47.721245 ], [ -2.684584, 47.720834 ], [ -2.684226, 47.719772 ], [ -2.682441, 47.71455 ], [ -2.682158, 47.712732 ], [ -2.682447, 47.71095 ], [ -2.683961, 47.710953 ], [ -2.687033, 47.710948 ], [ -2.691503, 47.705924 ], [ -2.692413, 47.706165 ], [ -2.693106, 47.706481 ], [ -2.697826, 47.707945 ], [ -2.704898, 47.70792 ], [ -2.711, 47.701813 ], [ -2.711559, 47.701138 ], [ -2.712506, 47.699984 ], [ -2.717976, 47.696166 ], [ -2.720829, 47.698362 ], [ -2.720823, 47.698684 ], [ -2.72081, 47.698771 ], [ -2.720038, 47.700328 ], [ -2.719144, 47.703815 ], [ -2.716769, 47.71238 ], [ -2.717751, 47.713015 ], [ -2.723589, 47.714488 ], [ -2.724381, 47.714255 ], [ -2.725121, 47.714164 ], [ -2.725689, 47.714172 ], [ -2.726234, 47.714254 ], [ -2.726993, 47.714494 ], [ -2.734353, 47.709389 ], [ -2.734881, 47.705828 ], [ -2.735974, 47.70599 ], [ -2.742122, 47.701703 ], [ -2.740502, 47.696033 ], [ -2.739446, 47.689642 ], [ -2.738502, 47.687056 ], [ -2.73659, 47.679792 ], [ -2.737519, 47.676314 ], [ -2.741593, 47.675707 ], [ -2.741892, 47.675669 ], [ -2.742053, 47.675668 ], [ -2.742674, 47.675767 ], [ -2.744551, 47.678469 ], [ -2.745075, 47.678987 ], [ -2.746952, 47.681432 ], [ -2.753618, 47.675594 ], [ -2.753306, 47.675015 ], [ -2.75229, 47.673212 ], [ -2.752259, 47.672707 ], [ -2.752977, 47.67143 ], [ -2.755085, 47.667773 ], [ -2.75617, 47.666732 ], [ -2.756643, 47.666674 ], [ -2.761887, 47.667583 ], [ -2.769687, 47.664193 ], [ -2.770354, 47.664073 ], [ -2.771003, 47.664003 ], [ -2.771444, 47.664051 ], [ -2.771736, 47.664186 ], [ -2.780309, 47.66508 ], [ -2.781292, 47.664681 ], [ -2.782436919781759, 47.664174258187884 ], [ -2.783853, 47.667376 ], [ -2.786248, 47.666316 ], [ -2.788644, 47.665256 ], [ -2.789509008264353, 47.66500586789622 ], [ -2.788498, 47.665429 ] ] ], [ [ [ -2.949976950594452, 48.425863226271446 ], [ -2.950621, 48.425325 ], [ -2.951643, 48.424516 ], [ -2.952248170065671, 48.42435538675511 ], [ -2.949976950594452, 48.425863226271446 ] ] ], [ [ [ -3.390051, 48.368363 ], [ -3.390061834006898, 48.368436737577568 ], [ -3.389832847011259, 48.368001153425858 ], [ -3.390051, 48.368363 ] ] ], [ [ [ -3.38955, 48.367532 ], [ -3.389574006917126, 48.367571819856551 ], [ -3.389373706167875, 48.367404837235846 ], [ -3.38955, 48.367532 ] ] ], [ [ [ -3.379681, 48.362961 ], [ -3.38328, 48.362885 ], [ -3.38894, 48.367092 ], [ -3.389002140186925, 48.367136822429913 ], [ -3.388609, 48.366946 ], [ -3.38704, 48.366436 ], [ -3.386294, 48.366185 ], [ -3.385748, 48.365986 ], [ -3.385382, 48.365898 ], [ -3.38497, 48.365844 ], [ -3.383854, 48.365798 ], [ -3.383654, 48.365773 ], [ -3.383133, 48.365697 ], [ -3.382555, 48.365657 ], [ -3.382145, 48.365671 ], [ -3.381087, 48.365654 ], [ -3.379942, 48.365388 ], [ -3.376744, 48.362797 ], [ -3.377090280229565, 48.362241666313068 ], [ -3.379681, 48.362961 ] ] ], [ [ [ -3.486169, 48.309457 ], [ -3.488589, 48.312122 ], [ -3.4894, 48.312633 ], [ -3.489116, 48.316222 ], [ -3.487117714197443, 48.319469120560036 ], [ -3.485408, 48.316757 ], [ -3.480476, 48.310837 ], [ -3.479336139671802, 48.310377411199362 ], [ -3.483923, 48.305545 ], [ -3.484645, 48.305485 ], [ -3.485377, 48.305438 ], [ -3.485781, 48.305383 ], [ -3.485833822503153, 48.305370087832564 ], [ -3.486169, 48.309457 ] ] ], [ [ [ -3.548251, 48.326879 ], [ -3.548308, 48.32752 ], [ -3.542755, 48.334385 ], [ -3.543181, 48.332776 ], [ -3.543219618783238, 48.332617438223323 ], [ -3.543287, 48.332426 ], [ -3.545864, 48.328504 ], [ -3.546003, 48.324906 ], [ -3.546091204230569, 48.324611055473731 ], [ -3.549741988391961, 48.322583164245081 ], [ -3.548251, 48.326879 ] ] ], [ [ [ -3.569524, 48.314281 ], [ -3.569036, 48.314229 ], [ -3.562704, 48.314017 ], [ -3.561223972841993, 48.314300126562195 ], [ -3.561428, 48.313762 ], [ -3.562094, 48.312092 ], [ -3.562076, 48.31201 ], [ -3.561727, 48.310175 ], [ -3.566092, 48.305047 ], [ -3.571079, 48.310836 ], [ -3.570884, 48.31443 ], [ -3.569524, 48.314281 ] ] ], [ [ [ -3.620859706314433, 48.109780928405343 ], [ -3.616925, 48.117015 ], [ -3.614324, 48.116391 ], [ -3.611094, 48.121844 ], [ -3.608323, 48.124143 ], [ -3.601044, 48.120755 ], [ -3.598718, 48.119295 ], [ -3.595084, 48.119271 ], [ -3.594666, 48.119546 ], [ -3.588019, 48.121588 ], [ -3.584531, 48.121011 ], [ -3.575787, 48.119815 ], [ -3.574618, 48.11928 ], [ -3.573791, 48.11897 ], [ -3.570655, 48.124455 ], [ -3.568331, 48.127204 ], [ -3.56914651069689, 48.127893128759872 ], [ -3.562873, 48.129544 ], [ -3.562506, 48.129522 ], [ -3.555026, 48.12747 ], [ -3.54747, 48.126367 ], [ -3.547186, 48.126311 ], [ -3.546742, 48.126258 ], [ -3.539305, 48.124554 ], [ -3.533318, 48.120127 ], [ -3.53289, 48.119784 ], [ -3.532354, 48.11948 ], [ -3.530655, 48.11856 ], [ -3.530136, 48.118247 ], [ -3.529536, 48.117991 ], [ -3.528574, 48.117715 ], [ -3.528395, 48.117674 ], [ -3.521268, 48.113748 ], [ -3.51919, 48.110809 ], [ -3.515177, 48.106566 ], [ -3.514583, 48.099381 ], [ -3.511259, 48.097998 ], [ -3.505955, 48.096636 ], [ -3.502225, 48.089777 ], [ -3.502511, 48.086402 ], [ -3.502207, 48.086136 ], [ -3.499439, 48.07915 ], [ -3.501474, 48.076179 ], [ -3.502303, 48.068135 ], [ -3.50486, 48.067095 ], [ -3.511237, 48.065425 ], [ -3.517191, 48.06962 ], [ -3.517485, 48.070199 ], [ -3.520767, 48.068719 ], [ -3.529154, 48.071395 ], [ -3.529448, 48.071638 ], [ -3.531736, 48.068858 ], [ -3.531441, 48.068616 ], [ -3.529234, 48.066588 ], [ -3.528714, 48.066169 ], [ -3.528171, 48.065776 ], [ -3.524062, 48.059993 ], [ -3.523947, 48.056395 ], [ -3.529469, 48.049785 ], [ -3.530587, 48.049701 ], [ -3.530317, 48.046111 ], [ -3.527523, 48.043963 ], [ -3.523129, 48.043999 ], [ -3.520959, 48.043388 ], [ -3.519157, 48.042558 ], [ -3.515228, 48.03493 ], [ -3.515403, 48.034333 ], [ -3.515523, 48.033751 ], [ -3.514132, 48.032754 ], [ -3.515758, 48.024211 ], [ -3.516145948054701, 48.022223266152714 ], [ -3.516499, 48.022095 ], [ -3.516949, 48.021897 ], [ -3.517317, 48.021705 ], [ -3.517756, 48.021388 ], [ -3.522175, 48.018314 ], [ -3.529186, 48.013977 ], [ -3.531125, 48.010018 ], [ -3.533391, 48.007954 ], [ -3.536591, 48.007043 ], [ -3.542273, 48.012209 ], [ -3.542184, 48.014528 ], [ -3.542237, 48.01454 ], [ -3.543126, 48.014517 ], [ -3.543148, 48.01451 ], [ -3.545974, 48.014215 ], [ -3.551591, 48.014905 ], [ -3.5521, 48.023487 ], [ -3.548894, 48.026001 ], [ -3.540574, 48.025844 ], [ -3.540055, 48.025477 ], [ -3.537743, 48.023853 ], [ -3.537253, 48.023513 ], [ -3.53632, 48.023511 ], [ -3.535995, 48.023671 ], [ -3.53589, 48.023734 ], [ -3.535201, 48.026472 ], [ -3.536831, 48.028827 ], [ -3.542552, 48.033221 ], [ -3.542937, 48.033573 ], [ -3.544083, 48.034396 ], [ -3.551933, 48.035545 ], [ -3.553762, 48.038633 ], [ -3.556863, 48.040461 ], [ -3.565668, 48.039227 ], [ -3.566174, 48.039877 ], [ -3.566737, 48.040215 ], [ -3.567145, 48.040339 ], [ -3.568945, 48.04078 ], [ -3.571192, 48.041466 ], [ -3.571932, 48.041461 ], [ -3.574382, 48.040589 ], [ -3.582915, 48.042477 ], [ -3.584029, 48.042968 ], [ -3.584356, 48.04299 ], [ -3.58629, 48.04311 ], [ -3.594387, 48.039711 ], [ -3.596822, 48.041027 ], [ -3.601281, 48.045984 ], [ -3.598615, 48.052492 ], [ -3.598554, 48.056092 ], [ -3.599976, 48.056116 ], [ -3.601476, 48.05622 ], [ -3.606474, 48.058729 ], [ -3.607135, 48.059531 ], [ -3.605643, 48.068145 ], [ -3.602344, 48.068906 ], [ -3.596576, 48.067787 ], [ -3.595949, 48.067416 ], [ -3.595247, 48.067212 ], [ -3.594758, 48.067173 ], [ -3.591256, 48.065872 ], [ -3.587703, 48.066453 ], [ -3.587914, 48.067743 ], [ -3.587959, 48.070126 ], [ -3.587367, 48.074003 ], [ -3.579912, 48.076152 ], [ -3.577826, 48.079086 ], [ -3.577827, 48.086011 ], [ -3.579176, 48.089348 ], [ -3.579766, 48.08911 ], [ -3.580282, 48.088859 ], [ -3.582834, 48.087624 ], [ -3.583287, 48.087373 ], [ -3.585024, 48.085932 ], [ -3.585393, 48.085523 ], [ -3.592926, 48.080866 ], [ -3.593534, 48.080819 ], [ -3.594328, 48.080734 ], [ -3.594794, 48.080665 ], [ -3.595711, 48.080556 ], [ -3.596119, 48.08048 ], [ -3.596478, 48.080385 ], [ -3.596966, 48.08022 ], [ -3.597583, 48.079915 ], [ -3.598413, 48.079409 ], [ -3.59953, 48.078681 ], [ -3.599961, 48.078386 ], [ -3.600396, 48.07803 ], [ -3.60156, 48.076947 ], [ -3.601811, 48.076687 ], [ -3.602278, 48.075807 ], [ -3.607822, 48.071492 ], [ -3.612045, 48.07329 ], [ -3.619052, 48.073652 ], [ -3.620517, 48.076941 ], [ -3.622209, 48.076964 ], [ -3.623185, 48.077088 ], [ -3.629342, 48.080384 ], [ -3.633094, 48.084104 ], [ -3.631531, 48.089294 ], [ -3.630648, 48.089985 ], [ -3.62504, 48.090603 ], [ -3.624674, 48.09087 ], [ -3.623436, 48.091831 ], [ -3.622213, 48.092964 ], [ -3.618513, 48.101067 ], [ -3.617484, 48.104517 ], [ -3.620784, 48.109545 ], [ -3.620859706314433, 48.109780928405343 ] ] ], [ [ [ -3.513884867670968, 48.018923084068419 ], [ -3.509484, 48.019277 ], [ -3.502978, 48.015426 ], [ -3.499432, 48.014801 ], [ -3.494802, 48.007932 ], [ -3.494997, 48.005214 ], [ -3.495075, 48.004035 ], [ -3.495123, 48.003702 ], [ -3.495204, 48.002545 ], [ -3.495154, 48.001966 ], [ -3.501914, 47.996785 ], [ -3.504724, 47.999035 ], [ -3.509143004213, 47.998890189582532 ], [ -3.510604, 47.998865 ], [ -3.511234, 47.998983 ], [ -3.514213, 47.999746 ], [ -3.518372, 48.00647 ], [ -3.5153, 48.012513 ], [ -3.513766, 48.014108 ], [ -3.513884867670968, 48.018923084068419 ] ] ], [ [ [ -3.489519267804617, 47.973893967280972 ], [ -3.486278, 47.971777 ], [ -3.483072, 47.973341 ], [ -3.481694, 47.973569 ], [ -3.481216, 47.973624 ], [ -3.478317, 47.973855 ], [ -3.474018, 47.966997 ], [ -3.474097, 47.966468 ], [ -3.47416, 47.96618 ], [ -3.475328, 47.96374 ], [ -3.477257, 47.959677 ], [ -3.478968, 47.957359 ], [ -3.478816, 47.956895 ], [ -3.477493, 47.953608 ], [ -3.474049, 47.954656 ], [ -3.471471082923843, 47.957162904626273 ], [ -3.471231, 47.956504 ], [ -3.470527, 47.954362 ], [ -3.47, 47.950416 ], [ -3.476174, 47.945607 ], [ -3.476755, 47.945602 ], [ -3.476883059290604, 47.945672057141373 ], [ -3.477896, 47.94879 ], [ -3.478092, 47.948902 ], [ -3.478516, 47.949103 ], [ -3.479881, 47.94966 ], [ -3.480173, 47.949757 ], [ -3.480677, 47.949859 ], [ -3.484824341301384, 47.952243095554408 ], [ -3.484992, 47.960523 ], [ -3.484532, 47.960996 ], [ -3.484705, 47.965141 ], [ -3.485495, 47.966698 ], [ -3.48563, 47.966818 ], [ -3.486943, 47.967054 ], [ -3.489276946949291, 47.968900631230682 ], [ -3.489519267804617, 47.973893967280972 ] ] ], [ [ [ -3.458862, 48.21302 ], [ -3.4625259964775, 48.21764660310874 ], [ -3.461043, 48.220459 ], [ -3.455991, 48.221608 ], [ -3.454349, 48.221926 ], [ -3.453994, 48.222087 ], [ -3.448369487383273, 48.222656031902723 ], [ -3.453495, 48.218456 ], [ -3.453664, 48.217234 ], [ -3.458862, 48.21302 ] ] ], [ [ [ -3.563484, 48.143131 ], [ -3.564099568369801, 48.143751169794491 ], [ -3.564105, 48.150299 ], [ -3.564608, 48.153864 ], [ -3.567527, 48.15429 ], [ -3.575233, 48.158825 ], [ -3.575364, 48.159067 ], [ -3.57592, 48.159733 ], [ -3.577207, 48.166234 ], [ -3.574163, 48.168956 ], [ -3.573786, 48.169488 ], [ -3.569276, 48.173306 ], [ -3.56857, 48.173696 ], [ -3.56009, 48.174417 ], [ -3.557366, 48.174314 ], [ -3.557355, 48.174313 ], [ -3.555969, 48.174269 ], [ -3.550237, 48.17887 ], [ -3.546609, 48.180113 ], [ -3.543121, 48.18131 ], [ -3.54011, 48.182461 ], [ -3.534863, 48.184784 ], [ -3.53506, 48.188379 ], [ -3.527633, 48.190529 ], [ -3.521609, 48.186763 ], [ -3.519206, 48.186797 ], [ -3.519111, 48.186838 ], [ -3.516831, 48.188657 ], [ -3.516823, 48.189676 ], [ -3.516879, 48.189985 ], [ -3.517004, 48.190405 ], [ -3.517114, 48.190644 ], [ -3.517455, 48.191126 ], [ -3.51757, 48.191243 ], [ -3.518352, 48.19192 ], [ -3.522569, 48.193396 ], [ -3.525226, 48.19953 ], [ -3.526588, 48.1993 ], [ -3.532455, 48.205608 ], [ -3.537473, 48.212916 ], [ -3.539365, 48.218056 ], [ -3.541156, 48.220187 ], [ -3.541553, 48.220544 ], [ -3.542066, 48.220859 ], [ -3.544347, 48.222005 ], [ -3.547344, 48.227731 ], [ -3.547327, 48.228143 ], [ -3.546874, 48.236573 ], [ -3.543276, 48.239743 ], [ -3.536871, 48.237167 ], [ -3.536314, 48.233201 ], [ -3.536281, 48.232658 ], [ -3.536116, 48.232091 ], [ -3.535502, 48.230763 ], [ -3.535242, 48.230305 ], [ -3.534519, 48.228886 ], [ -3.532638, 48.228858 ], [ -3.531884, 48.229131 ], [ -3.531105, 48.230027 ], [ -3.522263, 48.229599 ], [ -3.519768, 48.225671 ], [ -3.518489, 48.222306 ], [ -3.513251, 48.218137 ], [ -3.512844, 48.217808 ], [ -3.512132, 48.217405 ], [ -3.511307, 48.217323 ], [ -3.506928, 48.217189 ], [ -3.499742, 48.215115 ], [ -3.497476, 48.217912 ], [ -3.495782, 48.22466 ], [ -3.490536, 48.227796 ], [ -3.490571, 48.229806 ], [ -3.490586, 48.229979 ], [ -3.49061, 48.230154 ], [ -3.491168, 48.23134 ], [ -3.492289, 48.231226 ], [ -3.496689, 48.232065 ], [ -3.500745, 48.237036 ], [ -3.50022, 48.242106 ], [ -3.495212, 48.246531 ], [ -3.492368, 48.247175 ], [ -3.493162, 48.250686 ], [ -3.488084, 48.25744 ], [ -3.483831, 48.254126 ], [ -3.483656, 48.25053 ], [ -3.478814, 48.24686 ], [ -3.475263, 48.246267 ], [ -3.472457, 48.238447 ], [ -3.47738, 48.233362 ], [ -3.476935, 48.229789 ], [ -3.470592, 48.228841 ], [ -3.46497, 48.223078 ], [ -3.465899, 48.220046 ], [ -3.466265, 48.219152 ], [ -3.466329904304, 48.218879734765785 ], [ -3.466331, 48.21888 ], [ -3.472514, 48.214781 ], [ -3.471566, 48.211308 ], [ -3.46862, 48.205575 ], [ -3.46984, 48.198094 ], [ -3.47013, 48.193383 ], [ -3.47826, 48.191031 ], [ -3.48155, 48.196161 ], [ -3.482742, 48.198657 ], [ -3.483005, 48.198685 ], [ -3.485542, 48.198907 ], [ -3.486103, 48.198952 ], [ -3.486384, 48.198938 ], [ -3.488238, 48.198757 ], [ -3.487888, 48.195174 ], [ -3.485966, 48.19058 ], [ -3.487657, 48.185924 ], [ -3.487124, 48.182364 ], [ -3.493226, 48.178578 ], [ -3.495022, 48.179339 ], [ -3.503025, 48.180031 ], [ -3.504754, 48.18105 ], [ -3.505618, 48.181054 ], [ -3.507908, 48.180992 ], [ -3.507811, 48.177394 ], [ -3.511608, 48.16928 ], [ -3.518585, 48.171366 ], [ -3.522061, 48.169044 ], [ -3.52777, 48.167032 ], [ -3.531279, 48.167835 ], [ -3.534261, 48.167129 ], [ -3.535408, 48.166733 ], [ -3.535723, 48.165467 ], [ -3.540387, 48.159462 ], [ -3.546953, 48.161043 ], [ -3.550419, 48.16007 ], [ -3.554578, 48.155352 ], [ -3.553689, 48.151863 ], [ -3.554502, 48.144064 ], [ -3.558024, 48.143707 ], [ -3.560754, 48.143419 ], [ -3.563484, 48.143131 ] ] ] ] } },
{ "type": "Feature", "properties": { "fid": 10, "ID": null, "CENTER_LON": "-3.4157034931763013", "CENTER_LAT": "48.58867039769412", "AA_MINS": 60, "AA_MODE": "driving-car", "TOTAL_POP": "514729" }, "geometry": { "type": "MultiPolygon", "coordinates": [ [ [ [ -3.534254, 48.228243 ], [ -3.542163, 48.22995 ], [ -3.545959, 48.225178 ], [ -3.545988283417594, 48.225140798748463 ], [ -3.547344, 48.227731 ], [ -3.547327, 48.228143 ], [ -3.546874, 48.236573 ], [ -3.543276, 48.239743 ], [ -3.536871, 48.237167 ], [ -3.536314, 48.233201 ], [ -3.536281, 48.232658 ], [ -3.536116, 48.232091 ], [ -3.535502, 48.230763 ], [ -3.535242, 48.230305 ], [ -3.534519, 48.228886 ], [ -3.532638, 48.228858 ], [ -3.534254, 48.228243 ] ] ], [ [ [ -3.530963, 48.229703 ], [ -3.531403, 48.229306 ], [ -3.531883344978933, 48.22913175340036 ], [ -3.531105, 48.230027 ], [ -3.522263, 48.229599 ], [ -3.530963, 48.229703 ] ] ], [ [ [ -3.491891, 48.231305 ], [ -3.491516, 48.231341 ], [ -3.491113, 48.23135 ], [ -3.488633, 48.231744 ], [ -3.488068, 48.228189 ], [ -3.494587, 48.224673 ], [ -3.496125, 48.216961 ], [ -3.498431, 48.214197 ], [ -3.504568, 48.216126 ], [ -3.511177, 48.216842 ], [ -3.51286, 48.217493 ], [ -3.519413, 48.221954 ], [ -3.520693, 48.225319 ], [ -3.522263, 48.229599 ], [ -3.519768, 48.225671 ], [ -3.518489, 48.222306 ], [ -3.513251, 48.218137 ], [ -3.512844, 48.217808 ], [ -3.512132, 48.217405 ], [ -3.511307, 48.217323 ], [ -3.506928, 48.217189 ], [ -3.499742, 48.215115 ], [ -3.497476, 48.217912 ], [ -3.495782, 48.22466 ], [ -3.490536, 48.227796 ], [ -3.490571, 48.229806 ], [ -3.490586, 48.229979 ], [ -3.49061, 48.230154 ], [ -3.491168, 48.23134 ], [ -3.492289, 48.231226 ], [ -3.49323172903062, 48.231405761285608 ], [ -3.491891, 48.231305 ] ] ], [ [ [ -3.500619, 48.237047 ], [ -3.496437397872956, 48.232017024048957 ], [ -3.496689, 48.232065 ], [ -3.500745, 48.237036 ], [ -3.50022, 48.242106 ], [ -3.500619, 48.237047 ] ] ], [ [ [ -3.491276, 48.24731 ], [ -3.492369325097783, 48.247180859468912 ], [ -3.493162, 48.250686 ], [ -3.488084, 48.25744 ], [ -3.483831, 48.254126 ], [ -3.483656, 48.25053 ], [ -3.48351392638567, 48.250422315125029 ], [ -3.491276, 48.24731 ] ] ], [ [ [ -2.835974, 48.33879 ], [ -2.83724, 48.339709 ], [ -2.845076, 48.339979 ], [ -2.847339, 48.339292 ], [ -2.849602, 48.338604 ], [ -2.852289, 48.337788 ], [ -2.853335, 48.341233 ], [ -2.85149, 48.350032 ], [ -2.852233, 48.350875 ], [ -2.858153, 48.353159 ], [ -2.860739, 48.353027 ], [ -2.861603, 48.352922 ], [ -2.867937, 48.347939 ], [ -2.868175, 48.344347 ], [ -2.871296, 48.344555 ], [ -2.872377, 48.345009 ], [ -2.873346, 48.34584 ], [ -2.874898, 48.347038 ], [ -2.876998, 48.348792 ], [ -2.878173, 48.349799 ], [ -2.878711, 48.350106 ], [ -2.880111, 48.350858 ], [ -2.887493, 48.345752 ], [ -2.884482, 48.340967 ], [ -2.883892, 48.340643 ], [ -2.88339, 48.340324 ], [ -2.882411, 48.339642 ], [ -2.882062, 48.33934 ], [ -2.88149, 48.338796 ], [ -2.880091, 48.337778 ], [ -2.879228, 48.337248 ], [ -2.878085, 48.33658 ], [ -2.8766, 48.335635 ], [ -2.873618, 48.334937 ], [ -2.872022, 48.335275 ], [ -2.870504, 48.335513 ], [ -2.866819, 48.32871 ], [ -2.86047, 48.325856 ], [ -2.859379, 48.322425 ], [ -2.860589, 48.32204 ], [ -2.861375, 48.321914 ], [ -2.862084, 48.321929 ], [ -2.865738, 48.322529 ], [ -2.871146, 48.317979 ], [ -2.874572, 48.316143 ], [ -2.874621, 48.316145 ], [ -2.876281, 48.31805 ], [ -2.878766, 48.323274 ], [ -2.883639, 48.323477 ], [ -2.884036, 48.323299 ], [ -2.884545, 48.323141 ], [ -2.88513, 48.323037 ], [ -2.885724, 48.323015 ], [ -2.886863, 48.322971 ], [ -2.887521, 48.322923 ], [ -2.888817, 48.324705 ], [ -2.89035, 48.330237 ], [ -2.889848, 48.332701 ], [ -2.894018, 48.340518 ], [ -2.895101, 48.340727 ], [ -2.896377, 48.340842 ], [ -2.897373, 48.340975 ], [ -2.898255, 48.341119 ], [ -2.900115, 48.341641 ], [ -2.904189, 48.342031 ], [ -2.905649, 48.342036 ], [ -2.906221, 48.342096 ], [ -2.908086, 48.343864 ], [ -2.9082, 48.343971 ], [ -2.908296, 48.344191 ], [ -2.911699, 48.347484 ], [ -2.912032, 48.347933 ], [ -2.914038, 48.349688 ], [ -2.919122, 48.350373 ], [ -2.919834, 48.350076 ], [ -2.922825, 48.346561 ], [ -2.919626, 48.340512 ], [ -2.915792, 48.335089 ], [ -2.913508, 48.331476 ], [ -2.910707, 48.326147 ], [ -2.910622, 48.322548 ], [ -2.912223, 48.32251 ], [ -2.912727, 48.322544 ], [ -2.913347, 48.322681 ], [ -2.914102, 48.322934 ], [ -2.917928, 48.322906 ], [ -2.919947, 48.31498 ], [ -2.921642, 48.311804 ], [ -2.925683, 48.312581 ], [ -2.929037, 48.313888 ], [ -2.936332, 48.317381 ], [ -2.940061, 48.31473 ], [ -2.940204906871429, 48.314632602160927 ], [ -2.94015, 48.316176 ], [ -2.944048, 48.321952 ], [ -2.952332, 48.325407 ], [ -2.953128, 48.325579 ], [ -2.953516, 48.325624 ], [ -2.95419, 48.325562 ], [ -2.96286, 48.326871 ], [ -2.966722, 48.326955 ], [ -2.967033, 48.326916 ], [ -2.969079, 48.325979 ], [ -2.977209, 48.324422 ], [ -2.981597, 48.32587 ], [ -2.982555, 48.326287 ], [ -2.987731, 48.324308 ], [ -2.992782, 48.322306 ], [ -2.996854, 48.314673 ], [ -2.99956, 48.31384 ], [ -3.006052, 48.316534 ], [ -3.006874, 48.325448 ], [ -3.005722, 48.326273 ], [ -3.007816, 48.329201 ], [ -3.004131, 48.337165 ], [ -3.00544, 48.340518 ], [ -3.007769, 48.339609 ], [ -3.016281, 48.342481 ], [ -3.017281, 48.345939 ], [ -3.019558, 48.348298 ], [ -3.023058, 48.347455 ], [ -3.022957, 48.346168 ], [ -3.028213, 48.33984 ], [ -3.036033, 48.336575 ], [ -3.036402, 48.335379 ], [ -3.039332, 48.332333 ], [ -3.043364, 48.330887 ], [ -3.046978, 48.338415 ], [ -3.046628, 48.338972 ], [ -3.046354, 48.33992 ], [ -3.045316, 48.341754 ], [ -3.045057, 48.342056 ], [ -3.044756, 48.342542 ], [ -3.044472, 48.343541 ], [ -3.044101, 48.345679 ], [ -3.043998, 48.346084 ], [ -3.043962, 48.34671 ], [ -3.043849, 48.349066 ], [ -3.043957, 48.351302 ], [ -3.044434, 48.351661 ], [ -3.047653, 48.353019 ], [ -3.051206, 48.352441 ], [ -3.051063, 48.351565 ], [ -3.050673, 48.350543 ], [ -3.050127, 48.347807 ], [ -3.051386, 48.339494 ], [ -3.051805, 48.338902 ], [ -3.054928, 48.336256 ], [ -3.056932, 48.335348 ], [ -3.057091, 48.335151 ], [ -3.05869, 48.33279 ], [ -3.065337, 48.33003 ], [ -3.069152, 48.336767 ], [ -3.068796, 48.337941 ], [ -3.065661, 48.34354 ], [ -3.064079, 48.34446 ], [ -3.065889, 48.347572 ], [ -3.067251, 48.347281 ], [ -3.07068, 48.346186 ], [ -3.077427, 48.352135 ], [ -3.079819, 48.355328 ], [ -3.082457, 48.357778 ], [ -3.083716, 48.356583 ], [ -3.084158, 48.35601 ], [ -3.085517, 48.353955 ], [ -3.085842, 48.352923 ], [ -3.085965, 48.35241 ], [ -3.087296, 48.348239 ], [ -3.087725, 48.347345 ], [ -3.094763, 48.342091 ], [ -3.100435, 48.340914 ], [ -3.101396, 48.339707 ], [ -3.101699, 48.339197 ], [ -3.100716, 48.337325 ], [ -3.100383, 48.337299 ], [ -3.099695, 48.337296 ], [ -3.098725, 48.337168 ], [ -3.095806, 48.335913 ], [ -3.092394, 48.327932 ], [ -3.093317, 48.323132 ], [ -3.101823, 48.323701 ], [ -3.102393, 48.32446 ], [ -3.104713, 48.32616 ], [ -3.107629, 48.328907 ], [ -3.109275, 48.332109 ], [ -3.110514, 48.331472 ], [ -3.113098, 48.330091 ], [ -3.113506, 48.329909 ], [ -3.116204, 48.328527 ], [ -3.116617, 48.328331 ], [ -3.119376, 48.327043 ], [ -3.127354, 48.329904 ], [ -3.13087, 48.329129 ], [ -3.139227, 48.327051 ], [ -3.147367, 48.329043 ], [ -3.148262, 48.329699 ], [ -3.14989, 48.330047 ], [ -3.156954, 48.333536 ], [ -3.157735, 48.340559 ], [ -3.160958, 48.342378 ], [ -3.164374, 48.343516 ], [ -3.165585, 48.343277 ], [ -3.166168, 48.340617 ], [ -3.168634, 48.336122 ], [ -3.177335, 48.335631 ], [ -3.179344, 48.337244 ], [ -3.182058, 48.33961 ], [ -3.183494, 48.339801 ], [ -3.185493, 48.336808 ], [ -3.190157, 48.330942 ], [ -3.190177, 48.32994 ], [ -3.190147, 48.32957 ], [ -3.188527, 48.327732 ], [ -3.186661, 48.327815 ], [ -3.184323, 48.319357 ], [ -3.186935, 48.31688 ], [ -3.194251, 48.317143 ], [ -3.194787, 48.316713 ], [ -3.19889, 48.314528 ], [ -3.200883, 48.314016 ], [ -3.201016, 48.313945 ], [ -3.201352, 48.313078 ], [ -3.201366, 48.312992 ], [ -3.200978, 48.312136 ], [ -3.200597, 48.311358 ], [ -3.20022, 48.307231 ], [ -3.207739, 48.302763 ], [ -3.208079, 48.302774 ], [ -3.209408, 48.302851 ], [ -3.216183, 48.306449 ], [ -3.217029, 48.308467 ], [ -3.217247, 48.308765 ], [ -3.218204, 48.309953 ], [ -3.220962, 48.30764 ], [ -3.228215, 48.310678 ], [ -3.229498, 48.312719 ], [ -3.227445, 48.321053 ], [ -3.224064, 48.322288 ], [ -3.221881, 48.32994 ], [ -3.218825, 48.331844 ], [ -3.215048, 48.335008 ], [ -3.215797, 48.338529 ], [ -3.218305, 48.344095 ], [ -3.218584, 48.344732 ], [ -3.218936, 48.345241 ], [ -3.219488, 48.345864 ], [ -3.222182, 48.343477 ], [ -3.224928, 48.339372 ], [ -3.227648, 48.335892 ], [ -3.232741, 48.328852 ], [ -3.238803, 48.326263 ], [ -3.239318, 48.326127 ], [ -3.239955, 48.325866 ], [ -3.24119, 48.325362 ], [ -3.244055, 48.323539 ], [ -3.244285, 48.323399 ], [ -3.252074, 48.31913 ], [ -3.252613, 48.319182 ], [ -3.252999, 48.319156 ], [ -3.253519, 48.319071 ], [ -3.255147, 48.318769 ], [ -3.256112, 48.318523 ], [ -3.255706, 48.314946 ], [ -3.254873, 48.307078 ], [ -3.263252, 48.30451 ], [ -3.263965, 48.304675 ], [ -3.268607, 48.304187 ], [ -3.273249, 48.305923 ], [ -3.27662, 48.303594 ], [ -3.277468, 48.301344 ], [ -3.283946, 48.297094 ], [ -3.284366, 48.293519 ], [ -3.28946, 48.288469 ], [ -3.292358, 48.287871 ], [ -3.291631, 48.284346 ], [ -3.297057, 48.279584 ], [ -3.301028, 48.282037 ], [ -3.302463, 48.284709 ], [ -3.303307, 48.288209 ], [ -3.306469, 48.290362 ], [ -3.308033, 48.29036 ], [ -3.308414, 48.290217 ], [ -3.309218, 48.288037 ], [ -3.312361, 48.283808 ], [ -3.319195, 48.278708 ], [ -3.322587, 48.281581 ], [ -3.327771, 48.280608 ], [ -3.328535, 48.277089 ], [ -3.33585, 48.27383 ], [ -3.336363, 48.27382 ], [ -3.339643, 48.273806 ], [ -3.340124, 48.273861 ], [ -3.345614, 48.273499 ], [ -3.35102, 48.280553 ], [ -3.353381, 48.283271 ], [ -3.354615, 48.2822 ], [ -3.355174, 48.281638 ], [ -3.355573, 48.281101 ], [ -3.355832, 48.280554 ], [ -3.356149, 48.279343 ], [ -3.356611, 48.278078 ], [ -3.357066, 48.276712 ], [ -3.357315, 48.275821 ], [ -3.35954, 48.272292 ], [ -3.366294, 48.274184 ], [ -3.36954, 48.27574 ], [ -3.373756, 48.276359 ], [ -3.373807, 48.276368 ], [ -3.380276, 48.276642 ], [ -3.383082, 48.270135 ], [ -3.383597, 48.266572 ], [ -3.386648605594742, 48.264436281343386 ], [ -3.388487, 48.265971 ], [ -3.389505, 48.269223 ], [ -3.392941, 48.268147 ], [ -3.400395, 48.272495 ], [ -3.400141, 48.278534 ], [ -3.40053, 48.282113 ], [ -3.403655, 48.281773 ], [ -3.409681, 48.281172 ], [ -3.411563, 48.288305 ], [ -3.410255, 48.290332 ], [ -3.409991, 48.291251 ], [ -3.409968, 48.291591 ], [ -3.411032, 48.292516 ], [ -3.411231, 48.292632 ], [ -3.414521, 48.291937 ], [ -3.416527, 48.29143 ], [ -3.425292, 48.290979 ], [ -3.427994, 48.293358 ], [ -3.435948, 48.295591 ], [ -3.436185, 48.295595 ], [ -3.43829, 48.295464 ], [ -3.442992, 48.295311 ], [ -3.445633, 48.295111 ], [ -3.446055, 48.295068 ], [ -3.447151, 48.294895 ], [ -3.447569, 48.294801 ], [ -3.448894, 48.294424 ], [ -3.450329, 48.294098 ], [ -3.451398, 48.293796 ], [ -3.4546, 48.292855 ], [ -3.455563, 48.292616 ], [ -3.463526, 48.29626 ], [ -3.465391, 48.30211 ], [ -3.466382, 48.308631 ], [ -3.468167, 48.311757 ], [ -3.470980959870397, 48.31250138618438 ], [ -3.469507, 48.316633 ], [ -3.468067, 48.319932 ], [ -3.470792, 48.324495 ], [ -3.470294, 48.328061 ], [ -3.463966, 48.330541 ], [ -3.463365, 48.330542 ], [ -3.462782, 48.330588 ], [ -3.462541, 48.330742 ], [ -3.462501, 48.330776 ], [ -3.457141, 48.333812 ], [ -3.45639, 48.337332 ], [ -3.457149, 48.337494 ], [ -3.457865, 48.33759 ], [ -3.458598, 48.337634 ], [ -3.459433, 48.337627 ], [ -3.460522, 48.337624 ], [ -3.465265, 48.342096 ], [ -3.462527, 48.34683 ], [ -3.461739, 48.347148 ], [ -3.460708, 48.348256 ], [ -3.457742, 48.349747 ], [ -3.456732, 48.350025 ], [ -3.453025, 48.351254 ], [ -3.451973, 48.352067 ], [ -3.444488, 48.347981 ], [ -3.446103, 48.344543 ], [ -3.446622, 48.344113 ], [ -3.446344, 48.34055 ], [ -3.445743, 48.340622 ], [ -3.440279, 48.334508 ], [ -3.440968, 48.332824 ], [ -3.441262, 48.331045 ], [ -3.439718, 48.329449 ], [ -3.434535, 48.325876 ], [ -3.428602, 48.319512 ], [ -3.428559, 48.318615 ], [ -3.428237, 48.31793 ], [ -3.427872, 48.31752 ], [ -3.427384, 48.317193 ], [ -3.426898, 48.317014 ], [ -3.4243, 48.31632 ], [ -3.420247, 48.315917 ], [ -3.41945, 48.319428 ], [ -3.416018, 48.325959 ], [ -3.410226, 48.327277 ], [ -3.409871, 48.327224 ], [ -3.405207, 48.334398 ], [ -3.40161, 48.334542 ], [ -3.392811, 48.334776 ], [ -3.392542, 48.333192 ], [ -3.39034, 48.331955 ], [ -3.38998, 48.332035 ], [ -3.389016, 48.332469 ], [ -3.388934, 48.332869 ], [ -3.388895, 48.333418 ], [ -3.388952, 48.333966 ], [ -3.389195, 48.335306 ], [ -3.389355, 48.335845 ], [ -3.389527, 48.336251 ], [ -3.390092, 48.339727 ], [ -3.39002, 48.340429 ], [ -3.390089, 48.341041 ], [ -3.390598, 48.34256 ], [ -3.390692, 48.342701 ], [ -3.396453, 48.349526 ], [ -3.39565, 48.351296 ], [ -3.395894, 48.352372 ], [ -3.394919, 48.356186 ], [ -3.3951, 48.358389 ], [ -3.396003, 48.359617 ], [ -3.396724, 48.359956 ], [ -3.397128, 48.360117 ], [ -3.400806, 48.363496 ], [ -3.401618, 48.365288 ], [ -3.397388, 48.372499 ], [ -3.393864, 48.371763 ], [ -3.390083, 48.368477 ], [ -3.389633, 48.367621 ], [ -3.389122, 48.367195 ], [ -3.388609, 48.366946 ], [ -3.38704, 48.366436 ], [ -3.386294, 48.366185 ], [ -3.385748, 48.365986 ], [ -3.385382, 48.365898 ], [ -3.38497, 48.365844 ], [ -3.383854, 48.365798 ], [ -3.383654, 48.365773 ], [ -3.383133, 48.365697 ], [ -3.382555, 48.365657 ], [ -3.382145, 48.365671 ], [ -3.381087, 48.365654 ], [ -3.379942, 48.365388 ], [ -3.376744, 48.362797 ], [ -3.381324, 48.355452 ], [ -3.382902, 48.355302 ], [ -3.38347, 48.355192 ], [ -3.383973, 48.355043 ], [ -3.384438, 48.354949 ], [ -3.385151, 48.353121 ], [ -3.384177, 48.351358 ], [ -3.377999, 48.345732 ], [ -3.377987, 48.34396 ], [ -3.377926, 48.343878 ], [ -3.376995, 48.342274 ], [ -3.377839, 48.333872 ], [ -3.377635, 48.330278 ], [ -3.376385, 48.329993 ], [ -3.375891, 48.329894 ], [ -3.375287, 48.329875 ], [ -3.374569, 48.330027 ], [ -3.365721, 48.329908 ], [ -3.359919, 48.33444 ], [ -3.359219, 48.334601 ], [ -3.358682, 48.334755 ], [ -3.358266, 48.3349 ], [ -3.350447, 48.331291 ], [ -3.350118, 48.329418 ], [ -3.346524, 48.329633 ], [ -3.338671, 48.330252 ], [ -3.334625, 48.327793 ], [ -3.330726, 48.324878 ], [ -3.326721, 48.323294 ], [ -3.323279, 48.321443 ], [ -3.323787, 48.313138 ], [ -3.325095, 48.308215 ], [ -3.324509, 48.306621 ], [ -3.321494, 48.304654 ], [ -3.313685, 48.307521 ], [ -3.309787, 48.312655 ], [ -3.303648, 48.315002 ], [ -3.302755, 48.315095 ], [ -3.301637, 48.315244 ], [ -3.301316, 48.315325 ], [ -3.300986, 48.315431 ], [ -3.300051, 48.323207 ], [ -3.30018, 48.325037 ], [ -3.295796, 48.332778 ], [ -3.294656, 48.332747 ], [ -3.294298, 48.332692 ], [ -3.292291, 48.334628 ], [ -3.292023, 48.335202 ], [ -3.292415, 48.335622 ], [ -3.293056, 48.336068 ], [ -3.293872, 48.336267 ], [ -3.295121, 48.336314 ], [ -3.300066, 48.338198 ], [ -3.30064, 48.338548 ], [ -3.304143, 48.343109 ], [ -3.305069, 48.346588 ], [ -3.301825, 48.353614 ], [ -3.297229, 48.351844 ], [ -3.294286, 48.353916 ], [ -3.285841, 48.35442 ], [ -3.284944, 48.355365 ], [ -3.279018, 48.359702 ], [ -3.275716, 48.360537 ], [ -3.273314, 48.361732 ], [ -3.272811, 48.362107 ], [ -3.269848, 48.364294 ], [ -3.269571, 48.364492 ], [ -3.26926, 48.36477 ], [ -3.268936, 48.365176 ], [ -3.267072, 48.367747 ], [ -3.265614, 48.369208 ], [ -3.258036, 48.368804 ], [ -3.257396, 48.368334 ], [ -3.256445, 48.367795 ], [ -3.251309, 48.364338 ], [ -3.250588, 48.364462 ], [ -3.249683, 48.364666 ], [ -3.241433, 48.364389 ], [ -3.239075, 48.366255 ], [ -3.238612, 48.366625 ], [ -3.239016, 48.367134 ], [ -3.239507, 48.367582 ], [ -3.239821, 48.367783 ], [ -3.240293, 48.367981 ], [ -3.241576, 48.36841 ], [ -3.242182, 48.368557 ], [ -3.242648, 48.368637 ], [ -3.243797, 48.368785 ], [ -3.244965, 48.368963 ], [ -3.24673, 48.369483 ], [ -3.247297, 48.369714 ], [ -3.246528, 48.378566 ], [ -3.245809, 48.378844 ], [ -3.244828, 48.379259 ], [ -3.246231, 48.382575 ], [ -3.246546, 48.38932 ], [ -3.24586, 48.39106 ], [ -3.245692, 48.391533 ], [ -3.245744, 48.391733 ], [ -3.245944, 48.392626 ], [ -3.246017, 48.392792 ], [ -3.246091, 48.392863 ], [ -3.246311, 48.392991 ], [ -3.246944, 48.393356 ], [ -3.247193, 48.393498 ], [ -3.247874, 48.393889 ], [ -3.250811, 48.393281 ], [ -3.254099, 48.394328 ], [ -3.254703, 48.394537 ], [ -3.255605, 48.394768 ], [ -3.257359, 48.395723 ], [ -3.258732, 48.396996 ], [ -3.259536, 48.403058 ], [ -3.254496, 48.405127 ], [ -3.254103, 48.405115 ], [ -3.253618, 48.405158 ], [ -3.252695, 48.405352 ], [ -3.251818, 48.405623 ], [ -3.251172, 48.405873 ], [ -3.250898, 48.406023 ], [ -3.248518, 48.406816 ], [ -3.240845, 48.403727 ], [ -3.239468, 48.403549 ], [ -3.233829, 48.400573 ], [ -3.231549, 48.395105 ], [ -3.231369, 48.388401 ], [ -3.231625, 48.387814 ], [ -3.23173, 48.387373 ], [ -3.230588, 48.381794 ], [ -3.229701, 48.378305 ], [ -3.225662, 48.371536 ], [ -3.224991, 48.37104 ], [ -3.224598, 48.370807 ], [ -3.218673, 48.36592 ], [ -3.215503, 48.35846 ], [ -3.216244, 48.357078 ], [ -3.217262, 48.355736 ], [ -3.214619, 48.353292 ], [ -3.214035, 48.353923 ], [ -3.213773, 48.354245 ], [ -3.211229, 48.357156 ], [ -3.206889, 48.360337 ], [ -3.203254, 48.365796 ], [ -3.203354, 48.366198 ], [ -3.203712, 48.367135 ], [ -3.20478, 48.368172 ], [ -3.200534, 48.375646 ], [ -3.200101, 48.375629 ], [ -3.199656, 48.375642 ], [ -3.194905, 48.374184 ], [ -3.193122, 48.371057 ], [ -3.187224, 48.372498 ], [ -3.185188, 48.37294 ], [ -3.17868, 48.375466 ], [ -3.177719, 48.378935 ], [ -3.178652, 48.379194 ], [ -3.178996, 48.379272 ], [ -3.179435, 48.379339 ], [ -3.180172, 48.379349 ], [ -3.186274, 48.382678 ], [ -3.18458, 48.390989 ], [ -3.182961, 48.39143 ], [ -3.178828, 48.391414 ], [ -3.17534, 48.389182 ], [ -3.174806, 48.388907 ], [ -3.174056, 48.388417 ], [ -3.173106, 48.387553 ], [ -3.17271, 48.387287 ], [ -3.172281, 48.387055 ], [ -3.171888, 48.386884 ], [ -3.171333, 48.386693 ], [ -3.170012, 48.386342 ], [ -3.166373, 48.379211 ], [ -3.166813, 48.378032 ], [ -3.166857, 48.377729 ], [ -3.167199, 48.376395 ], [ -3.167056, 48.375468 ], [ -3.166925, 48.37516 ], [ -3.16121, 48.377016 ], [ -3.160737, 48.377168 ], [ -3.160311, 48.378182 ], [ -3.158135, 48.386014 ], [ -3.157385, 48.389535 ], [ -3.150983, 48.394666 ], [ -3.150607, 48.395761 ], [ -3.150315, 48.396658 ], [ -3.148393, 48.400177 ], [ -3.142033, 48.403727 ], [ -3.141428, 48.403836 ], [ -3.139694, 48.403988 ], [ -3.130962, 48.406139 ], [ -3.130711, 48.406061 ], [ -3.129483, 48.40706 ], [ -3.128594, 48.408973 ], [ -3.126572, 48.412065 ], [ -3.127549, 48.41553 ], [ -3.127405, 48.421152 ], [ -3.124511, 48.423293 ], [ -3.117756, 48.420376 ], [ -3.118019, 48.416786 ], [ -3.11642, 48.416443 ], [ -3.11194, 48.414783 ], [ -3.108665, 48.415497 ], [ -3.108409, 48.41548 ], [ -3.104091, 48.415185 ], [ -3.10282, 48.415348 ], [ -3.102025, 48.415393 ], [ -3.101487, 48.415486 ], [ -3.099104, 48.415308 ], [ -3.097693, 48.40686 ], [ -3.09781, 48.406765 ], [ -3.101021, 48.405444 ], [ -3.103482, 48.405107 ], [ -3.10425, 48.404976 ], [ -3.105005, 48.404827 ], [ -3.105618, 48.402673 ], [ -3.10547, 48.402197 ], [ -3.104306, 48.401295 ], [ -3.097776, 48.39543 ], [ -3.097784, 48.395059 ], [ -3.097781, 48.394497 ], [ -3.097998, 48.392792 ], [ -3.096262, 48.389915 ], [ -3.094038, 48.384115 ], [ -3.090205, 48.379988 ], [ -3.086989, 48.381605 ], [ -3.081307, 48.388442 ], [ -3.08073, 48.389667 ], [ -3.08103, 48.391876 ], [ -3.082842, 48.393895 ], [ -3.082471, 48.399896 ], [ -3.075227, 48.401328 ], [ -3.074487, 48.401185 ], [ -3.073667, 48.401176 ], [ -3.070839, 48.403736 ], [ -3.070379, 48.40451 ], [ -3.070126, 48.4051 ], [ -3.064849, 48.409696 ], [ -3.061494, 48.409842 ], [ -3.058028, 48.410813 ], [ -3.054849, 48.414886 ], [ -3.054382, 48.416429 ], [ -3.053601, 48.419314 ], [ -3.046948, 48.42461 ], [ -3.041642, 48.426893 ], [ -3.032989, 48.426436 ], [ -3.03241, 48.426248 ], [ -3.032043, 48.426167 ], [ -3.030373, 48.425912 ], [ -3.029457, 48.425746 ], [ -3.028816, 48.429289 ], [ -3.031642, 48.431541 ], [ -3.033499, 48.434625 ], [ -3.029689, 48.440441 ], [ -3.028946, 48.440634 ], [ -3.028307, 48.441091 ], [ -3.027419, 48.441642 ], [ -3.026852, 48.4423 ], [ -3.025534, 48.44348 ], [ -3.025256, 48.44368 ], [ -3.017543, 48.442361 ], [ -3.016615, 48.438882 ], [ -3.014319, 48.438842 ], [ -3.006076, 48.439698 ], [ -3.004195, 48.437868 ], [ -3.002311, 48.431105 ], [ -3.005261, 48.426658 ], [ -3.006666, 48.423238 ], [ -3.0052, 48.41995 ], [ -3.003415, 48.419968 ], [ -3.00322, 48.419974 ], [ -3.000898, 48.420113 ], [ -2.994458, 48.422582 ], [ -2.985547, 48.421887 ], [ -2.985123, 48.421594 ], [ -2.984682, 48.421388 ], [ -2.984323, 48.421268 ], [ -2.982462, 48.420761 ], [ -2.981515, 48.424234 ], [ -2.976443, 48.428697 ], [ -2.976, 48.43227 ], [ -2.975072, 48.435622 ], [ -2.968056, 48.439917 ], [ -2.964796, 48.44037 ], [ -2.958153, 48.44028 ], [ -2.954707, 48.434315 ], [ -2.95458, 48.434292 ], [ -2.953177, 48.434177 ], [ -2.949702, 48.426093 ], [ -2.950621, 48.425325 ], [ -2.951643, 48.424516 ], [ -2.956334, 48.423271 ], [ -2.957435, 48.4236 ], [ -2.957956, 48.423757 ], [ -2.960081, 48.424152 ], [ -2.960423, 48.42421 ], [ -2.96056, 48.424218 ], [ -2.963182, 48.421804 ], [ -2.962811, 48.416911 ], [ -2.959092, 48.41519 ], [ -2.958025, 48.415695 ], [ -2.957366, 48.416047 ], [ -2.950796, 48.417135 ], [ -2.946659, 48.415022 ], [ -2.941395, 48.413271 ], [ -2.939121, 48.412816 ], [ -2.938139, 48.412863 ], [ -2.930823, 48.408034 ], [ -2.930429, 48.406062 ], [ -2.929828, 48.405798 ], [ -2.927601, 48.406428 ], [ -2.920932, 48.403108 ], [ -2.919013, 48.402366 ], [ -2.918982, 48.402374 ], [ -2.918849, 48.402411 ], [ -2.91877, 48.402437 ], [ -2.915076, 48.408141 ], [ -2.912002, 48.415462 ], [ -2.91415, 48.418352 ], [ -2.916939, 48.425191 ], [ -2.916561, 48.427654 ], [ -2.915917, 48.429736 ], [ -2.915877, 48.434978 ], [ -2.915941, 48.435075 ], [ -2.916461, 48.435609 ], [ -2.916965, 48.435931 ], [ -2.918705, 48.437929 ], [ -2.919376, 48.43867 ], [ -2.919514, 48.446212 ], [ -2.913163, 48.445428 ], [ -2.909954, 48.447059 ], [ -2.906355, 48.44805 ], [ -2.906059, 48.448095 ], [ -2.903167, 48.452672 ], [ -2.903216, 48.461072 ], [ -2.894356, 48.461138 ], [ -2.893782, 48.46044 ], [ -2.891246, 48.461905 ], [ -2.884606, 48.462857 ], [ -2.881034, 48.462412 ], [ -2.873606, 48.459379 ], [ -2.873178, 48.459168 ], [ -2.872611, 48.458952 ], [ -2.872055, 48.458793 ], [ -2.871732, 48.458724 ], [ -2.87092, 48.458585 ], [ -2.86977, 48.458489 ], [ -2.86962, 48.458492 ], [ -2.867446, 48.46129 ], [ -2.862758, 48.466027 ], [ -2.859628, 48.469831 ], [ -2.857619, 48.473931 ], [ -2.851207, 48.478662 ], [ -2.846043, 48.480209 ], [ -2.844717, 48.480505 ], [ -2.836458, 48.481483 ], [ -2.834186, 48.479981 ], [ -2.833422, 48.479675 ], [ -2.833126, 48.479781 ], [ -2.82476, 48.482385 ], [ -2.824558, 48.482557 ], [ -2.817451, 48.487728 ], [ -2.8172, 48.49132 ], [ -2.818558, 48.4917 ], [ -2.819076, 48.491686 ], [ -2.819593, 48.491672 ], [ -2.823102, 48.492412 ], [ -2.828648, 48.491559 ], [ -2.833493, 48.497955 ], [ -2.832226, 48.503654 ], [ -2.826674, 48.505939 ], [ -2.826348, 48.506792 ], [ -2.825148, 48.50883 ], [ -2.817332, 48.510763 ], [ -2.814269, 48.506512 ], [ -2.814131, 48.506274 ], [ -2.812674, 48.50603 ], [ -2.812497, 48.506067 ], [ -2.806813, 48.505556 ], [ -2.803555, 48.507086 ], [ -2.801074, 48.512734 ], [ -2.794914, 48.513716 ], [ -2.793465, 48.513625 ], [ -2.793114, 48.513833 ], [ -2.792514, 48.516398 ], [ -2.794239, 48.518852 ], [ -2.794376, 48.519182 ], [ -2.795509, 48.520412 ], [ -2.794176, 48.529173 ], [ -2.79361, 48.529319 ], [ -2.792993, 48.52954 ], [ -2.792454, 48.529779 ], [ -2.783645, 48.527979 ], [ -2.783248, 48.527391 ], [ -2.782957, 48.52712 ], [ -2.782686, 48.526914 ], [ -2.782006, 48.526492 ], [ -2.781517, 48.526314 ], [ -2.780946, 48.526189 ], [ -2.780469, 48.526142 ], [ -2.778273, 48.52606 ], [ -2.771667, 48.521452 ], [ -2.766005, 48.520312 ], [ -2.762801, 48.519055 ], [ -2.757219, 48.513731 ], [ -2.75105, 48.510401 ], [ -2.745975, 48.509061 ], [ -2.741666, 48.502499 ], [ -2.740281, 48.499177 ], [ -2.740074, 48.499263 ], [ -2.737264, 48.500173 ], [ -2.729055, 48.496926 ], [ -2.728974, 48.495694 ], [ -2.728933, 48.495592 ], [ -2.7279, 48.494734 ], [ -2.724197, 48.490278 ], [ -2.723598, 48.489354 ], [ -2.723254, 48.488892 ], [ -2.720364, 48.491039 ], [ -2.722916, 48.498108 ], [ -2.723231, 48.498694 ], [ -2.723552, 48.499187 ], [ -2.72421, 48.499987 ], [ -2.724655, 48.50044 ], [ -2.72516, 48.50089 ], [ -2.727762, 48.503085 ], [ -2.730862, 48.508051 ], [ -2.731028, 48.508276 ], [ -2.736339, 48.513968 ], [ -2.737756, 48.517277 ], [ -2.739879, 48.518969 ], [ -2.742284, 48.527245 ], [ -2.740976, 48.530241 ], [ -2.73497, 48.535131 ], [ -2.734897, 48.538102 ], [ -2.735054, 48.538203 ], [ -2.735944, 48.538597 ], [ -2.742622, 48.544013 ], [ -2.742957, 48.545872 ], [ -2.74427, 48.545579 ], [ -2.746466, 48.545432 ], [ -2.747741, 48.544698 ], [ -2.749253, 48.544058 ], [ -2.749832, 48.543768 ], [ -2.75642, 48.544705 ], [ -2.755641, 48.552561 ], [ -2.75523, 48.552855 ], [ -2.754957, 48.553089 ], [ -2.755389, 48.555742 ], [ -2.756597, 48.55691 ], [ -2.760117, 48.560396 ], [ -2.763196, 48.563949 ], [ -2.766016, 48.566187 ], [ -2.769052, 48.567334 ], [ -2.772522, 48.568292 ], [ -2.772599, 48.568013 ], [ -2.772664, 48.567248 ], [ -2.773325, 48.563845 ], [ -2.780384, 48.559525 ], [ -2.782456, 48.559279 ], [ -2.782971, 48.559255 ], [ -2.783665, 48.559128 ], [ -2.784291, 48.558931 ], [ -2.784914, 48.558677 ], [ -2.785284, 48.558499 ], [ -2.787658, 48.557707 ], [ -2.788979, 48.557564 ], [ -2.792842, 48.558714 ], [ -2.794132, 48.565164 ], [ -2.794485, 48.568747 ], [ -2.802541, 48.569549 ], [ -2.803989, 48.570027 ], [ -2.804307, 48.569973 ], [ -2.80495, 48.569802 ], [ -2.811287, 48.569763 ], [ -2.816616, 48.575258 ], [ -2.821877, 48.581726 ], [ -2.822214, 48.582298 ], [ -2.822703, 48.582929 ], [ -2.823541, 48.583934 ], [ -2.826306, 48.581628 ], [ -2.826454, 48.573064 ], [ -2.826329, 48.572247 ], [ -2.827043, 48.569214 ], [ -2.835014, 48.569505 ], [ -2.838008, 48.567506 ], [ -2.845335, 48.567341 ], [ -2.851999, 48.572204 ], [ -2.854079, 48.575256 ], [ -2.856445, 48.578401 ], [ -2.856922, 48.579026 ], [ -2.860287, 48.587343 ], [ -2.858908, 48.587829 ], [ -2.856714, 48.594046 ], [ -2.859717, 48.596032 ], [ -2.862365, 48.595359 ], [ -2.863157, 48.595146 ], [ -2.866338, 48.594183 ], [ -2.869859, 48.593437 ], [ -2.869801, 48.593161 ], [ -2.870105, 48.587373 ], [ -2.872825, 48.584197 ], [ -2.874113, 48.582806 ], [ -2.882492, 48.583207 ], [ -2.884976, 48.585238 ], [ -2.886187, 48.585905 ], [ -2.886918, 48.585947 ], [ -2.887219, 48.585812 ], [ -2.887512, 48.585633 ], [ -2.890282, 48.584667 ], [ -2.89601, 48.588414 ], [ -2.892221, 48.594123 ], [ -2.89104, 48.594762 ], [ -2.885061, 48.596031 ], [ -2.882391, 48.599053 ], [ -2.881379, 48.601979 ], [ -2.880201, 48.604091 ], [ -2.880236, 48.604248 ], [ -2.882091, 48.605508 ], [ -2.882313, 48.605463 ], [ -2.886795, 48.604763 ], [ -2.895211, 48.606588 ], [ -2.895633, 48.606997 ], [ -2.898189, 48.610069 ], [ -2.900722, 48.611371 ], [ -2.902655, 48.611778 ], [ -2.903229, 48.611119 ], [ -2.907356, 48.603213 ], [ -2.912711, 48.600508 ], [ -2.918646, 48.600563 ], [ -2.921903, 48.602153 ], [ -2.922743, 48.602763 ], [ -2.923882, 48.60325 ], [ -2.930071, 48.604688 ], [ -2.933826, 48.607685 ], [ -2.934953, 48.608433 ], [ -2.940334, 48.611416 ], [ -2.942461, 48.61571 ], [ -2.943882, 48.615374 ], [ -2.944769, 48.615104 ], [ -2.951171, 48.617772 ], [ -2.947773, 48.625428 ], [ -2.944614, 48.626556 ], [ -2.937629, 48.631958 ], [ -2.937619, 48.632543 ], [ -2.938632, 48.636656 ], [ -2.945394, 48.638325 ], [ -2.946862, 48.638718 ], [ -2.948876, 48.639093 ], [ -2.950574, 48.639575 ], [ -2.951302, 48.639826 ], [ -2.956046, 48.647012 ], [ -2.955432, 48.649418 ], [ -2.956915, 48.65584 ], [ -2.958459, 48.658336 ], [ -2.958679, 48.658353 ], [ -2.95995, 48.657777 ], [ -2.967622, 48.656582 ], [ -2.968517, 48.656446 ], [ -2.96867, 48.656346 ], [ -2.968992, 48.656084 ], [ -2.972806, 48.650745 ], [ -2.977802, 48.652948 ], [ -2.981141, 48.657414 ], [ -2.98157, 48.657802 ], [ -2.982015, 48.658106 ], [ -2.98509, 48.66086 ], [ -2.98869, 48.660859 ], [ -2.991729, 48.657135 ], [ -2.993735, 48.654146 ], [ -2.999917, 48.652056 ], [ -3.00369, 48.654422 ], [ -3.004441, 48.655085 ], [ -3.005067, 48.655728 ], [ -3.005469, 48.656025 ], [ -3.009478, 48.659438 ], [ -3.010361, 48.660599 ], [ -3.010765, 48.660706 ], [ -3.011595, 48.660762 ], [ -3.015292, 48.660743 ], [ -3.022789, 48.665442 ], [ -3.023477, 48.667319 ], [ -3.028835, 48.668035 ], [ -3.029916, 48.668553 ], [ -3.036877, 48.673194 ], [ -3.035282, 48.67653 ], [ -3.036054, 48.681271 ], [ -3.037784, 48.684429 ], [ -3.03828, 48.692234 ], [ -3.038529, 48.695825 ], [ -3.044222, 48.698147 ], [ -3.047753, 48.697448 ], [ -3.054909, 48.700008 ], [ -3.057187, 48.701554 ], [ -3.057885, 48.702092 ], [ -3.059096, 48.702204 ], [ -3.067219, 48.700575 ], [ -3.068385, 48.699479 ], [ -3.075587, 48.697363 ], [ -3.08171, 48.70314 ], [ -3.081762, 48.706011 ], [ -3.081924, 48.706734 ], [ -3.082645, 48.706691 ], [ -3.088515, 48.712936 ], [ -3.088605, 48.713411 ], [ -3.088893, 48.714233 ], [ -3.089314, 48.714825 ], [ -3.089935, 48.715301 ], [ -3.090407, 48.715565 ], [ -3.092568, 48.712686 ], [ -3.099304, 48.710752 ], [ -3.103838, 48.712528 ], [ -3.111717, 48.712301 ], [ -3.113244, 48.711573 ], [ -3.121217, 48.71474 ], [ -3.125741, 48.719889 ], [ -3.128266, 48.720799 ], [ -3.136138, 48.724537 ], [ -3.137474, 48.725951 ], [ -3.142487, 48.732375 ], [ -3.143026, 48.733023 ], [ -3.143955, 48.733641 ], [ -3.144864, 48.733963 ], [ -3.146079, 48.734336 ], [ -3.147523, 48.742825 ], [ -3.145363, 48.749022 ], [ -3.14472, 48.75109 ], [ -3.142424, 48.755698 ], [ -3.1382, 48.76017 ], [ -3.133351, 48.763997 ], [ -3.129553, 48.765425 ], [ -3.125274, 48.767377 ], [ -3.125414, 48.767949 ], [ -3.121113, 48.775587 ], [ -3.118627, 48.77654 ], [ -3.117309, 48.777127 ], [ -3.116811, 48.777747 ], [ -3.116653, 48.778125 ], [ -3.117693, 48.780017 ], [ -3.119877, 48.783868 ], [ -3.119934, 48.783897 ], [ -3.120789, 48.784082 ], [ -3.128602, 48.787272 ], [ -3.129156, 48.787466 ], [ -3.129551, 48.787572 ], [ -3.129976, 48.787632 ], [ -3.130441, 48.787634 ], [ -3.132734, 48.787749 ], [ -3.132994, 48.787752 ], [ -3.140719, 48.789878 ], [ -3.144613, 48.792829 ], [ -3.146886, 48.797663 ], [ -3.148411, 48.797927 ], [ -3.15375, 48.800474 ], [ -3.155684, 48.80559 ], [ -3.155746, 48.805767 ], [ -3.158136, 48.806642 ], [ -3.162748, 48.808287 ], [ -3.163485, 48.808284 ], [ -3.164664, 48.808276 ], [ -3.165222, 48.808255 ], [ -3.165745, 48.808226 ], [ -3.166717, 48.80476 ], [ -3.171435, 48.801049 ], [ -3.176145, 48.802215 ], [ -3.178213, 48.803445 ], [ -3.181179, 48.80783 ], [ -3.181636, 48.80847 ], [ -3.18367, 48.813252 ], [ -3.183795, 48.813647 ], [ -3.184387, 48.8164 ], [ -3.184239, 48.819997 ], [ -3.185342, 48.823617 ], [ -3.186904, 48.825779 ], [ -3.187821, 48.826227 ], [ -3.188187, 48.825933 ], [ -3.189306, 48.824589 ], [ -3.197552, 48.821596 ], [ -3.197719, 48.821531 ], [ -3.198151, 48.821293 ], [ -3.198582, 48.820886 ], [ -3.199031, 48.8198 ], [ -3.198814, 48.818731 ], [ -3.198492, 48.818133 ], [ -3.197803, 48.816663 ], [ -3.197161, 48.814195 ], [ -3.200464, 48.808611 ], [ -3.208291, 48.812514 ], [ -3.208327, 48.813567 ], [ -3.208786, 48.815953 ], [ -3.208253, 48.823249 ], [ -3.208621, 48.826282 ], [ -3.208956, 48.82637 ], [ -3.210485, 48.826074 ], [ -3.216126, 48.825684 ], [ -3.218033, 48.822631 ], [ -3.219488, 48.821642 ], [ -3.220541, 48.821015 ], [ -3.225017, 48.820483 ], [ -3.228347, 48.826067 ], [ -3.228117, 48.827771 ], [ -3.228391, 48.828155 ], [ -3.228684, 48.82853 ], [ -3.232539, 48.835039 ], [ -3.233093, 48.835264 ], [ -3.23582, 48.836178 ], [ -3.237595, 48.83534 ], [ -3.243845, 48.831654 ], [ -3.247145, 48.830458 ], [ -3.249372, 48.829303 ], [ -3.250994, 48.828179 ], [ -3.258887, 48.828951 ], [ -3.25935, 48.829163 ], [ -3.265123850964928, 48.829077065774051 ], [ -3.262338, 48.833072 ], [ -3.261829, 48.835019 ], [ -3.261801, 48.835508 ], [ -3.261417, 48.837721 ], [ -3.26104, 48.837741 ], [ -3.255296, 48.844587 ], [ -3.255359, 48.844909 ], [ -3.255361, 48.845082 ], [ -3.255323, 48.84572 ], [ -3.252887, 48.848721 ], [ -3.249597, 48.854205 ], [ -3.249183, 48.854695 ], [ -3.248829, 48.854984 ], [ -3.246829, 48.855129 ], [ -3.242618, 48.856287 ], [ -3.238027, 48.860099 ], [ -3.234018, 48.865699 ], [ -3.233707, 48.866344 ], [ -3.229654, 48.867852 ], [ -3.229048, 48.868048 ], [ -3.228515, 48.868148 ], [ -3.226673, 48.868163 ], [ -3.226096, 48.868116 ], [ -3.218773, 48.865375 ], [ -3.218611, 48.865155 ], [ -3.218645, 48.864617 ], [ -3.21879, 48.863407 ], [ -3.214596, 48.855675 ], [ -3.211565, 48.853112 ], [ -3.206381, 48.849415 ], [ -3.204672, 48.848328 ], [ -3.204234, 48.847315 ], [ -3.207493, 48.846092 ], [ -3.208087, 48.846245 ], [ -3.214197, 48.84346 ], [ -3.214539, 48.8431 ], [ -3.215264, 48.842632 ], [ -3.215819, 48.84242 ], [ -3.217983, 48.841089 ], [ -3.214908, 48.833455 ], [ -3.212134, 48.833452 ], [ -3.208759, 48.834437 ], [ -3.207626, 48.835149 ], [ -3.206593, 48.835814 ], [ -3.206149, 48.836183 ], [ -3.20565, 48.836474 ], [ -3.203748, 48.835291 ], [ -3.202539, 48.834648 ], [ -3.198089, 48.827368 ], [ -3.193184, 48.830534 ], [ -3.190947, 48.835526 ], [ -3.18725, 48.839198 ], [ -3.185479, 48.840199 ], [ -3.183773, 48.840837 ], [ -3.179835, 48.842721 ], [ -3.179429, 48.842843 ], [ -3.178939, 48.842906 ], [ -3.176386, 48.843506 ], [ -3.17061, 48.8486 ], [ -3.167001, 48.850845 ], [ -3.162495, 48.852205 ], [ -3.155792, 48.851988 ], [ -3.148358, 48.85379 ], [ -3.14381, 48.856309 ], [ -3.142719, 48.857069 ], [ -3.142425, 48.856939 ], [ -3.138127, 48.855116 ], [ -3.131573, 48.859823 ], [ -3.130343, 48.861003 ], [ -3.123134, 48.864917 ], [ -3.122635, 48.864992 ], [ -3.116885, 48.865421 ], [ -3.109699, 48.865132 ], [ -3.102278, 48.865798 ], [ -3.098233, 48.865902 ], [ -3.091272, 48.866885 ], [ -3.091095, 48.866751 ], [ -3.090866, 48.86652 ], [ -3.086099, 48.864016 ], [ -3.082099, 48.864254 ], [ -3.078488, 48.86192 ], [ -3.078118, 48.857296 ], [ -3.078321, 48.857154 ], [ -3.080906, 48.858529 ], [ -3.081398, 48.858625 ], [ -3.081837, 48.858757 ], [ -3.082331, 48.858991 ], [ -3.082702, 48.859242 ], [ -3.083043, 48.859541 ], [ -3.089819, 48.861687 ], [ -3.091851, 48.856243 ], [ -3.087231, 48.851055 ], [ -3.084526, 48.849946 ], [ -3.084636, 48.848888 ], [ -3.084677, 48.845487 ], [ -3.089865, 48.841888 ], [ -3.090977, 48.839008 ], [ -3.091506, 48.837855 ], [ -3.085617, 48.831368 ], [ -3.084966, 48.831574 ], [ -3.084313, 48.83167 ], [ -3.083774, 48.831707 ], [ -3.080579, 48.829883 ], [ -3.083051, 48.828181 ], [ -3.084548, 48.820793 ], [ -3.08729, 48.813448 ], [ -3.079144, 48.812516 ], [ -3.078889, 48.812646 ], [ -3.078549, 48.812733 ], [ -3.078218, 48.812788 ], [ -3.072952, 48.816821 ], [ -3.072898, 48.816956 ], [ -3.072439, 48.817658 ], [ -3.069993, 48.819434 ], [ -3.069815, 48.819608 ], [ -3.065996, 48.822054 ], [ -3.065949, 48.822088 ], [ -3.060261, 48.823459 ], [ -3.05528, 48.8215 ], [ -3.051294, 48.815739 ], [ -3.044632, 48.816613 ], [ -3.044202, 48.816838 ], [ -3.040774, 48.818426 ], [ -3.04022, 48.818833 ], [ -3.039864, 48.819094 ], [ -3.039672, 48.819207 ], [ -3.03953, 48.819261 ], [ -3.035364, 48.821289 ], [ -3.034235, 48.821279 ], [ -3.025368, 48.820062 ], [ -3.019909, 48.821897 ], [ -3.01951, 48.822117 ], [ -3.01862, 48.82263 ], [ -3.018157, 48.822794 ], [ -3.01228, 48.820825 ], [ -3.012271, 48.820792 ], [ -3.013026, 48.817706 ], [ -3.013775, 48.816624 ], [ -3.015559, 48.813635 ], [ -3.012302, 48.806454 ], [ -3.008331, 48.803679 ], [ -3.008069, 48.802124 ], [ -3.008036, 48.800091 ], [ -3.00851, 48.798551 ], [ -3.012565, 48.798177 ], [ -3.013097, 48.798081 ], [ -3.015753, 48.79806 ], [ -3.019726, 48.796752 ], [ -3.020485, 48.796215 ], [ -3.020816, 48.796023 ], [ -3.024524, 48.792242 ], [ -3.021469, 48.783879 ], [ -3.020992, 48.783905 ], [ -3.020335, 48.783913 ], [ -3.018095, 48.783114 ], [ -3.017383, 48.78301 ], [ -3.016638, 48.782958 ], [ -3.015904, 48.782929 ], [ -3.015721, 48.782899 ], [ -3.01338, 48.782691 ], [ -3.012616, 48.779173 ], [ -3.012813, 48.779094 ], [ -3.013396, 48.778854 ], [ -3.013785, 48.778724 ], [ -3.014225, 48.778627 ], [ -3.017211, 48.779352 ], [ -3.017571, 48.779374 ], [ -3.018225, 48.77951 ], [ -3.018562, 48.779544 ], [ -3.020095, 48.779647 ], [ -3.021439, 48.770825 ], [ -3.019279, 48.766815 ], [ -3.013878, 48.765545 ], [ -3.01338, 48.765636 ], [ -3.010518, 48.766776 ], [ -3.007723, 48.76695 ], [ -3.006604, 48.766541 ], [ -3.006418, 48.766483 ], [ -3.004197, 48.766084 ], [ -2.997834, 48.763171 ], [ -2.990767, 48.762299 ], [ -2.988581, 48.76244 ], [ -2.984423, 48.762751 ], [ -2.98423, 48.762487 ], [ -2.976084, 48.759285 ], [ -2.974039, 48.759715 ], [ -2.971333, 48.76 ], [ -2.965198, 48.763133 ], [ -2.964614, 48.763599 ], [ -2.96412, 48.763811 ], [ -2.962263, 48.764332 ], [ -2.961668, 48.764472 ], [ -2.960725, 48.764621 ], [ -2.955486, 48.764211 ], [ -2.952264, 48.76258 ], [ -2.950383, 48.759296 ], [ -2.949908, 48.757921 ], [ -2.949916, 48.755726 ], [ -2.951128, 48.749547 ], [ -2.946241, 48.745323 ], [ -2.945887, 48.745229 ], [ -2.941828, 48.739516 ], [ -2.939947, 48.737937 ], [ -2.937579, 48.73258 ], [ -2.938144, 48.731544 ], [ -2.938482, 48.730881 ], [ -2.938964, 48.730382 ], [ -2.939449, 48.730085 ], [ -2.939812, 48.729941 ], [ -2.941578, 48.729403 ], [ -2.945149, 48.728617 ], [ -2.948094, 48.722783 ], [ -2.945859, 48.715197 ], [ -2.944139, 48.714541 ], [ -2.938456, 48.713909 ], [ -2.933935, 48.714316 ], [ -2.93189, 48.710089 ], [ -2.92609, 48.708349 ], [ -2.925759, 48.708384 ], [ -2.925686, 48.708357 ], [ -2.917585, 48.704852 ], [ -2.916722, 48.704598 ], [ -2.908756, 48.701422 ], [ -2.906956, 48.700513 ], [ -2.905876, 48.699318 ], [ -2.905804, 48.699008 ], [ -2.905278, 48.697611 ], [ -2.905155, 48.697377 ], [ -2.896796, 48.695846 ], [ -2.896061, 48.697769 ], [ -2.89599, 48.697974 ], [ -2.895732, 48.69857 ], [ -2.89544, 48.699095 ], [ -2.89539, 48.69901 ], [ -2.895396, 48.69892 ], [ -2.895438, 48.698809 ], [ -2.895911, 48.69665 ], [ -2.890326, 48.690375 ], [ -2.888586, 48.69005 ], [ -2.88847, 48.689761 ], [ -2.887557, 48.686517 ], [ -2.886519, 48.679077 ], [ -2.884277, 48.677216 ], [ -2.884049, 48.675682 ], [ -2.886474, 48.671258 ], [ -2.880535, 48.66489 ], [ -2.876181, 48.668899 ], [ -2.875199, 48.66988 ], [ -2.872371, 48.672474 ], [ -2.870296, 48.672359 ], [ -2.863405, 48.671912 ], [ -2.860715, 48.673426 ], [ -2.860474, 48.673567 ], [ -2.860139, 48.673633 ], [ -2.859421, 48.673591 ], [ -2.853489, 48.667779 ], [ -2.848986, 48.665152 ], [ -2.841332, 48.663763 ], [ -2.8408, 48.663657 ], [ -2.839879, 48.663147 ], [ -2.839367, 48.661562 ], [ -2.834479, 48.654775 ], [ -2.828301, 48.65481 ], [ -2.823348, 48.648588 ], [ -2.823178, 48.648008 ], [ -2.822342, 48.641215 ], [ -2.821609, 48.632939 ], [ -2.821449, 48.632226 ], [ -2.821418, 48.63172 ], [ -2.82149, 48.631106 ], [ -2.821473, 48.624366 ], [ -2.819362, 48.616395 ], [ -2.818103, 48.615339 ], [ -2.815583, 48.612764 ], [ -2.816007, 48.61098 ], [ -2.816816, 48.609381 ], [ -2.818464, 48.602713 ], [ -2.819968, 48.601182 ], [ -2.822458, 48.598506 ], [ -2.81903, 48.590712 ], [ -2.818756, 48.590618 ], [ -2.815194, 48.589934 ], [ -2.809361, 48.5882 ], [ -2.804002, 48.586268 ], [ -2.797818, 48.580044 ], [ -2.792348, 48.581284 ], [ -2.791437, 48.581725 ], [ -2.787958, 48.584223 ], [ -2.787696, 48.584465 ], [ -2.784892, 48.583251 ], [ -2.783442, 48.582637 ], [ -2.781086, 48.581516 ], [ -2.777292, 48.579615 ], [ -2.776767, 48.579077 ], [ -2.776458, 48.578167 ], [ -2.77722, 48.575247 ], [ -2.773114, 48.569555 ], [ -2.770747, 48.56926 ], [ -2.769614, 48.569401 ], [ -2.762632, 48.565936 ], [ -2.75886, 48.564687 ], [ -2.754075, 48.563298 ], [ -2.752347, 48.562849 ], [ -2.750989, 48.562475 ], [ -2.74563, 48.558893 ], [ -2.740248, 48.559817 ], [ -2.73935, 48.560065 ], [ -2.738604, 48.560324 ], [ -2.737986, 48.560411 ], [ -2.737514, 48.560416 ], [ -2.728813, 48.558818 ], [ -2.728233, 48.558705 ], [ -2.727802, 48.558554 ], [ -2.727362, 48.55833 ], [ -2.720101, 48.554554 ], [ -2.718691, 48.553369 ], [ -2.718606, 48.550817 ], [ -2.718922, 48.550513 ], [ -2.72113, 48.541869 ], [ -2.719859, 48.540065 ], [ -2.719836, 48.539931 ], [ -2.719846, 48.536828 ], [ -2.720163, 48.536101 ], [ -2.72134, 48.534224 ], [ -2.717257, 48.52676 ], [ -2.713838, 48.523059 ], [ -2.713151, 48.522442 ], [ -2.713135, 48.522356 ], [ -2.711439, 48.517461 ], [ -2.707651, 48.513284 ], [ -2.704077, 48.51051 ], [ -2.702013, 48.509142 ], [ -2.701632, 48.508906 ], [ -2.69506, 48.504679 ], [ -2.692887, 48.503152 ], [ -2.69092, 48.499185 ], [ -2.690462, 48.498799 ], [ -2.690119, 48.498493 ], [ -2.689963, 48.498328 ], [ -2.689719, 48.498005 ], [ -2.688589, 48.496609 ], [ -2.680971, 48.500797 ], [ -2.680906, 48.501429 ], [ -2.674485, 48.506986 ], [ -2.674917, 48.512019 ], [ -2.675888, 48.518323 ], [ -2.677784, 48.521851 ], [ -2.67736, 48.523133 ], [ -2.677008, 48.524279 ], [ -2.676558, 48.525236 ], [ -2.674833, 48.526446 ], [ -2.666083, 48.527955 ], [ -2.662876, 48.5283 ], [ -2.660591, 48.527698 ], [ -2.656683, 48.526554 ], [ -2.656323, 48.526395 ], [ -2.655986, 48.526202 ], [ -2.655545, 48.525862 ], [ -2.655054, 48.52531 ], [ -2.646435, 48.523861 ], [ -2.644301, 48.524063 ], [ -2.640005, 48.52326 ], [ -2.63381, 48.521177 ], [ -2.633227, 48.521079 ], [ -2.624518, 48.521493 ], [ -2.623982, 48.521609 ], [ -2.62363, 48.521614 ], [ -2.623163, 48.52154 ], [ -2.61447, 48.523364 ], [ -2.613073, 48.525314 ], [ -2.611941, 48.525926 ], [ -2.609083, 48.527671 ], [ -2.60236, 48.530359 ], [ -2.598627, 48.531196 ], [ -2.598063, 48.53082 ], [ -2.591999, 48.52841 ], [ -2.585149, 48.533799 ], [ -2.581754, 48.534808 ], [ -2.58165, 48.534836 ], [ -2.575218, 48.535267 ], [ -2.572568, 48.536627 ], [ -2.571473, 48.53585 ], [ -2.570518, 48.533668 ], [ -2.571997, 48.529704 ], [ -2.56842, 48.521987 ], [ -2.565989, 48.517125 ], [ -2.566962, 48.513659 ], [ -2.568786, 48.507761 ], [ -2.567901, 48.504271 ], [ -2.567887, 48.495657 ], [ -2.564956, 48.493931 ], [ -2.559606, 48.490398 ], [ -2.553299, 48.487755 ], [ -2.550739, 48.486667 ], [ -2.548158, 48.486101 ], [ -2.54204, 48.489032 ], [ -2.541457, 48.489283 ], [ -2.541023, 48.489239 ], [ -2.54031, 48.488888 ], [ -2.539839, 48.48858 ], [ -2.534994, 48.485965 ], [ -2.527113, 48.486433 ], [ -2.520877, 48.492649 ], [ -2.519671, 48.495435 ], [ -2.517869, 48.496114 ], [ -2.516132, 48.496095 ], [ -2.514126, 48.493784 ], [ -2.505511, 48.491798 ], [ -2.501162, 48.494039 ], [ -2.497618, 48.493404 ], [ -2.497742, 48.492432 ], [ -2.497854, 48.491908 ], [ -2.495303, 48.483404 ], [ -2.493782, 48.480141 ], [ -2.494281, 48.478285 ], [ -2.496113, 48.475186 ], [ -2.497129, 48.475786 ], [ -2.501007, 48.476288 ], [ -2.501409, 48.476263 ], [ -2.504144, 48.46773 ], [ -2.501537, 48.465149 ], [ -2.498211, 48.463855 ], [ -2.498132, 48.463794 ], [ -2.497034, 48.461986 ], [ -2.48904, 48.461128 ], [ -2.488626, 48.461173 ], [ -2.484046, 48.462564 ], [ -2.483414, 48.462884 ], [ -2.483012, 48.463006 ], [ -2.482134, 48.463225 ], [ -2.478684, 48.464938 ], [ -2.474961, 48.462423 ], [ -2.474028, 48.461833 ], [ -2.473724, 48.461552 ], [ -2.469235, 48.454085 ], [ -2.467113, 48.452569 ], [ -2.466622, 48.452291 ], [ -2.459021, 48.449054 ], [ -2.452591, 48.444642 ], [ -2.449739, 48.444592 ], [ -2.448752, 48.444503 ], [ -2.449077, 48.440917 ], [ -2.450064, 48.441007 ], [ -2.455089, 48.439544 ], [ -2.455314, 48.439643 ], [ -2.456196, 48.440162 ], [ -2.459484, 48.440663 ], [ -2.461437, 48.440011 ], [ -2.462549, 48.431688 ], [ -2.460279, 48.430184 ], [ -2.458009, 48.42868 ], [ -2.455739, 48.427177 ], [ -2.453503, 48.425695 ], [ -2.452168, 48.424851 ], [ -2.451173, 48.42427 ], [ -2.450459, 48.423877 ], [ -2.448372, 48.422798 ], [ -2.446842, 48.42203 ], [ -2.444481, 48.421051 ], [ -2.44391, 48.420861 ], [ -2.443095, 48.420619 ], [ -2.444118, 48.417167 ], [ -2.445222, 48.417381 ], [ -2.448318, 48.418747 ], [ -2.449984, 48.419579 ], [ -2.452112, 48.420679 ], [ -2.452906, 48.421115 ], [ -2.453982, 48.421741 ], [ -2.455424, 48.42265 ], [ -2.457727, 48.424175 ], [ -2.459997, 48.425679 ], [ -2.462267, 48.427183 ], [ -2.464537, 48.428687 ], [ -2.465935, 48.42967 ], [ -2.468769, 48.431858 ], [ -2.470576, 48.433281 ], [ -2.472369, 48.434694 ], [ -2.479422, 48.438598 ], [ -2.485348, 48.440214 ], [ -2.493365, 48.438692 ], [ -2.49509, 48.438119 ], [ -2.500667, 48.433342 ], [ -2.501028, 48.432736 ], [ -2.504797, 48.425903 ], [ -2.505774, 48.424258 ], [ -2.507552, 48.423585 ], [ -2.511145, 48.425566 ], [ -2.515406, 48.428867 ], [ -2.519684, 48.430713 ], [ -2.528583, 48.430861 ], [ -2.529103, 48.430742 ], [ -2.537236, 48.428196 ], [ -2.538405, 48.426275 ], [ -2.538558, 48.426214 ], [ -2.540222, 48.426184 ], [ -2.540605, 48.426718 ], [ -2.547039, 48.431065 ], [ -2.550139, 48.432894 ], [ -2.556182, 48.430989 ], [ -2.560355, 48.424163 ], [ -2.56803, 48.419798 ], [ -2.569322, 48.418742 ], [ -2.569711, 48.418407 ], [ -2.572057, 48.421137 ], [ -2.570579, 48.425344 ], [ -2.569882, 48.427385 ], [ -2.569743, 48.430983 ], [ -2.572777, 48.438924 ], [ -2.578208, 48.438539 ], [ -2.579932, 48.440755 ], [ -2.587441, 48.444214 ], [ -2.588449, 48.444774 ], [ -2.589523, 48.446946 ], [ -2.596979, 48.451334 ], [ -2.597436, 48.451339 ], [ -2.598045, 48.451385 ], [ -2.599433, 48.451532 ], [ -2.60227, 48.451546 ], [ -2.608191, 48.447376 ], [ -2.605562, 48.441052 ], [ -2.605111, 48.440579 ], [ -2.604725, 48.439814 ], [ -2.604203, 48.437426 ], [ -2.602726, 48.434754 ], [ -2.602603, 48.434553 ], [ -2.60281, 48.433217 ], [ -2.603097, 48.432215 ], [ -2.603738, 48.432069 ], [ -2.604169, 48.43202 ], [ -2.608722, 48.431769 ], [ -2.616394, 48.428747 ], [ -2.619015, 48.426015 ], [ -2.619551, 48.41728 ], [ -2.622696, 48.413205 ], [ -2.624457, 48.40932 ], [ -2.625587, 48.409176 ], [ -2.626681, 48.409306 ], [ -2.627129, 48.40962 ], [ -2.629294, 48.41248 ], [ -2.636297, 48.416265 ], [ -2.638306, 48.416359 ], [ -2.639917, 48.416452 ], [ -2.639709, 48.420046 ], [ -2.642828, 48.424421 ], [ -2.64648, 48.42594 ], [ -2.652613, 48.419643 ], [ -2.652681, 48.419447 ], [ -2.653092, 48.417647 ], [ -2.654587, 48.416771 ], [ -2.657959, 48.415467 ], [ -2.661435, 48.416405 ], [ -2.664806, 48.41798 ], [ -2.667147, 48.419048 ], [ -2.673908, 48.424017 ], [ -2.676904, 48.4247 ], [ -2.678616, 48.424802 ], [ -2.679334, 48.424808 ], [ -2.679794, 48.424914 ], [ -2.680552, 48.425166 ], [ -2.681672, 48.425604 ], [ -2.6898, 48.422008 ], [ -2.695298, 48.423515 ], [ -2.69968, 48.426363 ], [ -2.70257, 48.430304 ], [ -2.711247, 48.42842 ], [ -2.71476, 48.427632 ], [ -2.71902, 48.427451 ], [ -2.720888, 48.42759 ], [ -2.726898, 48.433676 ], [ -2.734203, 48.430739 ], [ -2.734493, 48.430432 ], [ -2.734838, 48.430148 ], [ -2.739432, 48.422972 ], [ -2.741437, 48.419982 ], [ -2.743221, 48.417153 ], [ -2.746539, 48.415757 ], [ -2.74763, 48.417857 ], [ -2.749786, 48.420913 ], [ -2.75215, 48.424687 ], [ -2.75428, 48.427589 ], [ -2.761744, 48.430467 ], [ -2.76309, 48.432606 ], [ -2.763788, 48.436138 ], [ -2.77227, 48.435338 ], [ -2.772379, 48.430021 ], [ -2.772575, 48.429612 ], [ -2.773639, 48.429021 ], [ -2.773872, 48.429004 ], [ -2.779616, 48.428919 ], [ -2.780202, 48.42884 ], [ -2.780467, 48.428847 ], [ -2.781577, 48.42891 ], [ -2.784526, 48.428591 ], [ -2.788634, 48.428099 ], [ -2.78876, 48.428078 ], [ -2.795326, 48.423275 ], [ -2.7952, 48.421654 ], [ -2.795654, 48.420483 ], [ -2.796688, 48.419459 ], [ -2.794612, 48.410707 ], [ -2.79395, 48.40868 ], [ -2.786103, 48.404734 ], [ -2.782745, 48.4042 ], [ -2.782903, 48.400604 ], [ -2.783732, 48.398943 ], [ -2.786402, 48.396528 ], [ -2.7867, 48.396858 ], [ -2.787338, 48.397531 ], [ -2.788129, 48.39833 ], [ -2.790873, 48.399535 ], [ -2.796904, 48.395367 ], [ -2.803713, 48.393602 ], [ -2.806506, 48.391332 ], [ -2.807903, 48.39305 ], [ -2.808464, 48.393595 ], [ -2.81659, 48.39045 ], [ -2.819631, 48.388522 ], [ -2.825678, 48.382837 ], [ -2.826395, 48.382469 ], [ -2.832076, 48.381245 ], [ -2.832211, 48.381213 ], [ -2.832621, 48.38111 ], [ -2.836734, 48.375917 ], [ -2.832273, 48.370653 ], [ -2.829181, 48.367928 ], [ -2.826847, 48.366483 ], [ -2.825171, 48.365927 ], [ -2.823884, 48.36554 ], [ -2.823034, 48.365262 ], [ -2.821657, 48.364818 ], [ -2.822288, 48.362301 ], [ -2.822762, 48.361391 ], [ -2.824139, 48.361835 ], [ -2.825003, 48.362118 ], [ -2.826206, 48.362479 ], [ -2.829193, 48.362876 ], [ -2.835095, 48.358346 ], [ -2.836606, 48.354813 ], [ -2.83707, 48.353748 ], [ -2.833217, 48.345961 ], [ -2.831034, 48.345251 ], [ -2.825236, 48.344892 ], [ -2.821636, 48.344892 ], [ -2.818724, 48.343346 ], [ -2.817815, 48.341511 ], [ -2.816334, 48.338249 ], [ -2.809976, 48.333606 ], [ -2.808159, 48.334219 ], [ -2.807369, 48.332874 ], [ -2.807205, 48.330542 ], [ -2.811017, 48.327227 ], [ -2.817583, 48.326794 ], [ -2.81931, 48.326352 ], [ -2.823066, 48.324016 ], [ -2.825045251039706, 48.31818392435575 ], [ -2.825959, 48.32039 ], [ -2.826446, 48.32685 ], [ -2.826512, 48.327408 ], [ -2.827559, 48.333007 ], [ -2.827755, 48.334077 ], [ -2.828115, 48.334774 ], [ -2.828286, 48.334982 ], [ -2.830193, 48.335672 ], [ -2.832434, 48.334372 ], [ -2.83415, 48.332917 ], [ -2.834554, 48.332541 ], [ -2.83485, 48.33222 ], [ -2.835166, 48.331796 ], [ -2.835974, 48.33879 ] ] ], [ [ [ -2.832254, 48.32236 ], [ -2.84029, 48.322472 ], [ -2.841874, 48.322037 ], [ -2.842383, 48.322079 ], [ -2.847014, 48.323773 ], [ -2.847857, 48.325639 ], [ -2.847788, 48.326072 ], [ -2.84767, 48.327313 ], [ -2.845557, 48.328232 ], [ -2.84151, 48.328746 ], [ -2.840632, 48.329227 ], [ -2.839543, 48.3296 ], [ -2.835166, 48.331796 ], [ -2.835428, 48.331354 ], [ -2.835548, 48.330696 ], [ -2.835693, 48.329973 ], [ -2.835715, 48.329225 ], [ -2.835598, 48.328521 ], [ -2.835378, 48.327896 ], [ -2.834726, 48.326865 ], [ -2.832551, 48.324208 ], [ -2.832005, 48.323516 ], [ -2.831333, 48.322529 ], [ -2.830512, 48.321104 ], [ -2.830402, 48.320874 ], [ -2.830780771334175, 48.31909526824176 ], [ -2.832254, 48.32236 ] ] ], [ [ [ -3.285764, 48.841604 ], [ -3.285449, 48.843114 ], [ -3.284527, 48.844054 ], [ -3.283504, 48.844889 ], [ -3.283115, 48.845126 ], [ -3.275108, 48.843276 ], [ -3.275079, 48.843085 ], [ -3.275135, 48.842675 ], [ -3.272516, 48.835335 ], [ -3.27157, 48.834395 ], [ -3.26625393357315, 48.829060246362744 ], [ -3.266808, 48.829052 ], [ -3.271723, 48.832343 ], [ -3.277157, 48.83665 ], [ -3.278354, 48.838749 ], [ -3.279462, 48.839667 ], [ -3.282429, 48.839974 ], [ -3.28246, 48.839973 ], [ -3.284822, 48.838173 ], [ -3.288873431486107, 48.836678785214986 ], [ -3.285764, 48.841604 ] ] ], [ [ [ -3.300995, 48.833246 ], [ -3.304548, 48.835078 ], [ -3.305179, 48.835639 ], [ -3.300995, 48.833246 ] ] ], [ [ [ -3.341764, 48.827786 ], [ -3.339696, 48.828255 ], [ -3.339271, 48.828085 ], [ -3.330902, 48.827438 ], [ -3.329104, 48.833481 ], [ -3.325984, 48.835306 ], [ -3.321064, 48.839439 ], [ -3.320346, 48.839506 ], [ -3.319585, 48.839447 ], [ -3.318681, 48.83934 ], [ -3.318165, 48.839212 ], [ -3.309438, 48.837623 ], [ -3.313125, 48.83798 ], [ -3.313952, 48.837932 ], [ -3.319566, 48.833202 ], [ -3.320264, 48.832664 ], [ -3.322243, 48.830607 ], [ -3.325645, 48.827524 ], [ -3.331968, 48.825774 ], [ -3.336635, 48.825851 ], [ -3.338445, 48.826181 ], [ -3.338686, 48.826206 ], [ -3.341085, 48.826578 ], [ -3.341612, 48.826694 ], [ -3.342398, 48.826748 ], [ -3.343033, 48.826742 ], [ -3.344454580742187, 48.826708492546381 ], [ -3.341764, 48.827786 ] ] ], [ [ [ -3.3772, 48.816655 ], [ -3.37782, 48.816559 ], [ -3.38023, 48.816351 ], [ -3.3772, 48.816655 ] ] ], [ [ [ -3.388032893978616, 48.803689168671767 ], [ -3.388083, 48.803635 ], [ -3.388366846351192, 48.803511028679566 ], [ -3.388032893978616, 48.803689168671767 ] ] ], [ [ [ -3.445609, 48.816939 ], [ -3.446921, 48.816323 ], [ -3.447586, 48.816078 ], [ -3.445609, 48.816939 ] ] ], [ [ [ -3.470091, 48.824812 ], [ -3.47335, 48.828825 ], [ -3.473394, 48.82888 ], [ -3.470091, 48.824812 ] ] ], [ [ [ -3.498799, 48.826278 ], [ -3.495708, 48.828429 ], [ -3.490532, 48.829824 ], [ -3.486104, 48.832082 ], [ -3.482387, 48.834763 ], [ -3.480638, 48.835813 ], [ -3.480408, 48.835755 ], [ -3.478833, 48.83419 ], [ -3.478778, 48.834134 ], [ -3.473394, 48.82888 ], [ -3.473467, 48.8289 ], [ -3.475268, 48.828871 ], [ -3.480909, 48.82605 ], [ -3.488225, 48.82691 ], [ -3.490845, 48.828146 ], [ -3.49294, 48.827422 ], [ -3.496878, 48.826207 ], [ -3.505798, 48.8263 ], [ -3.498799, 48.826278 ] ] ], [ [ [ -3.568336, 48.758677 ], [ -3.568931, 48.758517 ], [ -3.56954, 48.758431 ], [ -3.576413, 48.761388 ], [ -3.58138, 48.765526 ], [ -3.581975, 48.765929 ], [ -3.583067, 48.766612 ], [ -3.587726, 48.769162 ], [ -3.585769, 48.772556 ], [ -3.58395, 48.778463 ], [ -3.580995, 48.779658 ], [ -3.578767, 48.787483 ], [ -3.577259, 48.789062 ], [ -3.582234, 48.795832 ], [ -3.582294, 48.79583 ], [ -3.584141, 48.795578 ], [ -3.586085, 48.79476 ], [ -3.585418, 48.797709 ], [ -3.585353, 48.7978 ], [ -3.581213, 48.802808 ], [ -3.58116, 48.802868 ], [ -3.578961, 48.802955 ], [ -3.572212, 48.804759 ], [ -3.564368, 48.807 ], [ -3.5631, 48.803633 ], [ -3.563167, 48.803349 ], [ -3.562307, 48.794789 ], [ -3.558849, 48.794365 ], [ -3.551836, 48.795544 ], [ -3.551406, 48.795811 ], [ -3.550944, 48.796036 ], [ -3.550504, 48.796197 ], [ -3.548515, 48.796785 ], [ -3.546281, 48.797459 ], [ -3.546123, 48.797515 ], [ -3.544871, 48.798067 ], [ -3.540968, 48.802177 ], [ -3.546021, 48.808017 ], [ -3.546232, 48.808046 ], [ -3.547379, 48.810266 ], [ -3.548414, 48.81272 ], [ -3.548504, 48.813254 ], [ -3.544486, 48.814842 ], [ -3.538961, 48.819608 ], [ -3.538852, 48.81967 ], [ -3.533292, 48.821701 ], [ -3.532039, 48.821504 ], [ -3.531878, 48.821443 ], [ -3.528455, 48.820358 ], [ -3.524704, 48.828134 ], [ -3.52517, 48.829556 ], [ -3.522929, 48.829214 ], [ -3.516452, 48.831962 ], [ -3.514695, 48.833659 ], [ -3.50769, 48.837884 ], [ -3.507126, 48.838272 ], [ -3.505791, 48.838954 ], [ -3.504917, 48.839056 ], [ -3.504579, 48.839082 ], [ -3.50426, 48.835493 ], [ -3.50632, 48.834199 ], [ -3.505798, 48.8263 ], [ -3.508877, 48.830766 ], [ -3.510452, 48.832278 ], [ -3.510658, 48.832279 ], [ -3.516777, 48.829553 ], [ -3.519713, 48.827413 ], [ -3.520272, 48.826808 ], [ -3.523494, 48.821188 ], [ -3.527573, 48.820114 ], [ -3.529688, 48.817442 ], [ -3.531025, 48.814694 ], [ -3.532097, 48.812284 ], [ -3.532275, 48.808111 ], [ -3.531253, 48.805352 ], [ -3.529872, 48.797681 ], [ -3.535965, 48.79313 ], [ -3.5374, 48.792002 ], [ -3.542398, 48.790012 ], [ -3.547989, 48.790629 ], [ -3.551827, 48.792375 ], [ -3.552506, 48.792547 ], [ -3.553778, 48.792481 ], [ -3.554944, 48.792282 ], [ -3.55524, 48.792147 ], [ -3.55555, 48.790198 ], [ -3.555659, 48.789411 ], [ -3.555155, 48.78662 ], [ -3.549498, 48.78449 ], [ -3.547121, 48.782099 ], [ -3.551448, 48.774426 ], [ -3.552201, 48.774358 ], [ -3.556616, 48.77425 ], [ -3.558827, 48.775399 ], [ -3.563765, 48.777053 ], [ -3.564522, 48.777617 ], [ -3.565981, 48.777923 ], [ -3.566657, 48.777913 ], [ -3.573515, 48.775182 ], [ -3.574437, 48.772979 ], [ -3.573966, 48.764933 ], [ -3.572333, 48.761724 ], [ -3.569204, 48.762205 ], [ -3.561142, 48.758932 ], [ -3.560980162942126, 48.758680672868337 ], [ -3.568336, 48.758677 ] ] ], [ [ [ -3.550624337752668, 48.748091366452236 ], [ -3.550249, 48.747673 ], [ -3.550179, 48.747282 ], [ -3.550624337752668, 48.748091366452236 ] ] ], [ [ [ -3.545779020862359, 48.735173229599667 ], [ -3.545754, 48.735147 ], [ -3.549194, 48.7272 ], [ -3.545779020862359, 48.735173229599667 ] ] ], [ [ [ -3.587583379942085, 48.673122413693328 ], [ -3.587583379942118, 48.673122413693335 ], [ -3.58769, 48.673161 ], [ -3.587583379942085, 48.673122413693328 ] ] ], [ [ [ -3.588097880825746, 48.673247267929746 ], [ -3.588097880825789, 48.673247267929753 ], [ -3.588229, 48.673275 ], [ -3.588097880825746, 48.673247267929746 ] ] ], [ [ [ -3.588229, 48.673275 ], [ -3.588401078242375, 48.673287732246628 ], [ -3.58840107824242, 48.673287732246635 ], [ -3.588229, 48.673275 ] ] ], [ [ [ -3.588590107507876, 48.673301718716949 ], [ -3.588590107507913, 48.673301718716949 ], [ -3.588675, 48.673308 ], [ -3.588590107507876, 48.673301718716949 ] ] ], [ [ [ -3.590289914346877, 48.673027627408999 ], [ -3.590289914346915, 48.673027627408985 ], [ -3.59042, 48.672986 ], [ -3.590289914346877, 48.673027627408999 ] ] ], [ [ [ -3.590952102665126, 48.672752414519429 ], [ -3.590952102665149, 48.672752414519415 ], [ -3.591051, 48.672709 ], [ -3.590952102665126, 48.672752414519429 ] ] ], [ [ [ -3.636905, 48.681284 ], [ -3.642354249794959, 48.677720098236641 ], [ -3.642354249794959, 48.677720098236641 ], [ -3.636905, 48.681284 ] ] ], [ [ [ -3.642097, 48.696108 ], [ -3.644947081315809, 48.695763177438899 ], [ -3.644947081315812, 48.695763177438899 ], [ -3.642097, 48.696108 ] ] ], [ [ [ -3.708139, 48.692871 ], [ -3.709854362751309, 48.692161493086466 ], [ -3.709854362751309, 48.692161493086466 ], [ -3.708139, 48.692871 ] ] ], [ [ [ -3.74199, 48.705411 ], [ -3.735127, 48.702684 ], [ -3.742503, 48.705364 ], [ -3.745821, 48.705394 ], [ -3.746813495465279, 48.70595620650144 ], [ -3.74199, 48.705411 ] ] ], [ [ [ -3.780812, 48.703271 ], [ -3.774813, 48.706319 ], [ -3.775281, 48.705919 ], [ -3.777215, 48.704033 ], [ -3.78277, 48.701248 ], [ -3.786871, 48.702122 ], [ -3.780812, 48.703271 ] ] ], [ [ [ -3.812700480629062, 48.713012558576651 ], [ -3.81287, 48.713022 ], [ -3.815694, 48.714702 ], [ -3.812700480629062, 48.713012558576651 ] ] ], [ [ [ -3.827302, 48.719145 ], [ -3.826334, 48.718507 ], [ -3.827313546008092, 48.719127509224251 ], [ -3.827302, 48.719145 ] ] ], [ [ [ -3.895907, 48.670089 ], [ -3.893248, 48.666574 ], [ -3.895884, 48.670017 ], [ -3.897058, 48.671156 ], [ -3.895907, 48.670089 ] ] ], [ [ [ -3.925847, 48.687811 ], [ -3.927902, 48.693703 ], [ -3.927258, 48.694096 ], [ -3.926993, 48.694253 ], [ -3.923914, 48.694249 ], [ -3.923684, 48.694192 ], [ -3.922908, 48.693518 ], [ -3.922801, 48.693157 ], [ -3.922709, 48.692689 ], [ -3.922909, 48.691529 ], [ -3.922062, 48.683573 ], [ -3.92452, 48.692119 ], [ -3.924485, 48.692397 ], [ -3.927018, 48.692135 ], [ -3.925302, 48.687197 ], [ -3.925603, 48.680827 ], [ -3.925798, 48.680117 ], [ -3.925847, 48.687811 ] ] ], [ [ [ -3.970756, 48.727202 ], [ -3.970673, 48.727215 ], [ -3.968678, 48.725319 ], [ -3.962699, 48.722994 ], [ -3.970466, 48.725849 ], [ -3.972469256192602, 48.726663067975743 ], [ -3.970756, 48.727202 ] ] ], [ [ [ -3.998599787658346, 48.71271249787074 ], [ -3.999128, 48.712271 ], [ -4.005185, 48.716756 ], [ -3.998599787658346, 48.71271249787074 ] ] ], [ [ [ -4.054357, 48.702895 ], [ -4.053687, 48.703504 ], [ -4.050794, 48.703943 ], [ -4.050734825020886, 48.703904308667504 ], [ -4.056186, 48.701153 ], [ -4.054357, 48.702895 ] ] ], [ [ [ -4.055939, 48.694379 ], [ -4.056312, 48.695375 ], [ -4.056642, 48.69611 ], [ -4.056875, 48.697014 ], [ -4.056186, 48.701153 ], [ -4.055555, 48.694877 ], [ -4.055685743063034, 48.693914821614037 ], [ -4.055939, 48.694379 ] ] ], [ [ [ -4.076281, 48.689087 ], [ -4.076121, 48.689069 ], [ -4.075145, 48.688446 ], [ -4.075111, 48.688398 ], [ -4.073104, 48.684979 ], [ -4.073937, 48.685953 ], [ -4.076744443974047, 48.689018772152131 ], [ -4.076281, 48.689087 ] ] ], [ [ [ -3.592762758749453, 48.33856759816728 ], [ -3.58813, 48.341635 ], [ -3.587644, 48.341969 ], [ -3.586994, 48.342928 ], [ -3.586379197978659, 48.344989706778463 ], [ -3.582806, 48.341383 ], [ -3.575776, 48.340052 ], [ -3.575192, 48.335166 ], [ -3.572503, 48.332772 ], [ -3.570426, 48.333676 ], [ -3.569345, 48.33711 ], [ -3.563879, 48.340938 ], [ -3.556461, 48.33872 ], [ -3.5547, 48.337205 ], [ -3.551815, 48.339358 ], [ -3.54353634055931, 48.340311835439209 ], [ -3.542755, 48.334385 ], [ -3.543181, 48.332776 ], [ -3.543219618783238, 48.332617438223323 ], [ -3.543287, 48.332426 ], [ -3.545864, 48.328504 ], [ -3.546003, 48.324906 ], [ -3.546091204230569, 48.324611055473731 ], [ -3.55299, 48.320779 ], [ -3.554726, 48.322238 ], [ -3.555776, 48.323511 ], [ -3.558218, 48.321949 ], [ -3.558553, 48.32122 ], [ -3.558843, 48.32058 ], [ -3.561428, 48.313762 ], [ -3.562094, 48.312092 ], [ -3.562076, 48.31201 ], [ -3.561727, 48.310175 ], [ -3.566092, 48.305047 ], [ -3.571079, 48.310836 ], [ -3.570884, 48.31443 ], [ -3.575635, 48.320888 ], [ -3.576347, 48.32637 ], [ -3.579805, 48.327373 ], [ -3.582408, 48.323998 ], [ -3.585816, 48.322838 ], [ -3.592901, 48.32797 ], [ -3.591375, 48.334083 ], [ -3.591471, 48.337372 ], [ -3.591513, 48.33768 ], [ -3.592762758749453, 48.33856759816728 ] ] ], [ [ [ -3.504672417860894, 48.312303614398004 ], [ -3.503453, 48.311693 ], [ -3.498382, 48.31212 ], [ -3.496548, 48.312236 ], [ -3.49675, 48.31583 ], [ -3.491494, 48.323102 ], [ -3.489192, 48.322262 ], [ -3.488722, 48.322014 ], [ -3.485408, 48.316757 ], [ -3.480476, 48.310837 ], [ -3.479336139671802, 48.310377411199362 ], [ -3.483923, 48.305545 ], [ -3.484645, 48.305485 ], [ -3.485377, 48.305438 ], [ -3.485781, 48.305383 ], [ -3.486141, 48.305295 ], [ -3.486606, 48.305124 ], [ -3.489648, 48.303866 ], [ -3.496235, 48.307858 ], [ -3.496943, 48.30837 ], [ -3.497517, 48.308584 ], [ -3.499925, 48.308953 ], [ -3.500292, 48.309048 ], [ -3.500434, 48.309086 ], [ -3.500969, 48.309208 ], [ -3.504672417860894, 48.312303614398004 ] ] ] ] } },
{ "type": "Feature", "properties": { "fid": 11, "ID": null, "CENTER_LON": "-3.3997443589501475", "CENTER_LAT": "47.720819179802476", "AA_MINS": 60, "AA_MODE": "driving-car", "TOTAL_POP": "732397" }, "geometry": { "type": "MultiPolygon", "coordinates": [ [ [ [ -3.975281, 47.888491 ], [ -3.975973, 47.888358 ], [ -3.976557, 47.888232 ], [ -3.975219259667872, 47.888667530655518 ], [ -3.975281, 47.888491 ] ] ], [ [ [ -3.9368, 47.884406 ], [ -3.933272757243641, 47.882182726887699 ], [ -3.933272757243638, 47.882182726887692 ], [ -3.9368, 47.884406 ] ] ], [ [ [ -3.901037, 47.838822 ], [ -3.900989802511165, 47.838720565461543 ], [ -3.900791, 47.835153 ], [ -3.901037, 47.838822 ] ] ], [ [ [ -3.895611617527479, 47.832051297815269 ], [ -3.895611617527475, 47.832051297815269 ], [ -3.891962, 47.829458 ], [ -3.895611617527479, 47.832051297815269 ] ] ], [ [ [ -3.865529, 47.811826 ], [ -3.8628, 47.812706 ], [ -3.860313, 47.812752 ], [ -3.865529, 47.811826 ] ] ], [ [ [ -3.852539730071268, 47.794760134703118 ], [ -3.852539, 47.794734 ], [ -3.852987, 47.793979 ], [ -3.852539730071268, 47.794760134703118 ] ] ], [ [ [ -3.853465, 47.792168 ], [ -3.853541, 47.792175 ], [ -3.853744, 47.792278 ], [ -3.853879, 47.792379 ], [ -3.848175, 47.792575 ], [ -3.847452, 47.792606 ], [ -3.846957, 47.792626 ], [ -3.853465, 47.792168 ] ] ], [ [ [ -3.834432, 47.795203 ], [ -3.842632, 47.793368 ], [ -3.846656, 47.792653 ], [ -3.84563, 47.793665 ], [ -3.842464, 47.79588 ], [ -3.836727, 47.795692 ], [ -3.836177, 47.79548 ], [ -3.835542, 47.795308 ], [ -3.834879, 47.795217 ], [ -3.834346607451172, 47.795209695833933 ], [ -3.834432, 47.795203 ] ] ], [ [ [ -3.832366, 47.795365 ], [ -3.834126291436826, 47.795226971339417 ], [ -3.827173, 47.796591 ], [ -3.832366, 47.795365 ] ] ], [ [ [ -3.763874, 47.792195 ], [ -3.770639, 47.791046 ], [ -3.764486, 47.79231 ], [ -3.759478, 47.792307 ], [ -3.763874, 47.792195 ] ] ], [ [ [ -3.738636, 47.805032 ], [ -3.734900060824618, 47.806989558993692 ], [ -3.734900060824617, 47.806989558993692 ], [ -3.738636, 47.805032 ] ] ], [ [ [ -3.522648382903187, 47.758455719415892 ], [ -3.522648382903187, 47.758455719415892 ], [ -3.522619, 47.758322 ], [ -3.522648382903187, 47.758455719415892 ] ] ], [ [ [ -3.522619, 47.758322 ], [ -3.522499879773007, 47.758142960141726 ], [ -3.522499879773004, 47.758142960141718 ], [ -3.522619, 47.758322 ] ] ], [ [ [ -3.522122, 47.757575 ], [ -3.522019067341244, 47.75746779396372 ], [ -3.522019067341236, 47.757467793963706 ], [ -3.522122, 47.757575 ] ] ], [ [ [ -3.521668641601617, 47.757102819863057 ], [ -3.521668641601593, 47.757102819863036 ], [ -3.521568, 47.756998 ], [ -3.521668641601617, 47.757102819863057 ] ] ], [ [ [ -3.521568, 47.756998 ], [ -3.521497035236401, 47.756938553077617 ], [ -3.521497035236394, 47.75693855307761 ], [ -3.521568, 47.756998 ] ] ], [ [ [ -3.520917614080083, 47.756486749753513 ], [ -3.520917614080018, 47.756486749753471 ], [ -3.520257, 47.756016 ], [ -3.520917614080083, 47.756486749753513 ] ] ], [ [ [ -3.520257, 47.756016 ], [ -3.520144279951224, 47.755952117590432 ], [ -3.520144279951201, 47.755952117590418 ], [ -3.520257, 47.756016 ] ] ], [ [ [ -3.519848724547574, 47.755784615965361 ], [ -3.519848724547501, 47.755784615965325 ], [ -3.51977, 47.75574 ], [ -3.519848724547574, 47.755784615965361 ] ] ], [ [ [ -3.487258463573321, 47.7222044449788 ], [ -3.487258463573317, 47.7222044449788 ], [ -3.481156, 47.717296 ], [ -3.487258463573321, 47.7222044449788 ] ] ], [ [ [ -3.41388, 47.700515 ], [ -3.412489090474292, 47.701629397497825 ], [ -3.41248909047429, 47.701629397497825 ], [ -3.41388, 47.700515 ] ] ], [ [ [ -3.366308, 47.706553 ], [ -3.369456, 47.708298 ], [ -3.375992754464115, 47.709241713473041 ], [ -3.375492, 47.709576 ], [ -3.375086, 47.709843 ], [ -3.367628, 47.714679 ], [ -3.367684517864808, 47.716562048486381 ], [ -3.367673, 47.716566 ], [ -3.364383, 47.719263 ], [ -3.360803, 47.719643 ], [ -3.357252, 47.712519 ], [ -3.362466, 47.709152 ], [ -3.362516, 47.709137 ], [ -3.362545, 47.709085 ], [ -3.362532, 47.709035 ], [ -3.359527, 47.705412 ], [ -3.359088, 47.704767 ], [ -3.366308, 47.706553 ] ] ], [ [ [ -3.353299, 47.690263 ], [ -3.348017, 47.695154 ], [ -3.348016377506599, 47.695153919161328 ], [ -3.353299, 47.690263 ] ] ], [ [ [ -2.620128, 47.969432 ], [ -2.616528, 47.969398 ], [ -2.613002, 47.9661 ], [ -2.613705, 47.962569 ], [ -2.606726, 47.957208 ], [ -2.605619, 47.957438 ], [ -2.600209, 47.9633 ], [ -2.599831, 47.963891 ], [ -2.598991, 47.964279 ], [ -2.594528, 47.96596 ], [ -2.589483, 47.972981 ], [ -2.58884, 47.974638 ], [ -2.587648, 47.974715 ], [ -2.586193, 47.974443 ], [ -2.579174, 47.970417 ], [ -2.57744, 47.967262 ], [ -2.569179, 47.966294 ], [ -2.565668, 47.970766 ], [ -2.560659, 47.971064 ], [ -2.553855, 47.97496 ], [ -2.553458, 47.974864 ], [ -2.549083, 47.975299 ], [ -2.545169, 47.979505 ], [ -2.54476, 47.981044 ], [ -2.544533, 47.981988 ], [ -2.544052, 47.984929 ], [ -2.543943, 47.985412 ], [ -2.543742, 47.985976 ], [ -2.542278, 47.986433 ], [ -2.541112, 47.986434 ], [ -2.540351, 47.984767 ], [ -2.540589, 47.982833 ], [ -2.533728, 47.977247 ], [ -2.533108, 47.977418 ], [ -2.532811, 47.977513 ], [ -2.532125, 47.977801 ], [ -2.531733, 47.978006 ], [ -2.530134, 47.979137 ], [ -2.52858, 47.980236 ], [ -2.527294, 47.98138 ], [ -2.526507, 47.98228 ], [ -2.523798, 47.979909 ], [ -2.524585, 47.979009 ], [ -2.525216, 47.978333 ], [ -2.525782, 47.97784 ], [ -2.527776, 47.97567 ], [ -2.529135, 47.97389 ], [ -2.53123, 47.967935 ], [ -2.527292, 47.960115 ], [ -2.519169, 47.957302 ], [ -2.517754, 47.957567 ], [ -2.516031, 47.955537 ], [ -2.515466, 47.952559 ], [ -2.510193, 47.946778 ], [ -2.50826, 47.946103 ], [ -2.506328, 47.945427 ], [ -2.500921, 47.943215 ], [ -2.499585, 47.942703 ], [ -2.498596, 47.942276 ], [ -2.496844, 47.94145 ], [ -2.49514, 47.940646 ], [ -2.488985, 47.938727 ], [ -2.48402, 47.938314 ], [ -2.478839, 47.93881 ], [ -2.478277, 47.935254 ], [ -2.482449, 47.934377 ], [ -2.486362, 47.934773 ], [ -2.487672, 47.934895 ], [ -2.488575, 47.93501 ], [ -2.489578, 47.935176 ], [ -2.490485, 47.935347 ], [ -2.491471, 47.935565 ], [ -2.492846, 47.935931 ], [ -2.493547, 47.93615 ], [ -2.494178, 47.936363 ], [ -2.495005, 47.936677 ], [ -2.495672, 47.936951 ], [ -2.496581, 47.937347 ], [ -2.49838, 47.938194 ], [ -2.503406, 47.940069 ], [ -2.506435, 47.941119 ], [ -2.514226, 47.94158 ], [ -2.515802, 47.941005 ], [ -2.519037, 47.942586 ], [ -2.523388, 47.943854 ], [ -2.528105, 47.945573 ], [ -2.530012, 47.946077 ], [ -2.536762, 47.94583 ], [ -2.538232, 47.937857 ], [ -2.538815, 47.929847 ], [ -2.539415, 47.929249 ], [ -2.539681, 47.92902 ], [ -2.540319, 47.928685 ], [ -2.541569, 47.928446 ], [ -2.542672, 47.928389 ], [ -2.543943, 47.928391 ], [ -2.544425, 47.928435 ], [ -2.545208, 47.928603 ], [ -2.547381, 47.929813 ], [ -2.554321, 47.925555 ], [ -2.554928, 47.925546 ], [ -2.556114, 47.925493 ], [ -2.558602, 47.926334 ], [ -2.565718, 47.924163 ], [ -2.566445, 47.923834 ], [ -2.568262, 47.922979 ], [ -2.572963, 47.915803 ], [ -2.574473, 47.913762 ], [ -2.58119, 47.908401 ], [ -2.583209, 47.9058 ], [ -2.584279, 47.90538 ], [ -2.58498, 47.905151 ], [ -2.586096, 47.908574 ], [ -2.59437, 47.910436 ], [ -2.596659, 47.909314 ], [ -2.601214, 47.905637 ], [ -2.601821, 47.904609 ], [ -2.60201, 47.90427 ], [ -2.602957, 47.902488 ], [ -2.61037, 47.900095 ], [ -2.616103, 47.897946 ], [ -2.61879, 47.895501 ], [ -2.621325, 47.889759 ], [ -2.617821, 47.883183 ], [ -2.614617, 47.883212 ], [ -2.61013, 47.880261 ], [ -2.609583, 47.880081 ], [ -2.609169, 47.87987 ], [ -2.608257, 47.879293 ], [ -2.610181, 47.876251 ], [ -2.612362, 47.877017 ], [ -2.613784, 47.87747 ], [ -2.619902, 47.87738 ], [ -2.621241, 47.87699 ], [ -2.627159, 47.874314 ], [ -2.627483, 47.866922 ], [ -2.626722, 47.864821 ], [ -2.626764, 47.864695 ], [ -2.627699, 47.863442 ], [ -2.627862, 47.863427 ], [ -2.628641, 47.863455 ], [ -2.633792, 47.865167 ], [ -2.635436, 47.865498 ], [ -2.636856, 47.865976 ], [ -2.64019, 47.866666 ], [ -2.644821, 47.871561 ], [ -2.651683, 47.866527 ], [ -2.652468, 47.86276 ], [ -2.65281, 47.862677 ], [ -2.653303, 47.862591 ], [ -2.654132, 47.862535 ], [ -2.654603, 47.862556 ], [ -2.655306, 47.86263 ], [ -2.663449, 47.85987 ], [ -2.671504, 47.857024 ], [ -2.671255, 47.854532 ], [ -2.671008, 47.853391 ], [ -2.67152, 47.85154 ], [ -2.67173, 47.848233 ], [ -2.671718, 47.847942 ], [ -2.673933, 47.840571 ], [ -2.676078, 47.840639 ], [ -2.676672, 47.840639 ], [ -2.682779, 47.839352 ], [ -2.688539, 47.835235 ], [ -2.691787, 47.831121 ], [ -2.697264, 47.824318 ], [ -2.697098, 47.823244 ], [ -2.696801, 47.822254 ], [ -2.696697, 47.821608 ], [ -2.696322, 47.820015 ], [ -2.695988, 47.818576 ], [ -2.699324, 47.817357 ], [ -2.706977, 47.813507 ], [ -2.711054, 47.811801 ], [ -2.712413, 47.811473 ], [ -2.719351, 47.810401 ], [ -2.721727, 47.807743 ], [ -2.724746, 47.804585 ], [ -2.721518, 47.798536 ], [ -2.718424, 47.797553 ], [ -2.717774, 47.797282 ], [ -2.717227, 47.797054 ], [ -2.71707, 47.794484 ], [ -2.7172, 47.794325 ], [ -2.718612, 47.793731 ], [ -2.726445, 47.789853 ], [ -2.728804, 47.789555 ], [ -2.728944, 47.78959 ], [ -2.730044, 47.789809 ], [ -2.735115, 47.789206 ], [ -2.738484, 47.785361 ], [ -2.73982, 47.782018 ], [ -2.741817, 47.782514 ], [ -2.744376, 47.783884 ], [ -2.746308, 47.78468 ], [ -2.747027, 47.785127 ], [ -2.75537, 47.783757 ], [ -2.756702, 47.783769 ], [ -2.757164, 47.783874 ], [ -2.765196, 47.783659 ], [ -2.76722, 47.781837 ], [ -2.769594, 47.775354 ], [ -2.769575, 47.77466 ], [ -2.76986, 47.77269 ], [ -2.7705, 47.771959 ], [ -2.768137, 47.763351 ], [ -2.766577, 47.763137 ], [ -2.766043, 47.762464 ], [ -2.757367, 47.763636 ], [ -2.756684, 47.765532 ], [ -2.756341, 47.766486 ], [ -2.756093, 47.767354 ], [ -2.754424, 47.766727 ], [ -2.752631, 47.766365 ], [ -2.744926, 47.764324 ], [ -2.741988, 47.766405 ], [ -2.733661, 47.769481 ], [ -2.731671, 47.772583 ], [ -2.730094, 47.774831 ], [ -2.726703, 47.773621 ], [ -2.724878, 47.773236 ], [ -2.723537, 47.769895 ], [ -2.724768, 47.76172 ], [ -2.725484, 47.759509 ], [ -2.727496, 47.759376 ], [ -2.731733, 47.756986 ], [ -2.727034, 47.749498 ], [ -2.726312, 47.749612 ], [ -2.724619, 47.750078 ], [ -2.723648, 47.750431 ], [ -2.723211, 47.750517 ], [ -2.721424, 47.750707 ], [ -2.720904, 47.750701 ], [ -2.719147, 47.750658 ], [ -2.714119, 47.757314 ], [ -2.713788, 47.758868 ], [ -2.712604, 47.75983 ], [ -2.708694, 47.760346 ], [ -2.706263, 47.757691 ], [ -2.705657, 47.751317 ], [ -2.706875, 47.747954 ], [ -2.705129, 47.741108 ], [ -2.704163, 47.738422 ], [ -2.704323, 47.73817 ], [ -2.706019, 47.737619 ], [ -2.707142, 47.737305 ], [ -2.710257, 47.738204 ], [ -2.716684, 47.738167 ], [ -2.717352, 47.730512 ], [ -2.716608, 47.728294 ], [ -2.716602, 47.728127 ], [ -2.716645, 47.72731 ], [ -2.715272, 47.721236 ], [ -2.707554, 47.71747 ], [ -2.701392, 47.721574 ], [ -2.699149, 47.722067 ], [ -2.698677, 47.721982 ], [ -2.697874, 47.721727 ], [ -2.697488, 47.720115 ], [ -2.696251, 47.716369 ], [ -2.696163, 47.7152 ], [ -2.697538, 47.714478 ], [ -2.699492, 47.713934 ], [ -2.704151, 47.707869 ], [ -2.706037, 47.699692 ], [ -2.702254, 47.692695 ], [ -2.699681, 47.691283 ], [ -2.698293, 47.690707 ], [ -2.696618, 47.69 ], [ -2.688953, 47.694441 ], [ -2.687919, 47.697906 ], [ -2.686515, 47.699284 ], [ -2.685981, 47.699831 ], [ -2.685549, 47.700136 ], [ -2.685062, 47.700401 ], [ -2.683746, 47.700945 ], [ -2.683025, 47.701172 ], [ -2.674603, 47.703238 ], [ -2.674013, 47.703559 ], [ -2.673588, 47.7037 ], [ -2.673095, 47.703803 ], [ -2.672553, 47.703845 ], [ -2.669434, 47.704105 ], [ -2.663883, 47.706308 ], [ -2.65964, 47.707871 ], [ -2.659366, 47.707875 ], [ -2.653184, 47.705445 ], [ -2.647472, 47.705142 ], [ -2.64008, 47.710043 ], [ -2.63904, 47.710978 ], [ -2.638534, 47.710992 ], [ -2.638179, 47.710968 ], [ -2.636531, 47.70944 ], [ -2.63056, 47.703699 ], [ -2.627797, 47.703141 ], [ -2.625132, 47.703821 ], [ -2.624038, 47.711697 ], [ -2.624564, 47.712398 ], [ -2.623577, 47.714789 ], [ -2.622913, 47.715597 ], [ -2.621642, 47.714941 ], [ -2.613894, 47.718461 ], [ -2.608283, 47.718442 ], [ -2.603068, 47.723778 ], [ -2.600999, 47.727789 ], [ -2.600003, 47.727963 ], [ -2.592288, 47.732093 ], [ -2.591743, 47.732488 ], [ -2.59148, 47.732571 ], [ -2.591109, 47.732652 ], [ -2.589841, 47.732575 ], [ -2.589054, 47.732517 ], [ -2.581221, 47.736099 ], [ -2.579909, 47.738334 ], [ -2.578508, 47.74072 ], [ -2.577955, 47.741652 ], [ -2.577324, 47.742592 ], [ -2.576755, 47.743321 ], [ -2.576154, 47.743993 ], [ -2.575408, 47.744729 ], [ -2.574923, 47.745158 ], [ -2.574315, 47.745649 ], [ -2.573309, 47.746373 ], [ -2.57222, 47.74707 ], [ -2.57165, 47.747398 ], [ -2.570298, 47.748073 ], [ -2.568974, 47.748606 ], [ -2.568276, 47.748858 ], [ -2.567025, 47.749255 ], [ -2.5649, 47.749813 ], [ -2.562541, 47.750459 ], [ -2.560966, 47.75091 ], [ -2.559387, 47.751382 ], [ -2.556976, 47.752138 ], [ -2.555898, 47.748703 ], [ -2.55831, 47.747947 ], [ -2.559935, 47.747461 ], [ -2.56155, 47.746998 ], [ -2.563952, 47.74634 ], [ -2.56611, 47.745773 ], [ -2.567181, 47.745428 ], [ -2.567746, 47.745222 ], [ -2.570411, 47.743958 ], [ -2.575406, 47.738892 ], [ -2.576805, 47.736511 ], [ -2.578117, 47.734276 ], [ -2.579429, 47.732041 ], [ -2.580741, 47.729807 ], [ -2.581258, 47.728982 ], [ -2.580338, 47.720865 ], [ -2.576467, 47.719012 ], [ -2.573943, 47.717804 ], [ -2.570642, 47.716847 ], [ -2.567026, 47.714494 ], [ -2.568577, 47.711246 ], [ -2.570247, 47.712043 ], [ -2.573691, 47.713142 ], [ -2.579132, 47.713831 ], [ -2.579553, 47.713767 ], [ -2.585962, 47.711637 ], [ -2.586718, 47.711674 ], [ -2.586933, 47.711697 ], [ -2.587426, 47.711811 ], [ -2.587951, 47.712003 ], [ -2.593927, 47.714479 ], [ -2.597497, 47.71494 ], [ -2.604871, 47.715292 ], [ -2.607385, 47.711826 ], [ -2.608338, 47.710734 ], [ -2.610973, 47.705748 ], [ -2.611077, 47.705295 ], [ -2.611588, 47.704273 ], [ -2.609338, 47.69859 ], [ -2.603331, 47.700686 ], [ -2.6029, 47.701127 ], [ -2.602649, 47.701306 ], [ -2.602178, 47.701592 ], [ -2.601673, 47.701825 ], [ -2.601366, 47.701916 ], [ -2.600958, 47.701993 ], [ -2.600339, 47.702054 ], [ -2.599986, 47.698471 ], [ -2.598087, 47.693831 ], [ -2.592083, 47.693967 ], [ -2.590036, 47.694006 ], [ -2.588572, 47.693986 ], [ -2.587144, 47.693924 ], [ -2.585729, 47.69381 ], [ -2.584486, 47.693687 ], [ -2.578911, 47.694841 ], [ -2.578436, 47.694982 ], [ -2.578306, 47.695003 ], [ -2.577169, 47.694902 ], [ -2.5742, 47.694425 ], [ -2.572785, 47.691154 ], [ -2.574659, 47.68808 ], [ -2.583454, 47.68777 ], [ -2.585776, 47.686226 ], [ -2.586209, 47.686187 ], [ -2.593217, 47.685568 ], [ -2.595097, 47.68543 ], [ -2.598015, 47.685539 ], [ -2.598813, 47.685616 ], [ -2.603312, 47.685038 ], [ -2.605041, 47.678465 ], [ -2.604443, 47.676869 ], [ -2.604441, 47.676724 ], [ -2.609543, 47.674586 ], [ -2.613006, 47.668577 ], [ -2.613213, 47.667715 ], [ -2.613473, 47.667298 ], [ -2.615233, 47.658882 ], [ -2.61493, 47.652453 ], [ -2.614903, 47.652316 ], [ -2.616193, 47.650217 ], [ -2.614906, 47.643226 ], [ -2.607728, 47.641788 ], [ -2.599982, 47.641854 ], [ -2.599481, 47.641936 ], [ -2.595173, 47.641817 ], [ -2.593581, 47.641345 ], [ -2.591927, 47.640946 ], [ -2.590826, 47.640706 ], [ -2.588445, 47.632284 ], [ -2.588101, 47.631554 ], [ -2.588015, 47.631337 ], [ -2.591115, 47.626539 ], [ -2.592999, 47.623471 ], [ -2.59353, 47.614734 ], [ -2.590393, 47.612967 ], [ -2.585426, 47.606929 ], [ -2.580782, 47.60743 ], [ -2.579937, 47.607748 ], [ -2.578671, 47.604378 ], [ -2.576219, 47.600555 ], [ -2.57068, 47.597495 ], [ -2.570005, 47.597327 ], [ -2.569031, 47.597046 ], [ -2.568379, 47.596827 ], [ -2.567625, 47.596542 ], [ -2.562461, 47.59468 ], [ -2.559247, 47.594047 ], [ -2.557451, 47.593737 ], [ -2.549237, 47.594657 ], [ -2.548944, 47.594679 ], [ -2.548431, 47.594643 ], [ -2.54737, 47.594441 ], [ -2.541745, 47.587815 ], [ -2.54078, 47.587334 ], [ -2.538485, 47.585731 ], [ -2.535438, 47.583971 ], [ -2.532391, 47.58221 ], [ -2.529344, 47.58045 ], [ -2.526297, 47.578689 ], [ -2.523309, 47.576963 ], [ -2.520321, 47.575237 ], [ -2.522122, 47.57212 ], [ -2.52511, 47.573846 ], [ -2.528098, 47.575572 ], [ -2.531145, 47.577332 ], [ -2.534192, 47.579093 ], [ -2.537239, 47.580853 ], [ -2.540286, 47.582614 ], [ -2.541777, 47.583426 ], [ -2.542963, 47.583906 ], [ -2.549906, 47.579443 ], [ -2.550477, 47.577695 ], [ -2.550607, 47.575911 ], [ -2.551275, 47.575087 ], [ -2.554698, 47.576202 ], [ -2.558656, 47.583942 ], [ -2.563156, 47.591148 ], [ -2.563835, 47.591306 ], [ -2.564704, 47.591543 ], [ -2.565618, 47.591837 ], [ -2.566127, 47.592024 ], [ -2.569005, 47.593217 ], [ -2.57154, 47.593999 ], [ -2.574755, 47.594677 ], [ -2.575851, 47.594962 ], [ -2.576762, 47.59525 ], [ -2.577294, 47.595441 ], [ -2.579573, 47.596329 ], [ -2.58181, 47.597201 ], [ -2.589076, 47.597743 ], [ -2.591807, 47.597314 ], [ -2.600201, 47.597683 ], [ -2.601372, 47.601087 ], [ -2.605762, 47.604623 ], [ -2.6124, 47.600252 ], [ -2.615592, 47.598586 ], [ -2.617511, 47.597329 ], [ -2.618498, 47.596384 ], [ -2.619789, 47.594913 ], [ -2.620493, 47.587513 ], [ -2.620354, 47.582611 ], [ -2.621468, 47.579188 ], [ -2.629534, 47.576861 ], [ -2.629719, 47.576907 ], [ -2.630889, 47.578403 ], [ -2.633041, 47.583648 ], [ -2.632897, 47.586561 ], [ -2.630551, 47.594678 ], [ -2.632902, 47.598978 ], [ -2.631956, 47.600401 ], [ -2.631114, 47.602102 ], [ -2.623478, 47.603793 ], [ -2.622865, 47.60393 ], [ -2.622383, 47.603973 ], [ -2.62161, 47.603919 ], [ -2.616911, 47.608645 ], [ -2.619429, 47.612703 ], [ -2.625662, 47.612687 ], [ -2.628965, 47.611256 ], [ -2.630023, 47.613699 ], [ -2.634895, 47.617752 ], [ -2.638307, 47.6189 ], [ -2.640616, 47.621383 ], [ -2.647524, 47.619952 ], [ -2.647765, 47.614502 ], [ -2.647591, 47.610906 ], [ -2.652181, 47.609668 ], [ -2.655672, 47.610547 ], [ -2.655457, 47.611403 ], [ -2.655092, 47.612276 ], [ -2.654325, 47.617245 ], [ -2.654354, 47.61784 ], [ -2.657749, 47.622987 ], [ -2.663786, 47.621516 ], [ -2.664339, 47.621472 ], [ -2.664428, 47.621464 ], [ -2.666442, 47.621186 ], [ -2.667888, 47.620864 ], [ -2.668339, 47.620757 ], [ -2.668541, 47.620723 ], [ -2.668718, 47.620704 ], [ -2.66906, 47.620677 ], [ -2.66932, 47.620663 ], [ -2.669634, 47.620646 ], [ -2.669682, 47.620643 ], [ -2.669875, 47.620633 ], [ -2.670312, 47.620629 ], [ -2.67046, 47.620637 ], [ -2.671593, 47.620796 ], [ -2.672052, 47.620875 ], [ -2.676113, 47.620408 ], [ -2.680109, 47.612763 ], [ -2.679324, 47.611769 ], [ -2.679033, 47.611451 ], [ -2.672283, 47.609312 ], [ -2.671876, 47.6094 ], [ -2.670752, 47.609792 ], [ -2.670305, 47.609817 ], [ -2.667621, 47.609009 ], [ -2.666253, 47.608915 ], [ -2.665862, 47.608054 ], [ -2.665846, 47.607465 ], [ -2.665856, 47.607395 ], [ -2.663016, 47.601547 ], [ -2.662489, 47.601262 ], [ -2.660847, 47.600291 ], [ -2.659176, 47.599303 ], [ -2.657664, 47.598498 ], [ -2.658735, 47.595061 ], [ -2.659164, 47.595195 ], [ -2.659728, 47.595432 ], [ -2.661066, 47.596238 ], [ -2.66268, 47.597193 ], [ -2.664321, 47.598164 ], [ -2.671372, 47.593903 ], [ -2.673761, 47.594394 ], [ -2.682076, 47.59154 ], [ -2.683425, 47.589934 ], [ -2.684613, 47.588553 ], [ -2.685804, 47.587167 ], [ -2.690082, 47.580822 ], [ -2.690158, 47.580751 ], [ -2.694226, 47.578361 ], [ -2.696694, 47.580982 ], [ -2.694962, 47.583179 ], [ -2.694453, 47.583915 ], [ -2.692772, 47.585078 ], [ -2.689414, 47.593242 ], [ -2.689414, 47.593268 ], [ -2.689398, 47.599606 ], [ -2.689833, 47.60318 ], [ -2.691347, 47.607834 ], [ -2.690371, 47.610404 ], [ -2.690112, 47.610643 ], [ -2.687377, 47.615892 ], [ -2.686828, 47.61745 ], [ -2.688385, 47.623365 ], [ -2.693045, 47.624851 ], [ -2.693131, 47.62485 ], [ -2.698809, 47.630495 ], [ -2.700352, 47.632092 ], [ -2.700395, 47.632523 ], [ -2.704631, 47.640404 ], [ -2.712681, 47.64125 ], [ -2.716497, 47.635051 ], [ -2.712484, 47.629152 ], [ -2.71195, 47.628773 ], [ -2.711783, 47.628611 ], [ -2.711421, 47.627665 ], [ -2.711873, 47.62612 ], [ -2.711355, 47.618732 ], [ -2.711711, 47.616047 ], [ -2.714501, 47.6104 ], [ -2.715503, 47.608689 ], [ -2.715712, 47.60832 ], [ -2.716002, 47.60826 ], [ -2.717593, 47.608557 ], [ -2.717916, 47.6091 ], [ -2.720314, 47.613007 ], [ -2.72928, 47.612942 ], [ -2.730315, 47.612267 ], [ -2.731091, 47.612517 ], [ -2.732088, 47.61303 ], [ -2.732357, 47.613218 ], [ -2.738058, 47.618036 ], [ -2.741288, 47.622537 ], [ -2.741373, 47.622788 ], [ -2.746098, 47.62765 ], [ -2.749675, 47.628055 ], [ -2.749755, 47.628131 ], [ -2.750612, 47.629266 ], [ -2.751087, 47.630371 ], [ -2.751577, 47.631265 ], [ -2.751942, 47.632035 ], [ -2.752562, 47.633036 ], [ -2.752942, 47.634177 ], [ -2.753297, 47.635369 ], [ -2.753455, 47.635699 ], [ -2.761864, 47.636688 ], [ -2.762462, 47.633729 ], [ -2.762491, 47.633501 ], [ -2.762515, 47.633319 ], [ -2.76278, 47.632932 ], [ -2.763114, 47.632523 ], [ -2.763281, 47.632409 ], [ -2.763667, 47.632146 ], [ -2.772438, 47.633626 ], [ -2.777621, 47.628096 ], [ -2.783599, 47.624823 ], [ -2.785421, 47.620617 ], [ -2.79232, 47.619067 ], [ -2.79278, 47.619143 ], [ -2.799729, 47.620364 ], [ -2.801625, 47.621398 ], [ -2.808124, 47.623859 ], [ -2.816612, 47.621277 ], [ -2.820056, 47.619065 ], [ -2.828089, 47.615282 ], [ -2.832062, 47.612848 ], [ -2.834056, 47.615845 ], [ -2.841701, 47.617447 ], [ -2.842434, 47.617512 ], [ -2.845704, 47.617393 ], [ -2.846735, 47.618977 ], [ -2.849099, 47.620643 ], [ -2.855358, 47.622231 ], [ -2.857985, 47.616587 ], [ -2.856443, 47.613591 ], [ -2.856453, 47.61357 ], [ -2.857227, 47.613568 ], [ -2.860379, 47.605283 ], [ -2.859793, 47.604759 ], [ -2.859426, 47.604294 ], [ -2.859241, 47.603983 ], [ -2.859182, 47.603845 ], [ -2.85886, 47.602897 ], [ -2.860743, 47.600784 ], [ -2.860838, 47.600681 ], [ -2.862218, 47.599269 ], [ -2.862735, 47.599328 ], [ -2.863425, 47.59943 ], [ -2.865718, 47.59969 ], [ -2.871343, 47.600115 ], [ -2.874102, 47.600518 ], [ -2.875097, 47.601599 ], [ -2.875297, 47.60187 ], [ -2.876302, 47.603368 ], [ -2.880142, 47.606658 ], [ -2.887568, 47.602475 ], [ -2.890429, 47.594702 ], [ -2.889742, 47.593039 ], [ -2.889829, 47.586229 ], [ -2.890351, 47.585622 ], [ -2.893631, 47.583089 ], [ -2.8996, 47.582933 ], [ -2.902849, 47.582631 ], [ -2.905242, 47.585321 ], [ -2.905242, 47.585584 ], [ -2.911015, 47.592335 ], [ -2.915413, 47.588008 ], [ -2.91578, 47.58749 ], [ -2.91598, 47.58715 ], [ -2.919405, 47.58695 ], [ -2.921192, 47.590075 ], [ -2.926675, 47.59288 ], [ -2.926685, 47.593539 ], [ -2.934697, 47.597538 ], [ -2.936197, 47.59637 ], [ -2.937652, 47.594954 ], [ -2.937705, 47.594912 ], [ -2.940106, 47.594676 ], [ -2.940183, 47.594722 ], [ -2.941829, 47.597684 ], [ -2.942326, 47.598702 ], [ -2.943031, 47.600145 ], [ -2.946074, 47.603523 ], [ -2.950312, 47.606345 ], [ -2.950743, 47.606518 ], [ -2.951231, 47.606868 ], [ -2.951703, 47.607512 ], [ -2.952061, 47.608901 ], [ -2.9564, 47.614289 ], [ -2.960278, 47.614662 ], [ -2.964624, 47.609776 ], [ -2.961381, 47.60231 ], [ -2.961154, 47.598717 ], [ -2.962992, 47.593108 ], [ -2.963154, 47.586213 ], [ -2.956601, 47.581352 ], [ -2.949677, 47.578676 ], [ -2.948376, 47.578197 ], [ -2.948194, 47.577679 ], [ -2.947493, 47.574707 ], [ -2.943699, 47.569898 ], [ -2.937019, 47.569753 ], [ -2.936992, 47.569759 ], [ -2.936965, 47.569764 ], [ -2.935175, 47.570149 ], [ -2.933512, 47.570496 ], [ -2.932288, 47.570897 ], [ -2.932128, 47.570836 ], [ -2.931986, 47.570769 ], [ -2.931128, 47.567378 ], [ -2.931095, 47.567281 ], [ -2.928948, 47.558622 ], [ -2.928597, 47.558278 ], [ -2.928296, 47.557899 ], [ -2.927962, 47.557371 ], [ -2.929556, 47.555199 ], [ -2.929675, 47.555098 ], [ -2.929968, 47.555019 ], [ -2.930407, 47.554964 ], [ -2.931202, 47.555801 ], [ -2.939874, 47.554979 ], [ -2.942728, 47.554362 ], [ -2.948036, 47.555 ], [ -2.948983, 47.55531 ], [ -2.949896, 47.556157 ], [ -2.954746, 47.560088 ], [ -2.955565, 47.56066 ], [ -2.956969, 47.561857 ], [ -2.964804, 47.558871 ], [ -2.965293, 47.558341 ], [ -2.96865, 47.558651 ], [ -2.968761, 47.558678 ], [ -2.968856, 47.558769 ], [ -2.972133, 47.566527 ], [ -2.973994, 47.566725 ], [ -2.974529, 47.566749 ], [ -2.975375, 47.566971 ], [ -2.97597, 47.56738 ], [ -2.97642, 47.567916 ], [ -2.976772, 47.568841 ], [ -2.978017, 47.573021 ], [ -2.978697, 47.573952 ], [ -2.984116, 47.576928 ], [ -2.988261, 47.569904 ], [ -2.991442, 47.568196 ], [ -2.998184, 47.568061 ], [ -2.99864, 47.568122 ], [ -3.0074, 47.566723 ], [ -3.007861, 47.567074 ], [ -3.008423, 47.567715 ], [ -3.008776, 47.568383 ], [ -3.010586, 47.571436 ], [ -3.010958, 47.571794 ], [ -3.01945, 47.569008 ], [ -3.020432, 47.568046 ], [ -3.022809, 47.5677 ], [ -3.026972, 47.571895 ], [ -3.034904, 47.576091 ], [ -3.035462, 47.57605 ], [ -3.036097, 47.576074 ], [ -3.036694, 47.576166 ], [ -3.037128, 47.576271 ], [ -3.04579, 47.576871 ], [ -3.046258, 47.576869 ], [ -3.046547, 47.576891 ], [ -3.047761, 47.57705 ], [ -3.048925, 47.577062 ], [ -3.054122, 47.570496 ], [ -3.054164, 47.570325 ], [ -3.054966, 47.570717 ], [ -3.062118, 47.572845 ], [ -3.063796, 47.572861 ], [ -3.067922, 47.572547 ], [ -3.071633, 47.572012 ], [ -3.076909, 47.568638 ], [ -3.079303, 47.567142 ], [ -3.079885, 47.566832 ], [ -3.080228, 47.566731 ], [ -3.080617, 47.566655 ], [ -3.089115, 47.564896 ], [ -3.08933, 47.56488 ], [ -3.094317, 47.565235 ], [ -3.094488, 47.565244 ], [ -3.094671, 47.565306 ], [ -3.096763, 47.566275 ], [ -3.100394, 47.570099 ], [ -3.105342, 47.576591 ], [ -3.105089, 47.580347 ], [ -3.105268, 47.581676 ], [ -3.107653, 47.587937 ], [ -3.113808, 47.589091 ], [ -3.115601, 47.590595 ], [ -3.121912, 47.594877 ], [ -3.122642, 47.595056 ], [ -3.130359, 47.592197 ], [ -3.131015, 47.589626 ], [ -3.13167, 47.587054 ], [ -3.132326, 47.584483 ], [ -3.131808, 47.57634 ], [ -3.131882, 47.575853 ], [ -3.132329, 47.575211 ], [ -3.129145, 47.566828 ], [ -3.127167, 47.566691 ], [ -3.127638, 47.563122 ], [ -3.133724, 47.557979 ], [ -3.132347, 47.554307 ], [ -3.132414, 47.551577 ], [ -3.132771, 47.549106 ], [ -3.132957, 47.541957 ], [ -3.133213, 47.54055 ], [ -3.13681, 47.540702 ], [ -3.136771, 47.541642 ], [ -3.136678, 47.542214 ], [ -3.136331, 47.543212 ], [ -3.136012, 47.551458 ], [ -3.137467, 47.558977 ], [ -3.136307, 47.565306 ], [ -3.136404, 47.569781 ], [ -3.137745, 47.576471 ], [ -3.138908, 47.581796 ], [ -3.135814, 47.585372 ], [ -3.135159, 47.587944 ], [ -3.141985, 47.592478 ], [ -3.142647, 47.592231 ], [ -3.14305, 47.592113 ], [ -3.143838, 47.591807 ], [ -3.144859, 47.591609 ], [ -3.146832, 47.598966 ], [ -3.148643, 47.602077 ], [ -3.147038, 47.603011 ], [ -3.145071, 47.604616 ], [ -3.149271, 47.61253 ], [ -3.15117, 47.612211 ], [ -3.151999, 47.611862 ], [ -3.152155, 47.611829 ], [ -3.159241, 47.611048 ], [ -3.159797, 47.610754 ], [ -3.16104, 47.61007 ], [ -3.161427, 47.609903 ], [ -3.167022, 47.611962 ], [ -3.171533, 47.612358 ], [ -3.175029, 47.612993 ], [ -3.17576, 47.613144 ], [ -3.176448, 47.613419 ], [ -3.176876, 47.613657 ], [ -3.179357, 47.618541 ], [ -3.185865, 47.620698 ], [ -3.186701, 47.620575 ], [ -3.187622, 47.620536 ], [ -3.188141, 47.620578 ], [ -3.188619, 47.620664 ], [ -3.189196, 47.620831 ], [ -3.189563, 47.621003 ], [ -3.192519, 47.622467 ], [ -3.194952, 47.623638 ], [ -3.195161, 47.623754 ], [ -3.195329, 47.623847 ], [ -3.19539, 47.623944 ], [ -3.195344, 47.624076 ], [ -3.195224, 47.624155 ], [ -3.190023, 47.624574 ], [ -3.185736, 47.627037 ], [ -3.18504, 47.634634 ], [ -3.184601, 47.637383 ], [ -3.192781, 47.639962 ], [ -3.198222, 47.633999 ], [ -3.198502, 47.633955 ], [ -3.200499, 47.634047 ], [ -3.201995, 47.635395 ], [ -3.202402, 47.6359 ], [ -3.202728, 47.636932 ], [ -3.20791, 47.643598 ], [ -3.212188, 47.645747 ], [ -3.213915, 47.646807 ], [ -3.214352, 47.648623 ], [ -3.2144588765286, 47.655027079426105 ], [ -3.213996, 47.654822 ], [ -3.213664, 47.654519 ], [ -3.206573, 47.653581 ], [ -3.202923, 47.651185 ], [ -3.197616, 47.648004 ], [ -3.195202, 47.647912 ], [ -3.193895, 47.647858 ], [ -3.186735, 47.647442 ], [ -3.185314, 47.647413 ], [ -3.178213, 47.642225 ], [ -3.176306, 47.64098 ], [ -3.173649, 47.642382 ], [ -3.165519, 47.641207 ], [ -3.163583, 47.639827 ], [ -3.160808, 47.638787 ], [ -3.152851, 47.635575 ], [ -3.152034, 47.634984 ], [ -3.150754, 47.635922 ], [ -3.145004, 47.639255 ], [ -3.144999, 47.641344 ], [ -3.144944, 47.641748 ], [ -3.144694, 47.642842 ], [ -3.147194, 47.646408 ], [ -3.151055, 47.65078 ], [ -3.154037, 47.652792 ], [ -3.15654, 47.653982 ], [ -3.159151, 47.656615 ], [ -3.163713, 47.660312 ], [ -3.164801, 47.662007 ], [ -3.166697, 47.668699 ], [ -3.159768, 47.673412 ], [ -3.153473, 47.669593 ], [ -3.149811, 47.66379 ], [ -3.149643, 47.663099 ], [ -3.14805, 47.661052 ], [ -3.147758, 47.660385 ], [ -3.147352, 47.659925 ], [ -3.146882, 47.659606 ], [ -3.146518, 47.659444 ], [ -3.146201, 47.659341 ], [ -3.145196, 47.659092 ], [ -3.144834, 47.659032 ], [ -3.139084, 47.654931 ], [ -3.139189, 47.651228 ], [ -3.136989, 47.648379 ], [ -3.136552, 47.648717 ], [ -3.13566, 47.649345 ], [ -3.135026, 47.649733 ], [ -3.126974, 47.650743 ], [ -3.123832, 47.648985 ], [ -3.117009, 47.648774 ], [ -3.116638, 47.648741 ], [ -3.114673, 47.648671 ], [ -3.113828, 47.648639 ], [ -3.10655, 47.650381 ], [ -3.105018, 47.65064 ], [ -3.099005, 47.644371 ], [ -3.100318, 47.641726 ], [ -3.100246, 47.641633 ], [ -3.098896, 47.640773 ], [ -3.096436, 47.639705 ], [ -3.096137, 47.639582 ], [ -3.094039, 47.640404 ], [ -3.089614, 47.642209 ], [ -3.084462, 47.643476 ], [ -3.083871, 47.643705 ], [ -3.080757, 47.64638 ], [ -3.0738, 47.641209 ], [ -3.075175, 47.637715 ], [ -3.07543, 47.636676 ], [ -3.077214, 47.62909 ], [ -3.077394, 47.628051 ], [ -3.082866, 47.621138 ], [ -3.086275, 47.619981 ], [ -3.089552, 47.615015 ], [ -3.093769, 47.613429 ], [ -3.093813, 47.613416 ], [ -3.094619, 47.61252 ], [ -3.095205, 47.611478 ], [ -3.095485, 47.610655 ], [ -3.095478, 47.610569 ], [ -3.095347, 47.610084 ], [ -3.093962, 47.608981 ], [ -3.093277, 47.608437 ], [ -3.085379, 47.609947 ], [ -3.085161, 47.609973 ], [ -3.083578, 47.611517 ], [ -3.082546, 47.612949 ], [ -3.074222, 47.61498 ], [ -3.072889, 47.607189 ], [ -3.074212, 47.6042 ], [ -3.07398, 47.603758 ], [ -3.072834, 47.601138 ], [ -3.070122, 47.600896 ], [ -3.069499, 47.601082 ], [ -3.069168, 47.601229 ], [ -3.068927, 47.601464 ], [ -3.068527, 47.601854 ], [ -3.06318, 47.607502 ], [ -3.062436, 47.607953 ], [ -3.056441, 47.609318 ], [ -3.051663, 47.606771 ], [ -3.046631, 47.601662 ], [ -3.044524, 47.59907 ], [ -3.042425, 47.599677 ], [ -3.04145, 47.600943 ], [ -3.039501, 47.604152 ], [ -3.039987, 47.607719 ], [ -3.039466, 47.611777 ], [ -3.040245, 47.612971 ], [ -3.036178, 47.620283 ], [ -3.035724, 47.620324 ], [ -3.035141, 47.620478 ], [ -3.034723, 47.620573 ], [ -3.026703, 47.620268 ], [ -3.024959, 47.617119 ], [ -3.0184, 47.611939 ], [ -3.012443, 47.607214 ], [ -3.01203, 47.60712 ], [ -3.010008, 47.608072 ], [ -3.009945, 47.608238 ], [ -3.005489, 47.613158 ], [ -3.000237, 47.611582 ], [ -2.996825, 47.606264 ], [ -2.995015, 47.603661 ], [ -2.994826, 47.603347 ], [ -2.993797, 47.602842 ], [ -2.993661, 47.602867 ], [ -2.993118, 47.602988 ], [ -2.991742, 47.605204 ], [ -2.991463, 47.605782 ], [ -2.98844, 47.614167 ], [ -2.986278, 47.614528 ], [ -2.984454, 47.614864 ], [ -2.984114, 47.614908 ], [ -2.981342, 47.619643 ], [ -2.97657, 47.626705 ], [ -2.973157, 47.628736 ], [ -2.972104, 47.632179 ], [ -2.975438, 47.635261 ], [ -2.979652, 47.640516 ], [ -2.98211, 47.642995 ], [ -2.983486, 47.650932 ], [ -2.981431, 47.654903 ], [ -2.976588, 47.657931 ], [ -2.970233, 47.655186 ], [ -2.963273, 47.650058 ], [ -2.963625, 47.64606 ], [ -2.963804, 47.645506 ], [ -2.961881, 47.643213 ], [ -2.961701, 47.642916 ], [ -2.96149, 47.64262 ], [ -2.961182, 47.642268 ], [ -2.960468, 47.641665 ], [ -2.95804, 47.638037 ], [ -2.956138, 47.637398 ], [ -2.953475, 47.63646 ], [ -2.953299, 47.636392 ], [ -2.951073, 47.637637 ], [ -2.95106, 47.637698 ], [ -2.95103, 47.638273 ], [ -2.951999, 47.639749 ], [ -2.95037, 47.647652 ], [ -2.948257, 47.648339 ], [ -2.947557, 47.648443 ], [ -2.94714, 47.64859 ], [ -2.946725, 47.648794 ], [ -2.946266, 47.649122 ], [ -2.945846, 47.649594 ], [ -2.945202, 47.650431 ], [ -2.938234, 47.655682 ], [ -2.932075, 47.658917 ], [ -2.924125, 47.657013 ], [ -2.924732, 47.653491 ], [ -2.924686, 47.653224 ], [ -2.924302, 47.652266 ], [ -2.922692, 47.649046 ], [ -2.920735, 47.648352 ], [ -2.91536, 47.64847 ], [ -2.914433, 47.648755 ], [ -2.912704, 47.651913 ], [ -2.912238, 47.652396 ], [ -2.903687, 47.65343 ], [ -2.901423, 47.650443 ], [ -2.899068, 47.650209 ], [ -2.897505, 47.649998 ], [ -2.89706, 47.649988 ], [ -2.896633, 47.650014 ], [ -2.894056, 47.650258 ], [ -2.893079, 47.653722 ], [ -2.890968, 47.661921 ], [ -2.887545, 47.661465 ], [ -2.884121, 47.661008 ], [ -2.880697, 47.660552 ], [ -2.875661, 47.657178 ], [ -2.871451, 47.652609 ], [ -2.868339, 47.651635 ], [ -2.867593, 47.65138 ], [ -2.865477, 47.653475 ], [ -2.85866, 47.652962 ], [ -2.858173, 47.652561 ], [ -2.85483, 47.649019 ], [ -2.851974, 47.646827 ], [ -2.843641, 47.644535 ], [ -2.842668, 47.644139 ], [ -2.841882, 47.643869 ], [ -2.838197, 47.642668 ], [ -2.836907, 47.64603 ], [ -2.839142, 47.646887 ], [ -2.839967, 47.647149 ], [ -2.841397, 47.647507 ], [ -2.842282, 47.647869 ], [ -2.84287, 47.648178 ], [ -2.844533, 47.649089 ], [ -2.847523, 47.65074 ], [ -2.844926, 47.65845 ], [ -2.840048, 47.65801 ], [ -2.836466, 47.659358 ], [ -2.833839, 47.659142 ], [ -2.831251, 47.659165 ], [ -2.829374, 47.659409 ], [ -2.828421, 47.659382 ], [ -2.826559, 47.659307 ], [ -2.824224, 47.659141 ], [ -2.82186, 47.658973 ], [ -2.819542, 47.658847 ], [ -2.816905, 47.658766 ], [ -2.815234, 47.658755 ], [ -2.813623, 47.658766 ], [ -2.810422, 47.658793 ], [ -2.808078, 47.658814 ], [ -2.805723, 47.658835 ], [ -2.801671, 47.658861 ], [ -2.794997, 47.657598 ], [ -2.787187, 47.661964 ], [ -2.784792, 47.663024 ], [ -2.782397, 47.664084 ], [ -2.783853, 47.667376 ], [ -2.786248, 47.666316 ], [ -2.788644, 47.665256 ], [ -2.796546, 47.662971 ], [ -2.797955, 47.662774 ], [ -2.80028, 47.662567 ], [ -2.802066, 47.662493 ], [ -2.805777, 47.662434 ], [ -2.80811, 47.662414 ], [ -2.810454, 47.662393 ], [ -2.813654, 47.662366 ], [ -2.815258, 47.662355 ], [ -2.816883, 47.662365 ], [ -2.81943, 47.662445 ], [ -2.821663, 47.662567 ], [ -2.823968, 47.662732 ], [ -2.826303, 47.662898 ], [ -2.828275, 47.662979 ], [ -2.829271, 47.663007 ], [ -2.83529, 47.669517 ], [ -2.838382, 47.671361 ], [ -2.84158, 47.669019 ], [ -2.843679, 47.667887 ], [ -2.849438, 47.666764 ], [ -2.857383, 47.670782 ], [ -2.85841, 47.672135 ], [ -2.859515, 47.67188 ], [ -2.860114, 47.671112 ], [ -2.86095, 47.670298 ], [ -2.869606, 47.671754 ], [ -2.86921, 47.675332 ], [ -2.871202, 47.675552 ], [ -2.871612, 47.675612 ], [ -2.879604, 47.679273 ], [ -2.880717, 47.68566 ], [ -2.88059, 47.686328 ], [ -2.880574, 47.687078 ], [ -2.880636, 47.687518 ], [ -2.880787, 47.688046 ], [ -2.881415, 47.689558 ], [ -2.881629, 47.689656 ], [ -2.881816, 47.689702 ], [ -2.882042, 47.689717 ], [ -2.882865, 47.689661 ], [ -2.883007, 47.689647 ], [ -2.889217, 47.686283 ], [ -2.889698, 47.686197 ], [ -2.890998, 47.685614 ], [ -2.8953, 47.685358 ], [ -2.899285, 47.689768 ], [ -2.901957, 47.696734 ], [ -2.902022, 47.696848 ], [ -2.90286, 47.697369 ], [ -2.903013, 47.69732 ], [ -2.903522, 47.697101 ], [ -2.904084, 47.696722 ], [ -2.906219, 47.694878 ], [ -2.906914, 47.694235 ], [ -2.91155, 47.693229 ], [ -2.9143, 47.700707 ], [ -2.914119, 47.701543 ], [ -2.914174, 47.702176 ], [ -2.914231, 47.702416 ], [ -2.914838, 47.702777 ], [ -2.915803, 47.702966 ], [ -2.920347, 47.707166 ], [ -2.916869, 47.713549 ], [ -2.915216, 47.716747 ], [ -2.918518, 47.720104 ], [ -2.920404, 47.718705 ], [ -2.922067, 47.717496 ], [ -2.929176, 47.715196 ], [ -2.931826, 47.716082 ], [ -2.934899, 47.716969 ], [ -2.936434, 47.717379 ], [ -2.938369, 47.71796 ], [ -2.939406, 47.714513 ], [ -2.94709, 47.710943 ], [ -2.953929, 47.713532 ], [ -2.954503, 47.718319 ], [ -2.950358, 47.726004 ], [ -2.945087, 47.730933 ], [ -2.94412, 47.731238 ], [ -2.942785, 47.731631 ], [ -2.941457, 47.731995 ], [ -2.940619, 47.732251 ], [ -2.939501, 47.732656 ], [ -2.940726, 47.736041 ], [ -2.945115, 47.735805 ], [ -2.950831, 47.736916 ], [ -2.951585, 47.73701 ], [ -2.952102, 47.737009 ], [ -2.960909, 47.735883 ], [ -2.967925, 47.732562 ], [ -2.972159, 47.734657 ], [ -2.972962, 47.735355 ], [ -2.974716, 47.737217 ], [ -2.977708, 47.735216 ], [ -2.984036, 47.738784 ], [ -2.981336, 47.744786 ], [ -2.98213, 47.746234 ], [ -2.982809, 47.747303 ], [ -2.983854, 47.754211 ], [ -2.978691, 47.760823 ], [ -2.976758, 47.761588 ], [ -2.970463, 47.76709 ], [ -2.969405, 47.767668 ], [ -2.971131, 47.770827 ], [ -2.975675, 47.770497 ], [ -2.981081, 47.774788 ], [ -2.983398, 47.778588 ], [ -2.979855, 47.785636 ], [ -2.979665, 47.785881 ], [ -2.979415, 47.786191 ], [ -2.979167, 47.786769 ], [ -2.979045, 47.78803 ], [ -2.971559, 47.792561 ], [ -2.970209, 47.795898 ], [ -2.973936, 47.803569 ], [ -2.982409, 47.805508 ], [ -2.987554, 47.80364 ], [ -2.988094, 47.803512 ], [ -2.988492, 47.803373 ], [ -2.989241, 47.802842 ], [ -2.989652, 47.80224 ], [ -2.997171, 47.799526 ], [ -2.998755, 47.800138 ], [ -3.001612, 47.802329 ], [ -3.005737, 47.805669 ], [ -3.008996, 47.807864 ], [ -3.010228, 47.808544 ], [ -3.011481, 47.808458 ], [ -3.012335, 47.808391 ], [ -3.012751, 47.808262 ], [ -3.013085, 47.808094 ], [ -3.013317, 47.807948 ], [ -3.012859, 47.800796 ], [ -3.018434, 47.795427 ], [ -3.023019, 47.792476 ], [ -3.028653, 47.795776 ], [ -3.030396, 47.80186 ], [ -3.028319, 47.804801 ], [ -3.02717, 47.806558 ], [ -3.026623, 47.809853 ], [ -3.029108, 47.812501 ], [ -3.033992, 47.819829 ], [ -3.033922, 47.820229 ], [ -3.034635, 47.82865 ], [ -3.03438, 47.829299 ], [ -3.030659, 47.833996 ], [ -3.024208, 47.834014 ], [ -3.018286, 47.829419 ], [ -3.018355, 47.822687 ], [ -3.018421, 47.822499 ], [ -3.018757, 47.82126 ], [ -3.018741, 47.820578 ], [ -3.018596, 47.820055 ], [ -3.018148, 47.819138 ], [ -3.017942, 47.818861 ], [ -3.013425, 47.819583 ], [ -3.013348, 47.81957 ], [ -3.011219, 47.820348 ], [ -3.010535, 47.822025 ], [ -3.003513, 47.826592 ], [ -3.002646, 47.826371 ], [ -3.000089, 47.82548 ], [ -2.993559, 47.82627 ], [ -2.985249, 47.823114 ], [ -2.982574, 47.822861 ], [ -2.974706, 47.823462 ], [ -2.974248, 47.823524 ], [ -2.973872, 47.823615 ], [ -2.973461, 47.823789 ], [ -2.973059, 47.824048 ], [ -2.964373, 47.823058 ], [ -2.961455, 47.821296 ], [ -2.955865, 47.817928 ], [ -2.95576, 47.817866 ], [ -2.95436, 47.817781 ], [ -2.953946, 47.817925 ], [ -2.953936, 47.82097 ], [ -2.954041, 47.821032 ], [ -2.959594, 47.824377 ], [ -2.962512, 47.82614 ], [ -2.963181, 47.833265 ], [ -2.962571, 47.835383 ], [ -2.962723, 47.835717 ], [ -2.964007, 47.838963 ], [ -2.964187, 47.839696 ], [ -2.964571, 47.842646 ], [ -2.959717, 47.847541 ], [ -2.959308, 47.847593 ], [ -2.958884, 47.847707 ], [ -2.956942, 47.848025 ], [ -2.954415, 47.848664 ], [ -2.952731, 47.84909 ], [ -2.946267, 47.854508 ], [ -2.938099, 47.858275 ], [ -2.935528, 47.857709 ], [ -2.932945, 47.85714 ], [ -2.930977, 47.856721 ], [ -2.927015, 47.861205 ], [ -2.926929, 47.862078 ], [ -2.926982, 47.862434 ], [ -2.927921, 47.86339 ], [ -2.930688, 47.868753 ], [ -2.924821, 47.874131 ], [ -2.924053, 47.874735 ], [ -2.921722, 47.876534 ], [ -2.914045, 47.873209 ], [ -2.907903, 47.871042 ], [ -2.906717, 47.870817 ], [ -2.902724, 47.869799 ], [ -2.900655, 47.869056 ], [ -2.896127, 47.863243 ], [ -2.889387, 47.859571 ], [ -2.886812, 47.858989 ], [ -2.885064, 47.858737 ], [ -2.882494, 47.859182 ], [ -2.877366, 47.860936 ], [ -2.874319463978294, 47.863075795383672 ], [ -2.873836, 47.863332 ], [ -2.866444, 47.85919 ], [ -2.866398, 47.858913 ], [ -2.866353, 47.855591 ], [ -2.868922, 47.852017 ], [ -2.868952, 47.851973 ], [ -2.868903, 47.849072 ], [ -2.868632, 47.848054 ], [ -2.86811, 47.847424 ], [ -2.867941, 47.847292 ], [ -2.865249, 47.849156 ], [ -2.862977, 47.850496 ], [ -2.855025, 47.847494 ], [ -2.855069, 47.842269 ], [ -2.854917, 47.838673 ], [ -2.854135, 47.833833 ], [ -2.85305, 47.833043 ], [ -2.852414, 47.832946 ], [ -2.850599, 47.833156 ], [ -2.85007, 47.833217 ], [ -2.849113, 47.835408 ], [ -2.84713, 47.840914 ], [ -2.839792, 47.840992 ], [ -2.838614, 47.83759 ], [ -2.836569, 47.831148 ], [ -2.836298, 47.828783 ], [ -2.836255, 47.828376 ], [ -2.832675, 47.828756 ], [ -2.826219, 47.8256 ], [ -2.824182, 47.822631 ], [ -2.816654, 47.818395 ], [ -2.816277, 47.817807 ], [ -2.81545, 47.81633 ], [ -2.814198, 47.813496 ], [ -2.811399, 47.809502 ], [ -2.808106, 47.810957 ], [ -2.809055, 47.813105 ], [ -2.810113, 47.815247 ], [ -2.810721, 47.816394 ], [ -2.811522, 47.817624 ], [ -2.812192, 47.818509 ], [ -2.812807, 47.823932 ], [ -2.809704, 47.827283 ], [ -2.802426, 47.827253 ], [ -2.800045, 47.826174 ], [ -2.796446, 47.826071 ], [ -2.789806, 47.826846 ], [ -2.78828, 47.827722 ], [ -2.783387, 47.830285 ], [ -2.783006, 47.830491 ], [ -2.78234, 47.830938 ], [ -2.781119, 47.831716 ], [ -2.783055, 47.834752 ], [ -2.784368, 47.834759 ], [ -2.788685, 47.836923 ], [ -2.786837, 47.845127 ], [ -2.778463, 47.842979 ], [ -2.778051, 47.842259 ], [ -2.775368, 47.842474 ], [ -2.774891, 47.843072 ], [ -2.774584, 47.843463 ], [ -2.774447, 47.844043 ], [ -2.769003, 47.849543 ], [ -2.763869, 47.842225 ], [ -2.763847, 47.841953 ], [ -2.762395, 47.840329 ], [ -2.761105, 47.837693 ], [ -2.758016, 47.836858 ], [ -2.757585, 47.836724 ], [ -2.757077, 47.836644 ], [ -2.755258, 47.836555 ], [ -2.753674, 47.839294 ], [ -2.754392, 47.844841 ], [ -2.74753, 47.850328 ], [ -2.745113, 47.850481 ], [ -2.74534, 47.854074 ], [ -2.740911, 47.858014 ], [ -2.736036, 47.855335 ], [ -2.733872, 47.853101 ], [ -2.733001, 47.852186 ], [ -2.732369, 47.852553 ], [ -2.730393, 47.854668 ], [ -2.731264, 47.855583 ], [ -2.732968, 47.861914 ], [ -2.728492, 47.865768 ], [ -2.723723, 47.864085 ], [ -2.722451, 47.863889 ], [ -2.721061, 47.863908 ], [ -2.71545, 47.864931 ], [ -2.714107, 47.868271 ], [ -2.717257, 47.871235 ], [ -2.720451, 47.872897 ], [ -2.727221, 47.870406 ], [ -2.727939, 47.870316 ], [ -2.731834, 47.869708 ], [ -2.737892, 47.873619 ], [ -2.738535, 47.874861 ], [ -2.73952, 47.878323 ], [ -2.737315, 47.886938 ], [ -2.733595, 47.887629 ], [ -2.733151, 47.887591 ], [ -2.732656, 47.887589 ], [ -2.729495, 47.887745 ], [ -2.726472, 47.887403 ], [ -2.722342, 47.886245 ], [ -2.719772, 47.884561 ], [ -2.716173, 47.884655 ], [ -2.711094, 47.890394 ], [ -2.711966, 47.893887 ], [ -2.707804, 47.901856 ], [ -2.706964, 47.901565 ], [ -2.704625, 47.900462 ], [ -2.704203, 47.900168 ], [ -2.703753, 47.89992 ], [ -2.700992, 47.896559 ], [ -2.698852, 47.898034 ], [ -2.698246, 47.898629 ], [ -2.697472, 47.899636 ], [ -2.697488, 47.900226 ], [ -2.698477, 47.903093 ], [ -2.691171, 47.90695 ], [ -2.686871, 47.903624 ], [ -2.684884, 47.903307 ], [ -2.680237, 47.904481 ], [ -2.679075, 47.904579 ], [ -2.678526, 47.904609 ], [ -2.671181, 47.903516 ], [ -2.669043, 47.901678 ], [ -2.668414, 47.901055 ], [ -2.664577, 47.902979 ], [ -2.657506, 47.904078 ], [ -2.656025, 47.909655 ], [ -2.655817, 47.910631 ], [ -2.655339, 47.915117 ], [ -2.655203, 47.915917 ], [ -2.652084, 47.922933 ], [ -2.649988, 47.923661 ], [ -2.647808, 47.924576 ], [ -2.645628, 47.925491 ], [ -2.643448, 47.926406 ], [ -2.641324, 47.927299 ], [ -2.638342, 47.928302 ], [ -2.635823, 47.928961 ], [ -2.633239, 47.929637 ], [ -2.631848, 47.930059 ], [ -2.630587, 47.930522 ], [ -2.629515, 47.930911 ], [ -2.622409, 47.933205 ], [ -2.616215, 47.939048 ], [ -2.612885, 47.940469 ], [ -2.614297, 47.94378 ], [ -2.617627, 47.942359 ], [ -2.620957, 47.940938 ], [ -2.621795, 47.940568 ], [ -2.622467, 47.94024 ], [ -2.623187, 47.939853 ], [ -2.623957, 47.939395 ], [ -2.624615, 47.938962 ], [ -2.625538, 47.938276 ], [ -2.626431, 47.93751 ], [ -2.626834, 47.937128 ], [ -2.627891, 47.93619 ], [ -2.62951, 47.935058 ], [ -2.630248, 47.934644 ], [ -2.631085, 47.934229 ], [ -2.631922, 47.933863 ], [ -2.633088, 47.933439 ], [ -2.634276, 47.933085 ], [ -2.636733, 47.932444 ], [ -2.639253, 47.931785 ], [ -2.641168, 47.931207 ], [ -2.642607, 47.930663 ], [ -2.65058, 47.929192 ], [ -2.652979, 47.928101 ], [ -2.654759, 47.927694 ], [ -2.65909, 47.927086 ], [ -2.664808, 47.93243 ], [ -2.670258, 47.936185 ], [ -2.672298, 47.939151 ], [ -2.672883, 47.938866 ], [ -2.673593, 47.938506 ], [ -2.680202, 47.937863 ], [ -2.681389, 47.938042 ], [ -2.683266, 47.9383 ], [ -2.684263, 47.938459 ], [ -2.693216, 47.937586 ], [ -2.696541, 47.94183 ], [ -2.699159, 47.944296 ], [ -2.700811, 47.951346 ], [ -2.698119, 47.953736 ], [ -2.693886, 47.959716 ], [ -2.689977, 47.958867 ], [ -2.688451, 47.95783 ], [ -2.686895, 47.956774 ], [ -2.685264, 47.95575 ], [ -2.68474, 47.955559 ], [ -2.68392, 47.955367 ], [ -2.683328, 47.95528 ], [ -2.680837, 47.955996 ], [ -2.674812, 47.952319 ], [ -2.67445, 47.952383 ], [ -2.673273, 47.952549 ], [ -2.669244, 47.951953 ], [ -2.665423, 47.952299 ], [ -2.664011, 47.951995 ], [ -2.66, 47.954781 ], [ -2.654679, 47.961367 ], [ -2.650152, 47.961223 ], [ -2.647343, 47.960707 ], [ -2.646214, 47.961006 ], [ -2.645677, 47.961363 ], [ -2.641285, 47.963032 ], [ -2.636461, 47.961337 ], [ -2.635065, 47.96224 ], [ -2.634048, 47.962764 ], [ -2.625804, 47.964943 ], [ -2.622366, 47.964614 ], [ -2.622023, 47.964659 ], [ -2.620917, 47.968085 ], [ -2.622216634347537, 47.970505577050574 ], [ -2.620128, 47.969432 ] ] ], [ [ [ -3.577596, 48.093076 ], [ -3.574436, 48.093518 ], [ -3.574062, 48.093578 ], [ -3.573504, 48.093599 ], [ -3.572902, 48.093506 ], [ -3.571957, 48.093097 ], [ -3.56358, 48.093261 ], [ -3.561958, 48.093533 ], [ -3.559554, 48.091847 ], [ -3.559366, 48.091708 ], [ -3.558709, 48.090349 ], [ -3.550804, 48.088076 ], [ -3.549674, 48.088827 ], [ -3.543038, 48.085448 ], [ -3.536183, 48.08047 ], [ -3.527484, 48.082224 ], [ -3.526555, 48.083315 ], [ -3.526072, 48.083722 ], [ -3.525469, 48.084141 ], [ -3.524577, 48.083549 ], [ -3.523415, 48.081185 ], [ -3.519992, 48.077318 ], [ -3.512143, 48.074225 ], [ -3.509374, 48.074113 ], [ -3.50798, 48.074242 ], [ -3.507294, 48.074278 ], [ -3.50675, 48.074232 ], [ -3.506111, 48.074041 ], [ -3.50517, 48.0732 ], [ -3.504649, 48.072002 ], [ -3.504383, 48.071536 ], [ -3.503421, 48.070361 ], [ -3.502150597987224, 48.069613795887541 ], [ -3.502303, 48.068135 ], [ -3.50486, 48.067095 ], [ -3.511237, 48.065425 ], [ -3.517191, 48.06962 ], [ -3.517485, 48.070199 ], [ -3.520767, 48.068719 ], [ -3.529154, 48.071395 ], [ -3.529448, 48.071638 ], [ -3.531736, 48.068858 ], [ -3.531441, 48.068616 ], [ -3.529234, 48.066588 ], [ -3.528714, 48.066169 ], [ -3.528171, 48.065776 ], [ -3.524062, 48.059993 ], [ -3.523947, 48.056395 ], [ -3.529469, 48.049785 ], [ -3.530587, 48.049701 ], [ -3.530317, 48.046111 ], [ -3.527523, 48.043963 ], [ -3.523129, 48.043999 ], [ -3.520959, 48.043388 ], [ -3.519157, 48.042558 ], [ -3.515228, 48.03493 ], [ -3.515403, 48.034333 ], [ -3.515523, 48.033751 ], [ -3.514132, 48.032754 ], [ -3.515758, 48.024211 ], [ -3.516145948054701, 48.022223266152714 ], [ -3.516499, 48.022095 ], [ -3.516949, 48.021897 ], [ -3.517317, 48.021705 ], [ -3.517756, 48.021388 ], [ -3.522175, 48.018314 ], [ -3.529186, 48.013977 ], [ -3.531125, 48.010018 ], [ -3.533391, 48.007954 ], [ -3.536591, 48.007043 ], [ -3.542273, 48.012209 ], [ -3.542184, 48.014528 ], [ -3.542237, 48.01454 ], [ -3.543126, 48.014517 ], [ -3.543148, 48.01451 ], [ -3.545974, 48.014215 ], [ -3.551591, 48.014905 ], [ -3.5521, 48.023487 ], [ -3.548894, 48.026001 ], [ -3.540574, 48.025844 ], [ -3.540055, 48.025477 ], [ -3.537743, 48.023853 ], [ -3.537253, 48.023513 ], [ -3.53632, 48.023511 ], [ -3.535995, 48.023671 ], [ -3.53589, 48.023734 ], [ -3.535201, 48.026472 ], [ -3.536831, 48.028827 ], [ -3.542552, 48.033221 ], [ -3.542937, 48.033573 ], [ -3.544083, 48.034396 ], [ -3.551933, 48.035545 ], [ -3.553762, 48.038633 ], [ -3.556863, 48.040461 ], [ -3.565668, 48.039227 ], [ -3.566174, 48.039877 ], [ -3.566737, 48.040215 ], [ -3.567145, 48.040339 ], [ -3.568945, 48.04078 ], [ -3.571192, 48.041466 ], [ -3.571932, 48.041461 ], [ -3.574382, 48.040589 ], [ -3.582915, 48.042477 ], [ -3.584029, 48.042968 ], [ -3.584356, 48.04299 ], [ -3.58629, 48.04311 ], [ -3.594387, 48.039711 ], [ -3.596822, 48.041027 ], [ -3.601281, 48.045984 ], [ -3.598615, 48.052492 ], [ -3.598554, 48.056092 ], [ -3.599976, 48.056116 ], [ -3.601476, 48.05622 ], [ -3.606474, 48.058729 ], [ -3.607135, 48.059531 ], [ -3.605643, 48.068145 ], [ -3.602344, 48.068906 ], [ -3.596576, 48.067787 ], [ -3.595949, 48.067416 ], [ -3.595247, 48.067212 ], [ -3.594758, 48.067173 ], [ -3.591256, 48.065872 ], [ -3.587703, 48.066453 ], [ -3.587914, 48.067743 ], [ -3.587959, 48.070126 ], [ -3.587367, 48.074003 ], [ -3.579912, 48.076152 ], [ -3.577826, 48.079086 ], [ -3.577827, 48.086011 ], [ -3.579176, 48.089348 ], [ -3.579766, 48.08911 ], [ -3.580282, 48.088859 ], [ -3.582834, 48.087624 ], [ -3.583287, 48.087373 ], [ -3.577596, 48.093076 ] ] ], [ [ [ -3.623067, 48.077796 ], [ -3.622408, 48.078265 ], [ -3.619515, 48.079537 ], [ -3.617533, 48.080549 ], [ -3.615973, 48.081346 ], [ -3.615283, 48.081644 ], [ -3.614007, 48.082009 ], [ -3.613015, 48.078549 ], [ -3.607822, 48.071492 ], [ -3.612045, 48.07329 ], [ -3.619052, 48.073652 ], [ -3.620517, 48.076941 ], [ -3.622209, 48.076964 ], [ -3.623185, 48.077088 ], [ -3.62570575009971, 48.078437422174545 ], [ -3.623067, 48.077796 ] ] ], [ [ [ -3.489519267804617, 47.973893967280972 ], [ -3.486278, 47.971777 ], [ -3.483072, 47.973341 ], [ -3.481694, 47.973569 ], [ -3.481216, 47.973624 ], [ -3.478317, 47.973855 ], [ -3.474018, 47.966997 ], [ -3.474097, 47.966468 ], [ -3.47416, 47.96618 ], [ -3.475328, 47.96374 ], [ -3.477257, 47.959677 ], [ -3.478968, 47.957359 ], [ -3.478816, 47.956895 ], [ -3.477493, 47.953608 ], [ -3.474049, 47.954656 ], [ -3.471471082923843, 47.957162904626273 ], [ -3.471231, 47.956504 ], [ -3.470527, 47.954362 ], [ -3.47, 47.950416 ], [ -3.476174, 47.945607 ], [ -3.476755, 47.945602 ], [ -3.476883059290604, 47.945672057141373 ], [ -3.477896, 47.94879 ], [ -3.478092, 47.948902 ], [ -3.478516, 47.949103 ], [ -3.479881, 47.94966 ], [ -3.480173, 47.949757 ], [ -3.480677, 47.949859 ], [ -3.484824341301384, 47.952243095554408 ], [ -3.484992, 47.960523 ], [ -3.484532, 47.960996 ], [ -3.484705, 47.965141 ], [ -3.485495, 47.966698 ], [ -3.48563, 47.966818 ], [ -3.486943, 47.967054 ], [ -3.489276946949291, 47.968900631230682 ], [ -3.489519267804617, 47.973893967280972 ] ] ], [ [ [ -3.513884867670968, 48.018923084068419 ], [ -3.509484, 48.019277 ], [ -3.502978, 48.015426 ], [ -3.499432, 48.014801 ], [ -3.494802, 48.007932 ], [ -3.494997, 48.005214 ], [ -3.495075, 48.004035 ], [ -3.495123, 48.003702 ], [ -3.495204, 48.002545 ], [ -3.495154, 48.001966 ], [ -3.501914, 47.996785 ], [ -3.504724, 47.999035 ], [ -3.509143004213, 47.998890189582532 ], [ -3.510604, 47.998865 ], [ -3.511234, 47.998983 ], [ -3.514213, 47.999746 ], [ -3.518372, 48.00647 ], [ -3.5153, 48.012513 ], [ -3.513766, 48.014108 ], [ -3.513884867670968, 48.018923084068419 ] ] ] ] } },
{ "type": "Feature", "properties": { "fid": 12, "ID": null, "CENTER_LON": "-4.043637598572162", "CENTER_LAT": "48.1687885849974", "AA_MINS": 60, "AA_MODE": "driving-car", "TOTAL_POP": "830039" }, "geometry": { "type": "MultiPolygon", "coordinates": [ [ [ [ -4.554911, 48.360775 ], [ -4.549839549476606, 48.362415564325133 ], [ -4.549839549476605, 48.362415564325133 ], [ -4.554911, 48.360775 ] ] ], [ [ [ -4.540838, 48.360737 ], [ -4.545201028537639, 48.361804670184291 ], [ -4.544473775280133, 48.361753894325609 ], [ -4.541406, 48.361091 ], [ -4.540642676274445, 48.360649461622998 ], [ -4.540838, 48.360737 ] ] ], [ [ [ -4.537451, 48.359691 ], [ -4.540182, 48.360443 ], [ -4.540322771346781, 48.360506089597486 ], [ -4.539767, 48.360343 ], [ -4.537725, 48.359768 ], [ -4.53603889504049, 48.359832319370661 ], [ -4.537451, 48.359691 ] ] ], [ [ [ -4.498543710006772, 48.381733226636584 ], [ -4.498543710006771, 48.381733226636584 ], [ -4.491201, 48.379701 ], [ -4.498543710006772, 48.381733226636584 ] ] ], [ [ [ -4.468779538644307, 48.384443235561513 ], [ -4.468767133802485, 48.384444505885519 ], [ -4.468767133802484, 48.384444505885519 ], [ -4.468779538644307, 48.384443235561513 ] ] ], [ [ [ -4.463970240529769, 48.384594286728777 ], [ -4.463970240529762, 48.384594286728777 ], [ -4.463947, 48.384594 ], [ -4.463970240529769, 48.384594286728777 ] ] ], [ [ [ -4.319809360860999, 48.315240962906429 ], [ -4.319809360860948, 48.315240962906429 ], [ -4.317891, 48.315214 ], [ -4.319809360860999, 48.315240962906429 ] ] ], [ [ [ -4.252616602586968, 48.284257339686114 ], [ -4.252616602586967, 48.284257339686114 ], [ -4.25295, 48.284177 ], [ -4.252616602586968, 48.284257339686114 ] ] ], [ [ [ -4.291653, 48.290119 ], [ -4.291951393443394, 48.290001463420516 ], [ -4.291951393443395, 48.290001463420516 ], [ -4.291653, 48.290119 ] ] ], [ [ [ -4.313981, 48.284242 ], [ -4.317025013168958, 48.282968683936595 ], [ -4.317025013168959, 48.282968683936595 ], [ -4.313981, 48.284242 ] ] ], [ [ [ -4.324610218254275, 48.281903382729638 ], [ -4.3254270825609, 48.281635049771772 ], [ -4.330570099481198, 48.284897035294684 ], [ -4.324610218254275, 48.281903382729638 ] ] ], [ [ [ -4.45232, 48.237286 ], [ -4.457593, 48.236089 ], [ -4.45798, 48.236056 ], [ -4.458327, 48.23607 ], [ -4.461138, 48.236128 ], [ -4.469656, 48.237944 ], [ -4.470394, 48.237506 ], [ -4.477252, 48.235761 ], [ -4.477811, 48.235604 ], [ -4.478144, 48.235566 ], [ -4.478655, 48.235537 ], [ -4.479189, 48.235545 ], [ -4.479633, 48.235594 ], [ -4.480277, 48.235686 ], [ -4.481235, 48.235849 ], [ -4.488954, 48.236521 ], [ -4.490303, 48.236157 ], [ -4.490905, 48.236002 ], [ -4.496875, 48.234227 ], [ -4.500493, 48.229541 ], [ -4.50007, 48.223572 ], [ -4.497032, 48.219745 ], [ -4.503015, 48.215513 ], [ -4.503111, 48.215479 ], [ -4.507605, 48.215117 ], [ -4.512356, 48.214139 ], [ -4.515704, 48.209216 ], [ -4.516113, 48.208013 ], [ -4.524398, 48.204941 ], [ -4.525452, 48.203831 ], [ -4.52667, 48.202942 ], [ -4.526876, 48.202804 ], [ -4.528814, 48.205119 ], [ -4.533929, 48.208965 ], [ -4.535951, 48.211943 ], [ -4.543653, 48.216296 ], [ -4.545883, 48.21381 ], [ -4.550096, 48.215544 ], [ -4.552275, 48.219795 ], [ -4.553016, 48.223318 ], [ -4.552874, 48.225077 ], [ -4.559877, 48.22984 ], [ -4.561536, 48.230278 ], [ -4.562029, 48.230468 ], [ -4.563869, 48.231407 ], [ -4.565421, 48.232891 ], [ -4.565655, 48.234021 ], [ -4.564413, 48.236212 ], [ -4.563871, 48.23631 ], [ -4.563061, 48.236241 ], [ -4.560937, 48.235806 ], [ -4.560831, 48.235637 ], [ -4.557133, 48.232596 ], [ -4.550612, 48.238625 ], [ -4.550408, 48.238654 ], [ -4.545697, 48.240288 ], [ -4.545647, 48.240323 ], [ -4.543656, 48.242096 ], [ -4.542231, 48.250221 ], [ -4.543434, 48.251671 ], [ -4.550706, 48.256957 ], [ -4.551154, 48.256897 ], [ -4.551612, 48.25687 ], [ -4.555604, 48.258421 ], [ -4.55585, 48.258482 ], [ -4.563584, 48.257797 ], [ -4.566132, 48.257673 ], [ -4.574445, 48.257442 ], [ -4.577151, 48.256563 ], [ -4.577901, 48.256728 ], [ -4.586074, 48.258688 ], [ -4.586857, 48.259594 ], [ -4.587026, 48.260261 ], [ -4.586836, 48.262206 ], [ -4.587187, 48.269527 ], [ -4.587017, 48.271663 ], [ -4.586794, 48.271996 ], [ -4.585447, 48.272679 ], [ -4.585145, 48.272512 ], [ -4.57729, 48.272185 ], [ -4.576152, 48.276361 ], [ -4.577123, 48.279828 ], [ -4.572435, 48.282725 ], [ -4.568075, 48.284879 ], [ -4.5603, 48.288876 ], [ -4.558107, 48.293312 ], [ -4.559113, 48.297962 ], [ -4.558919, 48.299381 ], [ -4.558596, 48.300438 ], [ -4.556991, 48.300655 ], [ -4.555002, 48.300231 ], [ -4.554709, 48.300044 ], [ -4.552215, 48.297428 ], [ -4.551396, 48.296645 ], [ -4.547579, 48.292347 ], [ -4.542698, 48.291895 ], [ -4.541578, 48.288493 ], [ -4.535808, 48.284122 ], [ -4.527727, 48.286199 ], [ -4.525778, 48.292309 ], [ -4.525583, 48.294142 ], [ -4.524801, 48.294445 ], [ -4.52434, 48.29458 ], [ -4.523959, 48.294655 ], [ -4.52328, 48.294661 ], [ -4.521485, 48.294268 ], [ -4.518195, 48.293621 ], [ -4.512757, 48.289915 ], [ -4.504528, 48.287837 ], [ -4.497947, 48.281936 ], [ -4.497427, 48.281841 ], [ -4.49674, 48.281549 ], [ -4.491062, 48.279217 ], [ -4.487527, 48.280371 ], [ -4.486671, 48.280631 ], [ -4.481595, 48.283451 ], [ -4.481341, 48.283638 ], [ -4.477181, 48.283585 ], [ -4.469792, 48.287845 ], [ -4.463397, 48.290597 ], [ -4.460166, 48.292462 ], [ -4.459676, 48.292598 ], [ -4.458911, 48.292537 ], [ -4.456673, 48.29151 ], [ -4.449391, 48.288102 ], [ -4.447424, 48.2875 ], [ -4.439124, 48.28837 ], [ -4.438598, 48.288407 ], [ -4.438225, 48.2884 ], [ -4.434454, 48.288633 ], [ -4.43123, 48.287516 ], [ -4.425759, 48.282815 ], [ -4.424516, 48.281623 ], [ -4.420873, 48.274662 ], [ -4.415663, 48.275129 ], [ -4.414216, 48.275638 ], [ -4.413603, 48.275684 ], [ -4.411993, 48.275818 ], [ -4.411536, 48.275846 ], [ -4.41007, 48.275852 ], [ -4.4023, 48.271729 ], [ -4.39975, 48.273058 ], [ -4.39974, 48.273065 ], [ -4.397477, 48.272132 ], [ -4.390486, 48.271101 ], [ -4.391033, 48.271085 ], [ -4.395568, 48.27108 ], [ -4.397252, 48.267899 ], [ -4.401726, 48.262328 ], [ -4.403668, 48.261311 ], [ -4.409035, 48.258438 ], [ -4.412485, 48.258535 ], [ -4.41505, 48.258985 ], [ -4.419335, 48.259649 ], [ -4.421372, 48.260297 ], [ -4.427666, 48.265572 ], [ -4.429009, 48.268912 ], [ -4.429765, 48.270815 ], [ -4.434934, 48.272818 ], [ -4.435574, 48.2727 ], [ -4.43649, 48.272437 ], [ -4.444099, 48.275876 ], [ -4.450238, 48.280092 ], [ -4.450421, 48.280243 ], [ -4.454554, 48.276944 ], [ -4.455459, 48.275827 ], [ -4.455513, 48.27497 ], [ -4.456008, 48.267336 ], [ -4.455645, 48.263754 ], [ -4.453744, 48.263856 ], [ -4.452804, 48.263839 ], [ -4.446998, 48.259736 ], [ -4.447243, 48.254857 ], [ -4.453252, 48.250426 ], [ -4.455913, 48.250934 ], [ -4.461859, 48.252314 ], [ -4.462728, 48.25265 ], [ -4.462924, 48.252651 ], [ -4.469838, 48.250148 ], [ -4.469589, 48.246557 ], [ -4.469126, 48.246589 ], [ -4.467244, 48.246725 ], [ -4.462084, 48.246168 ], [ -4.458602, 48.245915 ], [ -4.452462, 48.241576 ], [ -4.449607601080439, 48.236450191986435 ], [ -4.45232, 48.237286 ] ] ], [ [ [ -4.443937, 48.234721 ], [ -4.4455570458293, 48.235044153938048 ], [ -4.444404, 48.235593 ], [ -4.443112, 48.236094 ], [ -4.441871, 48.236576 ], [ -4.439208, 48.237278 ], [ -4.443937, 48.234721 ] ] ], [ [ [ -4.43009, 48.229594 ], [ -4.433218, 48.236507 ], [ -4.430783, 48.231267 ], [ -4.4297964142783, 48.229453768949604 ], [ -4.43009, 48.229594 ] ] ], [ [ [ -4.426496953997407, 48.229485300714195 ], [ -4.42581, 48.229822 ], [ -4.424572642102715, 48.229367450589216 ], [ -4.426496953997407, 48.229485300714195 ] ] ], [ [ [ -4.302797585167867, 48.090405500719427 ], [ -4.304002988507388, 48.090105146465788 ], [ -4.304002988507391, 48.090105146465788 ], [ -4.302797585167867, 48.090405500719427 ] ] ], [ [ [ -4.502274, 48.086721 ], [ -4.500521, 48.0864 ], [ -4.493737, 48.086043 ], [ -4.50048, 48.086387 ], [ -4.50301, 48.086854 ], [ -4.502274, 48.086721 ] ] ], [ [ [ -4.566437, 48.081025 ], [ -4.558173, 48.078809 ], [ -4.550229, 48.076109 ], [ -4.556007, 48.077132 ], [ -4.556492, 48.077208 ], [ -4.556886, 48.077212 ], [ -4.565493, 48.078622 ], [ -4.565969, 48.079843 ], [ -4.566096, 48.080077 ], [ -4.567967860768976, 48.080474034757195 ], [ -4.566437, 48.081025 ] ] ], [ [ [ -4.524022, 48.007014 ], [ -4.531998, 48.008505 ], [ -4.53304, 48.009112 ], [ -4.534659403039264, 48.010403356764428 ], [ -4.534583, 48.010394 ], [ -4.528859, 48.008504 ], [ -4.524686, 48.007253 ], [ -4.522981, 48.006892 ], [ -4.524022, 48.007014 ] ] ], [ [ [ -4.518078, 48.006425 ], [ -4.518541, 48.006442 ], [ -4.521485, 48.006732 ], [ -4.519075, 48.006509 ], [ -4.517026, 48.006508 ], [ -4.518078, 48.006425 ] ] ], [ [ [ -4.503116, 48.002451 ], [ -4.503867, 48.002668 ], [ -4.506393, 48.003578 ], [ -4.503053, 48.00294 ], [ -4.497303, 48.000399 ], [ -4.503116, 48.002451 ] ] ], [ [ [ -4.497303, 48.000399 ], [ -4.490896059984779, 48.001646450625749 ], [ -4.490896059984778, 48.001646450625749 ], [ -4.497303, 48.000399 ] ] ], [ [ [ -4.453630521900375, 47.980592665372235 ], [ -4.45363007795428, 47.980592520698039 ], [ -4.453582358892767, 47.980567715160539 ], [ -4.447936, 47.976607 ], [ -4.453630521900375, 47.980592665372235 ] ] ], [ [ [ -4.402683626655047, 47.939900791021046 ], [ -4.402683626655045, 47.939900791021046 ], [ -4.400483, 47.938104 ], [ -4.402683626655047, 47.939900791021046 ] ] ], [ [ [ -4.349644, 47.87333 ], [ -4.349604726186016, 47.873341860633687 ], [ -4.349604726186015, 47.873341860633687 ], [ -4.349644, 47.87333 ] ] ], [ [ [ -4.364389, 47.79614 ], [ -4.364519, 47.796129 ], [ -4.365262, 47.796158 ], [ -4.36381, 47.796409 ], [ -4.357712, 47.796796 ], [ -4.364389, 47.79614 ] ] ], [ [ [ -4.292365, 47.792328 ], [ -4.292543, 47.792404 ], [ -4.292674, 47.792479 ], [ -4.291993, 47.792195 ], [ -4.292365, 47.792328 ] ] ], [ [ [ -4.291906, 47.792202 ], [ -4.291993, 47.792195 ], [ -4.285876, 47.793145 ], [ -4.291906, 47.792202 ] ] ], [ [ [ -4.235595, 47.794406 ], [ -4.236275, 47.794378 ], [ -4.236392, 47.794397 ], [ -4.237222, 47.794646 ], [ -4.236443, 47.794451 ], [ -4.235446, 47.794464 ], [ -4.235595, 47.794406 ] ] ], [ [ [ -4.197916, 47.798785 ], [ -4.198046, 47.798884 ], [ -4.195409, 47.797419 ], [ -4.197916, 47.798785 ] ] ], [ [ [ -4.163694, 47.822561 ], [ -4.163864, 47.822383 ], [ -4.164513, 47.821889 ], [ -4.163636, 47.822698 ], [ -4.163694, 47.822561 ] ] ], [ [ [ -4.107686345408116, 47.869770461063574 ], [ -4.107686345408115, 47.869770461063574 ], [ -4.103673, 47.86712 ], [ -4.107686345408116, 47.869770461063574 ] ] ], [ [ [ -3.933272757243645, 47.882182726887699 ], [ -3.933272757243641, 47.882182726887699 ], [ -3.930323, 47.877363 ], [ -3.933272757243645, 47.882182726887699 ] ] ], [ [ [ -3.895611617527479, 47.832051297815269 ], [ -3.895611617527475, 47.832051297815269 ], [ -3.891962, 47.829458 ], [ -3.895611617527479, 47.832051297815269 ] ] ], [ [ [ -3.852539730071268, 47.794760134703118 ], [ -3.852539, 47.794734 ], [ -3.852987, 47.793979 ], [ -3.852539730071268, 47.794760134703118 ] ] ], [ [ [ -3.853465, 47.792168 ], [ -3.853541, 47.792175 ], [ -3.853744, 47.792278 ], [ -3.853879, 47.792379 ], [ -3.848175, 47.792575 ], [ -3.847452, 47.792606 ], [ -3.846957, 47.792626 ], [ -3.853465, 47.792168 ] ] ], [ [ [ -3.846104, 47.792981 ], [ -3.84629, 47.7928 ], [ -3.846486, 47.792695 ], [ -3.846656, 47.792653 ], [ -3.84563, 47.793665 ], [ -3.844275299435649, 47.794612776926733 ], [ -3.846104, 47.792981 ] ] ], [ [ [ -3.763874, 47.792195 ], [ -3.770639, 47.791046 ], [ -3.764486, 47.79231 ], [ -3.759478, 47.792307 ], [ -3.763874, 47.792195 ] ] ], [ [ [ -3.738636, 47.805032 ], [ -3.734900060824618, 47.806989558993692 ], [ -3.734900060824617, 47.806989558993692 ], [ -3.738636, 47.805032 ] ] ], [ [ [ -3.604832, 47.769976 ], [ -3.613048, 47.7704 ], [ -3.607877342808592, 47.770821076289998 ], [ -3.607275374252938, 47.770729356943107 ], [ -3.602243, 47.76994 ], [ -3.596618, 47.768598 ], [ -3.604832, 47.769976 ] ] ], [ [ [ -3.592899, 47.768847 ], [ -3.595342, 47.768501 ], [ -3.594414, 47.768835 ], [ -3.593854, 47.76933 ], [ -3.592001105535298, 47.769192196793576 ], [ -3.592899, 47.768847 ] ] ], [ [ [ -3.559346, 47.767158 ], [ -3.559399, 47.767149 ], [ -3.559433, 47.767144 ], [ -3.559594, 47.76712 ], [ -3.560517, 47.767281 ], [ -3.561507828972987, 47.767831188540278 ], [ -3.55965, 47.767286 ], [ -3.559337021511919, 47.76718342329783 ], [ -3.559346, 47.767158 ] ] ], [ [ [ -3.525407, 47.76435 ], [ -3.526088, 47.76489 ], [ -3.532828496978488, 47.767980783047349 ], [ -3.532472, 47.768104 ], [ -3.531827, 47.76824 ], [ -3.523915, 47.76422 ], [ -3.52389281142456, 47.764066574958953 ], [ -3.525407, 47.76435 ] ] ], [ [ [ -3.550979, 48.015027 ], [ -3.551025, 48.015619 ], [ -3.55078, 48.016473 ], [ -3.551814577896889, 48.018674637546368 ], [ -3.5521, 48.023487 ], [ -3.548894, 48.026001 ], [ -3.540574, 48.025844 ], [ -3.540055, 48.025477 ], [ -3.537743, 48.023853 ], [ -3.537253, 48.023513 ], [ -3.53632, 48.023511 ], [ -3.535995, 48.023671 ], [ -3.53589, 48.023734 ], [ -3.535201, 48.026472 ], [ -3.536831, 48.028827 ], [ -3.542552, 48.033221 ], [ -3.542937, 48.033573 ], [ -3.544083, 48.034396 ], [ -3.551933, 48.035545 ], [ -3.553762, 48.038633 ], [ -3.556863, 48.040461 ], [ -3.565668, 48.039227 ], [ -3.566174, 48.039877 ], [ -3.566737, 48.040215 ], [ -3.567145, 48.040339 ], [ -3.568945, 48.04078 ], [ -3.571192, 48.041466 ], [ -3.571932, 48.041461 ], [ -3.574382, 48.040589 ], [ -3.582915, 48.042477 ], [ -3.584029, 48.042968 ], [ -3.584356, 48.04299 ], [ -3.58629, 48.04311 ], [ -3.594387, 48.039711 ], [ -3.596822, 48.041027 ], [ -3.601281, 48.045984 ], [ -3.598615, 48.052492 ], [ -3.598554, 48.056092 ], [ -3.599976, 48.056116 ], [ -3.601476, 48.05622 ], [ -3.606474, 48.058729 ], [ -3.607135, 48.059531 ], [ -3.605643, 48.068145 ], [ -3.602344, 48.068906 ], [ -3.596576, 48.067787 ], [ -3.595949, 48.067416 ], [ -3.595247, 48.067212 ], [ -3.594758, 48.067173 ], [ -3.591256, 48.065872 ], [ -3.587703, 48.066453 ], [ -3.587914, 48.067743 ], [ -3.587959, 48.070126 ], [ -3.587367, 48.074003 ], [ -3.579912, 48.076152 ], [ -3.577826, 48.079086 ], [ -3.577827, 48.086011 ], [ -3.579176, 48.089348 ], [ -3.579766, 48.08911 ], [ -3.580282, 48.088859 ], [ -3.582834, 48.087624 ], [ -3.583287, 48.087373 ], [ -3.585024, 48.085932 ], [ -3.585393, 48.085523 ], [ -3.592926, 48.080866 ], [ -3.593534, 48.080819 ], [ -3.594328, 48.080734 ], [ -3.594794, 48.080665 ], [ -3.595711, 48.080556 ], [ -3.596119, 48.08048 ], [ -3.596478, 48.080385 ], [ -3.596966, 48.08022 ], [ -3.597583, 48.079915 ], [ -3.598413, 48.079409 ], [ -3.59953, 48.078681 ], [ -3.599961, 48.078386 ], [ -3.600396, 48.07803 ], [ -3.60156, 48.076947 ], [ -3.601811, 48.076687 ], [ -3.602278, 48.075807 ], [ -3.607822, 48.071492 ], [ -3.612045, 48.07329 ], [ -3.619052, 48.073652 ], [ -3.620517, 48.076941 ], [ -3.622209, 48.076964 ], [ -3.623185, 48.077088 ], [ -3.629342, 48.080384 ], [ -3.633094, 48.084104 ], [ -3.631531, 48.089294 ], [ -3.630648, 48.089985 ], [ -3.62504, 48.090603 ], [ -3.624674, 48.09087 ], [ -3.623436, 48.091831 ], [ -3.622213, 48.092964 ], [ -3.618513, 48.101067 ], [ -3.617484, 48.104517 ], [ -3.620784, 48.109545 ], [ -3.620859706314433, 48.109780928405343 ], [ -3.616925, 48.117015 ], [ -3.614324, 48.116391 ], [ -3.611094, 48.121844 ], [ -3.608323, 48.124143 ], [ -3.601044, 48.120755 ], [ -3.598718, 48.119295 ], [ -3.595084, 48.119271 ], [ -3.594666, 48.119546 ], [ -3.588019, 48.121588 ], [ -3.584531, 48.121011 ], [ -3.575787, 48.119815 ], [ -3.574618, 48.11928 ], [ -3.573791, 48.11897 ], [ -3.570655, 48.124455 ], [ -3.568331, 48.127204 ], [ -3.56914651069689, 48.127893128759872 ], [ -3.562873, 48.129544 ], [ -3.562506, 48.129522 ], [ -3.555026, 48.12747 ], [ -3.54747, 48.126367 ], [ -3.547186, 48.126311 ], [ -3.546742, 48.126258 ], [ -3.539305, 48.124554 ], [ -3.533318, 48.120127 ], [ -3.53289, 48.119784 ], [ -3.532354, 48.11948 ], [ -3.530655, 48.11856 ], [ -3.530136, 48.118247 ], [ -3.529536, 48.117991 ], [ -3.528574, 48.117715 ], [ -3.528395, 48.117674 ], [ -3.521268, 48.113748 ], [ -3.51919, 48.110809 ], [ -3.515177, 48.106566 ], [ -3.514583, 48.099381 ], [ -3.511259, 48.097998 ], [ -3.505955, 48.096636 ], [ -3.502225, 48.089777 ], [ -3.502511, 48.086402 ], [ -3.502207, 48.086136 ], [ -3.499439, 48.07915 ], [ -3.501474, 48.076179 ], [ -3.502303, 48.068135 ], [ -3.50486, 48.067095 ], [ -3.511237, 48.065425 ], [ -3.517191, 48.06962 ], [ -3.517485, 48.070199 ], [ -3.520767, 48.068719 ], [ -3.529154, 48.071395 ], [ -3.529448, 48.071638 ], [ -3.531736, 48.068858 ], [ -3.531441, 48.068616 ], [ -3.529234, 48.066588 ], [ -3.528714, 48.066169 ], [ -3.528171, 48.065776 ], [ -3.524062, 48.059993 ], [ -3.523947, 48.056395 ], [ -3.529469, 48.049785 ], [ -3.530587, 48.049701 ], [ -3.530317, 48.046111 ], [ -3.527523, 48.043963 ], [ -3.523129, 48.043999 ], [ -3.520959, 48.043388 ], [ -3.519157, 48.042558 ], [ -3.515228, 48.03493 ], [ -3.515403, 48.034333 ], [ -3.515523, 48.033751 ], [ -3.514132, 48.032754 ], [ -3.515758, 48.024211 ], [ -3.516145948054701, 48.022223266152714 ], [ -3.516499, 48.022095 ], [ -3.516949, 48.021897 ], [ -3.517317, 48.021705 ], [ -3.517756, 48.021388 ], [ -3.522175, 48.018314 ], [ -3.524678469094953, 48.016765355660418 ], [ -3.529093, 48.022862 ], [ -3.529671, 48.022854 ], [ -3.534479, 48.020044 ], [ -3.534781, 48.019708 ], [ -3.535251, 48.019301 ], [ -3.535668, 48.019052 ], [ -3.536073, 48.018887 ], [ -3.536854, 48.018474 ], [ -3.537261, 48.018263 ], [ -3.537712, 48.018111 ], [ -3.542115974655295, 48.012066234612682 ], [ -3.542273, 48.012209 ], [ -3.542184, 48.014528 ], [ -3.542237, 48.01454 ], [ -3.543126, 48.014517 ], [ -3.543148, 48.01451 ], [ -3.545974, 48.014215 ], [ -3.550963181894098, 48.014827877960997 ], [ -3.550979, 48.015027 ] ] ], [ [ [ -3.51175, 48.014316 ], [ -3.516003578556292, 48.01112897486469 ], [ -3.5153, 48.012513 ], [ -3.513766, 48.014108 ], [ -3.513884867670968, 48.018923084068419 ], [ -3.509484, 48.019277 ], [ -3.503120903242111, 48.015510586594736 ], [ -3.51175, 48.014316 ] ] ], [ [ [ -3.214344, 48.308174 ], [ -3.214045, 48.30786 ], [ -3.213746, 48.307454 ], [ -3.207739, 48.302763 ], [ -3.208079, 48.302774 ], [ -3.209408, 48.302851 ], [ -3.216183, 48.306449 ], [ -3.21631787385749, 48.306770720383469 ], [ -3.214344, 48.308174 ] ] ], [ [ [ -3.292976, 48.339523 ], [ -3.292795, 48.339578 ], [ -3.289202, 48.339367 ], [ -3.284902, 48.333962 ], [ -3.278347, 48.335174 ], [ -3.276427, 48.338139 ], [ -3.275126, 48.3381 ], [ -3.269593, 48.338622 ], [ -3.26357, 48.341048 ], [ -3.263039, 48.341256 ], [ -3.262509, 48.341376 ], [ -3.261596, 48.341528 ], [ -3.26106, 48.338906 ], [ -3.261003, 48.337977 ], [ -3.258254, 48.329551 ], [ -3.257553, 48.329448 ], [ -3.256854, 48.329118 ], [ -3.256697, 48.329 ], [ -3.256548, 48.328041 ], [ -3.260074, 48.319874 ], [ -3.261777, 48.316702 ], [ -3.267914, 48.312465 ], [ -3.270101, 48.312106 ], [ -3.271452, 48.311415 ], [ -3.272372, 48.311133 ], [ -3.272919, 48.311033 ], [ -3.274171, 48.311223 ], [ -3.27716, 48.311435 ], [ -3.277439, 48.311378 ], [ -3.277895, 48.311272 ], [ -3.278812, 48.311005 ], [ -3.279422, 48.310859 ], [ -3.282732, 48.307211 ], [ -3.278573, 48.301513 ], [ -3.277365628001824, 48.301615623815913 ], [ -3.277468, 48.301344 ], [ -3.283946, 48.297094 ], [ -3.284366, 48.293519 ], [ -3.28946, 48.288469 ], [ -3.292358, 48.287871 ], [ -3.291631, 48.284346 ], [ -3.297057, 48.279584 ], [ -3.301028, 48.282037 ], [ -3.302463, 48.284709 ], [ -3.303307, 48.288209 ], [ -3.306469, 48.290362 ], [ -3.308033, 48.29036 ], [ -3.308414, 48.290217 ], [ -3.309218, 48.288037 ], [ -3.312361, 48.283808 ], [ -3.319195, 48.278708 ], [ -3.322587, 48.281581 ], [ -3.327771, 48.280608 ], [ -3.328535, 48.277089 ], [ -3.33585, 48.27383 ], [ -3.336363, 48.27382 ], [ -3.339643, 48.273806 ], [ -3.340124, 48.273861 ], [ -3.345614, 48.273499 ], [ -3.35102, 48.280553 ], [ -3.353381, 48.283271 ], [ -3.354615, 48.2822 ], [ -3.355174, 48.281638 ], [ -3.355573, 48.281101 ], [ -3.355832, 48.280554 ], [ -3.356149, 48.279343 ], [ -3.356611, 48.278078 ], [ -3.357066, 48.276712 ], [ -3.357315, 48.275821 ], [ -3.35954, 48.272292 ], [ -3.366294, 48.274184 ], [ -3.36954, 48.27574 ], [ -3.373756, 48.276359 ], [ -3.373807, 48.276368 ], [ -3.380276, 48.276642 ], [ -3.383082, 48.270135 ], [ -3.383597, 48.266572 ], [ -3.386648605594742, 48.264436281343386 ], [ -3.388487, 48.265971 ], [ -3.389505, 48.269223 ], [ -3.392941, 48.268147 ], [ -3.400395, 48.272495 ], [ -3.400141, 48.278534 ], [ -3.40053, 48.282113 ], [ -3.403655, 48.281773 ], [ -3.409681, 48.281172 ], [ -3.411563, 48.288305 ], [ -3.410255, 48.290332 ], [ -3.409991, 48.291251 ], [ -3.409968, 48.291591 ], [ -3.411032, 48.292516 ], [ -3.411231, 48.292632 ], [ -3.414521, 48.291937 ], [ -3.416527, 48.29143 ], [ -3.425292, 48.290979 ], [ -3.427994, 48.293358 ], [ -3.435948, 48.295591 ], [ -3.436185, 48.295595 ], [ -3.43829, 48.295464 ], [ -3.442992, 48.295311 ], [ -3.445633, 48.295111 ], [ -3.446055, 48.295068 ], [ -3.447151, 48.294895 ], [ -3.447569, 48.294801 ], [ -3.448894, 48.294424 ], [ -3.450329, 48.294098 ], [ -3.451398, 48.293796 ], [ -3.4546, 48.292855 ], [ -3.455563, 48.292616 ], [ -3.463526, 48.29626 ], [ -3.465391, 48.30211 ], [ -3.466382, 48.308631 ], [ -3.468167, 48.311757 ], [ -3.470980959870397, 48.31250138618438 ], [ -3.469507, 48.316633 ], [ -3.468067, 48.319932 ], [ -3.470792, 48.324495 ], [ -3.470294, 48.328061 ], [ -3.463966, 48.330541 ], [ -3.463365, 48.330542 ], [ -3.462782, 48.330588 ], [ -3.462541, 48.330742 ], [ -3.462501, 48.330776 ], [ -3.457141, 48.333812 ], [ -3.45639, 48.337332 ], [ -3.457149, 48.337494 ], [ -3.457865, 48.33759 ], [ -3.458598, 48.337634 ], [ -3.459433, 48.337627 ], [ -3.460522, 48.337624 ], [ -3.465265, 48.342096 ], [ -3.462527, 48.34683 ], [ -3.461739, 48.347148 ], [ -3.460708, 48.348256 ], [ -3.457742, 48.349747 ], [ -3.456732, 48.350025 ], [ -3.453025, 48.351254 ], [ -3.451973, 48.352067 ], [ -3.444488, 48.347981 ], [ -3.446103, 48.344543 ], [ -3.446622, 48.344113 ], [ -3.446344, 48.34055 ], [ -3.445743, 48.340622 ], [ -3.440279, 48.334508 ], [ -3.440968, 48.332824 ], [ -3.441262, 48.331045 ], [ -3.439718, 48.329449 ], [ -3.434535, 48.325876 ], [ -3.428602, 48.319512 ], [ -3.428559, 48.318615 ], [ -3.428237, 48.31793 ], [ -3.427872, 48.31752 ], [ -3.427384, 48.317193 ], [ -3.426898, 48.317014 ], [ -3.4243, 48.31632 ], [ -3.420247, 48.315917 ], [ -3.41945, 48.319428 ], [ -3.416018, 48.325959 ], [ -3.410226, 48.327277 ], [ -3.409871, 48.327224 ], [ -3.405207, 48.334398 ], [ -3.40161, 48.334542 ], [ -3.392811, 48.334776 ], [ -3.392542, 48.333192 ], [ -3.39034, 48.331955 ], [ -3.38998, 48.332035 ], [ -3.389016, 48.332469 ], [ -3.388934, 48.332869 ], [ -3.388895, 48.333418 ], [ -3.388952, 48.333966 ], [ -3.389195, 48.335306 ], [ -3.389355, 48.335845 ], [ -3.389527, 48.336251 ], [ -3.390092, 48.339727 ], [ -3.39002, 48.340429 ], [ -3.383554, 48.334232 ], [ -3.383094, 48.334209 ], [ -3.382655, 48.334164 ], [ -3.381029, 48.333942 ], [ -3.380039, 48.333849 ], [ -3.378787, 48.333797 ], [ -3.37773322060833, 48.334925031337448 ], [ -3.377839, 48.333872 ], [ -3.377635, 48.330278 ], [ -3.376385, 48.329993 ], [ -3.375891, 48.329894 ], [ -3.375287, 48.329875 ], [ -3.374569, 48.330027 ], [ -3.365721, 48.329908 ], [ -3.359919, 48.33444 ], [ -3.359219, 48.334601 ], [ -3.358682, 48.334755 ], [ -3.358266, 48.3349 ], [ -3.350447, 48.331291 ], [ -3.350118, 48.329418 ], [ -3.346524, 48.329633 ], [ -3.338671, 48.330252 ], [ -3.334625, 48.327793 ], [ -3.330726, 48.324878 ], [ -3.326721, 48.323294 ], [ -3.323279, 48.321443 ], [ -3.323787, 48.313138 ], [ -3.325095, 48.308215 ], [ -3.324509, 48.306621 ], [ -3.321494, 48.304654 ], [ -3.313685, 48.307521 ], [ -3.309787, 48.312655 ], [ -3.303648, 48.315002 ], [ -3.302755, 48.315095 ], [ -3.301637, 48.315244 ], [ -3.301316, 48.315325 ], [ -3.300986, 48.315431 ], [ -3.300051, 48.323207 ], [ -3.30018, 48.325037 ], [ -3.295796, 48.332778 ], [ -3.294656, 48.332747 ], [ -3.294298, 48.332692 ], [ -3.292291, 48.334628 ], [ -3.292023, 48.335202 ], [ -3.292415, 48.335622 ], [ -3.293056, 48.336068 ], [ -3.293872, 48.336267 ], [ -3.295121, 48.336314 ], [ -3.300066, 48.338198 ], [ -3.30064, 48.338548 ], [ -3.292976, 48.339523 ] ] ], [ [ [ -3.39565, 48.351296 ], [ -3.395894, 48.352372 ], [ -3.394919, 48.356186 ], [ -3.39565, 48.351296 ] ] ], [ [ [ -3.586379197978659, 48.344989706778463 ], [ -3.582806, 48.341383 ], [ -3.575776, 48.340052 ], [ -3.575192, 48.335166 ], [ -3.572503, 48.332772 ], [ -3.570426, 48.333676 ], [ -3.569345, 48.33711 ], [ -3.563879, 48.340938 ], [ -3.556461, 48.33872 ], [ -3.5547, 48.337205 ], [ -3.551815, 48.339358 ], [ -3.54353634055931, 48.340311835439209 ], [ -3.542755, 48.334385 ], [ -3.543181, 48.332776 ], [ -3.543219618783238, 48.332617438223323 ], [ -3.543287, 48.332426 ], [ -3.545864, 48.328504 ], [ -3.546003, 48.324906 ], [ -3.546091204230569, 48.324611055473731 ], [ -3.55299, 48.320779 ], [ -3.554726, 48.322238 ], [ -3.555776, 48.323511 ], [ -3.558218, 48.321949 ], [ -3.558553, 48.32122 ], [ -3.558843, 48.32058 ], [ -3.561428, 48.313762 ], [ -3.562094, 48.312092 ], [ -3.562076, 48.31201 ], [ -3.561727, 48.310175 ], [ -3.566092, 48.305047 ], [ -3.571079, 48.310836 ], [ -3.570884, 48.31443 ], [ -3.575635, 48.320888 ], [ -3.576347, 48.32637 ], [ -3.579805, 48.327373 ], [ -3.582408, 48.323998 ], [ -3.585816, 48.322838 ], [ -3.592901, 48.32797 ], [ -3.591375, 48.334083 ], [ -3.591471, 48.337372 ], [ -3.591513, 48.33768 ], [ -3.592762758749453, 48.33856759816728 ], [ -3.58813, 48.341635 ], [ -3.587644, 48.341969 ], [ -3.586994, 48.342928 ], [ -3.586379197978659, 48.344989706778463 ] ] ], [ [ [ -3.453664, 48.217234 ], [ -3.458862, 48.21302 ], [ -3.4625259964775, 48.21764660310874 ], [ -3.461043, 48.220459 ], [ -3.455991, 48.221608 ], [ -3.454349, 48.221926 ], [ -3.453994, 48.222087 ], [ -3.448369487383273, 48.222656031902723 ], [ -3.453495, 48.218456 ], [ -3.453664, 48.217234 ] ] ], [ [ [ -3.560754, 48.143419 ], [ -3.563484, 48.143131 ], [ -3.564099568369801, 48.143751169794491 ], [ -3.564105, 48.150299 ], [ -3.564608, 48.153864 ], [ -3.567527, 48.15429 ], [ -3.575233, 48.158825 ], [ -3.575364, 48.159067 ], [ -3.57592, 48.159733 ], [ -3.577207, 48.166234 ], [ -3.574163, 48.168956 ], [ -3.573786, 48.169488 ], [ -3.569276, 48.173306 ], [ -3.56857, 48.173696 ], [ -3.56009, 48.174417 ], [ -3.557366, 48.174314 ], [ -3.557355, 48.174313 ], [ -3.555969, 48.174269 ], [ -3.550237, 48.17887 ], [ -3.546609, 48.180113 ], [ -3.543121, 48.18131 ], [ -3.54011, 48.182461 ], [ -3.534863, 48.184784 ], [ -3.53506, 48.188379 ], [ -3.527633, 48.190529 ], [ -3.521609, 48.186763 ], [ -3.519206, 48.186797 ], [ -3.519111, 48.186838 ], [ -3.516831, 48.188657 ], [ -3.516823, 48.189676 ], [ -3.516879, 48.189985 ], [ -3.517004, 48.190405 ], [ -3.517114, 48.190644 ], [ -3.517455, 48.191126 ], [ -3.51757, 48.191243 ], [ -3.518352, 48.19192 ], [ -3.522569, 48.193396 ], [ -3.525226, 48.19953 ], [ -3.526588, 48.1993 ], [ -3.532455, 48.205608 ], [ -3.537473, 48.212916 ], [ -3.539365, 48.218056 ], [ -3.541156, 48.220187 ], [ -3.541553, 48.220544 ], [ -3.542066, 48.220859 ], [ -3.544347, 48.222005 ], [ -3.547344, 48.227731 ], [ -3.547327, 48.228143 ], [ -3.546874, 48.236573 ], [ -3.543276, 48.239743 ], [ -3.536871, 48.237167 ], [ -3.536314, 48.233201 ], [ -3.536281, 48.232658 ], [ -3.536116, 48.232091 ], [ -3.535502, 48.230763 ], [ -3.535242, 48.230305 ], [ -3.534519, 48.228886 ], [ -3.532638, 48.228858 ], [ -3.531884, 48.229131 ], [ -3.531105, 48.230027 ], [ -3.522263, 48.229599 ], [ -3.519768, 48.225671 ], [ -3.518489, 48.222306 ], [ -3.513251, 48.218137 ], [ -3.512844, 48.217808 ], [ -3.512132, 48.217405 ], [ -3.511307, 48.217323 ], [ -3.506928, 48.217189 ], [ -3.499742, 48.215115 ], [ -3.497476, 48.217912 ], [ -3.495782, 48.22466 ], [ -3.490536, 48.227796 ], [ -3.490571, 48.229806 ], [ -3.490586, 48.229979 ], [ -3.49061, 48.230154 ], [ -3.491168, 48.23134 ], [ -3.492289, 48.231226 ], [ -3.496689, 48.232065 ], [ -3.500745, 48.237036 ], [ -3.50022, 48.242106 ], [ -3.495212, 48.246531 ], [ -3.492368, 48.247175 ], [ -3.493162, 48.250686 ], [ -3.488084, 48.25744 ], [ -3.483831, 48.254126 ], [ -3.483656, 48.25053 ], [ -3.478814, 48.24686 ], [ -3.475263, 48.246267 ], [ -3.472457, 48.238447 ], [ -3.47738, 48.233362 ], [ -3.476935, 48.229789 ], [ -3.470592, 48.228841 ], [ -3.46497, 48.223078 ], [ -3.465899, 48.220046 ], [ -3.466265, 48.219152 ], [ -3.466329904304, 48.218879734765785 ], [ -3.466331, 48.21888 ], [ -3.472514, 48.214781 ], [ -3.471566, 48.211308 ], [ -3.46862, 48.205575 ], [ -3.46984, 48.198094 ], [ -3.47013, 48.193383 ], [ -3.47826, 48.191031 ], [ -3.48155, 48.196161 ], [ -3.482742, 48.198657 ], [ -3.483005, 48.198685 ], [ -3.485542, 48.198907 ], [ -3.486103, 48.198952 ], [ -3.486384, 48.198938 ], [ -3.488238, 48.198757 ], [ -3.487888, 48.195174 ], [ -3.485966, 48.19058 ], [ -3.487657, 48.185924 ], [ -3.487124, 48.182364 ], [ -3.493226, 48.178578 ], [ -3.495022, 48.179339 ], [ -3.503025, 48.180031 ], [ -3.504754, 48.18105 ], [ -3.505618, 48.181054 ], [ -3.507908, 48.180992 ], [ -3.507811, 48.177394 ], [ -3.511608, 48.16928 ], [ -3.518585, 48.171366 ], [ -3.522061, 48.169044 ], [ -3.52777, 48.167032 ], [ -3.531279, 48.167835 ], [ -3.534261, 48.167129 ], [ -3.535408, 48.166733 ], [ -3.535723, 48.165467 ], [ -3.540387, 48.159462 ], [ -3.546953, 48.161043 ], [ -3.550419, 48.16007 ], [ -3.554578, 48.155352 ], [ -3.553689, 48.151863 ], [ -3.554502, 48.144064 ], [ -3.558024, 48.143707 ], [ -3.560754, 48.143419 ] ] ], [ [ [ -3.500292, 48.309048 ], [ -3.500434, 48.309086 ], [ -3.500969, 48.309208 ], [ -3.504672417860894, 48.312303614398004 ], [ -3.503453, 48.311693 ], [ -3.498382, 48.31212 ], [ -3.496548, 48.312236 ], [ -3.49675, 48.31583 ], [ -3.491494, 48.323102 ], [ -3.489192, 48.322262 ], [ -3.488722, 48.322014 ], [ -3.485408, 48.316757 ], [ -3.480476, 48.310837 ], [ -3.479336139671802, 48.310377411199362 ], [ -3.483923, 48.305545 ], [ -3.484645, 48.305485 ], [ -3.485377, 48.305438 ], [ -3.485781, 48.305383 ], [ -3.486141, 48.305295 ], [ -3.486606, 48.305124 ], [ -3.489648, 48.303866 ], [ -3.496235, 48.307858 ], [ -3.496943, 48.30837 ], [ -3.497517, 48.308584 ], [ -3.499925, 48.308953 ], [ -3.500292, 48.309048 ] ] ] ] } }
]
}
