{
"type": "FeatureCollection",
"name": "Vison_refuge_globale_15_30",
"crs": { "type": "name", "properties": { "name": "urn:ogc:def:crs:OGC:1.3:CRS84" } },
"features": [
{ "type": "Feature", "properties": { "fid": 1, "ID": null, "CENTER_LON": "-4.4809806", "CENTER_LAT": "48.4256985", "AA_MINS": 30, "AA_MODE": "driving-car", "TOTAL_POP": "334081" }, "geometry": { "type": "MultiPolygon", "coordinates": [ [ [ [ -4.60063, 48.341443 ], [ -4.600905, 48.34129 ], [ -4.601568, 48.341019 ], [ -4.605243, 48.342682 ], [ -4.610945, 48.340035 ], [ -4.611005, 48.339981 ], [ -4.613671, 48.338688 ], [ -4.619477, 48.338051 ], [ -4.624085, 48.338561 ], [ -4.624748, 48.33873 ], [ -4.630351, 48.345164 ], [ -4.633888, 48.345836 ], [ -4.642031, 48.346449 ], [ -4.645659, 48.344567 ], [ -4.646296, 48.344618 ], [ -4.647177, 48.344802 ], [ -4.647898, 48.344965 ], [ -4.648916, 48.345208 ], [ -4.654309, 48.349921 ], [ -4.661732, 48.352344 ], [ -4.669499, 48.351167 ], [ -4.669742, 48.351182 ], [ -4.671131, 48.351656 ], [ -4.671555, 48.351839 ], [ -4.677813, 48.356889 ], [ -4.68382, 48.360041 ], [ -4.688613, 48.358735 ], [ -4.689297, 48.358445 ], [ -4.690077, 48.358925 ], [ -4.694857, 48.360006 ], [ -4.699515, 48.357458 ], [ -4.700907, 48.355663 ], [ -4.701286, 48.35553 ], [ -4.704138, 48.355898 ], [ -4.710434, 48.354542 ], [ -4.717199, 48.357547 ], [ -4.717772, 48.358679 ], [ -4.718261, 48.36029 ], [ -4.718622, 48.361216 ], [ -4.718949, 48.362081 ], [ -4.720954, 48.364989 ], [ -4.729702, 48.366014 ], [ -4.73617, 48.365132 ], [ -4.742269, 48.363637 ], [ -4.742972, 48.36335 ], [ -4.743499, 48.363156 ], [ -4.744741, 48.366535 ], [ -4.742621, 48.367499 ], [ -4.742034, 48.367765 ], [ -4.739528, 48.369092 ], [ -4.735287, 48.37524 ], [ -4.734001, 48.37821 ], [ -4.733553, 48.3794 ], [ -4.73326, 48.379702 ], [ -4.727415, 48.38553 ], [ -4.727858, 48.387223 ], [ -4.728976, 48.394522 ], [ -4.732534, 48.395067 ], [ -4.738948, 48.401064 ], [ -4.739978, 48.400753 ], [ -4.740857, 48.400514 ], [ -4.741688, 48.400269 ], [ -4.742102, 48.400245 ], [ -4.742377, 48.400255 ], [ -4.743705, 48.401538 ], [ -4.743667, 48.402168 ], [ -4.742237, 48.403853 ], [ -4.742097, 48.403894 ], [ -4.740943, 48.404221 ], [ -4.737456, 48.405938 ], [ -4.732495, 48.410826 ], [ -4.732275, 48.417726 ], [ -4.730416, 48.419092 ], [ -4.733447, 48.427161 ], [ -4.736477, 48.427924 ], [ -4.737817, 48.431265 ], [ -4.741877, 48.437863 ], [ -4.743923, 48.439428 ], [ -4.742812, 48.444775 ], [ -4.739262, 48.444173 ], [ -4.734503, 48.443692 ], [ -4.727378, 48.445394 ], [ -4.725698, 48.446721 ], [ -4.71934, 48.447655 ], [ -4.718152, 48.447555 ], [ -4.717868, 48.446266 ], [ -4.716844, 48.442433 ], [ -4.716492, 48.441675 ], [ -4.715894, 48.44047 ], [ -4.715723, 48.440199 ], [ -4.715044, 48.439222 ], [ -4.710542, 48.43519 ], [ -4.707419, 48.435046 ], [ -4.702225, 48.440724 ], [ -4.704645, 48.444128 ], [ -4.705456, 48.446832 ], [ -4.705616, 48.447311 ], [ -4.705706, 48.447702 ], [ -4.705842, 48.448521 ], [ -4.70229, 48.449109 ], [ -4.698395, 48.451528 ], [ -4.702699, 48.459147 ], [ -4.703344, 48.459232 ], [ -4.704879, 48.461619 ], [ -4.709657, 48.468863 ], [ -4.712441, 48.470429 ], [ -4.712913, 48.470664 ], [ -4.713384, 48.471007 ], [ -4.71358, 48.471188 ], [ -4.711471, 48.477207 ], [ -4.710959, 48.480212 ], [ -4.708085, 48.488555 ], [ -4.707799, 48.491023 ], [ -4.70707, 48.497851 ], [ -4.709689, 48.500914 ], [ -4.709949, 48.50346 ], [ -4.709649, 48.503844 ], [ -4.708346, 48.504254 ], [ -4.708074, 48.504145 ], [ -4.707641, 48.503918 ], [ -4.707105, 48.503553 ], [ -4.698343, 48.502117 ], [ -4.6945, 48.503747 ], [ -4.68807, 48.508283 ], [ -4.686934, 48.509316 ], [ -4.682128, 48.515955 ], [ -4.682647, 48.518776 ], [ -4.681466, 48.522723 ], [ -4.685817, 48.530295 ], [ -4.688175, 48.533467 ], [ -4.686381, 48.536589 ], [ -4.684104, 48.544534 ], [ -4.683355, 48.548055 ], [ -4.682785, 48.556245 ], [ -4.678943, 48.559201 ], [ -4.678869, 48.559216 ], [ -4.678523, 48.559262 ], [ -4.678445, 48.559253 ], [ -4.677779, 48.559036 ], [ -4.675661, 48.557661 ], [ -4.667449, 48.554762 ], [ -4.666507, 48.554791 ], [ -4.660313, 48.560618 ], [ -4.654373, 48.566791 ], [ -4.654322, 48.566857 ], [ -4.646369, 48.564031 ], [ -4.640659, 48.559378 ], [ -4.633644, 48.559231 ], [ -4.632006, 48.562437 ], [ -4.623972, 48.562997 ], [ -4.622977, 48.563459 ], [ -4.621805, 48.564025 ], [ -4.620872, 48.564389 ], [ -4.619753, 48.564749 ], [ -4.618697, 48.565112 ], [ -4.6175, 48.565498 ], [ -4.612802, 48.563363 ], [ -4.608487, 48.565574 ], [ -4.607828, 48.566418 ], [ -4.607657, 48.566519 ], [ -4.607171, 48.566762 ], [ -4.606886, 48.566837 ], [ -4.606002, 48.567014 ], [ -4.600042, 48.567015 ], [ -4.599956, 48.566971 ], [ -4.598481, 48.566112 ], [ -4.596728, 48.565043 ], [ -4.5965, 48.564919 ], [ -4.596328, 48.564826 ], [ -4.596109, 48.564702 ], [ -4.594146, 48.560784 ], [ -4.588554, 48.557114 ], [ -4.58204, 48.554415 ], [ -4.57921, 48.556413 ], [ -4.576723, 48.559045 ], [ -4.572786, 48.558876 ], [ -4.572641, 48.558851 ], [ -4.570931, 48.558262 ], [ -4.567611, 48.557181 ], [ -4.565939, 48.557219 ], [ -4.564843, 48.557117 ], [ -4.564234, 48.557058 ], [ -4.56355, 48.556937 ], [ -4.56228, 48.55653 ], [ -4.561139, 48.556411 ], [ -4.5602, 48.556333 ], [ -4.559649, 48.556262 ], [ -4.559072, 48.556113 ], [ -4.558241, 48.555706 ], [ -4.553466, 48.555763 ], [ -4.550867, 48.56164 ], [ -4.555467, 48.565972 ], [ -4.56229, 48.566537 ], [ -4.565641, 48.566989 ], [ -4.567679, 48.567761 ], [ -4.569239, 48.567787 ], [ -4.56945, 48.56961 ], [ -4.56944, 48.569968 ], [ -4.569181, 48.571386 ], [ -4.562561, 48.57611 ], [ -4.563098, 48.58292 ], [ -4.562909, 48.585914 ], [ -4.562862, 48.585943 ], [ -4.555746, 48.589351 ], [ -4.554301, 48.590207 ], [ -4.553115, 48.589419 ], [ -4.545005, 48.586062 ], [ -4.537715, 48.586741 ], [ -4.533827, 48.5887 ], [ -4.530591, 48.590731 ], [ -4.530103, 48.5909 ], [ -4.530061, 48.590884 ], [ -4.529902, 48.590817 ], [ -4.522418, 48.592003 ], [ -4.520617, 48.597065 ], [ -4.519667, 48.600538 ], [ -4.519602, 48.604825 ], [ -4.519404, 48.605347 ], [ -4.519037, 48.605945 ], [ -4.518625, 48.606317 ], [ -4.518263, 48.606519 ], [ -4.516079, 48.607567 ], [ -4.510837, 48.607616 ], [ -4.507045, 48.608076 ], [ -4.504489, 48.608456 ], [ -4.495987, 48.611253 ], [ -4.495348, 48.61165 ], [ -4.49482, 48.611915 ], [ -4.494318, 48.612135 ], [ -4.49378, 48.612325 ], [ -4.493261, 48.61248 ], [ -4.49232, 48.612719 ], [ -4.491435, 48.609229 ], [ -4.492523, 48.607507 ], [ -4.493423, 48.601366 ], [ -4.488156, 48.598707 ], [ -4.487502, 48.598633 ], [ -4.483532, 48.599708 ], [ -4.482484, 48.600032 ], [ -4.482093, 48.60015 ], [ -4.481692, 48.600228 ], [ -4.477962, 48.599234 ], [ -4.47036, 48.603095 ], [ -4.470228, 48.603287 ], [ -4.468661, 48.603859 ], [ -4.468641, 48.603857 ], [ -4.466331, 48.603704 ], [ -4.459492, 48.607833 ], [ -4.458151, 48.60913 ], [ -4.456085, 48.609166 ], [ -4.455354, 48.608626 ], [ -4.455313, 48.608576 ], [ -4.454847, 48.607701 ], [ -4.455234, 48.606493 ], [ -4.456143, 48.60301 ], [ -4.455995, 48.600244 ], [ -4.455245696721466, 48.59997456815735 ], [ -4.456614, 48.597707 ], [ -4.458332, 48.596174 ], [ -4.466866, 48.593727 ], [ -4.468591, 48.592384 ], [ -4.468717, 48.591821 ], [ -4.467543, 48.590191 ], [ -4.467171, 48.59012 ], [ -4.463816, 48.589621 ], [ -4.463596, 48.581731 ], [ -4.463942, 48.581271 ], [ -4.464173, 48.580896 ], [ -4.467207, 48.577092 ], [ -4.472106, 48.571814 ], [ -4.471953, 48.568217 ], [ -4.470962, 48.568259 ], [ -4.468589, 48.568272 ], [ -4.462011, 48.567339 ], [ -4.453926, 48.563695 ], [ -4.453243, 48.561973 ], [ -4.452734, 48.560298 ], [ -4.450508, 48.559291 ], [ -4.448502, 48.558747 ], [ -4.447726, 48.559111 ], [ -4.447542, 48.559533 ], [ -4.447393, 48.560071 ], [ -4.441513, 48.566454 ], [ -4.440952, 48.566417 ], [ -4.440494, 48.566413 ], [ -4.438667, 48.566576 ], [ -4.434024, 48.565252 ], [ -4.433498, 48.564909 ], [ -4.432791, 48.564574 ], [ -4.432121, 48.564383 ], [ -4.427169, 48.557125 ], [ -4.427752, 48.553573 ], [ -4.425068, 48.547071 ], [ -4.431134, 48.545195 ], [ -4.431804, 48.544853 ], [ -4.432216, 48.544585 ], [ -4.432539, 48.544303 ], [ -4.433092, 48.543158 ], [ -4.434876, 48.535737 ], [ -4.435887, 48.53393 ], [ -4.435641, 48.533356 ], [ -4.43426, 48.53219 ], [ -4.433679, 48.532291 ], [ -4.425881, 48.528334 ], [ -4.425714, 48.527977 ], [ -4.42504, 48.526859 ], [ -4.424, 48.52542 ], [ -4.420683, 48.519603 ], [ -4.421099, 48.513887 ], [ -4.422499, 48.510539 ], [ -4.420867, 48.505417 ], [ -4.420735, 48.505307 ], [ -4.419042, 48.505106 ], [ -4.41893, 48.505105 ], [ -4.411808, 48.50511 ], [ -4.409157, 48.505218 ], [ -4.402418, 48.504957 ], [ -4.400859, 48.504981 ], [ -4.400052, 48.505186 ], [ -4.399215, 48.506599 ], [ -4.398753, 48.508661 ], [ -4.390015, 48.510254 ], [ -4.389308, 48.507913 ], [ -4.389183, 48.507437 ], [ -4.387995, 48.505807 ], [ -4.386953, 48.506073 ], [ -4.381051, 48.507574 ], [ -4.380011, 48.507788 ], [ -4.379589, 48.507884 ], [ -4.379239, 48.507985 ], [ -4.377688, 48.508535 ], [ -4.3761, 48.508909 ], [ -4.368047, 48.506181 ], [ -4.366773, 48.505887 ], [ -4.365317, 48.505963 ], [ -4.358045, 48.509885 ], [ -4.349661, 48.508886 ], [ -4.343066, 48.503485 ], [ -4.3415, 48.498455 ], [ -4.341964, 48.493291 ], [ -4.341885, 48.490002 ], [ -4.34168, 48.489411 ], [ -4.341214, 48.488455 ], [ -4.337977, 48.490032 ], [ -4.336324, 48.491179 ], [ -4.330281, 48.496778 ], [ -4.326171, 48.495022 ], [ -4.323071, 48.496851 ], [ -4.321791, 48.500246 ], [ -4.316877069533077, 48.50009113109715 ], [ -4.313408, 48.494224 ], [ -4.31276, 48.493462 ], [ -4.31195, 48.492199 ], [ -4.310878, 48.486773 ], [ -4.31175, 48.484157 ], [ -4.312731, 48.482109 ], [ -4.32017, 48.480612 ], [ -4.32157, 48.4815 ], [ -4.321935, 48.481721 ], [ -4.329268, 48.481271 ], [ -4.329545, 48.48133 ], [ -4.33602, 48.482559 ], [ -4.336064, 48.482571 ], [ -4.338075, 48.481663 ], [ -4.338134, 48.481527 ], [ -4.338853269080241, 48.480018629889976 ], [ -4.343699, 48.476807 ], [ -4.348881, 48.479481 ], [ -4.34966, 48.480578 ], [ -4.350253, 48.480426 ], [ -4.351171, 48.479892 ], [ -4.3572, 48.477897 ], [ -4.36037, 48.479772 ], [ -4.361896, 48.482417 ], [ -4.365357, 48.481427 ], [ -4.372789, 48.48033 ], [ -4.37441, 48.482319 ], [ -4.374638, 48.482578 ], [ -4.375611, 48.483101 ], [ -4.37587, 48.483103 ], [ -4.376593, 48.482964 ], [ -4.37792, 48.481099 ], [ -4.386431, 48.47851 ], [ -4.394737, 48.4784 ], [ -4.396486, 48.480286 ], [ -4.397613, 48.483705 ], [ -4.404423, 48.484175 ], [ -4.406976, 48.485153 ], [ -4.409194, 48.486304 ], [ -4.411276, 48.483367 ], [ -4.411193, 48.483308 ], [ -4.410844, 48.483063 ], [ -4.410345, 48.482758 ], [ -4.409765, 48.482441 ], [ -4.409325, 48.48223 ], [ -4.403347, 48.47631 ], [ -4.401256, 48.472051 ], [ -4.40133, 48.46653 ], [ -4.406648, 48.462673 ], [ -4.410363, 48.456364 ], [ -4.415925, 48.455974 ], [ -4.417513, 48.456489 ], [ -4.42162, 48.463307 ], [ -4.423133, 48.463843 ], [ -4.425462, 48.465122 ], [ -4.432255, 48.469763 ], [ -4.428072, 48.475384 ], [ -4.427352, 48.479673 ], [ -4.427107, 48.480439 ], [ -4.427062, 48.481024 ], [ -4.427095, 48.481762 ], [ -4.427097, 48.481784 ], [ -4.428846, 48.483414 ], [ -4.431639, 48.49182 ], [ -4.432164, 48.494336 ], [ -4.432326, 48.494794 ], [ -4.432337, 48.494794 ], [ -4.433635, 48.494452 ], [ -4.434294, 48.494105 ], [ -4.434845, 48.493459 ], [ -4.436856, 48.491493 ], [ -4.43765, 48.490035 ], [ -4.437349, 48.48892 ], [ -4.437941, 48.482736 ], [ -4.440792, 48.480431 ], [ -4.443743, 48.479547 ], [ -4.446935, 48.479993 ], [ -4.453114, 48.486472 ], [ -4.453064, 48.488626 ], [ -4.453134, 48.488751 ], [ -4.456818, 48.496775 ], [ -4.456936, 48.497107 ], [ -4.460334, 48.504761 ], [ -4.460237, 48.507114 ], [ -4.463674, 48.508187 ], [ -4.469591, 48.50251 ], [ -4.47234, 48.496785 ], [ -4.475566, 48.494852 ], [ -4.477369, 48.494439 ], [ -4.483171, 48.493146 ], [ -4.484035, 48.492978 ], [ -4.484862, 48.492891 ], [ -4.485217, 48.492857 ], [ -4.485614, 48.49279 ], [ -4.48956, 48.49321 ], [ -4.494716, 48.500435 ], [ -4.494389, 48.503615 ], [ -4.494056, 48.506883 ], [ -4.494021, 48.507527 ], [ -4.497616, 48.507721 ], [ -4.497651, 48.507077 ], [ -4.497971, 48.503983 ], [ -4.504553, 48.49934 ], [ -4.504584, 48.499329 ], [ -4.509714, 48.497491 ], [ -4.510577, 48.497105 ], [ -4.511622, 48.496346 ], [ -4.514823, 48.493461 ], [ -4.521462, 48.494569 ], [ -4.522396, 48.494488 ], [ -4.522917, 48.494416 ], [ -4.523485, 48.494294 ], [ -4.525107, 48.494165 ], [ -4.529929, 48.501054 ], [ -4.52987, 48.501315 ], [ -4.529529, 48.503036 ], [ -4.52945, 48.503605 ], [ -4.529449, 48.50426 ], [ -4.529588, 48.504881 ], [ -4.529983, 48.505706 ], [ -4.530304, 48.506177 ], [ -4.534789, 48.50495 ], [ -4.542313, 48.505635 ], [ -4.545499, 48.506487 ], [ -4.547723, 48.503656 ], [ -4.547793, 48.500279 ], [ -4.546283, 48.498164 ], [ -4.545485, 48.497517 ], [ -4.541056, 48.493936 ], [ -4.538176, 48.491776 ], [ -4.53842, 48.484134 ], [ -4.541864, 48.483201 ], [ -4.542352, 48.483131 ], [ -4.543651, 48.482999 ], [ -4.545231, 48.477583 ], [ -4.54722, 48.474583 ], [ -4.555095, 48.474755 ], [ -4.555133, 48.474784 ], [ -4.556766, 48.474781 ], [ -4.557248, 48.474501 ], [ -4.55787, 48.473702 ], [ -4.559614, 48.471475 ], [ -4.564511, 48.467312 ], [ -4.565851, 48.465153 ], [ -4.565934, 48.463988 ], [ -4.565888, 48.459076 ], [ -4.573897, 48.455278 ], [ -4.576873, 48.451548 ], [ -4.576989, 48.450549 ], [ -4.576768, 48.44795 ], [ -4.580911, 48.441228 ], [ -4.583422251707794, 48.436440037091714 ], [ -4.584109, 48.436104 ], [ -4.58595, 48.435284 ], [ -4.587703, 48.434501 ], [ -4.588495, 48.434102 ], [ -4.588795, 48.43393 ], [ -4.590554, 48.432802 ], [ -4.599291, 48.431897 ], [ -4.603223, 48.432674 ], [ -4.604155, 48.432938 ], [ -4.604717, 48.433049 ], [ -4.605116, 48.433107 ], [ -4.606034, 48.433192 ], [ -4.606088, 48.433195 ], [ -4.611299, 48.428741 ], [ -4.614049, 48.427885 ], [ -4.615056, 48.427602 ], [ -4.619636, 48.425403 ], [ -4.626027, 48.42065 ], [ -4.627585, 48.419833 ], [ -4.630032, 48.411538 ], [ -4.626843, 48.404526 ], [ -4.621226, 48.404193 ], [ -4.617416, 48.401025 ], [ -4.613869, 48.398565 ], [ -4.613306, 48.398262 ], [ -4.60749, 48.393308 ], [ -4.606775, 48.38978 ], [ -4.606017, 48.389934 ], [ -4.600573, 48.383043 ], [ -4.600707, 48.38225 ], [ -4.600699, 48.382061 ], [ -4.599964, 48.381052 ], [ -4.59874, 48.37745 ], [ -4.602115, 48.370667 ], [ -4.611011, 48.37202 ], [ -4.616959, 48.374073 ], [ -4.617771, 48.374738 ], [ -4.618316, 48.374766 ], [ -4.620126, 48.372362 ], [ -4.625007, 48.367348 ], [ -4.625203, 48.367196 ], [ -4.628518, 48.360643 ], [ -4.629196, 48.35899 ], [ -4.628324, 48.357048 ], [ -4.623207, 48.350135 ], [ -4.623124, 48.349283 ], [ -4.622044, 48.347243 ], [ -4.621955, 48.347229 ], [ -4.620627, 48.347624 ], [ -4.613375, 48.347233 ], [ -4.61113, 48.344419 ], [ -4.610481, 48.344936 ], [ -4.605889, 48.346993 ], [ -4.599855, 48.344399 ], [ -4.596081, 48.343953 ], [ -4.595276, 48.344096 ], [ -4.593201628018647, 48.344745703265161 ], [ -4.60063, 48.341443 ] ] ], [ [ [ -4.58912, 48.347585 ], [ -4.58944, 48.346273 ], [ -4.59031, 48.345824 ], [ -4.591856, 48.345205 ], [ -4.592359, 48.345012 ], [ -4.592526819627512, 48.344962157113351 ], [ -4.592363, 48.349646 ], [ -4.586306, 48.352152 ], [ -4.584661863797507, 48.351960821371804 ], [ -4.58912, 48.347585 ] ] ], [ [ [ -4.57035, 48.351668 ], [ -4.576215, 48.349741 ], [ -4.577029, 48.349644 ], [ -4.577363, 48.349685 ], [ -4.578303, 48.349894 ], [ -4.578758, 48.350105 ], [ -4.57939824860448, 48.350805293729877 ], [ -4.578957, 48.350646 ], [ -4.578092, 48.350287 ], [ -4.569757, 48.352076 ], [ -4.568931130421945, 48.35211515233555 ], [ -4.57035, 48.351668 ] ] ], [ [ [ -4.567569, 48.352672 ], [ -4.567638, 48.352589 ], [ -4.567729, 48.352494 ], [ -4.568044854562647, 48.352394459416729 ], [ -4.567436423459977, 48.352821970045163 ], [ -4.567569, 48.352672 ] ] ], [ [ [ -4.53125, 48.360015 ], [ -4.537725, 48.359768 ], [ -4.533818, 48.360689 ], [ -4.528459, 48.362508 ], [ -4.528047, 48.362692 ], [ -4.526772, 48.363354 ], [ -4.526156, 48.363694 ], [ -4.53125, 48.360015 ] ] ], [ [ [ -4.509726, 48.374687 ], [ -4.51082, 48.373876 ], [ -4.512231, 48.372806 ], [ -4.507201, 48.376794 ], [ -4.509726, 48.374687 ] ] ], [ [ [ -4.427726, 48.396298 ], [ -4.433202, 48.389289 ], [ -4.434985, 48.385467 ], [ -4.436249, 48.385283 ], [ -4.436395, 48.385322 ], [ -4.439235, 48.387257 ], [ -4.445773, 48.385093 ], [ -4.45165, 48.385884 ], [ -4.457464976225038, 48.386940135886626 ], [ -4.456953, 48.387078 ], [ -4.455969, 48.3874 ], [ -4.452219, 48.390983 ], [ -4.446082, 48.38977 ], [ -4.445954, 48.38978 ], [ -4.44196, 48.392063 ], [ -4.43607, 48.390313 ], [ -4.435681, 48.390267 ], [ -4.434866, 48.390357 ], [ -4.43481, 48.390379 ], [ -4.43409, 48.390893 ], [ -4.434041, 48.390958 ], [ -4.433636, 48.391518 ], [ -4.427884, 48.396371 ], [ -4.424813, 48.396512 ], [ -4.427726, 48.396298 ] ] ], [ [ [ -4.423686, 48.396309 ], [ -4.418592, 48.395792 ], [ -4.41815, 48.395663 ], [ -4.423686, 48.396309 ] ] ], [ [ [ -4.212337, 48.386794 ], [ -4.213051, 48.383889 ], [ -4.213175, 48.38307 ], [ -4.211364, 48.376835 ], [ -4.207793, 48.374197 ], [ -4.20243, 48.374217 ], [ -4.201615, 48.373886 ], [ -4.201405, 48.373726 ], [ -4.201269, 48.37081 ], [ -4.206352, 48.365984 ], [ -4.211385, 48.362461 ], [ -4.211901, 48.362392 ], [ -4.213183, 48.363126 ], [ -4.216627, 48.364379 ], [ -4.223956, 48.361736 ], [ -4.225678, 48.354844 ], [ -4.22371, 48.35239 ], [ -4.223969, 48.351675 ], [ -4.226387, 48.349733 ], [ -4.228579, 48.34171 ], [ -4.228058, 48.338316 ], [ -4.227547, 48.334974 ], [ -4.227348, 48.333854 ], [ -4.227151, 48.333104 ], [ -4.226606, 48.331639 ], [ -4.22631, 48.33103 ], [ -4.225989, 48.330431 ], [ -4.225642, 48.329865 ], [ -4.223807, 48.32755 ], [ -4.222886, 48.326121 ], [ -4.21602, 48.324033 ], [ -4.213161, 48.325908 ], [ -4.207603, 48.330788 ], [ -4.207364, 48.330913 ], [ -4.205659, 48.330937 ], [ -4.197368, 48.330276 ], [ -4.19633, 48.326829 ], [ -4.189461, 48.324106 ], [ -4.181413, 48.325336 ], [ -4.179408, 48.325768 ], [ -4.178222, 48.325866 ], [ -4.177553, 48.323327 ], [ -4.17151, 48.319899 ], [ -4.168088, 48.322531 ], [ -4.167631, 48.323007 ], [ -4.167354, 48.323267 ], [ -4.166002, 48.322912 ], [ -4.165839, 48.322789 ], [ -4.164889, 48.320644 ], [ -4.16548, 48.320049 ], [ -4.167089, 48.317884 ], [ -4.169594, 48.316851 ], [ -4.172006, 48.315367 ], [ -4.172521, 48.315081 ], [ -4.173602, 48.314572 ], [ -4.174668, 48.31418 ], [ -4.17341, 48.305558 ], [ -4.168121, 48.301253 ], [ -4.162294, 48.300178 ], [ -4.158125, 48.301884 ], [ -4.155385, 48.304218 ], [ -4.152536, 48.303857 ], [ -4.151796, 48.303845 ], [ -4.151255, 48.303753 ], [ -4.150481, 48.30358 ], [ -4.15119, 48.300051 ], [ -4.151818, 48.300177 ], [ -4.152499, 48.300257 ], [ -4.157307, 48.300897 ], [ -4.158221, 48.300787 ], [ -4.159987, 48.30075 ], [ -4.1619, 48.292114 ], [ -4.161408, 48.291585 ], [ -4.158772, 48.289495 ], [ -4.158265, 48.289315 ], [ -4.157789, 48.289176 ], [ -4.155961, 48.28873 ], [ -4.152561, 48.287964 ], [ -4.151406, 48.287688 ], [ -4.150485, 48.287435 ], [ -4.147521, 48.28653 ], [ -4.144554, 48.285625 ], [ -4.141535, 48.284697 ], [ -4.140519, 48.284404 ], [ -4.139563, 48.284148 ], [ -4.138478, 48.283916 ], [ -4.137961, 48.283821 ], [ -4.136499, 48.283607 ], [ -4.135173, 48.283473 ], [ -4.131588, 48.283172 ], [ -4.127987, 48.28287 ], [ -4.126352, 48.282717 ], [ -4.125575, 48.28262 ], [ -4.124598, 48.282441 ], [ -4.123455, 48.282139 ], [ -4.122675, 48.281867 ], [ -4.121899, 48.28155 ], [ -4.121295, 48.281245 ], [ -4.120656, 48.280881 ], [ -4.120062, 48.280488 ], [ -4.119687, 48.280209 ], [ -4.119305, 48.279892 ], [ -4.118637, 48.27925 ], [ -4.118108, 48.278621 ], [ -4.117623, 48.277891 ], [ -4.117204, 48.277013 ], [ -4.117001, 48.276385 ], [ -4.116787, 48.275501 ], [ -4.11534, 48.269071 ], [ -4.118659, 48.267675 ], [ -4.118982, 48.268443 ], [ -4.119264, 48.269415 ], [ -4.119808, 48.27218 ], [ -4.125502, 48.278957 ], [ -4.126204, 48.279075 ], [ -4.126788, 48.279144 ], [ -4.128319, 48.279285 ], [ -4.131889, 48.279585 ], [ -4.135474, 48.279886 ], [ -4.13686, 48.280025 ], [ -4.138479, 48.280259 ], [ -4.139117, 48.280373 ], [ -4.140315, 48.280628 ], [ -4.14144, 48.280923 ], [ -4.142532, 48.281238 ], [ -4.145611, 48.282184 ], [ -4.148572, 48.283087 ], [ -4.156753, 48.285218 ], [ -4.158641, 48.285678 ], [ -4.159266, 48.285857 ], [ -4.159958, 48.286096 ], [ -4.160782, 48.28644 ], [ -4.161639, 48.28686 ], [ -4.168629, 48.288869 ], [ -4.173825, 48.288519 ], [ -4.181951, 48.288257 ], [ -4.182172, 48.288288 ], [ -4.186094, 48.290615 ], [ -4.190262, 48.295843 ], [ -4.198717, 48.29704 ], [ -4.200688, 48.297025 ], [ -4.202676, 48.297011 ], [ -4.204126, 48.297018 ], [ -4.206169, 48.297158 ], [ -4.20823, 48.2973 ], [ -4.209299, 48.297387 ], [ -4.209747, 48.29745 ], [ -4.210539, 48.297631 ], [ -4.212117, 48.298147 ], [ -4.211768, 48.299535 ], [ -4.211694, 48.300063 ], [ -4.211647, 48.300249 ], [ -4.212165, 48.304899 ], [ -4.217522, 48.307087 ], [ -4.224607, 48.30967 ], [ -4.22704, 48.303701 ], [ -4.227145, 48.303666 ], [ -4.234111, 48.29882 ], [ -4.234513, 48.29909 ], [ -4.23481, 48.299312 ], [ -4.235095, 48.299565 ], [ -4.235525, 48.300081 ], [ -4.235663, 48.303317 ], [ -4.236214, 48.308916 ], [ -4.235955, 48.317578 ], [ -4.236509, 48.318105 ], [ -4.235819, 48.321343 ], [ -4.234856, 48.32442 ], [ -4.234368, 48.325413 ], [ -4.233334, 48.327682 ], [ -4.231088, 48.334326 ], [ -4.231617, 48.337771 ], [ -4.234341, 48.342157 ], [ -4.241762, 48.33931 ], [ -4.242922, 48.335902 ], [ -4.243269, 48.329745 ], [ -4.243273, 48.329739 ], [ -4.245267, 48.32894 ], [ -4.247247, 48.328694 ], [ -4.247652, 48.328658 ], [ -4.252833, 48.328264 ], [ -4.253158, 48.328263 ], [ -4.254563, 48.328259 ], [ -4.254826, 48.328257 ], [ -4.255686, 48.329237 ], [ -4.258075, 48.330929 ], [ -4.266414, 48.330722 ], [ -4.268045, 48.329367 ], [ -4.269463, 48.328809 ], [ -4.277431, 48.331902 ], [ -4.278048, 48.332313 ], [ -4.286817, 48.332214 ], [ -4.287936, 48.329752 ], [ -4.287948, 48.32969 ], [ -4.288416, 48.328988 ], [ -4.294167, 48.326742 ], [ -4.296422, 48.329548 ], [ -4.29794, 48.332937 ], [ -4.297916, 48.336537 ], [ -4.301419, 48.344489 ], [ -4.302976, 48.34435 ], [ -4.303314, 48.344265 ], [ -4.30372, 48.344215 ], [ -4.304293, 48.344263 ], [ -4.30887, 48.344195 ], [ -4.309535, 48.344041 ], [ -4.310748, 48.343858 ], [ -4.311565, 48.343861 ], [ -4.314923, 48.344345 ], [ -4.322114, 48.343621 ], [ -4.324674, 48.342905 ], [ -4.328053, 48.343127 ], [ -4.332049, 48.344118 ], [ -4.332346, 48.344623 ], [ -4.339772, 48.348423 ], [ -4.345527, 48.344715 ], [ -4.348272, 48.344447 ], [ -4.34951, 48.344481 ], [ -4.351294, 48.345635 ], [ -4.358938, 48.347609 ], [ -4.361215, 48.345945 ], [ -4.361846, 48.345514 ], [ -4.362257, 48.34536 ], [ -4.363084, 48.345169 ], [ -4.367203, 48.346414 ], [ -4.369576, 48.338761 ], [ -4.369485, 48.338517 ], [ -4.367929, 48.335645 ], [ -4.369309, 48.333345 ], [ -4.370124, 48.331607 ], [ -4.37072, 48.330709 ], [ -4.374588, 48.328382 ], [ -4.376018, 48.327835 ], [ -4.376541, 48.327656 ], [ -4.377496, 48.327532 ], [ -4.378727, 48.327434 ], [ -4.379573, 48.327663 ], [ -4.381347, 48.328409 ], [ -4.388623, 48.325674 ], [ -4.389006, 48.325294 ], [ -4.389536, 48.324855 ], [ -4.39016, 48.324377 ], [ -4.39593, 48.326401 ], [ -4.399403, 48.327002 ], [ -4.399526, 48.327072 ], [ -4.399904, 48.327373 ], [ -4.407487, 48.332203 ], [ -4.409058, 48.332974 ], [ -4.417222, 48.335049 ], [ -4.421145, 48.333428 ], [ -4.422315, 48.333412 ], [ -4.422383, 48.333411 ], [ -4.422688, 48.333516 ], [ -4.431467, 48.33339 ], [ -4.431898, 48.333183 ], [ -4.432322, 48.333045 ], [ -4.437536, 48.330698 ], [ -4.44158, 48.328298 ], [ -4.443119, 48.327682 ], [ -4.445754, 48.326943 ], [ -4.446336, 48.326812 ], [ -4.448548, 48.326419 ], [ -4.44906, 48.326365 ], [ -4.45047, 48.326275 ], [ -4.451704, 48.327707 ], [ -4.451954, 48.329565 ], [ -4.447455, 48.335739 ], [ -4.447133, 48.336189 ], [ -4.44089, 48.341145 ], [ -4.44007, 48.34343 ], [ -4.439981, 48.343666 ], [ -4.438857, 48.344888 ], [ -4.437977, 48.352537 ], [ -4.437047, 48.353947 ], [ -4.435655, 48.356476 ], [ -4.431587, 48.362053 ], [ -4.428262, 48.366238 ], [ -4.427874, 48.366585 ], [ -4.426879, 48.367581 ], [ -4.426687, 48.367744 ], [ -4.424644, 48.366669 ], [ -4.417654, 48.366217 ], [ -4.410504, 48.370257 ], [ -4.410932, 48.373807 ], [ -4.411187, 48.375409 ], [ -4.411085, 48.377403 ], [ -4.4076, 48.378728 ], [ -4.405213, 48.38071 ], [ -4.402067, 48.382686 ], [ -4.403406184456534, 48.3891252096073 ], [ -4.401923, 48.388722 ], [ -4.399304, 48.380917 ], [ -4.397426, 48.377845 ], [ -4.396475, 48.378351 ], [ -4.39579, 48.378805 ], [ -4.387678, 48.381988 ], [ -4.386652, 48.382029 ], [ -4.379408, 48.38069 ], [ -4.378655, 48.380367 ], [ -4.377836, 48.380128 ], [ -4.377782, 48.380135 ], [ -4.36985, 48.381636 ], [ -4.367998, 48.381698 ], [ -4.366167, 48.381759 ], [ -4.364371, 48.381799 ], [ -4.361494, 48.381781 ], [ -4.361493800865387, 48.381813576612288 ], [ -4.358104, 48.381764 ], [ -4.356401, 48.381659 ], [ -4.354598, 48.381519 ], [ -4.352766, 48.381377 ], [ -4.350821, 48.381225 ], [ -4.348874, 48.381073 ], [ -4.346556, 48.380947 ], [ -4.344279, 48.380868 ], [ -4.344244, 48.380866 ], [ -4.34124, 48.380838 ], [ -4.338518, 48.380891 ], [ -4.33396, 48.380526 ], [ -4.328966, 48.380009 ], [ -4.32551, 48.376092 ], [ -4.318331, 48.371138 ], [ -4.3178, 48.370954 ], [ -4.316138, 48.371203 ], [ -4.309272, 48.371963 ], [ -4.306584, 48.37074 ], [ -4.306556, 48.370746 ], [ -4.299087, 48.374998 ], [ -4.298442, 48.375103 ], [ -4.290797, 48.374905 ], [ -4.290134, 48.374738 ], [ -4.2887, 48.374515 ], [ -4.282757, 48.375882 ], [ -4.278654, 48.372617 ], [ -4.276962, 48.371457 ], [ -4.276794, 48.371499 ], [ -4.276481, 48.3716 ], [ -4.270253, 48.371793 ], [ -4.267111, 48.369785 ], [ -4.266306, 48.369149 ], [ -4.266026, 48.368939 ], [ -4.265779, 48.368768 ], [ -4.265306, 48.368481 ], [ -4.259397, 48.362903 ], [ -4.255342, 48.361635 ], [ -4.252166, 48.363329 ], [ -4.252429, 48.367864 ], [ -4.25028, 48.375745 ], [ -4.249367, 48.384009 ], [ -4.247946, 48.384795 ], [ -4.240464, 48.384116 ], [ -4.239261, 48.380722 ], [ -4.238639, 48.380943 ], [ -4.238124, 48.381182 ], [ -4.232554, 48.383407 ], [ -4.226545, 48.386922 ], [ -4.220553, 48.385879 ], [ -4.21677, 48.38627 ], [ -4.213794, 48.38737 ], [ -4.213529, 48.387879 ], [ -4.213366, 48.38832 ], [ -4.208742493149856, 48.39152018944759 ], [ -4.212337, 48.386794 ] ] ], [ [ [ -4.205611, 48.398942 ], [ -4.205469, 48.398873 ], [ -4.199653, 48.397387 ], [ -4.19878, 48.393894 ], [ -4.200839, 48.393075 ], [ -4.20125, 48.393011 ], [ -4.202861, 48.393162 ], [ -4.203393, 48.393156 ], [ -4.204013, 48.393212 ], [ -4.204513515570484, 48.393324735935202 ], [ -4.20307, 48.395493 ], [ -4.203086, 48.395611 ], [ -4.203693, 48.396822 ], [ -4.20444, 48.396998 ], [ -4.205576, 48.396893 ], [ -4.20747, 48.39707 ], [ -4.209422, 48.39679 ], [ -4.205611, 48.398942 ] ] ], [ [ [ -4.201619285426027, 48.425261275563685 ], [ -4.201098, 48.426581 ], [ -4.199864605172892, 48.426491039471692 ], [ -4.201619285426027, 48.425261275563685 ] ] ], [ [ [ -4.032541, 48.510852 ], [ -4.033434, 48.510995 ], [ -4.038544, 48.510977 ], [ -4.039173, 48.510901 ], [ -4.040484, 48.510693 ], [ -4.043411, 48.509331 ], [ -4.046716, 48.501767 ], [ -4.043981, 48.499096 ], [ -4.04281, 48.496717 ], [ -4.043655, 48.490627 ], [ -4.043749, 48.489681 ], [ -4.039251, 48.481926 ], [ -4.038691, 48.481675 ], [ -4.036091, 48.480902 ], [ -4.036609, 48.47734 ], [ -4.037958, 48.477536 ], [ -4.038425, 48.477645 ], [ -4.038853, 48.477783 ], [ -4.046558, 48.478343 ], [ -4.046938, 48.478253 ], [ -4.047154, 48.47822 ], [ -4.053651, 48.476624 ], [ -4.055183, 48.470981 ], [ -4.055452, 48.46854 ], [ -4.056075, 48.464995 ], [ -4.060872, 48.464152 ], [ -4.066429, 48.461096 ], [ -4.068831, 48.458414 ], [ -4.07415, 48.457886 ], [ -4.077694, 48.458521 ], [ -4.083473, 48.463959 ], [ -4.086469, 48.463271 ], [ -4.094405, 48.460421 ], [ -4.094727, 48.460127 ], [ -4.102842, 48.462153 ], [ -4.110225, 48.460977 ], [ -4.116475, 48.458291 ], [ -4.121673, 48.456322 ], [ -4.124598, 48.455019 ], [ -4.130912, 48.450356 ], [ -4.133445, 48.44697 ], [ -4.134697, 48.447103 ], [ -4.143601, 48.447167 ], [ -4.146126, 48.450019 ], [ -4.153311, 48.448097 ], [ -4.153777, 48.448004 ], [ -4.155291, 48.449094 ], [ -4.163802, 48.449008 ], [ -4.164298, 48.447303 ], [ -4.16446941392179, 48.4473122690491 ], [ -4.170255, 48.451387 ], [ -4.173519, 48.451501 ], [ -4.17803, 48.457099 ], [ -4.178221, 48.457719 ], [ -4.178363, 48.457989 ], [ -4.180049, 48.459722 ], [ -4.180353, 48.459642 ], [ -4.180637, 48.459547 ], [ -4.181096, 48.459299 ], [ -4.185204, 48.457658 ], [ -4.19185, 48.461056 ], [ -4.192168, 48.466965 ], [ -4.192034, 48.469563 ], [ -4.187995, 48.477128 ], [ -4.185831, 48.477768 ], [ -4.183437, 48.477799 ], [ -4.182694, 48.47787 ], [ -4.182105, 48.477987 ], [ -4.180663, 48.478408 ], [ -4.179688, 48.47877 ], [ -4.179228, 48.479038 ], [ -4.178751, 48.479404 ], [ -4.178194, 48.479949 ], [ -4.177741, 48.480509 ], [ -4.175563, 48.482578 ], [ -4.1698, 48.485032 ], [ -4.169111, 48.485191 ], [ -4.166873, 48.485805 ], [ -4.166257, 48.485954 ], [ -4.164754, 48.486263 ], [ -4.162454, 48.486595 ], [ -4.160096, 48.487015 ], [ -4.159149, 48.487201 ], [ -4.159439, 48.490276 ], [ -4.159842, 48.490733 ], [ -4.161085, 48.490666 ], [ -4.161982, 48.490421 ], [ -4.163146, 48.490177 ], [ -4.163259, 48.490149 ], [ -4.165554, 48.489773 ], [ -4.16698, 48.489481 ], [ -4.167717, 48.489304 ], [ -4.170061, 48.488664 ], [ -4.171139, 48.488472 ], [ -4.173659, 48.488193 ], [ -4.174242, 48.488087 ], [ -4.174731, 48.48796 ], [ -4.175461, 48.487694 ], [ -4.180791, 48.494722 ], [ -4.179007, 48.49734 ], [ -4.175757, 48.499175 ], [ -4.176433, 48.502711 ], [ -4.177594, 48.502489 ], [ -4.178785, 48.502223 ], [ -4.179921, 48.501947 ], [ -4.179977, 48.501935 ], [ -4.180912, 48.5017 ], [ -4.183205, 48.501082 ], [ -4.185466, 48.500471 ], [ -4.18678, 48.500135 ], [ -4.194768, 48.50274 ], [ -4.196248, 48.503309 ], [ -4.199672, 48.502646 ], [ -4.206116, 48.501568 ], [ -4.208141, 48.500413 ], [ -4.213795, 48.494984 ], [ -4.215214, 48.494741 ], [ -4.216809, 48.494429 ], [ -4.218502, 48.494047 ], [ -4.22017, 48.493621 ], [ -4.228831, 48.493817 ], [ -4.23511, 48.494193 ], [ -4.238337, 48.495663 ], [ -4.241105, 48.495723 ], [ -4.242002, 48.49543 ], [ -4.24971, 48.498456 ], [ -4.252423, 48.500822 ], [ -4.255525, 48.502131 ], [ -4.264384, 48.502418 ], [ -4.265374, 48.502577 ], [ -4.265443, 48.502587 ], [ -4.267954, 48.502548 ], [ -4.267995, 48.502532 ], [ -4.275795, 48.500597 ], [ -4.279394, 48.500517 ], [ -4.284669, 48.503681 ], [ -4.286432, 48.504565 ], [ -4.28684, 48.504748 ], [ -4.287425, 48.504971 ], [ -4.287995, 48.505135 ], [ -4.288585, 48.505265 ], [ -4.289507, 48.505375 ], [ -4.289961, 48.505402 ], [ -4.290357, 48.505404 ], [ -4.290852, 48.505358 ], [ -4.291282, 48.505275 ], [ -4.291701, 48.505142 ], [ -4.292862528321153, 48.506233371294663 ], [ -4.292438, 48.508151 ], [ -4.283891, 48.510797 ], [ -4.283277, 48.510791 ], [ -4.282806, 48.510843 ], [ -4.281044, 48.511975 ], [ -4.281126, 48.512558 ], [ -4.281424, 48.513355 ], [ -4.281827, 48.513877 ], [ -4.28192, 48.513971 ], [ -4.282351, 48.514324 ], [ -4.284861, 48.516104 ], [ -4.285861, 48.522649 ], [ -4.279946, 48.52395 ], [ -4.279071, 48.523554 ], [ -4.276654, 48.522731 ], [ -4.27378, 48.521915 ], [ -4.269244, 48.516907 ], [ -4.268846, 48.51699 ], [ -4.26739, 48.517408 ], [ -4.266894, 48.517543 ], [ -4.265813, 48.517778 ], [ -4.265352, 48.517965 ], [ -4.264669, 48.518569 ], [ -4.256298, 48.515871 ], [ -4.255863, 48.515936 ], [ -4.25507, 48.516196 ], [ -4.251195, 48.517349 ], [ -4.244813, 48.512796 ], [ -4.241533, 48.511313 ], [ -4.239225, 48.513266 ], [ -4.240285, 48.516706 ], [ -4.242128, 48.519312 ], [ -4.242447, 48.52026 ], [ -4.24252, 48.52052 ], [ -4.242829, 48.52156 ], [ -4.237764, 48.528222 ], [ -4.234487, 48.52743 ], [ -4.232629, 48.527351 ], [ -4.232168, 48.527428 ], [ -4.231618, 48.528427 ], [ -4.231137, 48.52934 ], [ -4.231138, 48.529351 ], [ -4.232758, 48.530979 ], [ -4.235223, 48.5377 ], [ -4.227065, 48.538284 ], [ -4.226794, 48.538223 ], [ -4.226006, 48.538068 ], [ -4.22529, 48.538058 ], [ -4.223488, 48.538696 ], [ -4.216997, 48.539808 ], [ -4.216648, 48.539865 ], [ -4.21547, 48.541327 ], [ -4.214183, 48.544681 ], [ -4.209477, 48.548615 ], [ -4.204704, 48.549144 ], [ -4.203761, 48.549 ], [ -4.199616, 48.547776 ], [ -4.197595, 48.550755 ], [ -4.194113089317179, 48.552093449169554 ], [ -4.1884, 48.550729 ], [ -4.187509, 48.551758 ], [ -4.186852, 48.552091 ], [ -4.183973, 48.552962 ], [ -4.178635, 48.55232 ], [ -4.170227, 48.549138 ], [ -4.169322, 48.545653 ], [ -4.164447, 48.54049 ], [ -4.164236, 48.538855 ], [ -4.164232, 48.538681 ], [ -4.164151, 48.533845 ], [ -4.165961, 48.530663 ], [ -4.161661, 48.524418 ], [ -4.160089, 48.523914 ], [ -4.151648, 48.522387 ], [ -4.144752, 48.521311 ], [ -4.139702, 48.522168 ], [ -4.133174, 48.524431 ], [ -4.125747, 48.528597 ], [ -4.119929, 48.532706 ], [ -4.121733, 48.538258 ], [ -4.121439, 48.541846 ], [ -4.121033, 48.543782 ], [ -4.119761, 48.546148 ], [ -4.119543, 48.546164 ], [ -4.119451, 48.546167 ], [ -4.118256, 48.546073 ], [ -4.110476, 48.543832 ], [ -4.109728, 48.543317 ], [ -4.109324, 48.542679 ], [ -4.103172, 48.540475 ], [ -4.099935, 48.54319 ], [ -4.09963, 48.543521 ], [ -4.099187, 48.543853 ], [ -4.099007, 48.543953 ], [ -4.097845, 48.54386 ], [ -4.097656, 48.54375 ], [ -4.091099, 48.542702 ], [ -4.086202, 48.54913 ], [ -4.082604, 48.549027 ], [ -4.076013, 48.548137 ], [ -4.073193, 48.550375 ], [ -4.065303, 48.550569 ], [ -4.062641, 48.555803 ], [ -4.056744, 48.561874 ], [ -4.053263, 48.563702 ], [ -4.053106, 48.56348 ], [ -4.052816, 48.563002 ], [ -4.052521, 48.562238 ], [ -4.049865, 48.556222 ], [ -4.048707, 48.552801 ], [ -4.043889, 48.54617 ], [ -4.038307, 48.542693 ], [ -4.032722, 48.54223 ], [ -4.031695, 48.540213 ], [ -4.031625, 48.540108 ], [ -4.023886, 48.536487 ], [ -4.022738, 48.537473 ], [ -4.020788, 48.541101 ], [ -4.020122, 48.543051 ], [ -4.019669, 48.543822 ], [ -4.019224, 48.544286 ], [ -4.017961, 48.545942 ], [ -4.012219380045738, 48.547262193465635 ], [ -4.012377, 48.546888 ], [ -4.014529, 48.545846 ], [ -4.01686, 48.545415 ], [ -4.017178, 48.545355 ], [ -4.016502, 48.541819 ], [ -4.015152, 48.541557 ], [ -4.012495, 48.54054 ], [ -4.011722, 48.540462 ], [ -4.011341, 48.541285 ], [ -4.009719084918853, 48.543048851592445 ], [ -4.009903, 48.541868 ], [ -4.010003, 48.541743 ], [ -4.010489, 48.541316 ], [ -4.012066, 48.538795 ], [ -4.012413, 48.537587 ], [ -4.012765, 48.536691 ], [ -4.013258, 48.534843 ], [ -4.007446579021747, 48.529951756576196 ], [ -4.013812, 48.530919 ], [ -4.018863, 48.52951 ], [ -4.019038, 48.525914 ], [ -4.023018, 48.521115 ], [ -4.02896, 48.525516 ], [ -4.030208, 48.525187 ], [ -4.032497, 48.525116 ], [ -4.033015, 48.525127 ], [ -4.033615, 48.525056 ], [ -4.038738, 48.532199 ], [ -4.039828, 48.532723 ], [ -4.040859, 48.533081 ], [ -4.041284, 48.533184 ], [ -4.04189, 48.533244 ], [ -4.049745, 48.535106 ], [ -4.053021, 48.534484 ], [ -4.05314, 48.534463 ], [ -4.053836, 48.534313 ], [ -4.060181, 48.533255 ], [ -4.065757, 48.531739 ], [ -4.068576, 48.530044 ], [ -4.071356, 48.527757 ], [ -4.071906, 48.522071 ], [ -4.076817, 48.519885 ], [ -4.078346, 48.519726 ], [ -4.079372, 48.519589 ], [ -4.080274, 48.519447 ], [ -4.081275, 48.519265 ], [ -4.082071, 48.5191 ], [ -4.083642, 48.518728 ], [ -4.084613, 48.518466 ], [ -4.085577, 48.518174 ], [ -4.08732, 48.517569 ], [ -4.087972, 48.517313 ], [ -4.090555, 48.516209 ], [ -4.092325, 48.515432 ], [ -4.099896, 48.517512 ], [ -4.10282, 48.518262 ], [ -4.103477, 48.51789 ], [ -4.105738, 48.516083 ], [ -4.111705, 48.513642 ], [ -4.111781, 48.513583 ], [ -4.116451, 48.508373 ], [ -4.119048, 48.508254 ], [ -4.121645, 48.508135 ], [ -4.124551, 48.508003 ], [ -4.126712, 48.507899 ], [ -4.126539, 48.504303 ], [ -4.124379, 48.504407 ], [ -4.121481, 48.504539 ], [ -4.118884, 48.504658 ], [ -4.116286, 48.504777 ], [ -4.113689, 48.504895 ], [ -4.112317, 48.504987 ], [ -4.111073, 48.5051 ], [ -4.109745, 48.505267 ], [ -4.10822, 48.505513 ], [ -4.099877, 48.506903 ], [ -4.092618, 48.511371 ], [ -4.090877, 48.512136 ], [ -4.089107, 48.512913 ], [ -4.086558, 48.514002 ], [ -4.086006, 48.514218 ], [ -4.0844, 48.514771 ], [ -4.083572, 48.51502 ], [ -4.082707, 48.515252 ], [ -4.081244, 48.515596 ], [ -4.080545, 48.51574 ], [ -4.079632, 48.515905 ], [ -4.078817, 48.516032 ], [ -4.077872, 48.516157 ], [ -4.076446, 48.516304 ], [ -4.074159, 48.51649 ], [ -4.067707, 48.510473 ], [ -4.067671, 48.510426 ], [ -4.065838, 48.509793 ], [ -4.057689, 48.506895 ], [ -4.055438, 48.506237 ], [ -4.050748, 48.508087 ], [ -4.050135, 48.508274 ], [ -4.049161, 48.508596 ], [ -4.046334, 48.516041 ], [ -4.044237, 48.516168 ], [ -4.041026, 48.515434 ], [ -4.040473, 48.515443 ], [ -4.03677, 48.516606 ], [ -4.034894, 48.516856 ], [ -4.033411, 48.516786 ], [ -4.032231, 48.516997 ], [ -4.03013, 48.516963 ], [ -4.027178, 48.508564 ], [ -4.027529780982686, 48.508019505524238 ], [ -4.032541, 48.510852 ] ] ], [ [ [ -4.017223, 48.503634 ], [ -4.017879, 48.503803 ], [ -4.018445638494115, 48.503899233459904 ], [ -4.018254, 48.503946 ], [ -4.017176, 48.503621 ], [ -4.017175615015055, 48.503620387853701 ], [ -4.017223, 48.503634 ] ] ], [ [ [ -4.004487, 48.530683 ], [ -4.003882125056336, 48.531034018421352 ], [ -4.004539907979284, 48.530648399861171 ], [ -4.004487, 48.530683 ] ] ], [ [ [ -4.004802, 48.530477 ], [ -4.004650546910917, 48.530576045512227 ], [ -4.004893839967924, 48.530409907892285 ], [ -4.004802, 48.530477 ] ] ], [ [ [ -4.005778, 48.529764 ], [ -4.005535423431939, 48.5299412101363 ], [ -4.005811153384787, 48.52973702622571 ], [ -4.005778, 48.529764 ] ] ], [ [ [ -4.368525564655847, 48.385282355826853 ], [ -4.36997, 48.385234 ], [ -4.371157, 48.385208 ], [ -4.375085, 48.385234 ], [ -4.377786, 48.385339 ], [ -4.38043, 48.385439 ], [ -4.38052, 48.385444 ], [ -4.381664, 48.385514 ], [ -4.384735, 48.385787 ], [ -4.385411, 48.385816 ], [ -4.386063, 48.38582 ], [ -4.388222, 48.386029 ], [ -4.388615, 48.386117 ], [ -4.389509, 48.386285 ], [ -4.391172, 48.38635 ], [ -4.393638, 48.394841 ], [ -4.392935, 48.395379 ], [ -4.392795, 48.395487 ], [ -4.390824, 48.40064 ], [ -4.390099, 48.402574 ], [ -4.390115, 48.402639 ], [ -4.384729, 48.409778 ], [ -4.38265, 48.408954 ], [ -4.381928, 48.409022 ], [ -4.380935, 48.409139 ], [ -4.375706, 48.416429 ], [ -4.375319, 48.416455 ], [ -4.373684, 48.417404 ], [ -4.372644, 48.418056 ], [ -4.372747871503157, 48.42057941046199 ], [ -4.370382, 48.421896 ], [ -4.362408, 48.418328 ], [ -4.362123, 48.417613 ], [ -4.36111, 48.412427 ], [ -4.360695, 48.411131 ], [ -4.360279, 48.411173 ], [ -4.359494, 48.41122 ], [ -4.359178, 48.411258 ], [ -4.356466, 48.411447 ], [ -4.356233, 48.411537 ], [ -4.351181, 48.41175 ], [ -4.349126, 48.411279 ], [ -4.347789, 48.410772 ], [ -4.347701, 48.41083 ], [ -4.346374, 48.411489 ], [ -4.346285, 48.411614 ], [ -4.338774, 48.415619 ], [ -4.337311, 48.414944 ], [ -4.337821, 48.406228 ], [ -4.340274, 48.403593 ], [ -4.339563, 48.403095 ], [ -4.339239, 48.402914 ], [ -4.337299, 48.394717 ], [ -4.338738, 48.393855 ], [ -4.344186, 48.394557 ], [ -4.34471, 48.394873 ], [ -4.345294, 48.395156 ], [ -4.346942, 48.396048 ], [ -4.347377, 48.396269 ], [ -4.347821, 48.396518 ], [ -4.349767, 48.397613 ], [ -4.349943, 48.397716 ], [ -4.350901, 48.397532 ], [ -4.351753, 48.394603 ], [ -4.356144, 48.38727 ], [ -4.362632, 48.385502 ], [ -4.364456, 48.385499 ], [ -4.365879, 48.385474 ], [ -4.368529, 48.385388 ], [ -4.368525564655847, 48.385282355826853 ] ] ] ] } },
{ "type": "Feature", "properties": { "fid": 2, "ID": null, "CENTER_LON": "-4.445993427423185", "CENTER_LAT": "48.252924844567794", "AA_MINS": 30, "AA_MODE": "driving-car", "TOTAL_POP": "21025" }, "geometry": { "type": "MultiPolygon", "coordinates": [ [ [ [ -4.563584, 48.257797 ], [ -4.566132, 48.257673 ], [ -4.574445, 48.257442 ], [ -4.574978, 48.257357 ], [ -4.575635, 48.257342 ], [ -4.576241, 48.257417 ], [ -4.576691, 48.257536 ], [ -4.585424, 48.256304 ], [ -4.589173, 48.2553 ], [ -4.595782, 48.256402 ], [ -4.598873, 48.258144 ], [ -4.60465, 48.261487 ], [ -4.612445, 48.262279 ], [ -4.619447, 48.25854 ], [ -4.623028, 48.258968 ], [ -4.622953, 48.259401 ], [ -4.62273, 48.260017 ], [ -4.622073, 48.261208 ], [ -4.621722, 48.261736 ], [ -4.62139, 48.262125 ], [ -4.619628, 48.263828 ], [ -4.617826, 48.265619 ], [ -4.617758, 48.265684 ], [ -4.615168, 48.267704 ], [ -4.614632, 48.268589 ], [ -4.614553, 48.268692 ], [ -4.617, 48.276976 ], [ -4.619345, 48.277212 ], [ -4.619746, 48.277181 ], [ -4.620286, 48.277229 ], [ -4.621701, 48.277283 ], [ -4.622423, 48.277331 ], [ -4.626347, 48.278056 ], [ -4.627815, 48.278233 ], [ -4.629421, 48.279898 ], [ -4.629442, 48.280144 ], [ -4.626879, 48.28171 ], [ -4.625924, 48.281665 ], [ -4.617482, 48.281459 ], [ -4.611539, 48.281294 ], [ -4.606408, 48.284537 ], [ -4.606043, 48.284934 ], [ -4.605683, 48.285215 ], [ -4.605175, 48.285514 ], [ -4.603176, 48.286659 ], [ -4.602468, 48.286875 ], [ -4.601339, 48.286644 ], [ -4.593569, 48.282681 ], [ -4.593036, 48.282517 ], [ -4.592557, 48.282275 ], [ -4.591808, 48.281762 ], [ -4.591227, 48.28018 ], [ -4.583932, 48.276396 ], [ -4.578959, 48.278982 ], [ -4.57837, 48.279396 ], [ -4.577862, 48.279616 ], [ -4.573817, 48.281262 ], [ -4.572495, 48.282001 ], [ -4.567596, 48.28538 ], [ -4.565884, 48.289353 ], [ -4.565216, 48.294912 ], [ -4.569689, 48.29753 ], [ -4.569859, 48.301126 ], [ -4.571761, 48.308428 ], [ -4.572186, 48.309477 ], [ -4.57249, 48.310639 ], [ -4.576784, 48.317314 ], [ -4.577047, 48.31812 ], [ -4.577195, 48.318796 ], [ -4.577121, 48.323353 ], [ -4.575252, 48.325733 ], [ -4.569562, 48.330163 ], [ -4.569094, 48.330434 ], [ -4.567043, 48.331342 ], [ -4.5621, 48.333683 ], [ -4.555822, 48.337558 ], [ -4.55336, 48.338682 ], [ -4.552855, 48.338858 ], [ -4.552358, 48.33894 ], [ -4.551924, 48.338941 ], [ -4.551269, 48.33881 ], [ -4.545407, 48.337977 ], [ -4.540211, 48.338899 ], [ -4.538729, 48.339379 ], [ -4.537283, 48.339837 ], [ -4.536066, 48.340239 ], [ -4.535973, 48.340259 ], [ -4.535759, 48.340274 ], [ -4.535228, 48.340246 ], [ -4.535126, 48.340209 ], [ -4.535069, 48.340162 ], [ -4.535044, 48.340094 ], [ -4.534686, 48.336219 ], [ -4.534854, 48.335861 ], [ -4.535399, 48.334994 ], [ -4.536113, 48.333964 ], [ -4.537831, 48.331426 ], [ -4.53836, 48.330787 ], [ -4.539771, 48.329383 ], [ -4.542645, 48.321371 ], [ -4.542334, 48.319948 ], [ -4.542242, 48.319211 ], [ -4.542369, 48.318503 ], [ -4.542826, 48.317674 ], [ -4.545101, 48.314286 ], [ -4.550257, 48.308955 ], [ -4.551975, 48.306042 ], [ -4.552215, 48.297428 ], [ -4.551396, 48.296645 ], [ -4.547579, 48.292347 ], [ -4.542698, 48.291895 ], [ -4.541578, 48.288493 ], [ -4.535808, 48.284122 ], [ -4.527727, 48.286199 ], [ -4.525778, 48.292309 ], [ -4.525583, 48.294142 ], [ -4.524801, 48.294445 ], [ -4.52434, 48.29458 ], [ -4.523959, 48.294655 ], [ -4.52328, 48.294661 ], [ -4.521485, 48.294268 ], [ -4.518195, 48.293621 ], [ -4.512757, 48.289915 ], [ -4.504528, 48.287837 ], [ -4.497947, 48.281936 ], [ -4.497427, 48.281841 ], [ -4.49674, 48.281549 ], [ -4.493606000130586, 48.281025628252422 ], [ -4.496358, 48.281298 ], [ -4.49674, 48.281549 ], [ -4.497427, 48.281841 ], [ -4.497947, 48.281936 ], [ -4.505922, 48.284118 ], [ -4.507082, 48.284852 ], [ -4.509006, 48.281809 ], [ -4.51295, 48.276754 ], [ -4.513568, 48.27622 ], [ -4.520515, 48.275077 ], [ -4.525151, 48.282151 ], [ -4.531181, 48.282508 ], [ -4.532304, 48.279558 ], [ -4.532332, 48.279097 ], [ -4.531653, 48.274886 ], [ -4.526863, 48.269999 ], [ -4.525872, 48.266538 ], [ -4.523555, 48.266133 ], [ -4.523274, 48.266049 ], [ -4.522586, 48.265957 ], [ -4.522292, 48.265971 ], [ -4.518169, 48.268231 ], [ -4.515604, 48.268702 ], [ -4.510395, 48.267132 ], [ -4.509142, 48.26662 ], [ -4.504804, 48.26117 ], [ -4.505936, 48.252832 ], [ -4.511941, 48.252002 ], [ -4.512987, 48.252174 ], [ -4.514191, 48.252455 ], [ -4.515007, 48.252706 ], [ -4.516934, 48.253373 ], [ -4.519817, 48.254224 ], [ -4.525311, 48.256071 ], [ -4.531984, 48.257578 ], [ -4.53431, 48.257728 ], [ -4.536094, 48.258281 ], [ -4.537486, 48.258732 ], [ -4.540856, 48.2598 ], [ -4.54352, 48.260466 ], [ -4.543962, 48.260556 ], [ -4.544497, 48.260638 ], [ -4.546258, 48.260852 ], [ -4.54714, 48.260919 ], [ -4.547536, 48.260905 ], [ -4.549232, 48.260761 ], [ -4.550251, 48.260688 ], [ -4.5508, 48.260616 ], [ -4.553007, 48.260454 ], [ -4.553605, 48.260398 ], [ -4.555114, 48.260197 ], [ -4.554857246675218, 48.258275925333017 ], [ -4.563584, 48.257797 ] ] ], [ [ [ -4.551612, 48.25687 ], [ -4.551612, 48.25687 ], [ -4.551612, 48.25687 ], [ -4.551157375, 48.256896801037122 ], [ -4.551612, 48.25687 ] ] ], [ [ [ -4.50007, 48.223572 ], [ -4.497032, 48.219745 ], [ -4.501132, 48.218582 ], [ -4.505909, 48.216716 ], [ -4.512032, 48.214382 ], [ -4.515704, 48.209216 ], [ -4.517984, 48.202146 ], [ -4.519012, 48.200062 ], [ -4.520771, 48.19767 ], [ -4.521309, 48.197028 ], [ -4.521646, 48.196759 ], [ -4.52837, 48.190869 ], [ -4.534298, 48.185518 ], [ -4.537687, 48.182014 ], [ -4.538282, 48.181449 ], [ -4.538854, 48.18107 ], [ -4.539412, 48.18077 ], [ -4.542039, 48.179511 ], [ -4.546873, 48.175353 ], [ -4.549282, 48.172752 ], [ -4.551356, 48.171293 ], [ -4.551896, 48.171314 ], [ -4.552573, 48.174211 ], [ -4.55221, 48.174903 ], [ -4.551303, 48.176263 ], [ -4.549663, 48.183755 ], [ -4.5497, 48.184156 ], [ -4.549674, 48.18454 ], [ -4.549575, 48.185125 ], [ -4.549079, 48.187661 ], [ -4.54879, 48.188347 ], [ -4.548241, 48.188948 ], [ -4.547204, 48.189667 ], [ -4.546928, 48.189891 ], [ -4.545109, 48.191499 ], [ -4.544581, 48.191994 ], [ -4.544311, 48.192219 ], [ -4.543719, 48.192647 ], [ -4.542377, 48.199364 ], [ -4.547377, 48.202085 ], [ -4.549326, 48.201664 ], [ -4.550092, 48.201497 ], [ -4.550633, 48.20142 ], [ -4.550746, 48.205019 ], [ -4.550721, 48.205042 ], [ -4.549259, 48.205594 ], [ -4.548113, 48.205717 ], [ -4.547223, 48.205682 ], [ -4.542358, 48.209366 ], [ -4.546962, 48.214999 ], [ -4.551861, 48.216728 ], [ -4.551903, 48.217058 ], [ -4.551981, 48.221696 ], [ -4.552267, 48.222793 ], [ -4.552874, 48.225077 ], [ -4.559877, 48.22984 ], [ -4.561536, 48.230278 ], [ -4.562029, 48.230468 ], [ -4.563869, 48.231407 ], [ -4.565421, 48.232891 ], [ -4.565655, 48.234021 ], [ -4.564413, 48.236212 ], [ -4.563871, 48.23631 ], [ -4.563061, 48.236241 ], [ -4.560937, 48.235806 ], [ -4.560831, 48.235637 ], [ -4.557133, 48.232596 ], [ -4.550612, 48.238625 ], [ -4.545567, 48.240348 ], [ -4.543656, 48.242096 ], [ -4.542231, 48.250221 ], [ -4.543434, 48.251671 ], [ -4.550706, 48.256957 ], [ -4.551146623490669, 48.256897987925356 ], [ -4.550706, 48.256957 ], [ -4.542855, 48.253283 ], [ -4.539981, 48.253686 ], [ -4.539281, 48.253716 ], [ -4.533976, 48.253537 ], [ -4.531887, 48.245031 ], [ -4.532097, 48.243791 ], [ -4.532424, 48.241045 ], [ -4.536894, 48.234026 ], [ -4.539223, 48.234536 ], [ -4.539794, 48.234609 ], [ -4.54215, 48.235459 ], [ -4.546105, 48.233919 ], [ -4.547404, 48.233755 ], [ -4.546952, 48.230183 ], [ -4.540709, 48.229935 ], [ -4.540142, 48.22989 ], [ -4.537202, 48.229761 ], [ -4.530422, 48.227217 ], [ -4.52804, 48.227583 ], [ -4.523348, 48.230992 ], [ -4.519845, 48.231824 ], [ -4.518099, 48.237055 ], [ -4.51063, 48.236161 ], [ -4.510494, 48.23603 ], [ -4.508893, 48.228255 ], [ -4.508815, 48.227707 ], [ -4.507746, 48.224181 ], [ -4.507706, 48.224128 ], [ -4.506457, 48.223349 ], [ -4.504405, 48.222811 ], [ -4.50366, 48.222862 ], [ -4.502846, 48.225159 ], [ -4.501269, 48.228273 ], [ -4.500493, 48.229541 ], [ -4.50007, 48.223572 ] ] ], [ [ [ -4.4889995, 48.236508722757598 ], [ -4.488954, 48.236521 ], [ -4.488954, 48.236521 ], [ -4.4889995, 48.236508722757598 ] ] ], [ [ [ -4.480277, 48.235686 ], [ -4.480776375, 48.235770966727557 ], [ -4.480277, 48.235686 ], [ -4.479949350877192, 48.235639192982454 ], [ -4.480277, 48.235686 ] ] ], [ [ [ -4.479189, 48.235545 ], [ -4.479411, 48.2355695 ], [ -4.479189, 48.235545 ], [ -4.478922, 48.235541 ], [ -4.479189, 48.235545 ] ] ], [ [ [ -4.461138, 48.236128 ], [ -4.469656, 48.237944 ], [ -4.470394, 48.237506 ], [ -4.47682919761875, 48.235868580950026 ], [ -4.470394, 48.237506 ], [ -4.469656, 48.237944 ], [ -4.461138, 48.236128 ], [ -4.461136187499999, 48.236127962602275 ], [ -4.461138, 48.236128 ] ] ], [ [ [ -4.457593, 48.236089 ], [ -4.457595008966495, 48.236088828692779 ], [ -4.457593, 48.236089 ], [ -4.457520251780735, 48.236105514245871 ], [ -4.457593, 48.236089 ] ] ], [ [ [ -4.433218, 48.236507 ], [ -4.440582, 48.23709 ], [ -4.442123446129616, 48.236001569036944 ], [ -4.440582, 48.23709 ], [ -4.433218, 48.236507 ], [ -4.43009, 48.229594 ], [ -4.433218, 48.236507 ] ] ], [ [ [ -4.426872, 48.229364 ], [ -4.4270875, 48.229231905697446 ], [ -4.426872, 48.229364 ], [ -4.4266715, 48.229475866952789 ], [ -4.426872, 48.229364 ] ] ], [ [ [ -4.414663, 48.227455 ], [ -4.415455, 48.227759 ], [ -4.417691, 48.228946 ], [ -4.426639, 48.229494 ], [ -4.417691, 48.228946 ], [ -4.415455, 48.227759 ], [ -4.414663, 48.227455 ], [ -4.414282252818649, 48.227342932352379 ], [ -4.414663, 48.227455 ] ] ], [ [ [ -4.403406, 48.225841 ], [ -4.404054, 48.225827 ], [ -4.404056871000136, 48.225826987200428 ], [ -4.404054, 48.225827 ], [ -4.403406, 48.225841 ], [ -4.402107, 48.225919 ], [ -4.403406, 48.225841 ] ] ], [ [ [ -4.393286, 48.225577 ], [ -4.402107, 48.225919 ], [ -4.393286, 48.225577 ], [ -4.393286, 48.225577 ], [ -4.393286, 48.225577 ] ] ], [ [ [ -4.291653, 48.290119 ], [ -4.290197, 48.290869 ], [ -4.288118, 48.292711 ], [ -4.280073, 48.295946 ], [ -4.279136, 48.296178 ], [ -4.272835, 48.297221 ], [ -4.272476, 48.29726 ], [ -4.271915, 48.297235 ], [ -4.27134, 48.297129 ], [ -4.271019, 48.297038 ], [ -4.268626, 48.296057 ], [ -4.264586, 48.292506 ], [ -4.265232, 48.291865 ], [ -4.267465, 48.291542 ], [ -4.270085, 48.289979 ], [ -4.270757, 48.28932 ], [ -4.268908, 48.280628 ], [ -4.26637, 48.280624 ], [ -4.265253, 48.280586 ], [ -4.264039, 48.280686 ], [ -4.262253, 48.280846 ], [ -4.261871, 48.280909 ], [ -4.2575, 48.282625 ], [ -4.255615, 48.283338 ], [ -4.254113, 48.283839 ], [ -4.252867, 48.284199 ], [ -4.250133, 48.284677 ], [ -4.249759, 48.284672 ], [ -4.24514, 48.285487 ], [ -4.239574, 48.291603 ], [ -4.234812, 48.291005 ], [ -4.226146, 48.288832 ], [ -4.225692, 48.288717 ], [ -4.217047, 48.289621 ], [ -4.216859, 48.289479 ], [ -4.208998, 48.287813 ], [ -4.206825, 48.288651 ], [ -4.204885, 48.289644 ], [ -4.203208, 48.290456 ], [ -4.203136, 48.29049 ], [ -4.199569, 48.292499 ], [ -4.198899, 48.292843 ], [ -4.198481, 48.29301 ], [ -4.196202, 48.292388 ], [ -4.189406, 48.294291 ], [ -4.184459, 48.297199 ], [ -4.183811, 48.297239 ], [ -4.183082, 48.297264 ], [ -4.181661, 48.297313 ], [ -4.174627, 48.296551 ], [ -4.173654, 48.293843 ], [ -4.167615, 48.288656 ], [ -4.164584, 48.288217 ], [ -4.164072, 48.28779 ], [ -4.163956, 48.287694 ], [ -4.164007, 48.284664 ], [ -4.161966, 48.278502 ], [ -4.161729, 48.278197 ], [ -4.154824, 48.27526 ], [ -4.15045, 48.278325 ], [ -4.143518, 48.278545 ], [ -4.139869, 48.280247 ], [ -4.136988, 48.280613 ], [ -4.135482, 48.277343 ], [ -4.136552, 48.27544 ], [ -4.140117, 48.274944 ], [ -4.14603, 48.273479 ], [ -4.147228, 48.273018 ], [ -4.153547, 48.267426 ], [ -4.154036, 48.263065 ], [ -4.151866, 48.255976 ], [ -4.152646, 48.252462 ], [ -4.155271, 48.252817 ], [ -4.159643, 48.252981 ], [ -4.163311, 48.252782 ], [ -4.163855, 48.252698 ], [ -4.165178, 48.252547 ], [ -4.171167, 48.257715 ], [ -4.177201, 48.257344 ], [ -4.177939, 48.257084 ], [ -4.182785, 48.252162 ], [ -4.183368, 48.24861 ], [ -4.177625, 48.243282 ], [ -4.176788, 48.242319 ], [ -4.176684, 48.241842 ], [ -4.176379, 48.240814 ], [ -4.177046, 48.239729 ], [ -4.17537, 48.231512 ], [ -4.174933, 48.230679 ], [ -4.174177, 48.229488 ], [ -4.17264, 48.22775 ], [ -4.165165, 48.226515 ], [ -4.163588, 48.22473 ], [ -4.155666, 48.22232 ], [ -4.153206, 48.221667 ], [ -4.150809, 48.21758 ], [ -4.151602, 48.214068 ], [ -4.153456, 48.209742 ], [ -4.155444, 48.206741 ], [ -4.156139, 48.207202 ], [ -4.157662, 48.208043 ], [ -4.158111, 48.208376 ], [ -4.158399, 48.208665 ], [ -4.164804, 48.211875 ], [ -4.164901, 48.211863 ], [ -4.169914, 48.211879 ], [ -4.17093, 48.211376 ], [ -4.169951, 48.20254 ], [ -4.167615, 48.199817 ], [ -4.163048, 48.19528 ], [ -4.158448, 48.192608 ], [ -4.15362, 48.192671 ], [ -4.153021, 48.192835 ], [ -4.152651, 48.192887 ], [ -4.152104, 48.192928 ], [ -4.150788, 48.192999 ], [ -4.150081, 48.193007 ], [ -4.148288, 48.19289 ], [ -4.148524, 48.189298 ], [ -4.153769, 48.188467 ], [ -4.159943, 48.18465 ], [ -4.167057, 48.184458 ], [ -4.169693, 48.185654 ], [ -4.177027, 48.183134 ], [ -4.177907, 48.182875 ], [ -4.178601, 48.183042 ], [ -4.185981, 48.1855 ], [ -4.188552, 48.185054 ], [ -4.194473, 48.188169 ], [ -4.195512, 48.188353 ], [ -4.19662, 48.188561 ], [ -4.197471, 48.188703 ], [ -4.199075, 48.188909 ], [ -4.199606, 48.188914 ], [ -4.205733, 48.182796 ], [ -4.205138, 48.179246 ], [ -4.207612, 48.173945 ], [ -4.209541, 48.171678 ], [ -4.209639, 48.171694 ], [ -4.210515, 48.171833 ], [ -4.212196, 48.172838 ], [ -4.21257, 48.173319 ], [ -4.218924, 48.175932 ], [ -4.222212, 48.171942 ], [ -4.222701, 48.170804 ], [ -4.222768, 48.170733 ], [ -4.226388, 48.167055 ], [ -4.223734, 48.160618 ], [ -4.222821, 48.160094 ], [ -4.219791, 48.15702 ], [ -4.220604, 48.153513 ], [ -4.225723, 48.147003 ], [ -4.226015, 48.138235 ], [ -4.225872, 48.137589 ], [ -4.225525, 48.135821 ], [ -4.229057, 48.135126 ], [ -4.235441, 48.140326 ], [ -4.235492, 48.140469 ], [ -4.242676, 48.145348 ], [ -4.243242, 48.145202 ], [ -4.243621, 48.145106 ], [ -4.245196, 48.144497 ], [ -4.245391, 48.144388 ], [ -4.247146, 48.147532 ], [ -4.25315, 48.149682 ], [ -4.259358, 48.148703 ], [ -4.260891, 48.148161 ], [ -4.261595, 48.147969 ], [ -4.262542, 48.151442 ], [ -4.261026, 48.153552 ], [ -4.261908, 48.159713 ], [ -4.268075, 48.159515 ], [ -4.269992, 48.157256 ], [ -4.270339, 48.15618 ], [ -4.274087, 48.15539 ], [ -4.278593, 48.158045 ], [ -4.285062, 48.158074 ], [ -4.286106, 48.15781 ], [ -4.292033, 48.157278 ], [ -4.293552, 48.158605 ], [ -4.294651, 48.164927 ], [ -4.294707, 48.165589 ], [ -4.292635, 48.16955 ], [ -4.294091, 48.177432 ], [ -4.294801, 48.178723 ], [ -4.295298, 48.179742 ], [ -4.299594, 48.186324 ], [ -4.30041, 48.187514 ], [ -4.300907, 48.188284 ], [ -4.302004, 48.189892 ], [ -4.302339, 48.190355 ], [ -4.309208, 48.196148 ], [ -4.311382, 48.197523 ], [ -4.311759, 48.200002 ], [ -4.313241, 48.202509 ], [ -4.319979, 48.204233 ], [ -4.324747, 48.201128 ], [ -4.325197, 48.201308 ], [ -4.32549, 48.201463 ], [ -4.326732, 48.202217 ], [ -4.330015, 48.205452 ], [ -4.336328, 48.205099 ], [ -4.33661, 48.204979 ], [ -4.337042, 48.204849 ], [ -4.339003, 48.204501 ], [ -4.346018, 48.206656 ], [ -4.348022, 48.207009 ], [ -4.349199, 48.207552 ], [ -4.358068, 48.206592 ], [ -4.358881, 48.206548 ], [ -4.360799, 48.206529 ], [ -4.366911, 48.208026 ], [ -4.369586, 48.208632 ], [ -4.37154, 48.210729 ], [ -4.371878, 48.211072 ], [ -4.372803, 48.211967 ], [ -4.373459, 48.212634 ], [ -4.37537, 48.21459 ], [ -4.376239, 48.215308 ], [ -4.376528, 48.215607 ], [ -4.381063000862412, 48.218574908184223 ], [ -4.380672, 48.218597 ], [ -4.380095, 48.218733 ], [ -4.373508, 48.220572 ], [ -4.367574, 48.219687 ], [ -4.36191, 48.219629 ], [ -4.354709, 48.221356 ], [ -4.346717, 48.222435 ], [ -4.339913, 48.221817 ], [ -4.334846, 48.218025 ], [ -4.327393, 48.216849 ], [ -4.321405, 48.213095 ], [ -4.320791, 48.212977 ], [ -4.319288, 48.212843 ], [ -4.318674, 48.213357 ], [ -4.318086, 48.21484 ], [ -4.318052, 48.214969 ], [ -4.318046, 48.215589 ], [ -4.312457, 48.222608 ], [ -4.307904, 48.222942 ], [ -4.307309, 48.226492 ], [ -4.311285, 48.227814 ], [ -4.313585, 48.236017 ], [ -4.312247, 48.237485 ], [ -4.31221, 48.237701 ], [ -4.312214, 48.237856 ], [ -4.312325, 48.238049 ], [ -4.312602, 48.238419 ], [ -4.314368, 48.24412 ], [ -4.30637, 48.248168 ], [ -4.305115, 48.248162 ], [ -4.304654, 48.248333 ], [ -4.302992, 48.249024 ], [ -4.298085, 48.255492 ], [ -4.298113, 48.259092 ], [ -4.293308, 48.26412 ], [ -4.289404, 48.26532 ], [ -4.285822, 48.265293 ], [ -4.284877, 48.265332 ], [ -4.284319, 48.266225 ], [ -4.284314, 48.266233 ], [ -4.284271, 48.26632 ], [ -4.284267, 48.266328 ], [ -4.285025, 48.268929 ], [ -4.285971, 48.26889 ], [ -4.289376, 48.26892 ], [ -4.292496, 48.268958 ], [ -4.293269, 48.268937 ], [ -4.293921, 48.268885 ], [ -4.294672, 48.268785 ], [ -4.301673, 48.271711 ], [ -4.306163, 48.277416 ], [ -4.298604, 48.281266 ], [ -4.297183, 48.281104 ], [ -4.296785, 48.281463 ], [ -4.295687, 48.282338 ], [ -4.290432, 48.286732 ], [ -4.291753390643184, 48.290079456326794 ], [ -4.291653, 48.290119 ] ] ], [ [ [ -4.313981, 48.284242 ], [ -4.311983, 48.286853 ], [ -4.3117, 48.287192 ], [ -4.307853, 48.291766 ], [ -4.300674, 48.292831 ], [ -4.294103572026734, 48.289387421851963 ], [ -4.297933, 48.288257 ], [ -4.300851, 48.287515 ], [ -4.307849, 48.287921 ], [ -4.308435, 48.287998 ], [ -4.309041, 48.287982 ], [ -4.309569, 48.286003 ], [ -4.31321, 48.281813 ], [ -4.317006797856363, 48.282976303433898 ], [ -4.313981, 48.284242 ] ] ], [ [ [ -4.369852, 48.277043 ], [ -4.36838, 48.277126 ], [ -4.36482, 48.275479 ], [ -4.358675, 48.277528 ], [ -4.356647, 48.284196 ], [ -4.350283, 48.286314 ], [ -4.349868, 48.286371 ], [ -4.349425, 48.286405 ], [ -4.346722, 48.286419 ], [ -4.346372, 48.286416 ], [ -4.338393, 48.286304 ], [ -4.335022, 48.2864 ], [ -4.331966, 48.285843 ], [ -4.331663, 48.285446 ], [ -4.324649280722568, 48.281923003835153 ], [ -4.3269, 48.281185 ], [ -4.328106, 48.281188 ], [ -4.333235, 48.275359 ], [ -4.339189, 48.280548 ], [ -4.34175, 48.283077 ], [ -4.347807, 48.282641 ], [ -4.353302, 48.282589 ], [ -4.355096, 48.280215 ], [ -4.357043, 48.277895 ], [ -4.361412, 48.272817 ], [ -4.362026, 48.272546 ], [ -4.369733, 48.273445 ], [ -4.369896999710104, 48.277040993643496 ], [ -4.369852, 48.277043 ] ] ], [ [ [ -4.370785, 48.276978 ], [ -4.370780576244609, 48.276978536652294 ], [ -4.370785, 48.276978 ], [ -4.370796912588043, 48.276974601408703 ], [ -4.370785, 48.276978 ] ] ], [ [ [ -4.381518, 48.27208 ], [ -4.381139375, 48.272260068319206 ], [ -4.381518, 48.27208 ], [ -4.382331, 48.271755 ], [ -4.381518, 48.27208 ] ] ], [ [ [ -4.385331, 48.269152 ], [ -4.382331, 48.271755 ], [ -4.385331, 48.269152 ], [ -4.385887, 48.268866 ], [ -4.385331, 48.269152 ] ] ], [ [ [ -4.388818, 48.267574 ], [ -4.388315, 48.267766 ], [ -4.387287226451456, 48.268212905805832 ], [ -4.388315, 48.267766 ], [ -4.388818, 48.267574 ], [ -4.388957793524166, 48.267505449397781 ], [ -4.388818, 48.267574 ] ] ], [ [ [ -4.398672, 48.272482 ], [ -4.398636955342905, 48.272440714513557 ], [ -4.398672, 48.272482 ], [ -4.3988148, 48.2725804 ], [ -4.398672, 48.272482 ] ] ], [ [ [ -4.403821, 48.271525 ], [ -4.410015, 48.275771 ], [ -4.41007, 48.275852 ], [ -4.403821, 48.271525 ] ] ], [ [ [ -4.413603, 48.275684 ], [ -4.411993, 48.275818 ], [ -4.411536, 48.275846 ], [ -4.41007, 48.275852 ], [ -4.411536, 48.275846 ], [ -4.411993, 48.275818 ], [ -4.413603, 48.275684 ], [ -4.413908069210473, 48.275661107367569 ], [ -4.413603, 48.275684 ] ] ], [ [ [ -4.438598, 48.288407 ], [ -4.434454, 48.288633 ], [ -4.43123, 48.287516 ], [ -4.425759, 48.282815 ], [ -4.424516, 48.281623 ], [ -4.420873, 48.274662 ], [ -4.423341, 48.274131 ], [ -4.429562, 48.274505 ], [ -4.430524, 48.274773 ], [ -4.430952, 48.27469 ], [ -4.43165, 48.274517 ], [ -4.432048, 48.274376 ], [ -4.432566, 48.274084 ], [ -4.435141, 48.272765 ], [ -4.435574, 48.2727 ], [ -4.43649, 48.272437 ], [ -4.436853, 48.272296 ], [ -4.437425, 48.271922 ], [ -4.445326, 48.272927 ], [ -4.446165, 48.2738 ], [ -4.44653, 48.274139 ], [ -4.446963, 48.274514 ], [ -4.449443, 48.279256 ], [ -4.447, 48.283793 ], [ -4.441369, 48.283887 ], [ -4.441159, 48.283859 ], [ -4.438952, 48.283229 ], [ -4.438789, 48.283167 ], [ -4.437341, 48.282486 ], [ -4.435808, 48.285744 ], [ -4.437503, 48.287635 ], [ -4.438787922417744, 48.288393640438294 ], [ -4.438598, 48.288407 ] ] ], [ [ [ -4.456673, 48.29151 ], [ -4.449732605487684, 48.288261872494104 ], [ -4.450036, 48.28825 ], [ -4.456673, 48.29151 ], [ -4.456673, 48.29151 ], [ -4.456673, 48.29151 ] ] ], [ [ [ -4.463397, 48.290597 ], [ -4.463397, 48.290597 ], [ -4.463397, 48.290597 ], [ -4.463397000000224, 48.290596999999899 ], [ -4.463397, 48.290597 ] ] ], [ [ [ -4.486505, 48.280672 ], [ -4.481595, 48.283451 ], [ -4.486505, 48.280672 ], [ -4.487406, 48.280412 ], [ -4.486505, 48.280672 ] ] ] ] } },
{ "type": "Feature", "properties": { "fid": 3, "ID": null, "CENTER_LON": "-4.517279602100955", "CENTER_LAT": "48.39264004019653", "AA_MINS": 30, "AA_MODE": "driving-car", "TOTAL_POP": "263991" }, "geometry": { "type": "MultiPolygon", "coordinates": [ [ [ [ -4.60063, 48.341443 ], [ -4.600905, 48.34129 ], [ -4.601568, 48.341019 ], [ -4.605243, 48.342682 ], [ -4.610945, 48.340035 ], [ -4.611005, 48.339981 ], [ -4.613671, 48.338688 ], [ -4.619477, 48.338051 ], [ -4.624085, 48.338561 ], [ -4.624748, 48.33873 ], [ -4.630351, 48.345164 ], [ -4.633888, 48.345836 ], [ -4.642031, 48.346449 ], [ -4.645659, 48.344567 ], [ -4.646296, 48.344618 ], [ -4.647177, 48.344802 ], [ -4.647898, 48.344965 ], [ -4.648916, 48.345208 ], [ -4.654309, 48.349921 ], [ -4.661674, 48.35234 ], [ -4.669973, 48.351361 ], [ -4.670492, 48.351465 ], [ -4.671131, 48.351656 ], [ -4.671681, 48.351896 ], [ -4.673337, 48.352751 ], [ -4.677308, 48.355566 ], [ -4.685579, 48.352818 ], [ -4.687065, 48.35276 ], [ -4.687456, 48.352774 ], [ -4.68845, 48.352977 ], [ -4.688975, 48.353174 ], [ -4.697835, 48.351757 ], [ -4.697944, 48.351134 ], [ -4.698437, 48.349735 ], [ -4.70223, 48.341724 ], [ -4.702422, 48.34135 ], [ -4.708464, 48.33861 ], [ -4.711637, 48.335638 ], [ -4.712248, 48.335522 ], [ -4.712963, 48.335388 ], [ -4.713835, 48.335228 ], [ -4.714306, 48.33527 ], [ -4.721402, 48.334551 ], [ -4.725566, 48.329649 ], [ -4.726655, 48.329699 ], [ -4.727034, 48.329738 ], [ -4.728074, 48.33022 ], [ -4.730144, 48.332652 ], [ -4.73763, 48.332048 ], [ -4.739503, 48.331898 ], [ -4.743499, 48.332243 ], [ -4.750465, 48.330495 ], [ -4.754049, 48.330837 ], [ -4.761479, 48.330286 ], [ -4.764993, 48.329805 ], [ -4.770056, 48.329142 ], [ -4.77123, 48.329779 ], [ -4.771445, 48.329977 ], [ -4.771446, 48.330449 ], [ -4.771062, 48.332598 ], [ -4.770947, 48.332901 ], [ -4.770523, 48.333288 ], [ -4.766256, 48.340313 ], [ -4.766215, 48.34038 ], [ -4.765278, 48.34195 ], [ -4.76105, 48.348126 ], [ -4.762039, 48.350605 ], [ -4.762184, 48.350888 ], [ -4.767072, 48.354545 ], [ -4.769175, 48.354631 ], [ -4.769625, 48.354609 ], [ -4.770271, 48.354602 ], [ -4.770707, 48.355288 ], [ -4.770926, 48.355727 ], [ -4.772157, 48.36079 ], [ -4.771383, 48.362581 ], [ -4.770494, 48.36278 ], [ -4.769608, 48.362942 ], [ -4.768224, 48.3623 ], [ -4.765262, 48.361774 ], [ -4.763471, 48.36094 ], [ -4.762673, 48.360697 ], [ -4.75689, 48.36735 ], [ -4.758978, 48.370283 ], [ -4.758369, 48.37278 ], [ -4.758784, 48.380804 ], [ -4.759396, 48.382673 ], [ -4.759916, 48.384222 ], [ -4.762828, 48.390554 ], [ -4.763737, 48.39189 ], [ -4.767577, 48.396257 ], [ -4.77134, 48.398942 ], [ -4.772201, 48.399496 ], [ -4.774069, 48.40241 ], [ -4.780054, 48.408869 ], [ -4.780415, 48.409208 ], [ -4.779379, 48.411304 ], [ -4.777947, 48.411829 ], [ -4.769567, 48.414687 ], [ -4.769436, 48.415019 ], [ -4.762887, 48.420813 ], [ -4.763277, 48.424392 ], [ -4.763933, 48.428644 ], [ -4.762648, 48.432007 ], [ -4.755623, 48.436695 ], [ -4.759103, 48.443139 ], [ -4.759881, 48.444216 ], [ -4.763129, 48.44652 ], [ -4.763783, 48.447922 ], [ -4.7638, 48.448068 ], [ -4.763584, 48.448976 ], [ -4.76212, 48.449976 ], [ -4.761521, 48.449801 ], [ -4.756366, 48.449601 ], [ -4.75004, 48.45401 ], [ -4.744505, 48.459936 ], [ -4.741421, 48.460634 ], [ -4.73598, 48.460942 ], [ -4.732812, 48.465058 ], [ -4.730221, 48.468092 ], [ -4.727757, 48.475231 ], [ -4.727736, 48.478831 ], [ -4.726816, 48.478855 ], [ -4.725821, 48.478656 ], [ -4.722441, 48.478516 ], [ -4.718507, 48.485565 ], [ -4.719725, 48.487209 ], [ -4.719697, 48.48751 ], [ -4.718414, 48.492795 ], [ -4.719455, 48.498237 ], [ -4.720203, 48.499784 ], [ -4.719965, 48.500289 ], [ -4.719696, 48.500742 ], [ -4.71851, 48.506061 ], [ -4.725515, 48.51066 ], [ -4.728478, 48.51164 ], [ -4.729086, 48.511912 ], [ -4.729484, 48.513736 ], [ -4.729423, 48.513969 ], [ -4.729314, 48.514159 ], [ -4.727614, 48.515197 ], [ -4.727006, 48.514925 ], [ -4.724222, 48.512111 ], [ -4.717985, 48.511032 ], [ -4.715385, 48.511527 ], [ -4.711083, 48.512086 ], [ -4.710323, 48.511793 ], [ -4.708267, 48.510966 ], [ -4.702183, 48.509826 ], [ -4.698259, 48.51122 ], [ -4.696958, 48.512032 ], [ -4.69619, 48.512347 ], [ -4.693019, 48.513897 ], [ -4.6874, 48.517315 ], [ -4.684055, 48.517353 ], [ -4.682663, 48.517334 ], [ -4.682258, 48.517199 ], [ -4.677063, 48.515038 ], [ -4.676044, 48.511585 ], [ -4.668555, 48.511371 ], [ -4.668058, 48.519925 ], [ -4.668336, 48.520228 ], [ -4.669595, 48.521769 ], [ -4.667549, 48.52806 ], [ -4.661968, 48.531542 ], [ -4.660125, 48.531911 ], [ -4.659819, 48.531834 ], [ -4.657456, 48.52891 ], [ -4.657399, 48.528846 ], [ -4.659627, 48.524467 ], [ -4.659751, 48.518835 ], [ -4.652442, 48.517804 ], [ -4.648961, 48.516888 ], [ -4.640489, 48.515029 ], [ -4.638362, 48.515984 ], [ -4.636888, 48.512699 ], [ -4.636728, 48.509698 ], [ -4.63669, 48.506938 ], [ -4.628302, 48.505073 ], [ -4.626916, 48.507161 ], [ -4.626636, 48.507825 ], [ -4.626404, 48.508144 ], [ -4.626163, 48.50842 ], [ -4.625501, 48.508599 ], [ -4.624816, 48.508459 ], [ -4.621972, 48.507075 ], [ -4.62314, 48.503669 ], [ -4.615164, 48.499666 ], [ -4.612045, 48.501114 ], [ -4.609482, 48.509379 ], [ -4.609905, 48.510758 ], [ -4.610129, 48.512616 ], [ -4.610077, 48.512929 ], [ -4.605268, 48.520322 ], [ -4.60594, 48.523859 ], [ -4.604539, 48.527104 ], [ -4.601193, 48.53055 ], [ -4.598054, 48.530768 ], [ -4.596715, 48.530658 ], [ -4.595732, 48.529503 ], [ -4.591433, 48.52581 ], [ -4.586469, 48.530343 ], [ -4.586072, 48.532073 ], [ -4.585653, 48.532513 ], [ -4.584686, 48.533347 ], [ -4.582298, 48.535477 ], [ -4.579902, 48.532791 ], [ -4.572379, 48.52822 ], [ -4.567625, 48.529746 ], [ -4.56406, 48.529245 ], [ -4.559148, 48.525934 ], [ -4.554839, 48.526871 ], [ -4.550904, 48.5317 ], [ -4.54733, 48.537529 ], [ -4.544439, 48.545328 ], [ -4.5434, 48.547008 ], [ -4.540246, 48.545273 ], [ -4.539399, 48.544762 ], [ -4.538821, 48.542136 ], [ -4.539287, 48.537799 ], [ -4.539406, 48.536944 ], [ -4.533647, 48.530429 ], [ -4.532913, 48.53058 ], [ -4.531628, 48.530759 ], [ -4.530773, 48.530972 ], [ -4.530493, 48.531064 ], [ -4.52928, 48.53146 ], [ -4.528888, 48.531616 ], [ -4.527871, 48.530187 ], [ -4.527558, 48.528271 ], [ -4.52506, 48.523717 ], [ -4.524433, 48.522979 ], [ -4.515745, 48.522353 ], [ -4.515323, 48.522681 ], [ -4.514738, 48.52303 ], [ -4.515082, 48.531687 ], [ -4.516714, 48.532313 ], [ -4.517165, 48.532391 ], [ -4.516553, 48.535938 ], [ -4.5099, 48.540757 ], [ -4.506335, 48.544812 ], [ -4.503054, 48.546294 ], [ -4.50199, 48.544239 ], [ -4.496976, 48.5385 ], [ -4.492515, 48.53471 ], [ -4.492101, 48.531374 ], [ -4.485464, 48.525299 ], [ -4.483475, 48.522298 ], [ -4.475843, 48.519203 ], [ -4.474593, 48.519961 ], [ -4.47426, 48.520162 ], [ -4.472175, 48.521529 ], [ -4.471873, 48.521697 ], [ -4.471503, 48.521888 ], [ -4.469817, 48.522687 ], [ -4.467236, 48.523966 ], [ -4.461074, 48.520903 ], [ -4.456282, 48.52533 ], [ -4.455833, 48.527882 ], [ -4.454153, 48.529908 ], [ -4.453278, 48.530791 ], [ -4.452814, 48.530881 ], [ -4.452392, 48.530802 ], [ -4.450674, 48.529207 ], [ -4.447391, 48.524521 ], [ -4.445682, 48.516816 ], [ -4.442627, 48.514816 ], [ -4.441562, 48.51448 ], [ -4.442647, 48.511047 ], [ -4.43554, 48.507173 ], [ -4.432926, 48.507261 ], [ -4.432367, 48.507373 ], [ -4.431924, 48.507348 ], [ -4.43114, 48.50731 ], [ -4.428049, 48.50765 ], [ -4.422209, 48.507412 ], [ -4.421478613924853, 48.507336538310717 ], [ -4.420867, 48.505417 ], [ -4.420735, 48.505307 ], [ -4.419042, 48.505106 ], [ -4.41893, 48.505105 ], [ -4.417796096470028, 48.505105796056959 ], [ -4.414298, 48.502795 ], [ -4.412507, 48.503585 ], [ -4.412151, 48.50372 ], [ -4.411286, 48.504146 ], [ -4.4107, 48.504393 ], [ -4.410006, 48.504618 ], [ -4.40875602370848, 48.505202470275698 ], [ -4.402418, 48.504957 ], [ -4.400859, 48.504981 ], [ -4.400052, 48.505186 ], [ -4.399215, 48.506599 ], [ -4.399005249594355, 48.507535158736893 ], [ -4.393042, 48.507766 ], [ -4.389826433033947, 48.509629621969538 ], [ -4.389308, 48.507913 ], [ -4.389183, 48.507437 ], [ -4.387995, 48.505807 ], [ -4.386953, 48.506073 ], [ -4.381051, 48.507574 ], [ -4.380011, 48.507788 ], [ -4.379589, 48.507884 ], [ -4.379239, 48.507985 ], [ -4.377688, 48.508535 ], [ -4.3761, 48.508909 ], [ -4.368163396982308, 48.506220430146236 ], [ -4.366329, 48.502879 ], [ -4.365055, 48.502898 ], [ -4.364094, 48.502931 ], [ -4.362732, 48.50303 ], [ -4.362425, 48.502725 ], [ -4.361584, 48.501362 ], [ -4.352658, 48.502485 ], [ -4.352345, 48.50266 ], [ -4.350907, 48.502499 ], [ -4.343411, 48.50256 ], [ -4.342936305152147, 48.503068419486155 ], [ -4.3415, 48.498455 ], [ -4.341964, 48.493291 ], [ -4.341885, 48.490002 ], [ -4.34168, 48.489411 ], [ -4.341214, 48.488455 ], [ -4.337977, 48.490032 ], [ -4.336324, 48.491179 ], [ -4.330281, 48.496778 ], [ -4.326171, 48.495022 ], [ -4.323071, 48.496851 ], [ -4.321791, 48.500246 ], [ -4.316877069533077, 48.50009113109715 ], [ -4.313408, 48.494224 ], [ -4.31276, 48.493462 ], [ -4.31195, 48.492199 ], [ -4.310878, 48.486773 ], [ -4.31175, 48.484157 ], [ -4.312731, 48.482109 ], [ -4.32017, 48.480612 ], [ -4.32157, 48.4815 ], [ -4.321935, 48.481721 ], [ -4.329268, 48.481271 ], [ -4.329545, 48.48133 ], [ -4.33602, 48.482559 ], [ -4.336064, 48.482571 ], [ -4.338075, 48.481663 ], [ -4.338134, 48.481527 ], [ -4.338853269080241, 48.480018629889976 ], [ -4.343699, 48.476807 ], [ -4.348881, 48.479481 ], [ -4.34966, 48.480578 ], [ -4.350253, 48.480426 ], [ -4.351171, 48.479892 ], [ -4.3572, 48.477897 ], [ -4.36037, 48.479772 ], [ -4.361896, 48.482417 ], [ -4.365357, 48.481427 ], [ -4.372789, 48.48033 ], [ -4.37441, 48.482319 ], [ -4.374638, 48.482578 ], [ -4.375611, 48.483101 ], [ -4.37587, 48.483103 ], [ -4.376593, 48.482964 ], [ -4.37792, 48.481099 ], [ -4.386431, 48.47851 ], [ -4.394737, 48.4784 ], [ -4.396486, 48.480286 ], [ -4.397613, 48.483705 ], [ -4.404423, 48.484175 ], [ -4.406976, 48.485153 ], [ -4.409194, 48.486304 ], [ -4.411276, 48.483367 ], [ -4.411193, 48.483308 ], [ -4.410844, 48.483063 ], [ -4.410345, 48.482758 ], [ -4.409765, 48.482441 ], [ -4.409325, 48.48223 ], [ -4.403347, 48.47631 ], [ -4.401256, 48.472051 ], [ -4.40133, 48.46653 ], [ -4.406648, 48.462673 ], [ -4.410363, 48.456364 ], [ -4.415925, 48.455974 ], [ -4.417513, 48.456489 ], [ -4.42162, 48.463307 ], [ -4.423133, 48.463843 ], [ -4.425462, 48.465122 ], [ -4.432255, 48.469763 ], [ -4.428072, 48.475384 ], [ -4.427352, 48.479673 ], [ -4.427107, 48.480439 ], [ -4.427062, 48.481024 ], [ -4.427095, 48.481762 ], [ -4.427097, 48.481784 ], [ -4.428846, 48.483414 ], [ -4.431639, 48.49182 ], [ -4.432164, 48.494336 ], [ -4.432326, 48.494794 ], [ -4.432337, 48.494794 ], [ -4.433635, 48.494452 ], [ -4.434294, 48.494105 ], [ -4.434845, 48.493459 ], [ -4.436856, 48.491493 ], [ -4.43765, 48.490035 ], [ -4.437349, 48.48892 ], [ -4.437941, 48.482736 ], [ -4.440792, 48.480431 ], [ -4.443743, 48.479547 ], [ -4.446935, 48.479993 ], [ -4.453114, 48.486472 ], [ -4.453064, 48.488626 ], [ -4.453134, 48.488751 ], [ -4.456818, 48.496775 ], [ -4.456936, 48.497107 ], [ -4.460334, 48.504761 ], [ -4.460237, 48.507114 ], [ -4.463674, 48.508187 ], [ -4.469591, 48.50251 ], [ -4.47234, 48.496785 ], [ -4.475566, 48.494852 ], [ -4.477369, 48.494439 ], [ -4.483171, 48.493146 ], [ -4.484035, 48.492978 ], [ -4.484862, 48.492891 ], [ -4.485217, 48.492857 ], [ -4.485614, 48.49279 ], [ -4.48956, 48.49321 ], [ -4.494716, 48.500435 ], [ -4.494389, 48.503615 ], [ -4.494056, 48.506883 ], [ -4.494021, 48.507527 ], [ -4.497616, 48.507721 ], [ -4.497651, 48.507077 ], [ -4.497971, 48.503983 ], [ -4.504553, 48.49934 ], [ -4.504584, 48.499329 ], [ -4.509714, 48.497491 ], [ -4.510577, 48.497105 ], [ -4.511622, 48.496346 ], [ -4.514823, 48.493461 ], [ -4.521462, 48.494569 ], [ -4.522396, 48.494488 ], [ -4.522917, 48.494416 ], [ -4.523485, 48.494294 ], [ -4.525107, 48.494165 ], [ -4.529929, 48.501054 ], [ -4.52987, 48.501315 ], [ -4.529529, 48.503036 ], [ -4.52945, 48.503605 ], [ -4.529449, 48.50426 ], [ -4.529588, 48.504881 ], [ -4.529983, 48.505706 ], [ -4.530304, 48.506177 ], [ -4.534789, 48.50495 ], [ -4.542313, 48.505635 ], [ -4.545499, 48.506487 ], [ -4.547723, 48.503656 ], [ -4.547793, 48.500279 ], [ -4.546283, 48.498164 ], [ -4.545485, 48.497517 ], [ -4.541056, 48.493936 ], [ -4.538176, 48.491776 ], [ -4.53842, 48.484134 ], [ -4.541864, 48.483201 ], [ -4.542352, 48.483131 ], [ -4.543651, 48.482999 ], [ -4.545231, 48.477583 ], [ -4.54722, 48.474583 ], [ -4.555095, 48.474755 ], [ -4.555133, 48.474784 ], [ -4.556766, 48.474781 ], [ -4.557248, 48.474501 ], [ -4.55787, 48.473702 ], [ -4.559614, 48.471475 ], [ -4.564511, 48.467312 ], [ -4.565851, 48.465153 ], [ -4.565934, 48.463988 ], [ -4.565888, 48.459076 ], [ -4.573897, 48.455278 ], [ -4.576873, 48.451548 ], [ -4.576989, 48.450549 ], [ -4.576768, 48.44795 ], [ -4.580911, 48.441228 ], [ -4.583422251707794, 48.436440037091714 ], [ -4.584109, 48.436104 ], [ -4.58595, 48.435284 ], [ -4.587703, 48.434501 ], [ -4.588495, 48.434102 ], [ -4.588795, 48.43393 ], [ -4.590554, 48.432802 ], [ -4.599291, 48.431897 ], [ -4.603223, 48.432674 ], [ -4.604155, 48.432938 ], [ -4.604717, 48.433049 ], [ -4.605116, 48.433107 ], [ -4.606034, 48.433192 ], [ -4.606088, 48.433195 ], [ -4.611299, 48.428741 ], [ -4.614049, 48.427885 ], [ -4.615056, 48.427602 ], [ -4.619636, 48.425403 ], [ -4.626027, 48.42065 ], [ -4.627585, 48.419833 ], [ -4.630032, 48.411538 ], [ -4.626843, 48.404526 ], [ -4.621226, 48.404193 ], [ -4.617416, 48.401025 ], [ -4.613869, 48.398565 ], [ -4.613306, 48.398262 ], [ -4.60749, 48.393308 ], [ -4.606775, 48.38978 ], [ -4.606017, 48.389934 ], [ -4.600573, 48.383043 ], [ -4.600707, 48.38225 ], [ -4.600699, 48.382061 ], [ -4.599964, 48.381052 ], [ -4.59874, 48.37745 ], [ -4.602115, 48.370667 ], [ -4.611011, 48.37202 ], [ -4.616959, 48.374073 ], [ -4.617771, 48.374738 ], [ -4.618316, 48.374766 ], [ -4.620126, 48.372362 ], [ -4.625007, 48.367348 ], [ -4.625203, 48.367196 ], [ -4.628518, 48.360643 ], [ -4.629196, 48.35899 ], [ -4.628324, 48.357048 ], [ -4.623207, 48.350135 ], [ -4.623124, 48.349283 ], [ -4.622044, 48.347243 ], [ -4.621955, 48.347229 ], [ -4.620627, 48.347624 ], [ -4.613375, 48.347233 ], [ -4.61113, 48.344419 ], [ -4.610481, 48.344936 ], [ -4.605889, 48.346993 ], [ -4.599855, 48.344399 ], [ -4.596081, 48.343953 ], [ -4.595276, 48.344096 ], [ -4.593201628018647, 48.344745703265161 ], [ -4.60063, 48.341443 ] ] ], [ [ [ -4.58912, 48.347585 ], [ -4.58944, 48.346273 ], [ -4.59031, 48.345824 ], [ -4.591856, 48.345205 ], [ -4.592359, 48.345012 ], [ -4.592526819627512, 48.344962157113351 ], [ -4.592363, 48.349646 ], [ -4.586306, 48.352152 ], [ -4.584661863797507, 48.351960821371804 ], [ -4.58912, 48.347585 ] ] ], [ [ [ -4.57035, 48.351668 ], [ -4.576215, 48.349741 ], [ -4.577029, 48.349644 ], [ -4.577363, 48.349685 ], [ -4.578303, 48.349894 ], [ -4.578758, 48.350105 ], [ -4.57939824860448, 48.350805293729877 ], [ -4.578957, 48.350646 ], [ -4.578092, 48.350287 ], [ -4.569757, 48.352076 ], [ -4.568931130421945, 48.35211515233555 ], [ -4.57035, 48.351668 ] ] ], [ [ [ -4.567569, 48.352672 ], [ -4.567638, 48.352589 ], [ -4.567729, 48.352494 ], [ -4.568044854562647, 48.352394459416729 ], [ -4.567436423459977, 48.352821970045163 ], [ -4.567569, 48.352672 ] ] ], [ [ [ -4.548917, 48.362714 ], [ -4.554911, 48.360775 ], [ -4.548917, 48.362714 ], [ -4.541589093316312, 48.361130563367382 ], [ -4.548917, 48.362714 ] ] ], [ [ [ -4.539767, 48.360343 ], [ -4.540469, 48.360549 ], [ -4.539767, 48.360343 ], [ -4.539699851995882, 48.360324092016469 ], [ -4.539767, 48.360343 ] ] ], [ [ [ -4.5253, 48.364233 ], [ -4.525708901399122, 48.363975525871346 ], [ -4.5253, 48.364233 ], [ -4.52297145760047, 48.365665678392453 ], [ -4.5253, 48.364233 ] ] ], [ [ [ -4.507201, 48.376794 ], [ -4.510109367410973, 48.374488121424456 ], [ -4.507201, 48.376794 ], [ -4.506489302911777, 48.377391615529476 ], [ -4.507201, 48.376794 ] ] ], [ [ [ -4.500961, 48.381419 ], [ -4.503950082487035, 48.379295989844437 ], [ -4.500961, 48.381419 ], [ -4.500067587435668, 48.381680095685773 ], [ -4.500067587435628, 48.381680095685766 ], [ -4.500961, 48.381419 ] ] ], [ [ [ -4.486291, 48.378915 ], [ -4.491201, 48.379701 ], [ -4.496065556252377, 48.381047353156006 ], [ -4.496065556252222, 48.381047353155978 ], [ -4.491201, 48.379701 ], [ -4.486291, 48.378915 ], [ -4.486064187499999, 48.379049698852043 ], [ -4.486291, 48.378915 ] ] ], [ [ [ -4.481364787595548, 48.381584504613173 ], [ -4.478903634298639, 48.382904068226622 ], [ -4.478903634298631, 48.382904068226622 ], [ -4.481364787595548, 48.381584504613173 ] ] ], [ [ [ -4.41815, 48.395663 ], [ -4.424655, 48.396251 ], [ -4.425058, 48.396195 ], [ -4.425675, 48.396192 ], [ -4.426785, 48.396269 ], [ -4.427726, 48.396298 ], [ -4.433202, 48.389289 ], [ -4.434985, 48.385467 ], [ -4.436249, 48.385283 ], [ -4.436395, 48.385322 ], [ -4.439235, 48.387257 ], [ -4.445773, 48.385093 ], [ -4.45165, 48.385884 ], [ -4.455325, 48.387591 ], [ -4.462663, 48.384927 ], [ -4.463271, 48.384728 ], [ -4.463832, 48.384612 ], [ -4.465627, 48.384382 ], [ -4.466757695043166, 48.38440450703294 ], [ -4.463674555256365, 48.38593930244928 ], [ -4.459378, 48.386425 ], [ -4.456953, 48.387078 ], [ -4.455969, 48.3874 ], [ -4.452219, 48.390983 ], [ -4.446082, 48.38977 ], [ -4.445954, 48.38978 ], [ -4.44196, 48.392063 ], [ -4.43607, 48.390313 ], [ -4.435681, 48.390267 ], [ -4.434866, 48.390357 ], [ -4.43481, 48.390379 ], [ -4.43409, 48.390893 ], [ -4.434041, 48.390958 ], [ -4.433636, 48.391518 ], [ -4.427884, 48.396371 ], [ -4.424813, 48.396512 ], [ -4.423686, 48.396309 ], [ -4.418592, 48.395792 ], [ -4.41815, 48.395663 ], [ -4.41815, 48.395663 ], [ -4.41815, 48.395663 ] ] ], [ [ [ -4.305637, 48.368735 ], [ -4.306523, 48.368634 ], [ -4.309197, 48.369273 ], [ -4.316482, 48.369312 ], [ -4.318823, 48.368974 ], [ -4.327474, 48.367117 ], [ -4.328041, 48.366863 ], [ -4.328408, 48.366723 ], [ -4.334257, 48.36425 ], [ -4.337356, 48.361374 ], [ -4.338258, 48.360485 ], [ -4.343438, 48.363701 ], [ -4.350401, 48.364427 ], [ -4.356196, 48.358321 ], [ -4.357026, 48.358078 ], [ -4.358627, 48.358339 ], [ -4.364705, 48.360869 ], [ -4.370743, 48.35917 ], [ -4.375082, 48.35596 ], [ -4.376015, 48.355534 ], [ -4.384046, 48.357409 ], [ -4.387374, 48.356687 ], [ -4.38867, 48.357662 ], [ -4.396949, 48.360942 ], [ -4.397689, 48.36062 ], [ -4.403728, 48.359469 ], [ -4.407205, 48.356833 ], [ -4.411478, 48.354566 ], [ -4.411903, 48.354444 ], [ -4.411943, 48.354433 ], [ -4.412316, 48.354354 ], [ -4.412436, 48.354333 ], [ -4.41328, 48.354672 ], [ -4.41359, 48.354797 ], [ -4.421955, 48.356059 ], [ -4.424693, 48.353721 ], [ -4.428982, 48.352728 ], [ -4.430681, 48.355901 ], [ -4.429437, 48.356567 ], [ -4.426425, 48.364562 ], [ -4.425964, 48.365378 ], [ -4.425294, 48.36543 ], [ -4.418101, 48.3667 ], [ -4.4149, 48.369832 ], [ -4.411085, 48.377403 ], [ -4.4076, 48.378728 ], [ -4.405213, 48.38071 ], [ -4.402067, 48.382686 ], [ -4.403406184456534, 48.3891252096073 ], [ -4.401923, 48.388722 ], [ -4.399304, 48.380917 ], [ -4.397426, 48.377845 ], [ -4.396475, 48.378351 ], [ -4.39579, 48.378805 ], [ -4.387678, 48.381988 ], [ -4.386652, 48.382029 ], [ -4.379408, 48.38069 ], [ -4.378655, 48.380367 ], [ -4.377836, 48.380128 ], [ -4.377782, 48.380135 ], [ -4.36985, 48.381636 ], [ -4.367998, 48.381698 ], [ -4.366167, 48.381759 ], [ -4.364371, 48.381799 ], [ -4.361494, 48.381781 ], [ -4.361493800865387, 48.381813576612288 ], [ -4.358104, 48.381764 ], [ -4.356401, 48.381659 ], [ -4.354598, 48.381519 ], [ -4.352766, 48.381377 ], [ -4.350821, 48.381225 ], [ -4.348874, 48.381073 ], [ -4.346556, 48.380947 ], [ -4.344279, 48.380868 ], [ -4.344244, 48.380866 ], [ -4.34124, 48.380838 ], [ -4.338518, 48.380891 ], [ -4.33396, 48.380526 ], [ -4.328966, 48.380009 ], [ -4.32551, 48.376092 ], [ -4.318331, 48.371138 ], [ -4.3178, 48.370954 ], [ -4.316138, 48.371203 ], [ -4.309272, 48.371963 ], [ -4.306584, 48.37074 ], [ -4.306556, 48.370746 ], [ -4.300814698050142, 48.374014445024876 ], [ -4.305637, 48.368735 ] ] ], [ [ [ -4.269021, 48.368024 ], [ -4.273166, 48.367051 ], [ -4.279646, 48.366474 ], [ -4.284889, 48.370044 ], [ -4.291034623369415, 48.374911154274315 ], [ -4.290797, 48.374905 ], [ -4.290134, 48.374738 ], [ -4.2887, 48.374515 ], [ -4.282757, 48.375882 ], [ -4.278654, 48.372617 ], [ -4.276962, 48.371457 ], [ -4.276794, 48.371499 ], [ -4.276481, 48.3716 ], [ -4.270253, 48.371793 ], [ -4.267111, 48.369785 ], [ -4.266306, 48.369149 ], [ -4.266026, 48.368939 ], [ -4.265779, 48.368768 ], [ -4.265306, 48.368481 ], [ -4.264245245571703, 48.367479665053139 ], [ -4.269021, 48.368024 ] ] ], [ [ [ -4.249853, 48.360708 ], [ -4.251959, 48.357788 ], [ -4.252484, 48.358167 ], [ -4.253124, 48.358705 ], [ -4.253518, 48.359084 ], [ -4.253967, 48.359583 ], [ -4.254362, 48.360067 ], [ -4.256399429864501, 48.361965658709785 ], [ -4.255342, 48.361635 ], [ -4.252166, 48.363329 ], [ -4.252194368408202, 48.363818166278335 ], [ -4.249853, 48.360708 ] ] ], [ [ [ -4.342289, 48.395942 ], [ -4.337882373234518, 48.397181902269779 ], [ -4.337299, 48.394717 ], [ -4.338738, 48.393855 ], [ -4.344186, 48.394557 ], [ -4.34471, 48.394873 ], [ -4.345294, 48.395156 ], [ -4.346942, 48.396048 ], [ -4.347377, 48.396269 ], [ -4.347821, 48.396518 ], [ -4.342289, 48.395942 ] ] ], [ [ [ -4.34659, 48.4095 ], [ -4.348975, 48.406803 ], [ -4.349043, 48.406773 ], [ -4.349793, 48.407155 ], [ -4.351696, 48.408281 ], [ -4.356313, 48.408858 ], [ -4.3611, 48.410018 ], [ -4.364016, 48.409462 ], [ -4.364739, 48.40924 ], [ -4.368331, 48.406959 ], [ -4.368862, 48.40652 ], [ -4.36958, 48.406159 ], [ -4.370998, 48.405381 ], [ -4.377476, 48.399938 ], [ -4.37829, 48.398485 ], [ -4.374569, 48.390766 ], [ -4.369821, 48.391286 ], [ -4.36927, 48.391302 ], [ -4.368472, 48.391376 ], [ -4.362133, 48.395568 ], [ -4.360357, 48.398213 ], [ -4.360231, 48.398531 ], [ -4.35684, 48.398126 ], [ -4.356253, 48.398212 ], [ -4.350958893042886, 48.397332975677699 ], [ -4.351753, 48.394603 ], [ -4.356144, 48.38727 ], [ -4.362632, 48.385502 ], [ -4.364456, 48.385499 ], [ -4.365879, 48.385474 ], [ -4.368529, 48.385388 ], [ -4.368525564655847, 48.385282355826853 ], [ -4.36997, 48.385234 ], [ -4.371157, 48.385208 ], [ -4.375085, 48.385234 ], [ -4.377786, 48.385339 ], [ -4.38043, 48.385439 ], [ -4.38052, 48.385444 ], [ -4.381664, 48.385514 ], [ -4.384735, 48.385787 ], [ -4.385411, 48.385816 ], [ -4.386063, 48.38582 ], [ -4.388222, 48.386029 ], [ -4.388615, 48.386117 ], [ -4.389509, 48.386285 ], [ -4.391172, 48.38635 ], [ -4.393638, 48.394841 ], [ -4.392935, 48.395379 ], [ -4.392795, 48.395487 ], [ -4.390824, 48.40064 ], [ -4.390099, 48.402574 ], [ -4.390115, 48.402639 ], [ -4.384729, 48.409778 ], [ -4.38265, 48.408954 ], [ -4.381928, 48.409022 ], [ -4.380935, 48.409139 ], [ -4.375706, 48.416429 ], [ -4.375319, 48.416455 ], [ -4.373684, 48.417404 ], [ -4.372644, 48.418056 ], [ -4.372747871503157, 48.42057941046199 ], [ -4.370382, 48.421896 ], [ -4.362408, 48.418328 ], [ -4.362123, 48.417613 ], [ -4.36111, 48.412427 ], [ -4.360695, 48.411131 ], [ -4.360279, 48.411173 ], [ -4.359494, 48.41122 ], [ -4.359178, 48.411258 ], [ -4.356466, 48.411447 ], [ -4.356233, 48.411537 ], [ -4.351181, 48.41175 ], [ -4.349126, 48.411279 ], [ -4.347789, 48.410772 ], [ -4.347701, 48.41083 ], [ -4.346374, 48.411489 ], [ -4.346285, 48.411614 ], [ -4.345693450824334, 48.411929424637009 ], [ -4.34659, 48.4095 ] ] ], [ [ [ -4.337311, 48.414944 ], [ -4.338774, 48.415619 ], [ -4.337311, 48.414944 ], [ -4.337311, 48.414944 ], [ -4.337311, 48.414944 ] ] ], [ [ [ -4.171948, 48.4905 ], [ -4.173572, 48.494318 ], [ -4.180480336893179, 48.495177894626487 ], [ -4.179007, 48.49734 ], [ -4.175757, 48.499175 ], [ -4.176433, 48.502711 ], [ -4.177594, 48.502489 ], [ -4.178785, 48.502223 ], [ -4.179921, 48.501947 ], [ -4.179977, 48.501935 ], [ -4.180912, 48.5017 ], [ -4.183205, 48.501082 ], [ -4.185466, 48.500471 ], [ -4.18678, 48.500135 ], [ -4.188462365494659, 48.500683643229053 ], [ -4.183539, 48.503912 ], [ -4.183299, 48.503928 ], [ -4.183236, 48.503931 ], [ -4.182783, 48.503944 ], [ -4.17455, 48.503046 ], [ -4.172666, 48.503319 ], [ -4.169942, 48.503673 ], [ -4.167143, 48.504036 ], [ -4.165037, 48.504219 ], [ -4.164331, 48.50426 ], [ -4.162975, 48.504307 ], [ -4.159541, 48.504296 ], [ -4.151655, 48.504781 ], [ -4.149726, 48.505097 ], [ -4.147775, 48.505416 ], [ -4.14618, 48.505657 ], [ -4.14311, 48.506062 ], [ -4.140289, 48.506384 ], [ -4.137467, 48.506706 ], [ -4.137059, 48.50313 ], [ -4.13988, 48.502807 ], [ -4.142702, 48.502485 ], [ -4.145709, 48.502088 ], [ -4.147238, 48.501857 ], [ -4.149144, 48.501544 ], [ -4.151073, 48.501228 ], [ -4.152035, 48.501084 ], [ -4.153441, 48.500923 ], [ -4.15494, 48.500796 ], [ -4.156636, 48.500714 ], [ -4.159521, 48.500697 ], [ -4.163014, 48.492556 ], [ -4.162615, 48.491902 ], [ -4.162462, 48.491463 ], [ -4.162352, 48.490821 ], [ -4.162361, 48.490382 ], [ -4.162360806668857, 48.490341593791072 ], [ -4.163146, 48.490177 ], [ -4.163259, 48.490149 ], [ -4.165554, 48.489773 ], [ -4.16698, 48.489481 ], [ -4.167555288476542, 48.489342837095876 ], [ -4.171948, 48.4905 ] ] ], [ [ [ -4.218502, 48.494047 ], [ -4.216809, 48.494429 ], [ -4.215214, 48.494741 ], [ -4.215156915818224, 48.494750775515271 ], [ -4.215214, 48.494741 ], [ -4.216809, 48.494429 ], [ -4.218502, 48.494047 ], [ -4.219794254528563, 48.493716963771483 ], [ -4.218502, 48.494047 ] ] ], [ [ [ -4.282656, 48.505586 ], [ -4.274295, 48.507546 ], [ -4.273892, 48.508146 ], [ -4.273497, 48.508583 ], [ -4.271134, 48.507759 ], [ -4.262361, 48.506648 ], [ -4.259127, 48.506765 ], [ -4.257101, 48.506941 ], [ -4.249257, 48.508904 ], [ -4.247026, 48.506078 ], [ -4.243094, 48.502349 ], [ -4.236342, 48.502397 ], [ -4.235706, 48.502681 ], [ -4.2349, 48.502965 ], [ -4.234087, 48.503201 ], [ -4.233268, 48.502613 ], [ -4.233132, 48.502516 ], [ -4.233083, 48.499744 ], [ -4.234665, 48.497384 ], [ -4.231354980042527, 48.493968141343522 ], [ -4.23511, 48.494193 ], [ -4.238337, 48.495663 ], [ -4.241105, 48.495723 ], [ -4.242002, 48.49543 ], [ -4.24971, 48.498456 ], [ -4.252423, 48.500822 ], [ -4.255525, 48.502131 ], [ -4.264384, 48.502418 ], [ -4.265374, 48.502577 ], [ -4.265443, 48.502587 ], [ -4.267954, 48.502548 ], [ -4.267995, 48.502532 ], [ -4.275795, 48.500597 ], [ -4.279394, 48.500517 ], [ -4.284669, 48.503681 ], [ -4.286432, 48.504565 ], [ -4.28684, 48.504748 ], [ -4.287425, 48.504971 ], [ -4.287995, 48.505135 ], [ -4.282656, 48.505586 ] ] ], [ [ [ -4.287995, 48.505135 ], [ -4.288585, 48.505265 ], [ -4.289507, 48.505375 ], [ -4.289961, 48.505402 ], [ -4.290357, 48.505404 ], [ -4.290852, 48.505358 ], [ -4.291282, 48.505275 ], [ -4.291701, 48.505142 ], [ -4.292862528321153, 48.506233371294663 ], [ -4.292438, 48.508151 ], [ -4.291575372474701, 48.508418054221586 ], [ -4.287995, 48.505135 ] ] ] ] } },
{ "type": "Feature", "properties": { "fid": 4, "ID": null, "CENTER_LON": "-4.4926", "CENTER_LAT": "48.0333179", "AA_MINS": 30, "AA_MODE": "driving-car", "TOTAL_POP": "38392" }, "geometry": { "type": "MultiPolygon", "coordinates": [ [ [ [ -4.552237, 48.010314 ], [ -4.555985, 48.006616 ], [ -4.556882, 48.005396 ], [ -4.564554, 48.002506 ], [ -4.565265, 48.002449 ], [ -4.566516, 48.004772 ], [ -4.573044, 48.008034 ], [ -4.576593, 48.007796 ], [ -4.578076, 48.00766 ], [ -4.579299, 48.007628 ], [ -4.585743, 48.008143 ], [ -4.585824, 48.008851 ], [ -4.591374, 48.015057 ], [ -4.594032, 48.013472 ], [ -4.601797, 48.014265 ], [ -4.60939, 48.017557 ], [ -4.616552, 48.017188 ], [ -4.619858, 48.018667 ], [ -4.625364, 48.02297 ], [ -4.627841, 48.023109 ], [ -4.629783, 48.026492 ], [ -4.637692, 48.028111 ], [ -4.638742, 48.027413 ], [ -4.644859, 48.028933 ], [ -4.648322, 48.02879 ], [ -4.65488, 48.024512 ], [ -4.66294, 48.025126 ], [ -4.667871, 48.030002 ], [ -4.672902, 48.031282 ], [ -4.678444, 48.027867 ], [ -4.679091, 48.027391 ], [ -4.679811, 48.026989 ], [ -4.680259, 48.026783 ], [ -4.680706, 48.026622 ], [ -4.681304, 48.026503 ], [ -4.681956, 48.026485 ], [ -4.682947, 48.026694 ], [ -4.683617, 48.027009 ], [ -4.692096, 48.027794 ], [ -4.695948, 48.027436 ], [ -4.697862, 48.029431 ], [ -4.698116, 48.029857 ], [ -4.698503, 48.030824 ], [ -4.698821, 48.031636 ], [ -4.698947, 48.031977 ], [ -4.701812, 48.035847 ], [ -4.707867, 48.036516 ], [ -4.71574, 48.03332 ], [ -4.716353, 48.032624 ], [ -4.716857, 48.032332 ], [ -4.71719, 48.032223 ], [ -4.71761, 48.032156 ], [ -4.718093, 48.032148 ], [ -4.718605, 48.032208 ], [ -4.719472, 48.032401 ], [ -4.718689, 48.035915 ], [ -4.718273, 48.036612 ], [ -4.718023, 48.03696 ], [ -4.717373, 48.037498 ], [ -4.715601, 48.038366 ], [ -4.708942, 48.040936 ], [ -4.707976, 48.041319 ], [ -4.707839, 48.04138 ], [ -4.704808, 48.046128 ], [ -4.709483, 48.051205 ], [ -4.71145, 48.051608 ], [ -4.711519, 48.051625 ], [ -4.712226, 48.055155 ], [ -4.709255, 48.05943 ], [ -4.707829, 48.060087 ], [ -4.701609, 48.060827 ], [ -4.700898, 48.060747 ], [ -4.700417, 48.060634 ], [ -4.699843, 48.060364 ], [ -4.690902, 48.059362 ], [ -4.684721, 48.059629 ], [ -4.678153, 48.059692 ], [ -4.67058, 48.061816 ], [ -4.667643, 48.064093 ], [ -4.665082, 48.066254 ], [ -4.66195, 48.067154 ], [ -4.660849, 48.067003 ], [ -4.660447, 48.066917 ], [ -4.660014, 48.066774 ], [ -4.659696, 48.066627 ], [ -4.659308, 48.066379 ], [ -4.658937, 48.066047 ], [ -4.650103, 48.066084 ], [ -4.649796, 48.06634 ], [ -4.646804, 48.067293 ], [ -4.638489, 48.064688 ], [ -4.637801, 48.064776 ], [ -4.632616, 48.066296 ], [ -4.627495, 48.06841 ], [ -4.624559, 48.068976 ], [ -4.622128, 48.066861 ], [ -4.615778, 48.065973 ], [ -4.609951, 48.071018 ], [ -4.602072, 48.073544 ], [ -4.594939, 48.073429 ], [ -4.590308, 48.076394 ], [ -4.589997, 48.07669 ], [ -4.589333, 48.077191 ], [ -4.588953, 48.077425 ], [ -4.583229, 48.077467 ], [ -4.581078, 48.077026 ], [ -4.573988, 48.079888 ], [ -4.568227, 48.080529 ], [ -4.566096, 48.080077 ], [ -4.565969, 48.079843 ], [ -4.565493, 48.078622 ], [ -4.556886, 48.077212 ], [ -4.556492, 48.077208 ], [ -4.556007, 48.077132 ], [ -4.550229, 48.076109 ], [ -4.542213, 48.076945 ], [ -4.539193, 48.077698 ], [ -4.535866, 48.085369 ], [ -4.536589, 48.086688 ], [ -4.5366, 48.086992 ], [ -4.533434, 48.088419 ], [ -4.526236, 48.085462 ], [ -4.517785, 48.085448 ], [ -4.514264, 48.08532 ], [ -4.508437, 48.08357 ], [ -4.50301, 48.086854 ], [ -4.50048, 48.086387 ], [ -4.493737, 48.086043 ], [ -4.490419, 48.086712 ], [ -4.490267, 48.086705 ], [ -4.48627, 48.085872 ], [ -4.478972, 48.08992 ], [ -4.478488, 48.089716 ], [ -4.477901, 48.089374 ], [ -4.477331, 48.088979 ], [ -4.46899, 48.091833 ], [ -4.467426, 48.094124 ], [ -4.465007, 48.094426 ], [ -4.459602, 48.095333 ], [ -4.453803, 48.097221 ], [ -4.452336, 48.097744 ], [ -4.451902, 48.097848 ], [ -4.450614, 48.097985 ], [ -4.450366, 48.098002 ], [ -4.44922, 48.097679 ], [ -4.443444, 48.094601 ], [ -4.438204, 48.096069 ], [ -4.430614, 48.097108 ], [ -4.429628, 48.097291 ], [ -4.424661, 48.098492 ], [ -4.418315, 48.096106 ], [ -4.415402, 48.098243 ], [ -4.413704, 48.103463 ], [ -4.41331, 48.106845 ], [ -4.413307, 48.106861 ], [ -4.412765, 48.106865 ], [ -4.412433, 48.106805 ], [ -4.41172, 48.106466 ], [ -4.410134, 48.104365 ], [ -4.402562, 48.101259 ], [ -4.398988, 48.101691 ], [ -4.396049, 48.102975 ], [ -4.393985, 48.104455 ], [ -4.393393, 48.104848 ], [ -4.392939, 48.10503 ], [ -4.392422, 48.105177 ], [ -4.391126, 48.103539 ], [ -4.387803, 48.101755 ], [ -4.381591, 48.104473 ], [ -4.374609, 48.106612 ], [ -4.373166, 48.108946 ], [ -4.366824, 48.108605 ], [ -4.363972, 48.106624 ], [ -4.358025, 48.106652 ], [ -4.357599, 48.106668 ], [ -4.356904, 48.106516 ], [ -4.35525, 48.105533 ], [ -4.354864, 48.105227 ], [ -4.348577, 48.101299 ], [ -4.343808, 48.100011 ], [ -4.340815, 48.099271 ], [ -4.332203, 48.097958 ], [ -4.327331, 48.09806 ], [ -4.326958, 48.098088 ], [ -4.326577, 48.097847 ], [ -4.325129, 48.096552 ], [ -4.323259, 48.094765 ], [ -4.315896, 48.090435 ], [ -4.310006, 48.090355 ], [ -4.309336, 48.090347 ], [ -4.308799, 48.090295 ], [ -4.308113, 48.090163 ], [ -4.299528, 48.09202 ], [ -4.29937, 48.09209 ], [ -4.298084, 48.09158 ], [ -4.297689, 48.091268 ], [ -4.297601, 48.091 ], [ -4.295606, 48.086257 ], [ -4.289713, 48.080258 ], [ -4.288285, 48.07691 ], [ -4.287277, 48.073922 ], [ -4.282476, 48.066595 ], [ -4.279105, 48.06434 ], [ -4.280416, 48.060987 ], [ -4.280608, 48.061062 ], [ -4.284506, 48.061236 ], [ -4.286368, 48.053079 ], [ -4.286297, 48.052459 ], [ -4.282588, 48.045517 ], [ -4.277393, 48.039076 ], [ -4.276956, 48.038882 ], [ -4.274883, 48.038317 ], [ -4.273217, 48.038045 ], [ -4.272098, 48.038028 ], [ -4.267952, 48.045588 ], [ -4.26493, 48.047545 ], [ -4.264749, 48.04743 ], [ -4.263254, 48.04645 ], [ -4.254568, 48.045639 ], [ -4.251515, 48.043731 ], [ -4.243892, 48.039817 ], [ -4.236257, 48.035999 ], [ -4.235365, 48.036156 ], [ -4.234258, 48.03628 ], [ -4.23346, 48.036291 ], [ -4.23262, 48.035665 ], [ -4.232461, 48.034808 ], [ -4.23363, 48.031295 ], [ -4.23462, 48.027834 ], [ -4.236972, 48.028507 ], [ -4.237742, 48.028776 ], [ -4.240472, 48.03039 ], [ -4.240731, 48.030583 ], [ -4.246885, 48.03124 ], [ -4.248714, 48.030502 ], [ -4.248388, 48.021554 ], [ -4.248131, 48.017963 ], [ -4.249369, 48.017875 ], [ -4.249797, 48.017865 ], [ -4.250384, 48.017882 ], [ -4.250936, 48.017942 ], [ -4.251332, 48.018019 ], [ -4.252299, 48.018329 ], [ -4.259265, 48.015915 ], [ -4.261731, 48.008279 ], [ -4.261285, 48.005801 ], [ -4.261088, 48.004982 ], [ -4.25254, 48.00267 ], [ -4.25007, 48.005033 ], [ -4.249692, 48.005463 ], [ -4.248226, 48.008124 ], [ -4.247236, 48.007534 ], [ -4.243412, 48.006997 ], [ -4.239863, 48.008842 ], [ -4.237466, 48.006157 ], [ -4.238901, 48.004875 ], [ -4.238432, 47.997563 ], [ -4.234043, 47.997088 ], [ -4.233719, 47.997127 ], [ -4.232115, 47.996596 ], [ -4.230137, 47.995774 ], [ -4.22661, 47.994651 ], [ -4.224066, 47.994264 ], [ -4.223082, 47.994133 ], [ -4.222038, 47.994031 ], [ -4.222387, 47.990448 ], [ -4.22343, 47.99055 ], [ -4.22454, 47.990696 ], [ -4.22715, 47.991091 ], [ -4.229726, 47.991482 ], [ -4.231395, 47.991726 ], [ -4.235859, 47.992654 ], [ -4.236639, 47.992845 ], [ -4.237516, 47.99301 ], [ -4.238484, 47.993272 ], [ -4.246239, 47.989459 ], [ -4.249382, 47.987703 ], [ -4.249625, 47.988138 ], [ -4.249906, 47.988802 ], [ -4.249965, 47.988936 ], [ -4.250034, 47.989364 ], [ -4.254953, 47.994049 ], [ -4.260445, 47.991634 ], [ -4.264588, 47.990399 ], [ -4.268309, 47.98364 ], [ -4.266234, 47.976155 ], [ -4.259487, 47.972621 ], [ -4.258591, 47.969134 ], [ -4.260997, 47.968296 ], [ -4.261578, 47.968101 ], [ -4.262334, 47.967976 ], [ -4.263376, 47.967898 ], [ -4.263882, 47.967892 ], [ -4.264393, 47.967912 ], [ -4.268487, 47.96791 ], [ -4.271242, 47.967284 ], [ -4.276902, 47.96738 ], [ -4.280402, 47.965009 ], [ -4.281415, 47.963736 ], [ -4.282929, 47.962709 ], [ -4.283693, 47.961963 ], [ -4.286964, 47.956962 ], [ -4.282532, 47.950126 ], [ -4.281608, 47.949383 ], [ -4.281463, 47.948734 ], [ -4.280194, 47.941935 ], [ -4.281363, 47.939488 ], [ -4.281717, 47.939363 ], [ -4.282802, 47.939454 ], [ -4.283269, 47.939944 ], [ -4.283763, 47.940436 ], [ -4.285075, 47.941822 ], [ -4.292799, 47.9379 ], [ -4.293939, 47.935967 ], [ -4.298808, 47.932351 ], [ -4.29943, 47.931925 ], [ -4.300729, 47.932059 ], [ -4.308681, 47.932599 ], [ -4.314352, 47.926219 ], [ -4.314289, 47.923515 ], [ -4.314189, 47.923048 ], [ -4.314178, 47.922435 ], [ -4.306848, 47.917635 ], [ -4.306136, 47.918082 ], [ -4.305071, 47.917715 ], [ -4.305027, 47.91769 ], [ -4.30422, 47.915034 ], [ -4.296982, 47.909916 ], [ -4.294205, 47.910242 ], [ -4.294039, 47.910216 ], [ -4.293656, 47.910099 ], [ -4.293386, 47.909891 ], [ -4.292181, 47.905493 ], [ -4.292388, 47.904819 ], [ -4.293496, 47.902927 ], [ -4.293862, 47.90231 ], [ -4.298871, 47.902573 ], [ -4.300783, 47.902914 ], [ -4.305328, 47.904296 ], [ -4.309794, 47.907204 ], [ -4.317941, 47.908085 ], [ -4.32399, 47.907734 ], [ -4.327211, 47.907098 ], [ -4.333073, 47.907608 ], [ -4.336671, 47.907462 ], [ -4.344427, 47.906493 ], [ -4.350409, 47.908428 ], [ -4.358472, 47.912044 ], [ -4.359967, 47.911723 ], [ -4.362369, 47.911181 ], [ -4.36381, 47.910662 ], [ -4.365636, 47.909949 ], [ -4.368877, 47.909175 ], [ -4.375156, 47.912776 ], [ -4.380265, 47.914877 ], [ -4.380325, 47.914949 ], [ -4.379644, 47.917656 ], [ -4.3795, 47.917709 ], [ -4.378974, 47.91776 ], [ -4.376922, 47.92651 ], [ -4.381368, 47.927186 ], [ -4.382221, 47.927842 ], [ -4.382764, 47.9282 ], [ -4.388549, 47.930791 ], [ -4.393601, 47.93383 ], [ -4.399375, 47.938015 ], [ -4.402784, 47.939958 ], [ -4.406826, 47.943283 ], [ -4.407278, 47.943661 ], [ -4.408424, 47.944815 ], [ -4.411139, 47.949789 ], [ -4.414487, 47.954221 ], [ -4.416768, 47.956917 ], [ -4.421677, 47.960648 ], [ -4.424777, 47.962431 ], [ -4.42796, 47.964591 ], [ -4.42841, 47.964995 ], [ -4.428761, 47.965311 ], [ -4.435293, 47.97076 ], [ -4.435413, 47.970839 ], [ -4.443798, 47.974001 ], [ -4.444852050505452, 47.974643245919431 ], [ -4.441862, 47.975843 ], [ -4.435957, 47.972731 ], [ -4.432373, 47.973075 ], [ -4.424976, 47.973602 ], [ -4.424334, 47.973642 ], [ -4.423576, 47.974354 ], [ -4.422951, 47.975096 ], [ -4.421933, 47.978549 ], [ -4.416524, 47.981526 ], [ -4.411143, 47.981457 ], [ -4.403878, 47.981725 ], [ -4.403612, 47.98174 ], [ -4.403014, 47.982332 ], [ -4.40247, 47.982967 ], [ -4.402109, 47.983405 ], [ -4.402135, 47.985023 ], [ -4.404866, 47.988282 ], [ -4.408811, 47.995743 ], [ -4.40954, 47.995709 ], [ -4.410189, 47.995649 ], [ -4.415571, 48.000719 ], [ -4.410623, 48.0053 ], [ -4.409437, 48.0073 ], [ -4.409441, 48.007335 ], [ -4.408318, 48.014768 ], [ -4.408059, 48.017256 ], [ -4.404495, 48.021675 ], [ -4.396028, 48.020065 ], [ -4.395483, 48.019055 ], [ -4.395282, 48.018621 ], [ -4.392015, 48.020133 ], [ -4.383935, 48.021181 ], [ -4.383483, 48.024752 ], [ -4.389786, 48.029472 ], [ -4.390469, 48.029628 ], [ -4.398294, 48.033189 ], [ -4.399432, 48.033907 ], [ -4.405047, 48.035907 ], [ -4.406596, 48.035596 ], [ -4.409136, 48.034136 ], [ -4.415032, 48.039451 ], [ -4.414912, 48.043049 ], [ -4.413207, 48.048245 ], [ -4.406053, 48.049958 ], [ -4.404632, 48.049918 ], [ -4.40453, 48.053517 ], [ -4.405952, 48.053557 ], [ -4.410309, 48.053744 ], [ -4.411056, 48.053755 ], [ -4.418789, 48.057624 ], [ -4.419883, 48.058398 ], [ -4.422169, 48.058236 ], [ -4.426247, 48.058557 ], [ -4.429355, 48.056741 ], [ -4.435878, 48.060592 ], [ -4.43606, 48.061309 ], [ -4.433784, 48.067126 ], [ -4.434419, 48.067789 ], [ -4.434971, 48.068221 ], [ -4.436027, 48.068627 ], [ -4.437165, 48.068755 ], [ -4.438718, 48.068803 ], [ -4.442435, 48.068543 ], [ -4.447841, 48.074289 ], [ -4.449191, 48.077626 ], [ -4.455944, 48.077328 ], [ -4.457944, 48.07646 ], [ -4.457146, 48.072949 ], [ -4.458987, 48.06589 ], [ -4.467412, 48.064952 ], [ -4.475449, 48.067075 ], [ -4.477154, 48.068695 ], [ -4.477561, 48.068765 ], [ -4.478595, 48.068825 ], [ -4.485879, 48.072745 ], [ -4.492454, 48.073937 ], [ -4.493977, 48.073989 ], [ -4.50058, 48.074315 ], [ -4.509447, 48.075489 ], [ -4.509724, 48.075736 ], [ -4.512381, 48.073459 ], [ -4.51863, 48.073315 ], [ -4.519765, 48.072797 ], [ -4.522721, 48.071893 ], [ -4.528658, 48.072007 ], [ -4.531291, 48.075682 ], [ -4.534699, 48.075671 ], [ -4.539281, 48.074617 ], [ -4.545254, 48.074398 ], [ -4.548235, 48.072552 ], [ -4.55546, 48.07564 ], [ -4.555799, 48.075722 ], [ -4.556422, 48.075859 ], [ -4.556908, 48.075711 ], [ -4.557256, 48.075581 ], [ -4.565906, 48.075009 ], [ -4.572447, 48.073612 ], [ -4.579203, 48.069839 ], [ -4.585467, 48.067703 ], [ -4.587414, 48.067225 ], [ -4.589021, 48.066895 ], [ -4.588343, 48.063359 ], [ -4.592849, 48.05821 ], [ -4.594985, 48.054586 ], [ -4.59706, 48.050699 ], [ -4.597337, 48.049374 ], [ -4.596755, 48.047112 ], [ -4.59639, 48.047143 ], [ -4.595974, 48.047214 ], [ -4.595673, 48.04729 ], [ -4.595099, 48.047528 ], [ -4.589722, 48.049419 ], [ -4.581398, 48.047835 ], [ -4.576205, 48.04619 ], [ -4.575604, 48.045877 ], [ -4.571353, 48.039595 ], [ -4.576607, 48.034869 ], [ -4.580483, 48.032835 ], [ -4.580797, 48.032735 ], [ -4.582, 48.032267 ], [ -4.580695, 48.028912 ], [ -4.576929, 48.028892 ], [ -4.573578, 48.030207 ], [ -4.568622, 48.024649 ], [ -4.569771, 48.022008 ], [ -4.570721, 48.019415 ], [ -4.570629, 48.019283 ], [ -4.564799, 48.01629 ], [ -4.564516, 48.016336 ], [ -4.56376, 48.01687 ], [ -4.563, 48.01766 ], [ -4.559797, 48.019594 ], [ -4.558235, 48.021068 ], [ -4.556269, 48.022927 ], [ -4.548976, 48.021738 ], [ -4.551015, 48.013685 ], [ -4.551024, 48.013211 ], [ -4.550998, 48.012571 ], [ -4.550263, 48.011067 ], [ -4.550089, 48.010999 ], [ -4.549768476356741, 48.010903921121113 ], [ -4.552237, 48.010314 ] ] ], [ [ [ -4.541834, 48.011282 ], [ -4.541834, 48.011282 ], [ -4.541834, 48.011282 ], [ -4.538236039211661, 48.010841372613427 ], [ -4.541834, 48.011282 ] ] ], [ [ [ -4.528859, 48.008504 ], [ -4.531602875, 48.009409996462267 ], [ -4.528859, 48.008504 ], [ -4.524686, 48.007253 ], [ -4.528859, 48.008504 ] ] ], [ [ [ -4.521485, 48.006732 ], [ -4.522971066401063, 48.006890937583002 ], [ -4.521485, 48.006732 ], [ -4.519865848172282, 48.006582178067397 ], [ -4.521485, 48.006732 ] ] ], [ [ [ -4.511406, 48.006068 ], [ -4.517026, 48.006508 ], [ -4.518392083333332, 48.006508666707333 ], [ -4.517026, 48.006508 ], [ -4.511406, 48.006068 ], [ -4.50873357281863, 48.004740582549047 ], [ -4.511406, 48.006068 ] ] ], [ [ [ -4.497303, 48.000399 ], [ -4.503053, 48.00294 ], [ -4.497303, 48.000399 ], [ -4.493580107310282, 48.001123858482266 ], [ -4.497303, 48.000399 ] ] ], [ [ [ -4.487364, 47.999984 ], [ -4.488590190464016, 48.000991682474748 ], [ -4.487364, 47.999984 ], [ -4.485691, 47.997178 ], [ -4.487364, 47.999984 ] ] ], [ [ [ -4.479043, 47.988449 ], [ -4.479043, 47.988449 ], [ -4.479043, 47.988449 ], [ -4.4787875, 47.988063339622641 ], [ -4.479043, 47.988449 ] ] ], [ [ [ -4.468268, 47.984987 ], [ -4.471824, 47.985791 ], [ -4.475141, 47.98645 ], [ -4.475871996652134, 47.986664979912803 ], [ -4.475141, 47.98645 ], [ -4.471824, 47.985791 ], [ -4.468268, 47.984987 ], [ -4.46805225, 47.984924801152495 ], [ -4.468268, 47.984987 ] ] ], [ [ [ -4.461247, 47.982934 ], [ -4.4617844375, 47.983103963309958 ], [ -4.461247, 47.982934 ], [ -4.459464938860429, 47.982402532650319 ], [ -4.461247, 47.982934 ] ] ], [ [ [ -4.453607, 47.980585 ], [ -4.454480727703315, 47.980869732439785 ], [ -4.453607, 47.980585 ], [ -4.453607, 47.980585 ], [ -4.453607, 47.980585 ] ] ] ] } },
{ "type": "Feature", "properties": { "fid": 5, "ID": null, "CENTER_LON": "-4.2631309874182195", "CENTER_LAT": "48.445795450285786", "AA_MINS": 30, "AA_MODE": "driving-car", "TOTAL_POP": "253692" }, "geometry": { "type": "MultiPolygon", "coordinates": [ [ [ [ -4.486291, 48.378915 ], [ -4.491201, 48.379701 ], [ -4.491201, 48.379701 ], [ -4.491201, 48.379701 ], [ -4.486291, 48.378915 ], [ -4.486064187499999, 48.379049698852043 ], [ -4.486291, 48.378915 ] ] ], [ [ [ -4.427726, 48.396298 ], [ -4.433202, 48.389289 ], [ -4.434985, 48.385467 ], [ -4.436249, 48.385283 ], [ -4.436335, 48.385283 ], [ -4.436395, 48.385322 ], [ -4.439235, 48.387257 ], [ -4.445773, 48.385093 ], [ -4.45165, 48.385884 ], [ -4.455325, 48.387591 ], [ -4.462099, 48.385194 ], [ -4.462938, 48.384823 ], [ -4.463426, 48.384691 ], [ -4.463947, 48.384594 ], [ -4.466318267267112, 48.38462325538142 ], [ -4.463674555256365, 48.38593930244928 ], [ -4.459378, 48.386425 ], [ -4.456953, 48.387078 ], [ -4.455969, 48.3874 ], [ -4.452219, 48.390983 ], [ -4.446082, 48.38977 ], [ -4.445954, 48.38978 ], [ -4.44196, 48.392063 ], [ -4.43607, 48.390313 ], [ -4.435681, 48.390267 ], [ -4.434866, 48.390357 ], [ -4.43481, 48.390379 ], [ -4.43409, 48.390893 ], [ -4.434041, 48.390958 ], [ -4.433636, 48.391518 ], [ -4.427884, 48.396371 ], [ -4.424813, 48.396512 ], [ -4.427726, 48.396298 ] ] ], [ [ [ -4.41815, 48.395663 ], [ -4.423686, 48.396309 ], [ -4.424813, 48.396512 ], [ -4.424813, 48.396512 ], [ -4.423686, 48.396309 ], [ -4.418592, 48.395792 ], [ -4.41815, 48.395663 ], [ -4.41815, 48.395663 ], [ -4.41815, 48.395663 ] ] ], [ [ [ -3.987166, 48.489109 ], [ -3.987411, 48.486342 ], [ -3.987843, 48.483475 ], [ -3.988214, 48.48128 ], [ -3.989222, 48.481087 ], [ -3.992292, 48.480261 ], [ -3.998019, 48.474875 ], [ -3.99892, 48.475274 ], [ -3.999461, 48.475483 ], [ -4.001602, 48.476203 ], [ -4.003458, 48.476379 ], [ -4.007851, 48.475209 ], [ -4.009915, 48.474046 ], [ -4.011738, 48.467005 ], [ -4.011142, 48.465813 ], [ -4.01338, 48.458199 ], [ -4.016779, 48.457014 ], [ -4.017068, 48.457845 ], [ -4.020023, 48.462169 ], [ -4.023231, 48.463803 ], [ -4.030405, 48.459503 ], [ -4.032933, 48.454017 ], [ -4.035138, 48.451572 ], [ -4.035504, 48.444321 ], [ -4.035217, 48.443157 ], [ -4.035098, 48.442776 ], [ -4.034126, 48.434589 ], [ -4.031377, 48.430673 ], [ -4.031799, 48.427098 ], [ -4.023053, 48.425895 ], [ -4.022657, 48.427952 ], [ -4.022436, 48.428313 ], [ -4.021838, 48.429283 ], [ -4.021374, 48.429117 ], [ -4.019827, 48.428495 ], [ -4.019034, 48.427138 ], [ -4.019391, 48.425194 ], [ -4.014098, 48.41826 ], [ -4.012257, 48.418395 ], [ -4.010275, 48.418535 ], [ -4.009486, 48.418526 ], [ -4.009166, 48.418498 ], [ -4.008781, 48.418444 ], [ -4.008101, 48.41831 ], [ -4.007575, 48.418166 ], [ -4.006873, 48.417874 ], [ -4.006286, 48.417546 ], [ -4.003688, 48.416291 ], [ -4.001121, 48.415157 ], [ -4.002147, 48.411707 ], [ -4.002458, 48.411799 ], [ -4.003323, 48.412032 ], [ -4.004188, 48.412313 ], [ -4.004864, 48.412581 ], [ -4.006809, 48.413076 ], [ -4.009591, 48.412897 ], [ -4.015789, 48.408316 ], [ -4.014989, 48.403504 ], [ -4.013866, 48.401805 ], [ -4.01392, 48.401495 ], [ -4.015846, 48.393699 ], [ -4.018734, 48.39155 ], [ -4.021766, 48.383108 ], [ -4.020858, 48.38233 ], [ -4.020756, 48.381344 ], [ -4.018921, 48.3744 ], [ -4.018662, 48.371363 ], [ -4.01879, 48.371282 ], [ -4.019642, 48.370862 ], [ -4.022704, 48.370753 ], [ -4.026058, 48.373813 ], [ -4.026447, 48.373949 ], [ -4.033336, 48.368228 ], [ -4.036743, 48.368022 ], [ -4.04311, 48.366288 ], [ -4.049402, 48.361344 ], [ -4.052982, 48.360971 ], [ -4.057012, 48.362319 ], [ -4.058118, 48.363131 ], [ -4.058802, 48.363578 ], [ -4.059121, 48.363821 ], [ -4.059496, 48.364207 ], [ -4.061188, 48.367734 ], [ -4.069259, 48.365419 ], [ -4.069323, 48.365314 ], [ -4.069662, 48.364738 ], [ -4.070942, 48.364837 ], [ -4.07131, 48.364846 ], [ -4.071674, 48.364848 ], [ -4.072428, 48.364932 ], [ -4.077943, 48.368211 ], [ -4.078252, 48.368171 ], [ -4.083102, 48.360632 ], [ -4.082437, 48.360162 ], [ -4.081882, 48.359712 ], [ -4.081336, 48.359192 ], [ -4.081086, 48.35891 ], [ -4.083777, 48.356519 ], [ -4.089442, 48.358151 ], [ -4.090023, 48.35824 ], [ -4.096159, 48.362062 ], [ -4.100255, 48.361701 ], [ -4.101814, 48.361771 ], [ -4.10381, 48.361765 ], [ -4.110754, 48.358539 ], [ -4.112904, 48.350712 ], [ -4.111693, 48.349288 ], [ -4.112296, 48.345738 ], [ -4.116474, 48.345481 ], [ -4.120131, 48.345543 ], [ -4.120611, 48.345444 ], [ -4.121302, 48.345346 ], [ -4.121883, 48.345298 ], [ -4.126781, 48.337974 ], [ -4.128488, 48.33585 ], [ -4.132214, 48.332206 ], [ -4.132361, 48.332212 ], [ -4.133908, 48.33225 ], [ -4.135156, 48.332165 ], [ -4.135683, 48.332163 ], [ -4.137101, 48.332312 ], [ -4.13758, 48.332312 ], [ -4.137936, 48.332335 ], [ -4.141356, 48.331203 ], [ -4.138751, 48.322766 ], [ -4.13315, 48.31958 ], [ -4.130369, 48.320223 ], [ -4.130078, 48.320208 ], [ -4.129348, 48.320102 ], [ -4.127923, 48.318709 ], [ -4.127601, 48.31835 ], [ -4.119114, 48.315416 ], [ -4.118372, 48.315659 ], [ -4.1181, 48.315701 ], [ -4.111568, 48.318158 ], [ -4.111145, 48.318419 ], [ -4.11077, 48.31857 ], [ -4.110233, 48.318682 ], [ -4.109811, 48.318706 ], [ -4.108379, 48.318701 ], [ -4.107598, 48.318592 ], [ -4.107256, 48.318468 ], [ -4.106519, 48.318085 ], [ -4.102174, 48.316576 ], [ -4.098515, 48.315233 ], [ -4.097892, 48.315014 ], [ -4.097494, 48.314795 ], [ -4.099229, 48.31164 ], [ -4.100147, 48.311761 ], [ -4.100671, 48.311848 ], [ -4.102409, 48.312158 ], [ -4.102915, 48.312191 ], [ -4.103733, 48.312533 ], [ -4.11094, 48.312863 ], [ -4.111528, 48.312713 ], [ -4.111885, 48.31266 ], [ -4.113679, 48.31251 ], [ -4.115566, 48.312324 ], [ -4.121277, 48.30724 ], [ -4.122167, 48.303751 ], [ -4.117457, 48.298521 ], [ -4.116707, 48.298211 ], [ -4.116595, 48.298165 ], [ -4.10996, 48.294179 ], [ -4.102507, 48.292931 ], [ -4.101299, 48.28954 ], [ -4.104253, 48.283238 ], [ -4.10429, 48.27454 ], [ -4.101274, 48.273299 ], [ -4.097237, 48.266944 ], [ -4.096658, 48.265158 ], [ -4.090171, 48.259257 ], [ -4.091044, 48.255764 ], [ -4.096208, 48.254313 ], [ -4.096787, 48.254041 ], [ -4.097236, 48.253873 ], [ -4.098387, 48.253535 ], [ -4.099683, 48.253257 ], [ -4.103874, 48.254179 ], [ -4.106505, 48.246624 ], [ -4.106152, 48.246134 ], [ -4.105853, 48.245627 ], [ -4.105492, 48.244801 ], [ -4.105276, 48.24414 ], [ -4.105088, 48.243407 ], [ -4.104547, 48.241062 ], [ -4.104031, 48.238815 ], [ -4.099152, 48.233812 ], [ -4.097844, 48.233308 ], [ -4.094317, 48.232151 ], [ -4.091919, 48.231312 ], [ -4.091072, 48.231041 ], [ -4.082832, 48.233712 ], [ -4.082609, 48.233824 ], [ -4.075522, 48.233019 ], [ -4.073417, 48.230098 ], [ -4.068647, 48.224703 ], [ -4.065417, 48.22321 ], [ -4.062186, 48.221717 ], [ -4.058956, 48.220224 ], [ -4.055681, 48.218709 ], [ -4.054282, 48.218014 ], [ -4.052904, 48.217279 ], [ -4.052247, 48.216899 ], [ -4.050875, 48.216049 ], [ -4.050133, 48.215528 ], [ -4.049017, 48.214687 ], [ -4.048296, 48.214072 ], [ -4.047661, 48.213483 ], [ -4.047245, 48.213089 ], [ -4.046644, 48.212459 ], [ -4.04601, 48.211724 ], [ -4.045441, 48.211001 ], [ -4.044694, 48.209931 ], [ -4.044376, 48.209418 ], [ -4.047437, 48.207522 ], [ -4.054491, 48.212034 ], [ -4.060466, 48.216956 ], [ -4.067181, 48.218321 ], [ -4.070339, 48.216592 ], [ -4.071127, 48.217805 ], [ -4.079577, 48.219472 ], [ -4.080037, 48.219363 ], [ -4.081967, 48.219061 ], [ -4.082911, 48.218888 ], [ -4.083671, 48.222406 ], [ -4.089116, 48.226714 ], [ -4.090594, 48.227074 ], [ -4.091285, 48.227258 ], [ -4.092857, 48.227729 ], [ -4.095512, 48.22865 ], [ -4.099055, 48.229918 ], [ -4.100444, 48.230452 ], [ -4.101329, 48.230826 ], [ -4.101862, 48.231079 ], [ -4.102605, 48.23146 ], [ -4.102983, 48.23168 ], [ -4.103678, 48.232145 ], [ -4.104341, 48.232643 ], [ -4.104798, 48.233043 ], [ -4.105209, 48.233455 ], [ -4.105578, 48.233874 ], [ -4.10609, 48.234558 ], [ -4.106612, 48.235454 ], [ -4.106889, 48.236031 ], [ -4.107191, 48.236811 ], [ -4.107487, 48.237808 ], [ -4.108055, 48.240252 ], [ -4.108596, 48.242597 ], [ -4.110105, 48.245216 ], [ -4.112834, 48.247874 ], [ -4.114184, 48.249194 ], [ -4.114707, 48.249728 ], [ -4.114989, 48.250039 ], [ -4.123775, 48.248158 ], [ -4.124458, 48.245094 ], [ -4.124754, 48.244568 ], [ -4.12521, 48.244119 ], [ -4.126002, 48.243599 ], [ -4.127713, 48.242819 ], [ -4.136001, 48.240919 ], [ -4.140903, 48.243737 ], [ -4.149502, 48.245852 ], [ -4.150337, 48.247611 ], [ -4.150657, 48.248871 ], [ -4.150339, 48.249757 ], [ -4.14933, 48.251625 ], [ -4.148681, 48.253508 ], [ -4.148575, 48.253734 ], [ -4.148111, 48.254878 ], [ -4.147153, 48.254581 ], [ -4.146738, 48.254409 ], [ -4.146376, 48.2542 ], [ -4.145946, 48.253838 ], [ -4.145088, 48.253278 ], [ -4.140023, 48.253216 ], [ -4.138265, 48.259397 ], [ -4.138876, 48.262945 ], [ -4.138635, 48.269656 ], [ -4.139609, 48.272187 ], [ -4.147228, 48.273018 ], [ -4.148368, 48.27268 ], [ -4.149237, 48.272473 ], [ -4.153727, 48.269707 ], [ -4.15795, 48.267067 ], [ -4.161733, 48.265479 ], [ -4.169498, 48.265392 ], [ -4.172811, 48.264759 ], [ -4.180427, 48.262007 ], [ -4.186766, 48.259651 ], [ -4.195164, 48.257202 ], [ -4.195828, 48.256926 ], [ -4.196728, 48.256592 ], [ -4.201882, 48.256074 ], [ -4.203817, 48.258887 ], [ -4.211485, 48.26132 ], [ -4.212134, 48.261216 ], [ -4.212593, 48.261173 ], [ -4.212948, 48.261154 ], [ -4.221159, 48.264387 ], [ -4.221824, 48.267925 ], [ -4.224975, 48.275411 ], [ -4.229098, 48.277137 ], [ -4.235079, 48.275905 ], [ -4.235664, 48.275518 ], [ -4.236159, 48.275336 ], [ -4.236671, 48.275246 ], [ -4.237374, 48.27519 ], [ -4.244332, 48.278083 ], [ -4.244661, 48.278212 ], [ -4.245583, 48.27882 ], [ -4.248642, 48.280859 ], [ -4.247713, 48.283049 ], [ -4.247251, 48.28418 ], [ -4.246986, 48.284069 ], [ -4.24639, 48.28376 ], [ -4.241992, 48.281795 ], [ -4.236791, 48.283411 ], [ -4.231495, 48.28818 ], [ -4.230984, 48.288288 ], [ -4.230913, 48.297281 ], [ -4.231508, 48.297408 ], [ -4.231934, 48.297539 ], [ -4.232343, 48.297706 ], [ -4.232859, 48.297984 ], [ -4.236788, 48.299822 ], [ -4.236242, 48.301406 ], [ -4.236897, 48.305411 ], [ -4.238455, 48.30866 ], [ -4.24649, 48.30561 ], [ -4.250427, 48.302582 ], [ -4.251131, 48.302101 ], [ -4.251506, 48.301955 ], [ -4.255237, 48.30485 ], [ -4.256787, 48.306055 ], [ -4.260883, 48.308366 ], [ -4.261963, 48.309561 ], [ -4.263727, 48.312367 ], [ -4.264581, 48.314755 ], [ -4.264383, 48.31503 ], [ -4.263394, 48.318774 ], [ -4.266963, 48.323912 ], [ -4.272656, 48.32179 ], [ -4.274855, 48.321183 ], [ -4.278624, 48.320169 ], [ -4.283053, 48.318081 ], [ -4.283212, 48.317977 ], [ -4.286578, 48.315535 ], [ -4.288478, 48.314188 ], [ -4.296911, 48.31255 ], [ -4.297231, 48.312759 ], [ -4.2976, 48.313038 ], [ -4.306212, 48.315213 ], [ -4.309467, 48.31562 ], [ -4.317891, 48.315214 ], [ -4.319812, 48.315241 ], [ -4.326936, 48.315216 ], [ -4.330347, 48.313555 ], [ -4.330678, 48.313431 ], [ -4.331593, 48.315994 ], [ -4.331935, 48.316804 ], [ -4.331952, 48.318553 ], [ -4.331635, 48.318764 ], [ -4.331307, 48.318941 ], [ -4.32659, 48.321812 ], [ -4.321462, 48.323493 ], [ -4.318288, 48.329233 ], [ -4.317512, 48.33455 ], [ -4.316839, 48.335033 ], [ -4.316647, 48.335107 ], [ -4.316518, 48.335118 ], [ -4.316344, 48.335097 ], [ -4.315888, 48.334957 ], [ -4.315708, 48.334884 ], [ -4.313802, 48.334528 ], [ -4.312975, 48.334471 ], [ -4.312536, 48.334438 ], [ -4.309374, 48.335138 ], [ -4.311565, 48.343861 ], [ -4.312039, 48.344016 ], [ -4.313582, 48.344379 ], [ -4.314923, 48.344345 ], [ -4.315732, 48.344535 ], [ -4.322114, 48.343621 ], [ -4.324674, 48.342905 ], [ -4.328053, 48.343127 ], [ -4.332049, 48.344118 ], [ -4.332346, 48.344623 ], [ -4.339772, 48.348423 ], [ -4.345527, 48.344715 ], [ -4.348272, 48.344447 ], [ -4.34951, 48.344481 ], [ -4.351294, 48.345635 ], [ -4.358938, 48.347609 ], [ -4.361215, 48.345945 ], [ -4.361846, 48.345514 ], [ -4.362257, 48.34536 ], [ -4.363084, 48.345169 ], [ -4.367203, 48.346414 ], [ -4.369576, 48.338761 ], [ -4.369485, 48.338517 ], [ -4.367929, 48.335645 ], [ -4.369309, 48.333345 ], [ -4.370124, 48.331607 ], [ -4.37072, 48.330709 ], [ -4.372601, 48.329835 ], [ -4.379148, 48.328627 ], [ -4.381347, 48.328409 ], [ -4.389536, 48.324855 ], [ -4.39016, 48.324377 ], [ -4.392731, 48.324023 ], [ -4.392793, 48.324029 ], [ -4.398908, 48.325658 ], [ -4.400587, 48.327558 ], [ -4.402283, 48.331888 ], [ -4.401361, 48.335363 ], [ -4.40834, 48.339841 ], [ -4.409579, 48.339778 ], [ -4.414415, 48.33756 ], [ -4.414925, 48.336985 ], [ -4.416075, 48.335827 ], [ -4.416805, 48.335232 ], [ -4.417222, 48.335049 ], [ -4.421145, 48.333428 ], [ -4.422383, 48.333411 ], [ -4.423008, 48.33358 ], [ -4.431898, 48.333183 ], [ -4.432322, 48.333045 ], [ -4.437536, 48.330698 ], [ -4.44158, 48.328298 ], [ -4.445005, 48.32658 ], [ -4.445443, 48.326389 ], [ -4.448226, 48.325299 ], [ -4.453694, 48.327336 ], [ -4.453689, 48.327489 ], [ -4.453195, 48.328716 ], [ -4.451954, 48.329565 ], [ -4.449436, 48.331009 ], [ -4.444477, 48.334665 ], [ -4.440462, 48.340976 ], [ -4.438857, 48.344888 ], [ -4.437977, 48.352537 ], [ -4.437047, 48.353947 ], [ -4.435655, 48.356476 ], [ -4.431587, 48.362053 ], [ -4.428262, 48.366238 ], [ -4.427874, 48.366585 ], [ -4.426879, 48.367581 ], [ -4.426687, 48.367744 ], [ -4.424644, 48.366669 ], [ -4.417654, 48.366217 ], [ -4.410504, 48.370257 ], [ -4.410932, 48.373807 ], [ -4.411187, 48.375409 ], [ -4.411085, 48.377403 ], [ -4.4076, 48.378728 ], [ -4.405213, 48.38071 ], [ -4.402067, 48.382686 ], [ -4.403406184456534, 48.3891252096073 ], [ -4.401923, 48.388722 ], [ -4.399304, 48.380917 ], [ -4.397426, 48.377845 ], [ -4.396475, 48.378351 ], [ -4.39579, 48.378805 ], [ -4.387678, 48.381988 ], [ -4.386652, 48.382029 ], [ -4.379408, 48.38069 ], [ -4.378655, 48.380367 ], [ -4.377836, 48.380128 ], [ -4.377782, 48.380135 ], [ -4.36985, 48.381636 ], [ -4.367998, 48.381698 ], [ -4.366167, 48.381759 ], [ -4.364371, 48.381799 ], [ -4.361494, 48.381781 ], [ -4.361493800865387, 48.381813576612288 ], [ -4.358104, 48.381764 ], [ -4.356401, 48.381659 ], [ -4.354598, 48.381519 ], [ -4.352766, 48.381377 ], [ -4.350821, 48.381225 ], [ -4.348874, 48.381073 ], [ -4.346556, 48.380947 ], [ -4.344279, 48.380868 ], [ -4.344244, 48.380866 ], [ -4.34124, 48.380838 ], [ -4.338518, 48.380891 ], [ -4.33396, 48.380526 ], [ -4.328966, 48.380009 ], [ -4.32551, 48.376092 ], [ -4.318331, 48.371138 ], [ -4.3178, 48.370954 ], [ -4.316138, 48.371203 ], [ -4.309272, 48.371963 ], [ -4.306584, 48.37074 ], [ -4.306556, 48.370746 ], [ -4.299087, 48.374998 ], [ -4.298442, 48.375103 ], [ -4.290797, 48.374905 ], [ -4.290134, 48.374738 ], [ -4.2887, 48.374515 ], [ -4.282757, 48.375882 ], [ -4.278654, 48.372617 ], [ -4.276962, 48.371457 ], [ -4.276794, 48.371499 ], [ -4.276481, 48.3716 ], [ -4.270253, 48.371793 ], [ -4.267111, 48.369785 ], [ -4.266306, 48.369149 ], [ -4.266026, 48.368939 ], [ -4.265779, 48.368768 ], [ -4.265306, 48.368481 ], [ -4.259397, 48.362903 ], [ -4.255342, 48.361635 ], [ -4.252166, 48.363329 ], [ -4.252429, 48.367864 ], [ -4.25028, 48.375745 ], [ -4.249367, 48.384009 ], [ -4.247946, 48.384795 ], [ -4.240464, 48.384116 ], [ -4.239261, 48.380722 ], [ -4.238639, 48.380943 ], [ -4.238124, 48.381182 ], [ -4.232554, 48.383407 ], [ -4.226545, 48.386922 ], [ -4.220553, 48.385879 ], [ -4.21677, 48.38627 ], [ -4.213794, 48.38737 ], [ -4.213529, 48.387879 ], [ -4.213366, 48.38832 ], [ -4.206252, 48.393244 ], [ -4.204518, 48.393318 ], [ -4.20307, 48.395493 ], [ -4.203086, 48.395611 ], [ -4.203693, 48.396822 ], [ -4.20444, 48.396998 ], [ -4.205576, 48.396893 ], [ -4.20747, 48.39707 ], [ -4.209422, 48.39679 ], [ -4.21623, 48.401194 ], [ -4.211521, 48.408606 ], [ -4.210239, 48.408673 ], [ -4.209698, 48.408749 ], [ -4.209285, 48.408846 ], [ -4.208698, 48.409031 ], [ -4.206501, 48.409822 ], [ -4.205708, 48.410109 ], [ -4.205318, 48.411611 ], [ -4.203852, 48.417454 ], [ -4.203829, 48.419667 ], [ -4.201098, 48.426581 ], [ -4.192529, 48.425956 ], [ -4.19224, 48.425731 ], [ -4.191904, 48.425517 ], [ -4.191398, 48.425247 ], [ -4.189481, 48.424431 ], [ -4.187511, 48.415696 ], [ -4.188696, 48.413026 ], [ -4.189079, 48.412438 ], [ -4.19004, 48.411161 ], [ -4.190431, 48.410564 ], [ -4.190437, 48.410542 ], [ -4.189729, 48.40849 ], [ -4.188932, 48.408376 ], [ -4.186833, 48.409445 ], [ -4.17972, 48.408588 ], [ -4.178515, 48.407975 ], [ -4.170189, 48.406787 ], [ -4.168882, 48.407515 ], [ -4.168747, 48.407603 ], [ -4.167956, 48.408296 ], [ -4.167651, 48.40934 ], [ -4.166897, 48.417869 ], [ -4.171033, 48.424921 ], [ -4.169462, 48.42816 ], [ -4.163421, 48.434825 ], [ -4.161114, 48.434126 ], [ -4.158819, 48.433432 ], [ -4.158066, 48.433197 ], [ -4.157418, 48.433521 ], [ -4.157108, 48.433789 ], [ -4.156997, 48.436635 ], [ -4.159719, 48.439101 ], [ -4.164701, 48.444767 ], [ -4.164255, 48.447077 ], [ -4.164381, 48.44725 ], [ -4.170255, 48.451387 ], [ -4.173519, 48.451501 ], [ -4.17803, 48.457099 ], [ -4.178221, 48.457719 ], [ -4.178363, 48.457989 ], [ -4.180049, 48.459722 ], [ -4.180353, 48.459642 ], [ -4.180637, 48.459547 ], [ -4.181096, 48.459299 ], [ -4.185204, 48.457658 ], [ -4.19185, 48.461056 ], [ -4.192168, 48.466965 ], [ -4.192034, 48.469563 ], [ -4.187995, 48.477128 ], [ -4.185831, 48.477768 ], [ -4.183437, 48.477799 ], [ -4.182694, 48.47787 ], [ -4.182105, 48.477987 ], [ -4.180663, 48.478408 ], [ -4.179688, 48.47877 ], [ -4.179228, 48.479038 ], [ -4.178751, 48.479404 ], [ -4.178194, 48.479949 ], [ -4.177741, 48.480509 ], [ -4.175563, 48.482578 ], [ -4.1698, 48.485032 ], [ -4.169111, 48.485191 ], [ -4.166873, 48.485805 ], [ -4.166257, 48.485954 ], [ -4.164754, 48.486263 ], [ -4.162454, 48.486595 ], [ -4.160096, 48.487015 ], [ -4.159149, 48.487201 ], [ -4.159439, 48.490276 ], [ -4.159842, 48.490733 ], [ -4.161085, 48.490666 ], [ -4.161982, 48.490421 ], [ -4.163146, 48.490177 ], [ -4.163259, 48.490149 ], [ -4.165554, 48.489773 ], [ -4.16698, 48.489481 ], [ -4.167717, 48.489304 ], [ -4.170061, 48.488664 ], [ -4.171139, 48.488472 ], [ -4.173659, 48.488193 ], [ -4.174242, 48.488087 ], [ -4.174731, 48.48796 ], [ -4.175461, 48.487694 ], [ -4.180791, 48.494722 ], [ -4.179007, 48.49734 ], [ -4.175757, 48.499175 ], [ -4.176433, 48.502711 ], [ -4.177594, 48.502489 ], [ -4.178785, 48.502223 ], [ -4.179921, 48.501947 ], [ -4.179977, 48.501935 ], [ -4.180912, 48.5017 ], [ -4.183205, 48.501082 ], [ -4.185466, 48.500471 ], [ -4.18678, 48.500135 ], [ -4.194768, 48.50274 ], [ -4.196248, 48.503309 ], [ -4.199672, 48.502646 ], [ -4.206116, 48.501568 ], [ -4.208141, 48.500413 ], [ -4.213795, 48.494984 ], [ -4.215214, 48.494741 ], [ -4.216809, 48.494429 ], [ -4.218502, 48.494047 ], [ -4.22017, 48.493621 ], [ -4.228831, 48.493817 ], [ -4.23511, 48.494193 ], [ -4.238337, 48.495663 ], [ -4.241105, 48.495723 ], [ -4.242002, 48.49543 ], [ -4.24971, 48.498456 ], [ -4.252423, 48.500822 ], [ -4.255525, 48.502131 ], [ -4.264384, 48.502418 ], [ -4.265374, 48.502577 ], [ -4.265443, 48.502587 ], [ -4.267954, 48.502548 ], [ -4.267995, 48.502532 ], [ -4.275795, 48.500597 ], [ -4.279394, 48.500517 ], [ -4.284669, 48.503681 ], [ -4.286432, 48.504565 ], [ -4.28684, 48.504748 ], [ -4.287425, 48.504971 ], [ -4.287995, 48.505135 ], [ -4.288585, 48.505265 ], [ -4.289507, 48.505375 ], [ -4.289961, 48.505402 ], [ -4.290357, 48.505404 ], [ -4.290852, 48.505358 ], [ -4.291282, 48.505275 ], [ -4.291701, 48.505142 ], [ -4.292862528321153, 48.506233371294663 ], [ -4.292438, 48.508151 ], [ -4.283891, 48.510797 ], [ -4.283277, 48.510791 ], [ -4.282806, 48.510843 ], [ -4.281044, 48.511975 ], [ -4.281126, 48.512558 ], [ -4.281424, 48.513355 ], [ -4.281827, 48.513877 ], [ -4.28192, 48.513971 ], [ -4.282351, 48.514324 ], [ -4.284861, 48.516104 ], [ -4.285861, 48.522649 ], [ -4.279946, 48.52395 ], [ -4.279071, 48.523554 ], [ -4.276654, 48.522731 ], [ -4.27378, 48.521915 ], [ -4.269244, 48.516907 ], [ -4.268846, 48.51699 ], [ -4.26739, 48.517408 ], [ -4.266894, 48.517543 ], [ -4.265813, 48.517778 ], [ -4.265352, 48.517965 ], [ -4.264669, 48.518569 ], [ -4.256298, 48.515871 ], [ -4.255863, 48.515936 ], [ -4.25507, 48.516196 ], [ -4.251195, 48.517349 ], [ -4.244813, 48.512796 ], [ -4.241533, 48.511313 ], [ -4.239225, 48.513266 ], [ -4.240285, 48.516706 ], [ -4.242128, 48.519312 ], [ -4.242447, 48.52026 ], [ -4.24252, 48.52052 ], [ -4.242829, 48.52156 ], [ -4.237764, 48.528222 ], [ -4.234487, 48.52743 ], [ -4.232629, 48.527351 ], [ -4.232168, 48.527428 ], [ -4.231618, 48.528427 ], [ -4.231137, 48.52934 ], [ -4.231138, 48.529351 ], [ -4.232758, 48.530979 ], [ -4.235223, 48.5377 ], [ -4.227065, 48.538284 ], [ -4.226794, 48.538223 ], [ -4.226006, 48.538068 ], [ -4.22529, 48.538058 ], [ -4.223488, 48.538696 ], [ -4.216997, 48.539808 ], [ -4.216648, 48.539865 ], [ -4.21547, 48.541327 ], [ -4.214183, 48.544681 ], [ -4.209477, 48.548615 ], [ -4.204704, 48.549144 ], [ -4.203761, 48.549 ], [ -4.199616, 48.547776 ], [ -4.197595, 48.550755 ], [ -4.189351, 48.553924 ], [ -4.187438, 48.555683 ], [ -4.18354, 48.559208 ], [ -4.181774, 48.561192 ], [ -4.181886, 48.561754 ], [ -4.182006, 48.562465 ], [ -4.176309, 48.569226 ], [ -4.175805, 48.569174 ], [ -4.174084, 48.569095 ], [ -4.172956, 48.569185 ], [ -4.171789, 48.569291 ], [ -4.171467, 48.569813 ], [ -4.171352, 48.570383 ], [ -4.171318, 48.570989 ], [ -4.172113, 48.572876 ], [ -4.170457632113441, 48.579665773865962 ], [ -4.170175, 48.579839 ], [ -4.169799, 48.58 ], [ -4.162743, 48.584972 ], [ -4.162233, 48.585489 ], [ -4.161651, 48.585825 ], [ -4.160934, 48.586105 ], [ -4.159796, 48.586131 ], [ -4.159517, 48.585985 ], [ -4.159426, 48.582836 ], [ -4.157829, 48.579948 ], [ -4.150132, 48.579158 ], [ -4.14921, 48.579618 ], [ -4.14823, 48.580141 ], [ -4.146212, 48.581836 ], [ -4.144543, 48.581828 ], [ -4.142813, 48.581418 ], [ -4.13692, 48.579379 ], [ -4.133452, 48.578413 ], [ -4.130856, 48.572401 ], [ -4.126309, 48.571105 ], [ -4.124294, 48.568121 ], [ -4.118738, 48.565554 ], [ -4.116841, 48.56554 ], [ -4.116869, 48.56194 ], [ -4.112183, 48.55509 ], [ -4.109795, 48.555028 ], [ -4.108102, 48.555364 ], [ -4.102449, 48.562325 ], [ -4.098459, 48.569718 ], [ -4.098602, 48.570643 ], [ -4.095045, 48.571194 ], [ -4.090078, 48.56642 ], [ -4.081914, 48.563885 ], [ -4.081674, 48.563785 ], [ -4.075801, 48.560815 ], [ -4.069894, 48.560967 ], [ -4.066889, 48.561663 ], [ -4.064161, 48.561951 ], [ -4.059242, 48.56652 ], [ -4.057999, 48.573223 ], [ -4.05578, 48.577183 ], [ -4.054868, 48.57836 ], [ -4.049253, 48.584169 ], [ -4.04907, 48.584195 ], [ -4.047376, 48.583242 ], [ -4.04027, 48.580423 ], [ -4.039377, 48.579569 ], [ -4.039229, 48.579326 ], [ -4.039037, 48.57704 ], [ -4.037124, 48.569493 ], [ -4.035512, 48.56843 ], [ -4.035271, 48.568011 ], [ -4.035397, 48.566335 ], [ -4.035855, 48.566084 ], [ -4.036134, 48.565949 ], [ -4.036605, 48.565793 ], [ -4.037192, 48.5657 ], [ -4.041461, 48.559677 ], [ -4.033913, 48.556296 ], [ -4.027065, 48.553806 ], [ -4.023862, 48.552163 ], [ -4.019624, 48.546741 ], [ -4.012408, 48.546873 ], [ -4.009823556460501, 48.552949934809092 ], [ -4.012377, 48.546888 ], [ -4.014529, 48.545846 ], [ -4.01686, 48.545415 ], [ -4.017178, 48.545355 ], [ -4.016502, 48.541819 ], [ -4.015152, 48.541557 ], [ -4.012495, 48.54054 ], [ -4.011722, 48.540462 ], [ -4.011341, 48.541285 ], [ -4.00813, 48.544777 ], [ -4.004464, 48.545874 ], [ -3.998, 48.543498 ], [ -3.998264, 48.535266 ], [ -3.99963, 48.533894 ], [ -4.000026, 48.533581 ], [ -4.00248, 48.531856 ], [ -4.004573, 48.530629 ], [ -4.005005, 48.530334 ], [ -4.005849, 48.529709 ], [ -4.013812, 48.530919 ], [ -4.018863, 48.52951 ], [ -4.019038, 48.525914 ], [ -4.023018, 48.521115 ], [ -4.02896, 48.525516 ], [ -4.030208, 48.525187 ], [ -4.032497, 48.525116 ], [ -4.033015, 48.525127 ], [ -4.033615, 48.525056 ], [ -4.038738, 48.532199 ], [ -4.039828, 48.532723 ], [ -4.040859, 48.533081 ], [ -4.041284, 48.533184 ], [ -4.04189, 48.533244 ], [ -4.049745, 48.535106 ], [ -4.053021, 48.534484 ], [ -4.05314, 48.534463 ], [ -4.053836, 48.534313 ], [ -4.060181, 48.533255 ], [ -4.065757, 48.531739 ], [ -4.068576, 48.530044 ], [ -4.071356, 48.527757 ], [ -4.071906, 48.522071 ], [ -4.076817, 48.519885 ], [ -4.078346, 48.519726 ], [ -4.079372, 48.519589 ], [ -4.080274, 48.519447 ], [ -4.081275, 48.519265 ], [ -4.082071, 48.5191 ], [ -4.083642, 48.518728 ], [ -4.084613, 48.518466 ], [ -4.085577, 48.518174 ], [ -4.08732, 48.517569 ], [ -4.087972, 48.517313 ], [ -4.090555, 48.516209 ], [ -4.092325, 48.515432 ], [ -4.099896, 48.517512 ], [ -4.10282, 48.518262 ], [ -4.103477, 48.51789 ], [ -4.105738, 48.516083 ], [ -4.111705, 48.513642 ], [ -4.111781, 48.513583 ], [ -4.116451, 48.508373 ], [ -4.119048, 48.508254 ], [ -4.121645, 48.508135 ], [ -4.124551, 48.508003 ], [ -4.126712, 48.507899 ], [ -4.126539, 48.504303 ], [ -4.124379, 48.504407 ], [ -4.121481, 48.504539 ], [ -4.118884, 48.504658 ], [ -4.116286, 48.504777 ], [ -4.113689, 48.504895 ], [ -4.112317, 48.504987 ], [ -4.111073, 48.5051 ], [ -4.109745, 48.505267 ], [ -4.10822, 48.505513 ], [ -4.099877, 48.506903 ], [ -4.092618, 48.511371 ], [ -4.090877, 48.512136 ], [ -4.089107, 48.512913 ], [ -4.086558, 48.514002 ], [ -4.086006, 48.514218 ], [ -4.0844, 48.514771 ], [ -4.083572, 48.51502 ], [ -4.082707, 48.515252 ], [ -4.081244, 48.515596 ], [ -4.080545, 48.51574 ], [ -4.079632, 48.515905 ], [ -4.078817, 48.516032 ], [ -4.077872, 48.516157 ], [ -4.076446, 48.516304 ], [ -4.074159, 48.51649 ], [ -4.067707, 48.510473 ], [ -4.067671, 48.510426 ], [ -4.065838, 48.509793 ], [ -4.057689, 48.506895 ], [ -4.055438, 48.506237 ], [ -4.050748, 48.508087 ], [ -4.050135, 48.508274 ], [ -4.049161, 48.508596 ], [ -4.046334, 48.516041 ], [ -4.044237, 48.516168 ], [ -4.041026, 48.515434 ], [ -4.040473, 48.515443 ], [ -4.03677, 48.516606 ], [ -4.034894, 48.516856 ], [ -4.033411, 48.516786 ], [ -4.032231, 48.516997 ], [ -4.03013, 48.516963 ], [ -4.027178, 48.508564 ], [ -4.02952, 48.504939 ], [ -4.028078, 48.502228 ], [ -4.026888, 48.501839 ], [ -4.018254, 48.503946 ], [ -4.017176, 48.503621 ], [ -4.012612, 48.496364 ], [ -4.012348, 48.495502 ], [ -4.011922, 48.494715 ], [ -4.011092, 48.493516 ], [ -4.010615, 48.49293 ], [ -4.010216, 48.492566 ], [ -4.008091, 48.490824 ], [ -4.007508, 48.490441 ], [ -4.006888, 48.490097 ], [ -4.006238, 48.489789 ], [ -4.005838, 48.489623 ], [ -4.00544, 48.489489 ], [ -4.004804, 48.489316 ], [ -4.004042, 48.489186 ], [ -3.999433, 48.48751 ], [ -3.99607, 48.484992 ], [ -3.995543, 48.485021 ], [ -3.994945, 48.485686 ], [ -3.99389, 48.48698 ], [ -3.98978, 48.492851 ], [ -3.985813284550974, 48.493531899296237 ], [ -3.987166, 48.489109 ] ] ], [ [ [ -4.006317, 48.5565 ], [ -3.998275, 48.560211 ], [ -3.997834, 48.562111 ], [ -3.997362830088194, 48.562249186195906 ], [ -3.999889, 48.555787 ], [ -4.000524, 48.555883 ], [ -4.001396, 48.556149 ], [ -4.001991, 48.556282 ], [ -4.00482, 48.556172 ], [ -4.006317, 48.5565 ], [ -4.0071245, 48.5564445 ], [ -4.006317, 48.5565 ] ] ], [ [ [ -4.008069, 48.556366 ], [ -4.007932, 48.556389 ], [ -4.008069302899166, 48.556365462360127 ], [ -4.008069, 48.556366 ] ] ], [ [ [ -4.488548, 48.502413 ], [ -4.482551, 48.504033 ], [ -4.479203, 48.505354 ], [ -4.476905, 48.50612 ], [ -4.47505, 48.505055 ], [ -4.474446, 48.504615 ], [ -4.472427, 48.503876 ], [ -4.466697, 48.50779 ], [ -4.46749, 48.511767 ], [ -4.467013, 48.513387 ], [ -4.466811, 48.514796 ], [ -4.466644, 48.518423 ], [ -4.466308, 48.520664 ], [ -4.46508, 48.521353 ], [ -4.464779, 48.521502 ], [ -4.461074, 48.520903 ], [ -4.456856, 48.527606 ], [ -4.452841, 48.531854 ], [ -4.451694, 48.531784 ], [ -4.449929, 48.531393 ], [ -4.442681, 48.52869 ], [ -4.436504, 48.528239 ], [ -4.433468, 48.527247 ], [ -4.430355220918377, 48.530604388839961 ], [ -4.425881, 48.528334 ], [ -4.425714, 48.527977 ], [ -4.42504, 48.526859 ], [ -4.424, 48.52542 ], [ -4.420683, 48.519603 ], [ -4.421099, 48.513887 ], [ -4.422499, 48.510539 ], [ -4.420867, 48.505417 ], [ -4.420735, 48.505307 ], [ -4.419042, 48.505106 ], [ -4.41893, 48.505105 ], [ -4.411808, 48.50511 ], [ -4.409157, 48.505218 ], [ -4.402418, 48.504957 ], [ -4.400859, 48.504981 ], [ -4.400052, 48.505186 ], [ -4.399215, 48.506599 ], [ -4.398753, 48.508661 ], [ -4.390015, 48.510254 ], [ -4.389308, 48.507913 ], [ -4.389183, 48.507437 ], [ -4.387995, 48.505807 ], [ -4.386953, 48.506073 ], [ -4.381051, 48.507574 ], [ -4.380011, 48.507788 ], [ -4.379589, 48.507884 ], [ -4.379239, 48.507985 ], [ -4.377688, 48.508535 ], [ -4.3761, 48.508909 ], [ -4.368047, 48.506181 ], [ -4.366773, 48.505887 ], [ -4.365317, 48.505963 ], [ -4.358045, 48.509885 ], [ -4.349661, 48.508886 ], [ -4.343066, 48.503485 ], [ -4.3415, 48.498455 ], [ -4.341964, 48.493291 ], [ -4.341885, 48.490002 ], [ -4.34168, 48.489411 ], [ -4.341214, 48.488455 ], [ -4.337977, 48.490032 ], [ -4.336324, 48.491179 ], [ -4.330281, 48.496778 ], [ -4.326171, 48.495022 ], [ -4.323071, 48.496851 ], [ -4.321791, 48.500246 ], [ -4.316877069533077, 48.50009113109715 ], [ -4.313408, 48.494224 ], [ -4.31276, 48.493462 ], [ -4.31195, 48.492199 ], [ -4.310878, 48.486773 ], [ -4.31175, 48.484157 ], [ -4.312731, 48.482109 ], [ -4.32017, 48.480612 ], [ -4.32157, 48.4815 ], [ -4.321935, 48.481721 ], [ -4.329268, 48.481271 ], [ -4.329545, 48.48133 ], [ -4.33602, 48.482559 ], [ -4.336064, 48.482571 ], [ -4.338075, 48.481663 ], [ -4.338134, 48.481527 ], [ -4.338853269080241, 48.480018629889976 ], [ -4.343699, 48.476807 ], [ -4.348881, 48.479481 ], [ -4.34966, 48.480578 ], [ -4.350253, 48.480426 ], [ -4.351171, 48.479892 ], [ -4.3572, 48.477897 ], [ -4.36037, 48.479772 ], [ -4.361896, 48.482417 ], [ -4.365357, 48.481427 ], [ -4.372789, 48.48033 ], [ -4.37441, 48.482319 ], [ -4.374638, 48.482578 ], [ -4.375611, 48.483101 ], [ -4.37587, 48.483103 ], [ -4.376593, 48.482964 ], [ -4.37792, 48.481099 ], [ -4.386431, 48.47851 ], [ -4.394737, 48.4784 ], [ -4.396486, 48.480286 ], [ -4.397613, 48.483705 ], [ -4.404423, 48.484175 ], [ -4.406976, 48.485153 ], [ -4.409194, 48.486304 ], [ -4.411276, 48.483367 ], [ -4.411193, 48.483308 ], [ -4.410844, 48.483063 ], [ -4.410345, 48.482758 ], [ -4.409765, 48.482441 ], [ -4.409325, 48.48223 ], [ -4.403347, 48.47631 ], [ -4.401256, 48.472051 ], [ -4.40133, 48.46653 ], [ -4.406648, 48.462673 ], [ -4.410363, 48.456364 ], [ -4.415925, 48.455974 ], [ -4.417513, 48.456489 ], [ -4.42162, 48.463307 ], [ -4.423133, 48.463843 ], [ -4.425462, 48.465122 ], [ -4.432255, 48.469763 ], [ -4.428072, 48.475384 ], [ -4.427352, 48.479673 ], [ -4.427107, 48.480439 ], [ -4.427062, 48.481024 ], [ -4.427095, 48.481762 ], [ -4.427097, 48.481784 ], [ -4.428846, 48.483414 ], [ -4.431639, 48.49182 ], [ -4.432164, 48.494336 ], [ -4.432326, 48.494794 ], [ -4.432337, 48.494794 ], [ -4.433635, 48.494452 ], [ -4.434294, 48.494105 ], [ -4.434845, 48.493459 ], [ -4.436856, 48.491493 ], [ -4.43765, 48.490035 ], [ -4.437349, 48.48892 ], [ -4.437941, 48.482736 ], [ -4.440792, 48.480431 ], [ -4.443743, 48.479547 ], [ -4.446935, 48.479993 ], [ -4.453114, 48.486472 ], [ -4.453064, 48.488626 ], [ -4.453134, 48.488751 ], [ -4.456818, 48.496775 ], [ -4.456936, 48.497107 ], [ -4.460334, 48.504761 ], [ -4.460237, 48.507114 ], [ -4.463674, 48.508187 ], [ -4.469591, 48.50251 ], [ -4.47234, 48.496785 ], [ -4.475566, 48.494852 ], [ -4.477369, 48.494439 ], [ -4.483171, 48.493146 ], [ -4.484035, 48.492978 ], [ -4.484862, 48.492891 ], [ -4.485217, 48.492857 ], [ -4.485614, 48.49279 ], [ -4.48956, 48.49321 ], [ -4.49388327371662, 48.499268117261948 ], [ -4.488548, 48.502413 ] ] ], [ [ [ -4.368525564655847, 48.385282355826853 ], [ -4.36997, 48.385234 ], [ -4.371157, 48.385208 ], [ -4.375085, 48.385234 ], [ -4.377786, 48.385339 ], [ -4.38043, 48.385439 ], [ -4.38052, 48.385444 ], [ -4.381664, 48.385514 ], [ -4.384735, 48.385787 ], [ -4.385411, 48.385816 ], [ -4.386063, 48.38582 ], [ -4.388222, 48.386029 ], [ -4.388615, 48.386117 ], [ -4.389509, 48.386285 ], [ -4.391172, 48.38635 ], [ -4.393638, 48.394841 ], [ -4.392935, 48.395379 ], [ -4.392795, 48.395487 ], [ -4.390824, 48.40064 ], [ -4.390099, 48.402574 ], [ -4.390115, 48.402639 ], [ -4.384729, 48.409778 ], [ -4.38265, 48.408954 ], [ -4.381928, 48.409022 ], [ -4.380935, 48.409139 ], [ -4.375706, 48.416429 ], [ -4.375319, 48.416455 ], [ -4.373684, 48.417404 ], [ -4.372644, 48.418056 ], [ -4.372747871503157, 48.42057941046199 ], [ -4.370382, 48.421896 ], [ -4.362408, 48.418328 ], [ -4.362123, 48.417613 ], [ -4.36111, 48.412427 ], [ -4.360695, 48.411131 ], [ -4.360279, 48.411173 ], [ -4.359494, 48.41122 ], [ -4.359178, 48.411258 ], [ -4.356466, 48.411447 ], [ -4.356233, 48.411537 ], [ -4.351181, 48.41175 ], [ -4.349126, 48.411279 ], [ -4.347789, 48.410772 ], [ -4.347701, 48.41083 ], [ -4.346374, 48.411489 ], [ -4.346285, 48.411614 ], [ -4.338774, 48.415619 ], [ -4.337311, 48.414944 ], [ -4.337821, 48.406228 ], [ -4.340274, 48.403593 ], [ -4.339563, 48.403095 ], [ -4.339239, 48.402914 ], [ -4.337299, 48.394717 ], [ -4.338738, 48.393855 ], [ -4.344186, 48.394557 ], [ -4.34471, 48.394873 ], [ -4.345294, 48.395156 ], [ -4.346942, 48.396048 ], [ -4.347377, 48.396269 ], [ -4.347821, 48.396518 ], [ -4.349767, 48.397613 ], [ -4.349943, 48.397716 ], [ -4.350901, 48.397532 ], [ -4.351753, 48.394603 ], [ -4.356144, 48.38727 ], [ -4.362632, 48.385502 ], [ -4.364456, 48.385499 ], [ -4.365879, 48.385474 ], [ -4.368529, 48.385388 ], [ -4.368525564655847, 48.385282355826853 ] ] ] ] } },
{ "type": "Feature", "properties": { "fid": 6, "ID": null, "CENTER_LON": "-4.324840216100055", "CENTER_LAT": "48.57246251931615", "AA_MINS": 30, "AA_MODE": "driving-car", "TOTAL_POP": "157060" }, "geometry": { "type": "MultiPolygon", "coordinates": [ [ [ [ -4.520926, 48.495553 ], [ -4.524105, 48.497243 ], [ -4.523677, 48.500836 ], [ -4.523604, 48.506956 ], [ -4.52399, 48.510536 ], [ -4.52128, 48.510828 ], [ -4.51664, 48.516601 ], [ -4.518271, 48.51981 ], [ -4.516443, 48.524079 ], [ -4.519635, 48.532023 ], [ -4.525987, 48.529625 ], [ -4.52727, 48.526262 ], [ -4.531147, 48.524901 ], [ -4.535606, 48.519185 ], [ -4.53463, 48.51572 ], [ -4.535924, 48.515355 ], [ -4.54213, 48.510207 ], [ -4.542496, 48.509771 ], [ -4.543624, 48.508814 ], [ -4.548067, 48.510033 ], [ -4.548891, 48.511368 ], [ -4.548422, 48.515052 ], [ -4.553762, 48.521784 ], [ -4.555376, 48.522986 ], [ -4.555621, 48.52361 ], [ -4.554545, 48.525297 ], [ -4.553882, 48.527491 ], [ -4.553596, 48.53108 ], [ -4.560715, 48.535623 ], [ -4.561722, 48.535938 ], [ -4.564093, 48.536867 ], [ -4.569964, 48.542648 ], [ -4.572301, 48.542043 ], [ -4.572701, 48.542237 ], [ -4.573275, 48.542892 ], [ -4.57882, 48.546853 ], [ -4.582354, 48.547535 ], [ -4.588966, 48.552371 ], [ -4.593874, 48.550648 ], [ -4.595933, 48.549419 ], [ -4.59668, 48.549371 ], [ -4.601274, 48.550215 ], [ -4.601703, 48.551998 ], [ -4.601692, 48.552246 ], [ -4.601682, 48.55239 ], [ -4.601543, 48.553805 ], [ -4.600705, 48.554148 ], [ -4.59941, 48.554794 ], [ -4.598444, 48.555198 ], [ -4.596658, 48.555059 ], [ -4.594774, 48.555102 ], [ -4.592607, 48.555741 ], [ -4.591986, 48.555961 ], [ -4.590614, 48.556385 ], [ -4.588736, 48.564543 ], [ -4.588969, 48.56796 ], [ -4.59254, 48.573228 ], [ -4.601078, 48.572807 ], [ -4.602163, 48.573015 ], [ -4.6032, 48.573116 ], [ -4.603571, 48.573184 ], [ -4.604026, 48.573322 ], [ -4.604359, 48.573419 ], [ -4.604742, 48.573602 ], [ -4.605036, 48.573785 ], [ -4.603159, 48.576816 ], [ -4.599741, 48.580792 ], [ -4.599296, 48.581235 ], [ -4.59866, 48.581196 ], [ -4.58986, 48.58267 ], [ -4.589104, 48.590715 ], [ -4.58944, 48.592785 ], [ -4.589373, 48.593577 ], [ -4.589268, 48.593694 ], [ -4.588571, 48.594276 ], [ -4.580258, 48.59674 ], [ -4.579986, 48.596833 ], [ -4.579575, 48.596929 ], [ -4.579051, 48.597056 ], [ -4.578783, 48.59708 ], [ -4.578282, 48.597069 ], [ -4.577828, 48.597054 ], [ -4.573849, 48.59626 ], [ -4.573155, 48.596242 ], [ -4.568153, 48.597657 ], [ -4.566203, 48.597599 ], [ -4.564273, 48.598178 ], [ -4.562833, 48.606745 ], [ -4.565229, 48.611182 ], [ -4.567075, 48.617253 ], [ -4.566597, 48.620758 ], [ -4.564978, 48.62388 ], [ -4.557813, 48.623365 ], [ -4.557487, 48.62339 ], [ -4.555628, 48.623437 ], [ -4.552007, 48.624407 ], [ -4.547113, 48.628299 ], [ -4.54598, 48.631634 ], [ -4.545257, 48.633622 ], [ -4.543623, 48.634134 ], [ -4.536917, 48.632494 ], [ -4.5359, 48.63199 ], [ -4.52911, 48.630248 ], [ -4.528329, 48.630264 ], [ -4.520858, 48.634137 ], [ -4.52011, 48.63467 ], [ -4.519676, 48.634802 ], [ -4.513629, 48.633328 ], [ -4.512908, 48.633054 ], [ -4.512577, 48.632868 ], [ -4.508911, 48.630818 ], [ -4.506074, 48.629429 ], [ -4.505284, 48.629076 ], [ -4.505085, 48.628928 ], [ -4.502031, 48.622866 ], [ -4.493924, 48.624525 ], [ -4.490396, 48.624654 ], [ -4.488275, 48.624993 ], [ -4.487681, 48.625015 ], [ -4.487043, 48.624922 ], [ -4.486365, 48.624795 ], [ -4.481296, 48.624275 ], [ -4.475964, 48.625583 ], [ -4.469288, 48.626811 ], [ -4.468707, 48.626959 ], [ -4.46705, 48.627029 ], [ -4.466473, 48.627013 ], [ -4.466051, 48.626972 ], [ -4.465259, 48.626893 ], [ -4.457419, 48.631196 ], [ -4.454194, 48.633251 ], [ -4.45219, 48.63326 ], [ -4.447461, 48.639289 ], [ -4.44745, 48.639348 ], [ -4.446838, 48.639251 ], [ -4.446726, 48.639203 ], [ -4.439205, 48.639114 ], [ -4.438652, 48.63894 ], [ -4.438258, 48.638774 ], [ -4.431055, 48.639777 ], [ -4.429568, 48.646195 ], [ -4.43296, 48.649109 ], [ -4.433507, 48.649293 ], [ -4.434197, 48.649819 ], [ -4.434456, 48.650191 ], [ -4.434644, 48.650619 ], [ -4.436104, 48.652969 ], [ -4.434662, 48.655308 ], [ -4.430586, 48.655518 ], [ -4.422662, 48.65405 ], [ -4.419786, 48.654607 ], [ -4.417367, 48.655135 ], [ -4.414452, 48.655805 ], [ -4.413832, 48.65591 ], [ -4.412608, 48.656072 ], [ -4.412104, 48.656116 ], [ -4.411735, 48.656111 ], [ -4.411356, 48.656062 ], [ -4.41036, 48.655787 ], [ -4.40189, 48.654174 ], [ -4.401353, 48.654283 ], [ -4.396199, 48.655629 ], [ -4.391999, 48.657559 ], [ -4.390103, 48.658719 ], [ -4.389077, 48.659304 ], [ -4.38866, 48.659505 ], [ -4.386381, 48.659989 ], [ -4.380756, 48.662147 ], [ -4.375222, 48.666065 ], [ -4.372672, 48.668886 ], [ -4.364703, 48.670233 ], [ -4.363284, 48.670946 ], [ -4.355365, 48.672905 ], [ -4.354618, 48.673421 ], [ -4.350315, 48.675821 ], [ -4.34995, 48.675975 ], [ -4.349875, 48.676003 ], [ -4.346025, 48.677134 ], [ -4.345718, 48.677199 ], [ -4.341021, 48.676782 ], [ -4.337783, 48.675826 ], [ -4.331601, 48.676426 ], [ -4.325646, 48.674592 ], [ -4.328393, 48.671162 ], [ -4.327463985718238, 48.670278001157456 ], [ -4.329117, 48.670707 ], [ -4.329811, 48.671017 ], [ -4.330188, 48.671083 ], [ -4.332529, 48.670524 ], [ -4.33265, 48.670472 ], [ -4.336852, 48.668372 ], [ -4.342891, 48.667835 ], [ -4.350923, 48.665712 ], [ -4.354986, 48.657909 ], [ -4.357282, 48.656851 ], [ -4.358992, 48.656507 ], [ -4.359178, 48.656441 ], [ -4.3645, 48.655004 ], [ -4.364568, 48.654967 ], [ -4.372699, 48.651563 ], [ -4.376534, 48.652924 ], [ -4.377876, 48.652988 ], [ -4.381802, 48.650065 ], [ -4.387796, 48.648353 ], [ -4.392078, 48.648326 ], [ -4.392771, 48.648358 ], [ -4.393392, 48.647556 ], [ -4.393557, 48.647351 ], [ -4.400366, 48.641619 ], [ -4.405528, 48.638668 ], [ -4.411409, 48.637946 ], [ -4.418703, 48.639135 ], [ -4.418777, 48.639129 ], [ -4.424764, 48.638244 ], [ -4.430313, 48.63336 ], [ -4.431706, 48.631177 ], [ -4.437835, 48.626133 ], [ -4.439607, 48.623762 ], [ -4.439814, 48.622712 ], [ -4.43746, 48.620872 ], [ -4.435511, 48.621629 ], [ -4.431487, 48.622598 ], [ -4.428864, 48.615219 ], [ -4.433118, 48.60986 ], [ -4.437648, 48.608405 ], [ -4.444915, 48.604014 ], [ -4.445637, 48.603994 ], [ -4.450778, 48.604182 ], [ -4.451692, 48.60409 ], [ -4.4518, 48.604076 ], [ -4.452877, 48.6039 ], [ -4.456614, 48.597707 ], [ -4.458332, 48.596174 ], [ -4.466866, 48.593727 ], [ -4.468591, 48.592384 ], [ -4.468717, 48.591821 ], [ -4.467543, 48.590191 ], [ -4.467171, 48.59012 ], [ -4.463816, 48.589621 ], [ -4.463596, 48.581731 ], [ -4.463942, 48.581271 ], [ -4.464173, 48.580896 ], [ -4.467207, 48.577092 ], [ -4.472106, 48.571814 ], [ -4.471953, 48.568217 ], [ -4.470962, 48.568259 ], [ -4.468589, 48.568272 ], [ -4.462011, 48.567339 ], [ -4.453926, 48.563695 ], [ -4.453243, 48.561973 ], [ -4.452734, 48.560298 ], [ -4.450508, 48.559291 ], [ -4.448502, 48.558747 ], [ -4.447726, 48.559111 ], [ -4.447542, 48.559533 ], [ -4.447393, 48.560071 ], [ -4.441513, 48.566454 ], [ -4.440952, 48.566417 ], [ -4.440494, 48.566413 ], [ -4.438667, 48.566576 ], [ -4.434024, 48.565252 ], [ -4.433498, 48.564909 ], [ -4.432791, 48.564574 ], [ -4.432121, 48.564383 ], [ -4.427169, 48.557125 ], [ -4.427752, 48.553573 ], [ -4.425068, 48.547071 ], [ -4.431134, 48.545195 ], [ -4.431804, 48.544853 ], [ -4.432216, 48.544585 ], [ -4.432539, 48.544303 ], [ -4.433092, 48.543158 ], [ -4.434876, 48.535737 ], [ -4.435887, 48.53393 ], [ -4.435641, 48.533356 ], [ -4.43426, 48.53219 ], [ -4.433679, 48.532291 ], [ -4.425881, 48.528334 ], [ -4.425714, 48.527977 ], [ -4.42504, 48.526859 ], [ -4.424, 48.52542 ], [ -4.420683, 48.519603 ], [ -4.421099, 48.513887 ], [ -4.422499, 48.510539 ], [ -4.420867, 48.505417 ], [ -4.420735, 48.505307 ], [ -4.419042, 48.505106 ], [ -4.41893, 48.505105 ], [ -4.411808, 48.50511 ], [ -4.409157, 48.505218 ], [ -4.402418, 48.504957 ], [ -4.400859, 48.504981 ], [ -4.400052, 48.505186 ], [ -4.399215, 48.506599 ], [ -4.398753, 48.508661 ], [ -4.390015, 48.510254 ], [ -4.389308, 48.507913 ], [ -4.389183, 48.507437 ], [ -4.387995, 48.505807 ], [ -4.386953, 48.506073 ], [ -4.381051, 48.507574 ], [ -4.380011, 48.507788 ], [ -4.379589, 48.507884 ], [ -4.379239, 48.507985 ], [ -4.377688, 48.508535 ], [ -4.3761, 48.508909 ], [ -4.368047, 48.506181 ], [ -4.366773, 48.505887 ], [ -4.365317, 48.505963 ], [ -4.358045, 48.509885 ], [ -4.349661, 48.508886 ], [ -4.343066, 48.503485 ], [ -4.3415, 48.498455 ], [ -4.341964, 48.493291 ], [ -4.341885, 48.490002 ], [ -4.34168, 48.489411 ], [ -4.341214, 48.488455 ], [ -4.337977, 48.490032 ], [ -4.336324, 48.491179 ], [ -4.330281, 48.496778 ], [ -4.326171, 48.495022 ], [ -4.323071, 48.496851 ], [ -4.321791, 48.500246 ], [ -4.316877069533077, 48.50009113109715 ], [ -4.313408, 48.494224 ], [ -4.31276, 48.493462 ], [ -4.31195, 48.492199 ], [ -4.310878, 48.486773 ], [ -4.31175, 48.484157 ], [ -4.312731, 48.482109 ], [ -4.32017, 48.480612 ], [ -4.32157, 48.4815 ], [ -4.321935, 48.481721 ], [ -4.329268, 48.481271 ], [ -4.329545, 48.48133 ], [ -4.33602, 48.482559 ], [ -4.336064, 48.482571 ], [ -4.338075, 48.481663 ], [ -4.338134, 48.481527 ], [ -4.338853269080241, 48.480018629889976 ], [ -4.343699, 48.476807 ], [ -4.348881, 48.479481 ], [ -4.34966, 48.480578 ], [ -4.350253, 48.480426 ], [ -4.351171, 48.479892 ], [ -4.3572, 48.477897 ], [ -4.36037, 48.479772 ], [ -4.361896, 48.482417 ], [ -4.365357, 48.481427 ], [ -4.372789, 48.48033 ], [ -4.37441, 48.482319 ], [ -4.374638, 48.482578 ], [ -4.375611, 48.483101 ], [ -4.37587, 48.483103 ], [ -4.376593, 48.482964 ], [ -4.37792, 48.481099 ], [ -4.386431, 48.47851 ], [ -4.394737, 48.4784 ], [ -4.396486, 48.480286 ], [ -4.397613, 48.483705 ], [ -4.404423, 48.484175 ], [ -4.406976, 48.485153 ], [ -4.409194, 48.486304 ], [ -4.411276, 48.483367 ], [ -4.411193, 48.483308 ], [ -4.410844, 48.483063 ], [ -4.410345, 48.482758 ], [ -4.409765, 48.482441 ], [ -4.409325, 48.48223 ], [ -4.403347, 48.47631 ], [ -4.401256, 48.472051 ], [ -4.40133, 48.46653 ], [ -4.406648, 48.462673 ], [ -4.410363, 48.456364 ], [ -4.415925, 48.455974 ], [ -4.417513, 48.456489 ], [ -4.42162, 48.463307 ], [ -4.423133, 48.463843 ], [ -4.425462, 48.465122 ], [ -4.432255, 48.469763 ], [ -4.428072, 48.475384 ], [ -4.427352, 48.479673 ], [ -4.427107, 48.480439 ], [ -4.427062, 48.481024 ], [ -4.427095, 48.481762 ], [ -4.427097, 48.481784 ], [ -4.428846, 48.483414 ], [ -4.431639, 48.49182 ], [ -4.432164, 48.494336 ], [ -4.432326, 48.494794 ], [ -4.432337, 48.494794 ], [ -4.433635, 48.494452 ], [ -4.434294, 48.494105 ], [ -4.434845, 48.493459 ], [ -4.436856, 48.491493 ], [ -4.43765, 48.490035 ], [ -4.437349, 48.48892 ], [ -4.437941, 48.482736 ], [ -4.440792, 48.480431 ], [ -4.443743, 48.479547 ], [ -4.446935, 48.479993 ], [ -4.453114, 48.486472 ], [ -4.453064, 48.488626 ], [ -4.453134, 48.488751 ], [ -4.456818, 48.496775 ], [ -4.456936, 48.497107 ], [ -4.460334, 48.504761 ], [ -4.460237, 48.507114 ], [ -4.463674, 48.508187 ], [ -4.469591, 48.50251 ], [ -4.47234, 48.496785 ], [ -4.475566, 48.494852 ], [ -4.477369, 48.494439 ], [ -4.483171, 48.493146 ], [ -4.484035, 48.492978 ], [ -4.484862, 48.492891 ], [ -4.485217, 48.492857 ], [ -4.485614, 48.49279 ], [ -4.48956, 48.49321 ], [ -4.494716, 48.500435 ], [ -4.494389, 48.503615 ], [ -4.494056, 48.506883 ], [ -4.494021, 48.507527 ], [ -4.497616, 48.507721 ], [ -4.497651, 48.507077 ], [ -4.497971, 48.503983 ], [ -4.504553, 48.49934 ], [ -4.504584, 48.499329 ], [ -4.509714, 48.497491 ], [ -4.510577, 48.497105 ], [ -4.511622, 48.496346 ], [ -4.514823, 48.493461 ], [ -4.520009085137128, 48.494326519254685 ], [ -4.520926, 48.495553 ] ] ], [ [ [ -4.065112, 48.505831 ], [ -4.065152, 48.505054 ], [ -4.068121, 48.502476 ], [ -4.070105, 48.495485 ], [ -4.070122, 48.49394 ], [ -4.070207, 48.493782 ], [ -4.074187, 48.487045 ], [ -4.075388, 48.485442 ], [ -4.07877, 48.48421 ], [ -4.081828, 48.487944 ], [ -4.087743, 48.491277 ], [ -4.090412, 48.491317 ], [ -4.097003, 48.494177 ], [ -4.099867, 48.494029 ], [ -4.102508, 48.4935 ], [ -4.103118, 48.49335 ], [ -4.10408, 48.493216 ], [ -4.104946, 48.493137 ], [ -4.105839, 48.49315 ], [ -4.106399, 48.493207 ], [ -4.110759, 48.493219 ], [ -4.115493, 48.491852 ], [ -4.119084, 48.489637 ], [ -4.119681, 48.489264 ], [ -4.120122, 48.48907 ], [ -4.12121, 48.488758 ], [ -4.122046, 48.488623 ], [ -4.122826, 48.488543 ], [ -4.123577, 48.488467 ], [ -4.124852, 48.488204 ], [ -4.13096, 48.481823 ], [ -4.130966, 48.480199 ], [ -4.13174, 48.479628 ], [ -4.132281, 48.479359 ], [ -4.134914, 48.471797 ], [ -4.132697, 48.469311 ], [ -4.132369, 48.468852 ], [ -4.132188, 48.468496 ], [ -4.132025, 48.467962 ], [ -4.131992, 48.467738 ], [ -4.135521, 48.467079 ], [ -4.139166, 48.46858 ], [ -4.14463, 48.473285 ], [ -4.14675, 48.474437 ], [ -4.147096, 48.474727 ], [ -4.147265, 48.477693 ], [ -4.148619, 48.481289 ], [ -4.152675, 48.484754 ], [ -4.153257, 48.485006 ], [ -4.156559, 48.485342 ], [ -4.161297, 48.480678 ], [ -4.165125, 48.474346 ], [ -4.168702, 48.473943 ], [ -4.175719, 48.478613 ], [ -4.176957, 48.477791 ], [ -4.177477, 48.477465 ], [ -4.177911, 48.477155 ], [ -4.178641, 48.476705 ], [ -4.178929, 48.476557 ], [ -4.179256, 48.476412 ], [ -4.179814, 48.476216 ], [ -4.184174, 48.468374 ], [ -4.18161, 48.464907 ], [ -4.181831, 48.46262 ], [ -4.18278, 48.461502 ], [ -4.189756910224279, 48.459985834628661 ], [ -4.19185, 48.461056 ], [ -4.192168, 48.466965 ], [ -4.192034, 48.469563 ], [ -4.187995, 48.477128 ], [ -4.185831, 48.477768 ], [ -4.183437, 48.477799 ], [ -4.182694, 48.47787 ], [ -4.182105, 48.477987 ], [ -4.180663, 48.478408 ], [ -4.179688, 48.47877 ], [ -4.179228, 48.479038 ], [ -4.178751, 48.479404 ], [ -4.178194, 48.479949 ], [ -4.177741, 48.480509 ], [ -4.175563, 48.482578 ], [ -4.1698, 48.485032 ], [ -4.169111, 48.485191 ], [ -4.166873, 48.485805 ], [ -4.166257, 48.485954 ], [ -4.164754, 48.486263 ], [ -4.162454, 48.486595 ], [ -4.160096, 48.487015 ], [ -4.159149, 48.487201 ], [ -4.159439, 48.490276 ], [ -4.159842, 48.490733 ], [ -4.161085, 48.490666 ], [ -4.161982, 48.490421 ], [ -4.163146, 48.490177 ], [ -4.163259, 48.490149 ], [ -4.165554, 48.489773 ], [ -4.16698, 48.489481 ], [ -4.167717, 48.489304 ], [ -4.170061, 48.488664 ], [ -4.171139, 48.488472 ], [ -4.173659, 48.488193 ], [ -4.174242, 48.488087 ], [ -4.174731, 48.48796 ], [ -4.175461, 48.487694 ], [ -4.180791, 48.494722 ], [ -4.179007, 48.49734 ], [ -4.175757, 48.499175 ], [ -4.176433, 48.502711 ], [ -4.177594, 48.502489 ], [ -4.178785, 48.502223 ], [ -4.179921, 48.501947 ], [ -4.179977, 48.501935 ], [ -4.180912, 48.5017 ], [ -4.183205, 48.501082 ], [ -4.185466, 48.500471 ], [ -4.18678, 48.500135 ], [ -4.194768, 48.50274 ], [ -4.196248, 48.503309 ], [ -4.199672, 48.502646 ], [ -4.206116, 48.501568 ], [ -4.208141, 48.500413 ], [ -4.213795, 48.494984 ], [ -4.215214, 48.494741 ], [ -4.216809, 48.494429 ], [ -4.218502, 48.494047 ], [ -4.22017, 48.493621 ], [ -4.228831, 48.493817 ], [ -4.23511, 48.494193 ], [ -4.238337, 48.495663 ], [ -4.241105, 48.495723 ], [ -4.242002, 48.49543 ], [ -4.24971, 48.498456 ], [ -4.252423, 48.500822 ], [ -4.255525, 48.502131 ], [ -4.264384, 48.502418 ], [ -4.265374, 48.502577 ], [ -4.265443, 48.502587 ], [ -4.267954, 48.502548 ], [ -4.267995, 48.502532 ], [ -4.275795, 48.500597 ], [ -4.279394, 48.500517 ], [ -4.284669, 48.503681 ], [ -4.286432, 48.504565 ], [ -4.28684, 48.504748 ], [ -4.287425, 48.504971 ], [ -4.287995, 48.505135 ], [ -4.288585, 48.505265 ], [ -4.289507, 48.505375 ], [ -4.289961, 48.505402 ], [ -4.290357, 48.505404 ], [ -4.290852, 48.505358 ], [ -4.291282, 48.505275 ], [ -4.291701, 48.505142 ], [ -4.292862528321153, 48.506233371294663 ], [ -4.292438, 48.508151 ], [ -4.283891, 48.510797 ], [ -4.283277, 48.510791 ], [ -4.282806, 48.510843 ], [ -4.281044, 48.511975 ], [ -4.281126, 48.512558 ], [ -4.281424, 48.513355 ], [ -4.281827, 48.513877 ], [ -4.28192, 48.513971 ], [ -4.282351, 48.514324 ], [ -4.284861, 48.516104 ], [ -4.285861, 48.522649 ], [ -4.279946, 48.52395 ], [ -4.279071, 48.523554 ], [ -4.276654, 48.522731 ], [ -4.27378, 48.521915 ], [ -4.269244, 48.516907 ], [ -4.268846, 48.51699 ], [ -4.26739, 48.517408 ], [ -4.266894, 48.517543 ], [ -4.265813, 48.517778 ], [ -4.265352, 48.517965 ], [ -4.264669, 48.518569 ], [ -4.256298, 48.515871 ], [ -4.255863, 48.515936 ], [ -4.25507, 48.516196 ], [ -4.251195, 48.517349 ], [ -4.244813, 48.512796 ], [ -4.241533, 48.511313 ], [ -4.239225, 48.513266 ], [ -4.240285, 48.516706 ], [ -4.242128, 48.519312 ], [ -4.242447, 48.52026 ], [ -4.24252, 48.52052 ], [ -4.242829, 48.52156 ], [ -4.237764, 48.528222 ], [ -4.234487, 48.52743 ], [ -4.232629, 48.527351 ], [ -4.232168, 48.527428 ], [ -4.231618, 48.528427 ], [ -4.231137, 48.52934 ], [ -4.231138, 48.529351 ], [ -4.232758, 48.530979 ], [ -4.235223, 48.5377 ], [ -4.227065, 48.538284 ], [ -4.226794, 48.538223 ], [ -4.226006, 48.538068 ], [ -4.22529, 48.538058 ], [ -4.223488, 48.538696 ], [ -4.216997, 48.539808 ], [ -4.216648, 48.539865 ], [ -4.21547, 48.541327 ], [ -4.214183, 48.544681 ], [ -4.209477, 48.548615 ], [ -4.204704, 48.549144 ], [ -4.203761, 48.549 ], [ -4.199616, 48.547776 ], [ -4.197595, 48.550755 ], [ -4.189351, 48.553924 ], [ -4.187438, 48.555683 ], [ -4.18354, 48.559208 ], [ -4.181774, 48.561192 ], [ -4.181886, 48.561754 ], [ -4.182006, 48.562465 ], [ -4.176309, 48.569226 ], [ -4.175805, 48.569174 ], [ -4.174084, 48.569095 ], [ -4.172956, 48.569185 ], [ -4.171789, 48.569291 ], [ -4.171467, 48.569813 ], [ -4.171352, 48.570383 ], [ -4.171318, 48.570989 ], [ -4.172113, 48.572876 ], [ -4.170018, 48.581469 ], [ -4.16924, 48.581862 ], [ -4.168153, 48.5823 ], [ -4.168548, 48.585878 ], [ -4.172025, 48.591331 ], [ -4.173336, 48.594684 ], [ -4.182192, 48.596116 ], [ -4.182369, 48.596262 ], [ -4.183292, 48.596724 ], [ -4.184165, 48.596727 ], [ -4.184616, 48.596619 ], [ -4.189385, 48.591434 ], [ -4.190046, 48.591084 ], [ -4.197523, 48.590249 ], [ -4.20062, 48.592084 ], [ -4.207975, 48.594081 ], [ -4.209127, 48.594372 ], [ -4.215797, 48.599294 ], [ -4.220875, 48.60646 ], [ -4.222285, 48.607557 ], [ -4.222644, 48.607541 ], [ -4.224392, 48.60569 ], [ -4.226007, 48.604078 ], [ -4.230774, 48.601676 ], [ -4.231192, 48.601606 ], [ -4.237331, 48.604141 ], [ -4.236437, 48.610324 ], [ -4.236531, 48.610446 ], [ -4.238132, 48.613421 ], [ -4.239936, 48.621082 ], [ -4.240612, 48.627452 ], [ -4.240402, 48.631046 ], [ -4.241497, 48.63111 ], [ -4.244231, 48.631439 ], [ -4.245429, 48.631609 ], [ -4.245672, 48.631645 ], [ -4.248039, 48.631126 ], [ -4.256496, 48.633717 ], [ -4.261848, 48.639545 ], [ -4.262394, 48.643103 ], [ -4.264219, 48.64314 ], [ -4.27283, 48.641561 ], [ -4.276136, 48.641015 ], [ -4.276136000000142, 48.641015 ], [ -4.276136, 48.641015 ], [ -4.269452, 48.643435 ], [ -4.266836, 48.645909 ], [ -4.262751, 48.649452 ], [ -4.261322, 48.65035 ], [ -4.26074, 48.65015 ], [ -4.258992, 48.648683 ], [ -4.257281, 48.647245 ], [ -4.250475, 48.643513 ], [ -4.248023, 48.646878 ], [ -4.247872, 48.648232 ], [ -4.243966, 48.647809 ], [ -4.239223, 48.647244 ], [ -4.234405, 48.649881 ], [ -4.229426, 48.649467 ], [ -4.228592, 48.649581 ], [ -4.227849, 48.64965 ], [ -4.22587, 48.649758 ], [ -4.221281, 48.648041 ], [ -4.221244, 48.64804 ], [ -4.219784, 48.64787 ], [ -4.217354, 48.648032 ], [ -4.215839, 48.64835 ], [ -4.21283, 48.650944 ], [ -4.218862, 48.657053 ], [ -4.220977, 48.657861 ], [ -4.221618, 48.65824 ], [ -4.221725, 48.658318 ], [ -4.221789, 48.658487 ], [ -4.219989, 48.660472 ], [ -4.219436, 48.660733 ], [ -4.213745, 48.665777 ], [ -4.212989, 48.667914 ], [ -4.210012, 48.671597 ], [ -4.209353, 48.672195 ], [ -4.204175, 48.676189 ], [ -4.203734, 48.676503 ], [ -4.203307, 48.676692 ], [ -4.199073, 48.677941 ], [ -4.191539, 48.682149 ], [ -4.188218, 48.684941 ], [ -4.187631, 48.685293 ], [ -4.187556, 48.685306 ], [ -4.182059, 48.685873 ], [ -4.175947, 48.68773 ], [ -4.175394, 48.687831 ], [ -4.174722, 48.687828 ], [ -4.167411, 48.687599 ], [ -4.158974, 48.690683 ], [ -4.15227, 48.693264 ], [ -4.151714, 48.693418 ], [ -4.151646, 48.693434 ], [ -4.147149, 48.692787 ], [ -4.142922, 48.69109 ], [ -4.137126, 48.685145 ], [ -4.132708, 48.68541 ], [ -4.132363, 48.685453 ], [ -4.131771, 48.685465 ], [ -4.127659, 48.684432 ], [ -4.126376, 48.683068 ], [ -4.126274, 48.682763 ], [ -4.126891, 48.680915 ], [ -4.127035, 48.67646 ], [ -4.119468, 48.672531 ], [ -4.112888, 48.676489 ], [ -4.112251, 48.676539 ], [ -4.112161, 48.67654 ], [ -4.111925, 48.676461 ], [ -4.108873, 48.675118 ], [ -4.10365, 48.672714 ], [ -4.098529, 48.674186 ], [ -4.097886, 48.674097 ], [ -4.097273, 48.673947 ], [ -4.093383, 48.672469 ], [ -4.090318, 48.670912 ], [ -4.082677, 48.669866 ], [ -4.079532, 48.669552 ], [ -4.077872, 48.664215 ], [ -4.077626, 48.663438 ], [ -4.071973, 48.65732 ], [ -4.069932, 48.654354 ], [ -4.06894, 48.652478 ], [ -4.061431, 48.65016 ], [ -4.060898, 48.649758 ], [ -4.06016, 48.648969 ], [ -4.058198, 48.647452 ], [ -4.05534, 48.645893 ], [ -4.053637, 48.645358 ], [ -4.047836, 48.651797 ], [ -4.044666, 48.65698 ], [ -4.043973, 48.657091 ], [ -4.04309, 48.657 ], [ -4.036522, 48.655512 ], [ -4.033797, 48.65316 ], [ -4.033475, 48.652776 ], [ -4.034146, 48.651106 ], [ -4.034766, 48.649416 ], [ -4.041727, 48.646832 ], [ -4.043409, 48.64586 ], [ -4.045796, 48.644694 ], [ -4.046256, 48.64445 ], [ -4.046908, 48.644012 ], [ -4.047164, 48.643795 ], [ -4.049531, 48.639776 ], [ -4.042767, 48.635808 ], [ -4.042112, 48.635805 ], [ -4.040737, 48.635837 ], [ -4.039684, 48.635892 ], [ -4.039018, 48.63526 ], [ -4.038408, 48.634703 ], [ -4.035842, 48.632095 ], [ -4.035473, 48.63164 ], [ -4.034213, 48.628709 ], [ -4.032597, 48.619938 ], [ -4.032086, 48.619958 ], [ -4.027041, 48.620954 ], [ -4.024941, 48.621475 ], [ -4.024779, 48.621453 ], [ -4.022908, 48.619962 ], [ -4.021651, 48.618544 ], [ -4.021638, 48.618299 ], [ -4.023268, 48.61638 ], [ -4.026993, 48.613108 ], [ -4.02279, 48.607315 ], [ -4.019223, 48.60683 ], [ -4.017409, 48.606506 ], [ -4.017466, 48.602907 ], [ -4.021697, 48.597889 ], [ -4.026336, 48.59224 ], [ -4.027077, 48.591473 ], [ -4.02759, 48.591118 ], [ -4.029507, 48.588678 ], [ -4.028167, 48.582014 ], [ -4.027714, 48.580993 ], [ -4.02734, 48.580284 ], [ -4.027147, 48.578562 ], [ -4.030177, 48.576477 ], [ -4.034353, 48.573369 ], [ -4.041328, 48.572575 ], [ -4.043033, 48.571889 ], [ -4.045007, 48.572742 ], [ -4.050266, 48.571416 ], [ -4.051285, 48.56389 ], [ -4.050329, 48.560419 ], [ -4.053201, 48.558756 ], [ -4.056705, 48.553624 ], [ -4.059732, 48.552925 ], [ -4.061743, 48.552317 ], [ -4.062305, 48.552218 ], [ -4.064792, 48.551905 ], [ -4.067894, 48.543849 ], [ -4.062763, 48.538292 ], [ -4.05730950187608, 48.53373380930104 ], [ -4.060181, 48.533255 ], [ -4.065757, 48.531739 ], [ -4.068576, 48.530044 ], [ -4.071356, 48.527757 ], [ -4.071906, 48.522071 ], [ -4.076817, 48.519885 ], [ -4.078346, 48.519726 ], [ -4.079372, 48.519589 ], [ -4.080274, 48.519447 ], [ -4.081275, 48.519265 ], [ -4.082071, 48.5191 ], [ -4.083642, 48.518728 ], [ -4.084613, 48.518466 ], [ -4.085577, 48.518174 ], [ -4.08732, 48.517569 ], [ -4.087972, 48.517313 ], [ -4.090555, 48.516209 ], [ -4.092325, 48.515432 ], [ -4.099896, 48.517512 ], [ -4.10282, 48.518262 ], [ -4.103477, 48.51789 ], [ -4.105738, 48.516083 ], [ -4.111705, 48.513642 ], [ -4.111781, 48.513583 ], [ -4.116451, 48.508373 ], [ -4.119048, 48.508254 ], [ -4.121645, 48.508135 ], [ -4.124551, 48.508003 ], [ -4.126712, 48.507899 ], [ -4.126539, 48.504303 ], [ -4.124379, 48.504407 ], [ -4.121481, 48.504539 ], [ -4.118884, 48.504658 ], [ -4.116286, 48.504777 ], [ -4.113689, 48.504895 ], [ -4.112317, 48.504987 ], [ -4.111073, 48.5051 ], [ -4.109745, 48.505267 ], [ -4.10822, 48.505513 ], [ -4.099877, 48.506903 ], [ -4.092618, 48.511371 ], [ -4.090877, 48.512136 ], [ -4.089107, 48.512913 ], [ -4.086558, 48.514002 ], [ -4.086006, 48.514218 ], [ -4.0844, 48.514771 ], [ -4.083572, 48.51502 ], [ -4.082707, 48.515252 ], [ -4.081244, 48.515596 ], [ -4.080545, 48.51574 ], [ -4.079632, 48.515905 ], [ -4.078817, 48.516032 ], [ -4.077872, 48.516157 ], [ -4.076446, 48.516304 ], [ -4.074159, 48.51649 ], [ -4.067707, 48.510473 ], [ -4.067671, 48.510426 ], [ -4.065838, 48.509793 ], [ -4.062627785195652, 48.508651362682166 ], [ -4.065112, 48.505831 ] ] ], [ [ [ -4.047092880369797, 48.514042462910105 ], [ -4.046334, 48.516041 ], [ -4.044237, 48.516168 ], [ -4.043400755322276, 48.515976843477596 ], [ -4.047092880369797, 48.514042462910105 ] ] ], [ [ [ -4.033411, 48.516786 ], [ -4.03677, 48.516606 ], [ -4.034894, 48.516856 ], [ -4.033411, 48.516786 ], [ -4.032231, 48.516997 ], [ -4.03013, 48.516963 ], [ -4.030129948126108, 48.51696285240893 ], [ -4.033411, 48.516786 ] ] ], [ [ [ -4.27943, 48.640545 ], [ -4.279429999999594, 48.640545 ], [ -4.27943, 48.640545 ], [ -4.280236041510377, 48.640144498124535 ], [ -4.27943, 48.640545 ] ] ], [ [ [ -4.294551, 48.633612 ], [ -4.292244, 48.635936 ], [ -4.291314, 48.636255 ], [ -4.28884, 48.637057 ], [ -4.286361, 48.637877 ], [ -4.2854788300272, 48.638168920652824 ], [ -4.286361, 48.637877 ], [ -4.28884, 48.637057 ], [ -4.291314, 48.636255 ], [ -4.292244, 48.635936 ], [ -4.294551, 48.633612 ], [ -4.295728375, 48.632893357501224 ], [ -4.294551, 48.633612 ] ] ], [ [ [ -4.303554, 48.634018 ], [ -4.303364272596845, 48.633972939741746 ], [ -4.303554, 48.634018 ], [ -4.303554, 48.634018 ] ] ], [ [ [ -4.310845, 48.642289 ], [ -4.310845, 48.642289 ], [ -4.310845, 48.642289 ], [ -4.310845, 48.642289 ], [ -4.310845, 48.642289 ] ] ], [ [ [ -4.3196, 48.667757 ], [ -4.319133, 48.668165 ], [ -4.317039, 48.670785 ], [ -4.315881, 48.671154 ], [ -4.314288, 48.671996 ], [ -4.313676, 48.671691 ], [ -4.313129, 48.671302 ], [ -4.309831, 48.66896 ], [ -4.304855, 48.665157 ], [ -4.298719, 48.666102 ], [ -4.298198, 48.666026 ], [ -4.2978, 48.665933 ], [ -4.297434, 48.665803 ], [ -4.29689, 48.665506 ], [ -4.295781, 48.664627 ], [ -4.295405, 48.664269 ], [ -4.295175, 48.664005 ], [ -4.295818, 48.662209 ], [ -4.296046, 48.661911 ], [ -4.300695, 48.655005 ], [ -4.303524024805967, 48.652020921980188 ], [ -4.303979, 48.653665 ], [ -4.304363, 48.657245 ], [ -4.305741, 48.657335 ], [ -4.31312, 48.659693 ], [ -4.318717, 48.665523 ], [ -4.319922986960828, 48.667533889306362 ], [ -4.3196, 48.667757 ] ] ] ] } },
{ "type": "Feature", "properties": { "fid": 7, "ID": null, "CENTER_LON": "-3.857758279926775", "CENTER_LAT": "48.572839238833424", "AA_MINS": 30, "AA_MODE": "driving-car", "TOTAL_POP": "153297" }, "geometry": { "type": "MultiPolygon", "coordinates": [ [ [ [ -4.169506, 48.45594 ], [ -4.17377, 48.457373 ], [ -4.1751, 48.457224 ], [ -4.176735267677847, 48.455492280527736 ], [ -4.17803, 48.457099 ], [ -4.178221, 48.457719 ], [ -4.178363, 48.457989 ], [ -4.180049, 48.459722 ], [ -4.180353, 48.459642 ], [ -4.180637, 48.459547 ], [ -4.181096, 48.459299 ], [ -4.185204, 48.457658 ], [ -4.19185, 48.461056 ], [ -4.192168, 48.466965 ], [ -4.192034, 48.469563 ], [ -4.187995, 48.477128 ], [ -4.185831, 48.477768 ], [ -4.183437, 48.477799 ], [ -4.182694, 48.47787 ], [ -4.182105, 48.477987 ], [ -4.180663, 48.478408 ], [ -4.179688, 48.47877 ], [ -4.179228, 48.479038 ], [ -4.178751, 48.479404 ], [ -4.178194, 48.479949 ], [ -4.177741, 48.480509 ], [ -4.175563, 48.482578 ], [ -4.1698, 48.485032 ], [ -4.169111, 48.485191 ], [ -4.166873, 48.485805 ], [ -4.166257, 48.485954 ], [ -4.164754, 48.486263 ], [ -4.162454, 48.486595 ], [ -4.160096, 48.487015 ], [ -4.159149, 48.487201 ], [ -4.159439, 48.490276 ], [ -4.159842, 48.490733 ], [ -4.161085, 48.490666 ], [ -4.161982, 48.490421 ], [ -4.163146, 48.490177 ], [ -4.163259, 48.490149 ], [ -4.165554, 48.489773 ], [ -4.16698, 48.489481 ], [ -4.167717, 48.489304 ], [ -4.170061, 48.488664 ], [ -4.171139, 48.488472 ], [ -4.173659, 48.488193 ], [ -4.174242, 48.488087 ], [ -4.174731, 48.48796 ], [ -4.175461, 48.487694 ], [ -4.180791, 48.494722 ], [ -4.179007, 48.49734 ], [ -4.175757, 48.499175 ], [ -4.176433, 48.502711 ], [ -4.177594, 48.502489 ], [ -4.178785, 48.502223 ], [ -4.179921, 48.501947 ], [ -4.179977, 48.501935 ], [ -4.180912, 48.5017 ], [ -4.183205, 48.501082 ], [ -4.185466, 48.500471 ], [ -4.18678, 48.500135 ], [ -4.194768, 48.50274 ], [ -4.196248, 48.503309 ], [ -4.199672, 48.502646 ], [ -4.206116, 48.501568 ], [ -4.208141, 48.500413 ], [ -4.213795, 48.494984 ], [ -4.215214, 48.494741 ], [ -4.216809, 48.494429 ], [ -4.218502, 48.494047 ], [ -4.22017, 48.493621 ], [ -4.228831, 48.493817 ], [ -4.23511, 48.494193 ], [ -4.238337, 48.495663 ], [ -4.241105, 48.495723 ], [ -4.242002, 48.49543 ], [ -4.24971, 48.498456 ], [ -4.252423, 48.500822 ], [ -4.255525, 48.502131 ], [ -4.264384, 48.502418 ], [ -4.265374, 48.502577 ], [ -4.265443, 48.502587 ], [ -4.267954, 48.502548 ], [ -4.267995, 48.502532 ], [ -4.275795, 48.500597 ], [ -4.279394, 48.500517 ], [ -4.284669, 48.503681 ], [ -4.286432, 48.504565 ], [ -4.28684, 48.504748 ], [ -4.287425, 48.504971 ], [ -4.287995, 48.505135 ], [ -4.288585, 48.505265 ], [ -4.289507, 48.505375 ], [ -4.289961, 48.505402 ], [ -4.290357, 48.505404 ], [ -4.290852, 48.505358 ], [ -4.291282, 48.505275 ], [ -4.291701, 48.505142 ], [ -4.292862528321153, 48.506233371294663 ], [ -4.292438, 48.508151 ], [ -4.283891, 48.510797 ], [ -4.283277, 48.510791 ], [ -4.282806, 48.510843 ], [ -4.281044, 48.511975 ], [ -4.281126, 48.512558 ], [ -4.281384814091376, 48.513250197418891 ], [ -4.281311, 48.513138 ], [ -4.280972, 48.512536 ], [ -4.281025, 48.511841 ], [ -4.280659, 48.50748 ], [ -4.272665, 48.506713 ], [ -4.269909, 48.507292 ], [ -4.262757, 48.51098 ], [ -4.268846, 48.51699 ], [ -4.26739, 48.517408 ], [ -4.266894, 48.517543 ], [ -4.265813, 48.517778 ], [ -4.265352, 48.517965 ], [ -4.264669, 48.518569 ], [ -4.256298, 48.515871 ], [ -4.255863, 48.515936 ], [ -4.25507, 48.516196 ], [ -4.251195, 48.517349 ], [ -4.244813, 48.512796 ], [ -4.241533, 48.511313 ], [ -4.239225, 48.513266 ], [ -4.240285, 48.516706 ], [ -4.242128, 48.519312 ], [ -4.242447, 48.52026 ], [ -4.24252, 48.52052 ], [ -4.242829, 48.52156 ], [ -4.237764, 48.528222 ], [ -4.234487, 48.52743 ], [ -4.232629, 48.527351 ], [ -4.232168, 48.527428 ], [ -4.231618, 48.528427 ], [ -4.231137, 48.52934 ], [ -4.231138, 48.529351 ], [ -4.232758, 48.530979 ], [ -4.235223, 48.5377 ], [ -4.227065, 48.538284 ], [ -4.226794, 48.538223 ], [ -4.226006, 48.538068 ], [ -4.22529, 48.538058 ], [ -4.223488, 48.538696 ], [ -4.216997, 48.539808 ], [ -4.216648, 48.539865 ], [ -4.21547, 48.541327 ], [ -4.214183, 48.544681 ], [ -4.209477, 48.548615 ], [ -4.204704, 48.549144 ], [ -4.203761, 48.549 ], [ -4.199616, 48.547776 ], [ -4.197595, 48.550755 ], [ -4.189351, 48.553924 ], [ -4.187438, 48.555683 ], [ -4.18354, 48.559208 ], [ -4.181774, 48.561192 ], [ -4.181886, 48.561754 ], [ -4.182006, 48.562465 ], [ -4.176309, 48.569226 ], [ -4.175805, 48.569174 ], [ -4.174084, 48.569095 ], [ -4.172956, 48.569185 ], [ -4.171789, 48.569291 ], [ -4.171467, 48.569813 ], [ -4.171352, 48.570383 ], [ -4.171318, 48.570989 ], [ -4.172113, 48.572876 ], [ -4.170018, 48.581469 ], [ -4.16924, 48.581862 ], [ -4.168153, 48.5823 ], [ -4.168548, 48.585878 ], [ -4.172025, 48.591331 ], [ -4.172576218171483, 48.592740789877176 ], [ -4.169801, 48.596041 ], [ -4.168274, 48.601552 ], [ -4.164908, 48.602164 ], [ -4.163769, 48.601675 ], [ -4.162826, 48.60121 ], [ -4.156903, 48.601788 ], [ -4.154588, 48.604545 ], [ -4.159644, 48.611938 ], [ -4.160488, 48.613201 ], [ -4.161075, 48.614064 ], [ -4.161347, 48.614463 ], [ -4.162832, 48.616039 ], [ -4.159699, 48.619707 ], [ -4.158241, 48.618811 ], [ -4.157465, 48.618449 ], [ -4.150211, 48.618035 ], [ -4.143543, 48.616164 ], [ -4.142143, 48.616723 ], [ -4.138416, 48.622006 ], [ -4.142091, 48.628028 ], [ -4.143285, 48.629397 ], [ -4.144726, 48.631688 ], [ -4.145323, 48.635238 ], [ -4.141342, 48.640205 ], [ -4.141334, 48.643459 ], [ -4.141292, 48.643786 ], [ -4.140886, 48.644721 ], [ -4.140267, 48.645629 ], [ -4.138014, 48.650061 ], [ -4.139104, 48.65544 ], [ -4.141282, 48.659073 ], [ -4.141162, 48.662671 ], [ -4.139118, 48.663108 ], [ -4.138706, 48.663181 ], [ -4.136836, 48.662914 ], [ -4.134638, 48.662262 ], [ -4.128266, 48.667646 ], [ -4.128154, 48.668353 ], [ -4.127812, 48.669308 ], [ -4.122421, 48.672113 ], [ -4.12162, 48.673672 ], [ -4.125672, 48.681253 ], [ -4.12728, 48.682353 ], [ -4.126814, 48.683807 ], [ -4.126682, 48.684244 ], [ -4.126258, 48.684805 ], [ -4.125558, 48.685515 ], [ -4.122397, 48.684963 ], [ -4.12179, 48.684934 ], [ -4.12091, 48.684808 ], [ -4.120048, 48.684602 ], [ -4.113106, 48.689638 ], [ -4.113069, 48.690655 ], [ -4.112386, 48.691997 ], [ -4.11144, 48.691937 ], [ -4.102732, 48.692937 ], [ -4.102168, 48.692895 ], [ -4.101686, 48.692802 ], [ -4.101042, 48.692575 ], [ -4.092792, 48.690588 ], [ -4.088574, 48.692173 ], [ -4.088066, 48.692197 ], [ -4.087689, 48.692155 ], [ -4.08688, 48.69198 ], [ -4.082929, 48.691281 ], [ -4.082879, 48.691266 ], [ -4.08131, 48.690644 ], [ -4.07737, 48.689657 ], [ -4.077306, 48.689632 ], [ -4.073937, 48.685953 ], [ -4.073104, 48.684979 ], [ -4.071035, 48.683116 ], [ -4.062495, 48.683285 ], [ -4.061676, 48.683886 ], [ -4.060224, 48.684952 ], [ -4.055784, 48.691902 ], [ -4.055786, 48.693177 ], [ -4.055555, 48.694877 ], [ -4.056186, 48.701153 ], [ -4.049828, 48.704362 ], [ -4.041099, 48.70291 ], [ -4.035739, 48.709785 ], [ -4.036056, 48.711523 ], [ -4.036472, 48.713275 ], [ -4.035862, 48.713383 ], [ -4.035391, 48.713389 ], [ -4.03508, 48.713364 ], [ -4.034426, 48.713278 ], [ -4.033174, 48.713147 ], [ -4.028068, 48.711676 ], [ -4.01961, 48.712459 ], [ -4.01491, 48.713236 ], [ -4.013021, 48.718978 ], [ -4.01237, 48.719819 ], [ -4.011957, 48.720367 ], [ -4.011622, 48.720705 ], [ -4.009518, 48.722825 ], [ -4.008969, 48.723274 ], [ -4.008773, 48.723366 ], [ -4.006477, 48.722579 ], [ -4.005891, 48.721165 ], [ -4.005185, 48.716756 ], [ -3.999128, 48.712271 ], [ -3.995646, 48.713068 ], [ -3.99524, 48.713297 ], [ -3.9918, 48.720769 ], [ -3.991845, 48.721204 ], [ -3.991728, 48.721871 ], [ -3.991686, 48.724271 ], [ -3.990315, 48.725365 ], [ -3.989726, 48.725801 ], [ -3.988018, 48.726974 ], [ -3.982258, 48.730843 ], [ -3.980014, 48.729196 ], [ -3.975105, 48.726017 ], [ -3.970466, 48.725849 ], [ -3.962699, 48.722994 ], [ -3.955523, 48.723189 ], [ -3.95276, 48.725647 ], [ -3.950001, 48.728102 ], [ -3.947241, 48.730558 ], [ -3.944848, 48.727868 ], [ -3.948198, 48.722011 ], [ -3.951881, 48.719606 ], [ -3.955563, 48.717202 ], [ -3.958781, 48.716924 ], [ -3.961003, 48.71694 ], [ -3.968167, 48.717635 ], [ -3.972795, 48.712253 ], [ -3.973129, 48.706751 ], [ -3.973474, 48.706043 ], [ -3.973734, 48.705527 ], [ -3.975623, 48.701194 ], [ -3.97149, 48.69481 ], [ -3.966346, 48.694272 ], [ -3.961264, 48.689666 ], [ -3.957533, 48.684831 ], [ -3.959236, 48.68333 ], [ -3.962352, 48.675068 ], [ -3.956784, 48.672732 ], [ -3.956329, 48.672827 ], [ -3.956042, 48.67285 ], [ -3.954948, 48.672968 ], [ -3.953339, 48.673173 ], [ -3.951378, 48.672038 ], [ -3.951567, 48.670875 ], [ -3.952726, 48.669701 ], [ -3.953119693233864, 48.663381792545501 ], [ -3.953317, 48.666523 ], [ -3.953854, 48.668813 ], [ -3.954046, 48.669904 ], [ -3.954382, 48.670381 ], [ -3.954971, 48.670809 ], [ -3.955472, 48.671021 ], [ -3.955997, 48.671177 ], [ -3.962227, 48.67316 ], [ -3.964515, 48.675282 ], [ -3.965132, 48.675154 ], [ -3.973167, 48.675227 ], [ -3.979483, 48.678783 ], [ -3.982199, 48.682299 ], [ -3.982308, 48.682423 ], [ -3.984997, 48.682183 ], [ -3.98507, 48.682085 ], [ -3.986862, 48.679354 ], [ -3.987928, 48.677396 ], [ -3.987914, 48.677291 ], [ -3.989097, 48.670539 ], [ -3.992886, 48.667524 ], [ -3.99797, 48.667127 ], [ -3.99848, 48.667244 ], [ -3.999118, 48.667422 ], [ -3.999769, 48.667627 ], [ -4.001007, 48.668129 ], [ -4.00236, 48.664793 ], [ -4.001121, 48.664291 ], [ -4.000222, 48.663996 ], [ -3.997749, 48.663091 ], [ -3.991218, 48.658766 ], [ -3.988797, 48.65524 ], [ -3.988968, 48.646822 ], [ -3.988986, 48.646778 ], [ -3.989262, 48.645049 ], [ -3.989621, 48.637107 ], [ -3.991023, 48.635561 ], [ -3.993734, 48.633916 ], [ -3.994722, 48.632666 ], [ -3.996065, 48.631173 ], [ -3.99592, 48.630544 ], [ -3.993302, 48.629279 ], [ -3.989257, 48.626597 ], [ -3.98736, 48.625234 ], [ -3.987316, 48.625233 ], [ -3.983527, 48.625272 ], [ -3.982726, 48.625348 ], [ -3.982435, 48.6254 ], [ -3.975085, 48.624721 ], [ -3.97362, 48.624325 ], [ -3.971054, 48.62446 ], [ -3.966038, 48.626276 ], [ -3.960907, 48.623575 ], [ -3.960207, 48.619416 ], [ -3.960514, 48.615846 ], [ -3.960822, 48.615006 ], [ -3.966579, 48.610527 ], [ -3.968048, 48.610327 ], [ -3.968594, 48.606769 ], [ -3.968007, 48.606679 ], [ -3.967439, 48.606656 ], [ -3.962834, 48.604968 ], [ -3.961692, 48.598652 ], [ -3.961706, 48.598549 ], [ -3.961711, 48.598291 ], [ -3.964149, 48.592184 ], [ -3.964457, 48.591663 ], [ -3.964726, 48.590996 ], [ -3.965322, 48.589615 ], [ -3.965186, 48.587155 ], [ -3.965187, 48.58704 ], [ -3.96562, 48.583473 ], [ -3.96617, 48.58218 ], [ -3.96975, 48.579572 ], [ -3.975989, 48.5829 ], [ -3.980551, 48.588296 ], [ -3.981388, 48.588444 ], [ -3.984899, 48.589237 ], [ -3.988341, 48.596137 ], [ -3.990252, 48.598463 ], [ -3.993847, 48.598663 ], [ -3.998133, 48.595125 ], [ -3.998224, 48.591526 ], [ -3.999018, 48.585914 ], [ -4.00583, 48.583837 ], [ -4.006843, 48.584003 ], [ -4.014936, 48.581972 ], [ -4.02005, 48.583031 ], [ -4.021621, 48.582011 ], [ -4.02153, 48.578412 ], [ -4.015526, 48.574494 ], [ -4.010384, 48.570782 ], [ -4.010269, 48.570781 ], [ -4.00928, 48.570892 ], [ -4.009127, 48.5709 ], [ -4.008025, 48.570956 ], [ -4.00683, 48.570997 ], [ -4.005945, 48.571 ], [ -4.004508, 48.570787 ], [ -4.000023, 48.568885 ], [ -3.997329, 48.565168 ], [ -3.997035, 48.564538 ], [ -3.996653, 48.564065 ], [ -3.999889, 48.555787 ], [ -4.000524, 48.555883 ], [ -4.001396, 48.556149 ], [ -4.001991, 48.556282 ], [ -4.00482, 48.556172 ], [ -4.006317, 48.5565 ], [ -4.007932, 48.556389 ], [ -4.008072, 48.556365 ], [ -4.009305, 48.554181 ], [ -4.012377, 48.546888 ], [ -4.014529, 48.545846 ], [ -4.01686, 48.545415 ], [ -4.017178, 48.545355 ], [ -4.016502, 48.541819 ], [ -4.015152, 48.541557 ], [ -4.012495, 48.54054 ], [ -4.011722, 48.540462 ], [ -4.011341, 48.541285 ], [ -4.00813, 48.544777 ], [ -4.004464, 48.545874 ], [ -3.998, 48.543498 ], [ -3.998264, 48.535266 ], [ -3.99963, 48.533894 ], [ -4.000026, 48.533581 ], [ -4.00248, 48.531856 ], [ -4.004573, 48.530629 ], [ -4.005005, 48.530334 ], [ -4.005849, 48.529709 ], [ -4.013812, 48.530919 ], [ -4.018863, 48.52951 ], [ -4.019038, 48.525914 ], [ -4.023018, 48.521115 ], [ -4.02896, 48.525516 ], [ -4.030208, 48.525187 ], [ -4.032497, 48.525116 ], [ -4.033015, 48.525127 ], [ -4.033615, 48.525056 ], [ -4.038738, 48.532199 ], [ -4.039828, 48.532723 ], [ -4.040859, 48.533081 ], [ -4.041284, 48.533184 ], [ -4.04189, 48.533244 ], [ -4.049745, 48.535106 ], [ -4.053021, 48.534484 ], [ -4.05314, 48.534463 ], [ -4.053836, 48.534313 ], [ -4.060181, 48.533255 ], [ -4.065757, 48.531739 ], [ -4.068576, 48.530044 ], [ -4.071356, 48.527757 ], [ -4.071906, 48.522071 ], [ -4.076817, 48.519885 ], [ -4.078346, 48.519726 ], [ -4.079372, 48.519589 ], [ -4.080274, 48.519447 ], [ -4.081275, 48.519265 ], [ -4.082071, 48.5191 ], [ -4.083642, 48.518728 ], [ -4.084613, 48.518466 ], [ -4.085577, 48.518174 ], [ -4.08732, 48.517569 ], [ -4.087972, 48.517313 ], [ -4.090555, 48.516209 ], [ -4.092325, 48.515432 ], [ -4.099896, 48.517512 ], [ -4.10282, 48.518262 ], [ -4.103477, 48.51789 ], [ -4.105738, 48.516083 ], [ -4.111705, 48.513642 ], [ -4.111781, 48.513583 ], [ -4.116451, 48.508373 ], [ -4.119048, 48.508254 ], [ -4.121645, 48.508135 ], [ -4.124551, 48.508003 ], [ -4.126712, 48.507899 ], [ -4.126539, 48.504303 ], [ -4.124379, 48.504407 ], [ -4.121481, 48.504539 ], [ -4.118884, 48.504658 ], [ -4.116286, 48.504777 ], [ -4.113689, 48.504895 ], [ -4.112317, 48.504987 ], [ -4.111073, 48.5051 ], [ -4.109745, 48.505267 ], [ -4.10822, 48.505513 ], [ -4.099877, 48.506903 ], [ -4.092618, 48.511371 ], [ -4.090877, 48.512136 ], [ -4.089107, 48.512913 ], [ -4.086558, 48.514002 ], [ -4.086006, 48.514218 ], [ -4.0844, 48.514771 ], [ -4.083572, 48.51502 ], [ -4.082707, 48.515252 ], [ -4.081244, 48.515596 ], [ -4.080545, 48.51574 ], [ -4.079632, 48.515905 ], [ -4.078817, 48.516032 ], [ -4.077872, 48.516157 ], [ -4.076446, 48.516304 ], [ -4.074159, 48.51649 ], [ -4.067707, 48.510473 ], [ -4.067671, 48.510426 ], [ -4.065838, 48.509793 ], [ -4.057689, 48.506895 ], [ -4.055438, 48.506237 ], [ -4.050748, 48.508087 ], [ -4.050135, 48.508274 ], [ -4.049161, 48.508596 ], [ -4.046334, 48.516041 ], [ -4.044237, 48.516168 ], [ -4.041026, 48.515434 ], [ -4.040473, 48.515443 ], [ -4.03677, 48.516606 ], [ -4.034894, 48.516856 ], [ -4.033411, 48.516786 ], [ -4.032231, 48.516997 ], [ -4.03013, 48.516963 ], [ -4.027178, 48.508564 ], [ -4.02952, 48.504939 ], [ -4.028078, 48.502228 ], [ -4.026888, 48.501839 ], [ -4.018254, 48.503946 ], [ -4.017176, 48.503621 ], [ -4.012612, 48.496364 ], [ -4.012348, 48.495502 ], [ -4.011922, 48.494715 ], [ -4.011092, 48.493516 ], [ -4.010615, 48.49293 ], [ -4.010216, 48.492566 ], [ -4.008091, 48.490824 ], [ -4.007508, 48.490441 ], [ -4.006888, 48.490097 ], [ -4.006238, 48.489789 ], [ -4.005838, 48.489623 ], [ -4.00544, 48.489489 ], [ -4.004804, 48.489316 ], [ -4.004042, 48.489186 ], [ -3.999433, 48.48751 ], [ -3.99607, 48.484992 ], [ -3.995543, 48.485021 ], [ -3.994945, 48.485686 ], [ -3.99389, 48.48698 ], [ -3.98978, 48.492851 ], [ -3.981257, 48.494314 ], [ -3.977654, 48.49158 ], [ -3.972977, 48.486794 ], [ -3.971556, 48.486915 ], [ -3.96953, 48.487739 ], [ -3.961736, 48.488639 ], [ -3.958812, 48.484099 ], [ -3.958715, 48.480084 ], [ -3.956849, 48.477005 ], [ -3.954671, 48.478125 ], [ -3.952646, 48.479145 ], [ -3.952296, 48.47934 ], [ -3.95187, 48.479623 ], [ -3.951364, 48.480061 ], [ -3.944043, 48.48434 ], [ -3.944377, 48.487925 ], [ -3.938046, 48.491489 ], [ -3.937014, 48.49107 ], [ -3.936355, 48.490662 ], [ -3.934458, 48.493721 ], [ -3.928779, 48.499519 ], [ -3.926535, 48.498754 ], [ -3.925928, 48.498326 ], [ -3.925493, 48.498128 ], [ -3.923562, 48.500221 ], [ -3.924003, 48.501406 ], [ -3.924432, 48.502044 ], [ -3.924952, 48.502576 ], [ -3.924438, 48.511064 ], [ -3.91579, 48.51026 ], [ -3.914013, 48.507871 ], [ -3.911726, 48.505908 ], [ -3.911564, 48.505749 ], [ -3.911042, 48.505384 ], [ -3.907724, 48.499801 ], [ -3.906104, 48.496586 ], [ -3.905217, 48.497033 ], [ -3.90466, 48.497372 ], [ -3.903617, 48.498256 ], [ -3.89589, 48.497446 ], [ -3.894842, 48.495483 ], [ -3.893117, 48.494129 ], [ -3.892718, 48.494194 ], [ -3.884459, 48.493001 ], [ -3.882317, 48.494226 ], [ -3.880076, 48.495773 ], [ -3.879485, 48.496036 ], [ -3.872928, 48.490845 ], [ -3.875751, 48.487252 ], [ -3.875027, 48.483726 ], [ -3.876143, 48.479081 ], [ -3.876612, 48.477926 ], [ -3.877039, 48.47693 ], [ -3.87734, 48.476117 ], [ -3.873963, 48.474868 ], [ -3.873265, 48.47619 ], [ -3.872372, 48.47798 ], [ -3.864956, 48.48252 ], [ -3.864534, 48.482593 ], [ -3.864077, 48.482712 ], [ -3.858513, 48.489561 ], [ -3.858027, 48.489797 ], [ -3.85092, 48.490563 ], [ -3.842916, 48.488394 ], [ -3.841909, 48.488252 ], [ -3.841273, 48.488191 ], [ -3.840307, 48.48822 ], [ -3.83536, 48.491146 ], [ -3.82788, 48.488326 ], [ -3.82925, 48.483017 ], [ -3.831193, 48.480061 ], [ -3.831015, 48.479925 ], [ -3.825205, 48.474282 ], [ -3.822029, 48.475978 ], [ -3.821972, 48.483815 ], [ -3.821979, 48.483924 ], [ -3.822222, 48.486873 ], [ -3.82478, 48.490861 ], [ -3.825102, 48.491738 ], [ -3.826211, 48.49367 ], [ -3.826593, 48.494142 ], [ -3.823248, 48.502443 ], [ -3.820705, 48.504704 ], [ -3.82065, 48.504935 ], [ -3.820775, 48.506101 ], [ -3.820835, 48.506926 ], [ -3.817437, 48.515127 ], [ -3.814194, 48.518691 ], [ -3.81428, 48.51969 ], [ -3.81429, 48.520356 ], [ -3.814572, 48.521133 ], [ -3.812465, 48.528878 ], [ -3.812281, 48.529345 ], [ -3.811495, 48.531028 ], [ -3.8101, 48.533323 ], [ -3.802276, 48.536999 ], [ -3.801444, 48.536756 ], [ -3.795487, 48.530784 ], [ -3.795454, 48.529429 ], [ -3.794125, 48.526921 ], [ -3.799827, 48.521264 ], [ -3.800939, 48.521614 ], [ -3.801592, 48.521702 ], [ -3.802357, 48.521751 ], [ -3.803092, 48.519248 ], [ -3.802588, 48.518158 ], [ -3.800742, 48.516522 ], [ -3.795391, 48.512486 ], [ -3.790287, 48.507339 ], [ -3.788862, 48.504496 ], [ -3.78662, 48.502817 ], [ -3.786322, 48.502892 ], [ -3.785263, 48.504571 ], [ -3.785264, 48.504599 ], [ -3.785263, 48.505507 ], [ -3.784988, 48.50907 ], [ -3.779607, 48.515124 ], [ -3.776153, 48.516139 ], [ -3.769243, 48.515832 ], [ -3.761516, 48.520044 ], [ -3.760927, 48.523595 ], [ -3.763187, 48.525047 ], [ -3.76427, 48.524901 ], [ -3.770384, 48.526131 ], [ -3.772873, 48.53207 ], [ -3.773058, 48.532492 ], [ -3.768577, 48.540168 ], [ -3.768176, 48.540222 ], [ -3.767819, 48.540302 ], [ -3.76734, 48.540454 ], [ -3.766729, 48.540726 ], [ -3.763485, 48.541683 ], [ -3.757935, 48.536181 ], [ -3.757166, 48.53641 ], [ -3.756504, 48.536744 ], [ -3.75349, 48.539266 ], [ -3.752056, 48.54014 ], [ -3.745618, 48.540881 ], [ -3.742957, 48.538922 ], [ -3.739608, 48.537662 ], [ -3.738074, 48.540919 ], [ -3.734351, 48.54835 ], [ -3.728422, 48.548187 ], [ -3.72553, 48.545621 ], [ -3.723141, 48.548313 ], [ -3.717503, 48.551252 ], [ -3.713982, 48.551999 ], [ -3.70779, 48.549527 ], [ -3.706937, 48.549896 ], [ -3.706929, 48.549899 ], [ -3.705515, 48.550502 ], [ -3.705448, 48.551394 ], [ -3.704512, 48.554344 ], [ -3.704374, 48.555059 ], [ -3.696102, 48.558019 ], [ -3.695293, 48.556751 ], [ -3.693341, 48.555713 ], [ -3.69167, 48.554261 ], [ -3.690816, 48.553584 ], [ -3.689609, 48.552659 ], [ -3.688106, 48.553756 ], [ -3.687417, 48.555514 ], [ -3.687628, 48.556662 ], [ -3.689178, 48.563023 ], [ -3.68355, 48.566274 ], [ -3.679995, 48.563729 ], [ -3.679885, 48.56362 ], [ -3.679668, 48.563561 ], [ -3.675642, 48.562007 ], [ -3.674974, 48.561668 ], [ -3.673161, 48.560416 ], [ -3.671573, 48.56019 ], [ -3.671212, 48.560166 ], [ -3.670634, 48.56019 ], [ -3.670067, 48.560268 ], [ -3.667205, 48.565104 ], [ -3.661553, 48.571814 ], [ -3.659727, 48.572525 ], [ -3.656589, 48.573783 ], [ -3.653484, 48.575029 ], [ -3.652729, 48.575316 ], [ -3.651946, 48.575583 ], [ -3.648804, 48.576227 ], [ -3.640853, 48.574973 ], [ -3.64028, 48.574708 ], [ -3.63837, 48.573782 ], [ -3.636399, 48.572828 ], [ -3.635047, 48.57224 ], [ -3.633212, 48.571534 ], [ -3.632238, 48.571202 ], [ -3.631228, 48.570895 ], [ -3.629354, 48.570384 ], [ -3.627607, 48.569982 ], [ -3.625457, 48.569605 ], [ -3.623636, 48.569357 ], [ -3.621138, 48.569132 ], [ -3.619023, 48.569 ], [ -3.616509, 48.568841 ], [ -3.614937, 48.568731 ], [ -3.606959, 48.565604 ], [ -3.606061, 48.565594 ], [ -3.604989, 48.565589 ], [ -3.604723, 48.565588 ], [ -3.598823, 48.566963 ], [ -3.594793, 48.566644 ], [ -3.590762, 48.566326 ], [ -3.587125, 48.566038 ], [ -3.583488, 48.56575 ], [ -3.583204, 48.569339 ], [ -3.586841, 48.569627 ], [ -3.590479, 48.569914 ], [ -3.594509, 48.570233 ], [ -3.598539, 48.570552 ], [ -3.601059, 48.570773 ], [ -3.603529, 48.571031 ], [ -3.605416, 48.571264 ], [ -3.607296, 48.571518 ], [ -3.609012, 48.571743 ], [ -3.610159, 48.571875 ], [ -3.612974, 48.572169 ], [ -3.614617, 48.572317 ], [ -3.616257, 48.572432 ], [ -3.618799, 48.572593 ], [ -3.620914, 48.572725 ], [ -3.623313, 48.572942 ], [ -3.624968, 48.573171 ], [ -3.628542, 48.573891 ], [ -3.636799, 48.577021 ], [ -3.638709, 48.577947 ], [ -3.63934, 48.57824 ], [ -3.640011, 48.578527 ], [ -3.64078, 48.578822 ], [ -3.641631, 48.579109 ], [ -3.642667, 48.579383 ], [ -3.645325, 48.57982 ], [ -3.646049, 48.579875 ], [ -3.646771, 48.579904 ], [ -3.647534, 48.579905 ], [ -3.649015, 48.579821 ], [ -3.64979, 48.579736 ], [ -3.65061, 48.579608 ], [ -3.6514, 48.57945 ], [ -3.652177, 48.579264 ], [ -3.652955, 48.579039 ], [ -3.653885, 48.578725 ], [ -3.654759, 48.578396 ], [ -3.657929, 48.577125 ], [ -3.661066, 48.575867 ], [ -3.66286, 48.575168 ], [ -3.664581, 48.574585 ], [ -3.666314, 48.574111 ], [ -3.667987, 48.573746 ], [ -3.669683, 48.573478 ], [ -3.670674, 48.573357 ], [ -3.671669, 48.573266 ], [ -3.672553, 48.573204 ], [ -3.680551, 48.576703 ], [ -3.68151, 48.577949 ], [ -3.6814, 48.586216 ], [ -3.680829, 48.587245 ], [ -3.680804, 48.587318 ], [ -3.682079, 48.589751 ], [ -3.684663, 48.595259 ], [ -3.684865, 48.597702 ], [ -3.684652, 48.598858 ], [ -3.676857, 48.602549 ], [ -3.674014, 48.604757 ], [ -3.670947, 48.610304 ], [ -3.671498, 48.611134 ], [ -3.671811, 48.611605 ], [ -3.672663, 48.612263 ], [ -3.673895, 48.612866 ], [ -3.680916, 48.617597 ], [ -3.683857, 48.617218 ], [ -3.683894, 48.617104 ], [ -3.683988, 48.616286 ], [ -3.689179, 48.609957 ], [ -3.69276, 48.609634 ], [ -3.698003, 48.605732 ], [ -3.703833, 48.604609 ], [ -3.707415, 48.604971 ], [ -3.712267, 48.606036 ], [ -3.721027, 48.606252 ], [ -3.722499, 48.607582 ], [ -3.723086, 48.608176 ], [ -3.729875, 48.613568 ], [ -3.731106, 48.615567 ], [ -3.732197, 48.615649 ], [ -3.73317, 48.615016 ], [ -3.734779, 48.613725 ], [ -3.736355, 48.612409 ], [ -3.743348, 48.614833 ], [ -3.740404, 48.621298 ], [ -3.738826, 48.622164 ], [ -3.73796, 48.623941 ], [ -3.733467, 48.631587 ], [ -3.73266, 48.631835 ], [ -3.729813, 48.632889 ], [ -3.726249, 48.633767 ], [ -3.72425, 48.635857 ], [ -3.723786, 48.636283 ], [ -3.726221, 48.638935 ], [ -3.728841, 48.637253 ], [ -3.730405, 48.636544 ], [ -3.738418, 48.636587 ], [ -3.741737, 48.63519 ], [ -3.747261, 48.632536 ], [ -3.751966, 48.637266 ], [ -3.753581, 48.637941 ], [ -3.75638, 48.639198 ], [ -3.757352, 48.639616 ], [ -3.758002, 48.639433 ], [ -3.759881, 48.638361 ], [ -3.765325, 48.63264 ], [ -3.76588, 48.632443 ], [ -3.766381, 48.63221 ], [ -3.766642, 48.632064 ], [ -3.773021, 48.631313 ], [ -3.776336, 48.63674 ], [ -3.776921, 48.63661 ], [ -3.778071, 48.636391 ], [ -3.780058, 48.636055 ], [ -3.783606, 48.636248 ], [ -3.786361, 48.633932 ], [ -3.792697, 48.634331 ], [ -3.792234, 48.642758 ], [ -3.79341, 48.64616 ], [ -3.793814, 48.65118 ], [ -3.793843, 48.651337 ], [ -3.794581, 48.652724 ], [ -3.797021, 48.653143 ], [ -3.797424, 48.652745 ], [ -3.797551, 48.65217 ], [ -3.798931, 48.646805 ], [ -3.800231, 48.644452 ], [ -3.802288, 48.642134 ], [ -3.808988, 48.641366 ], [ -3.814346, 48.645028 ], [ -3.822235, 48.64271 ], [ -3.8239, 48.643092 ], [ -3.825409, 48.641012 ], [ -3.825516, 48.639876 ], [ -3.826078, 48.637744 ], [ -3.832766, 48.632173 ], [ -3.836396, 48.633943 ], [ -3.836865, 48.633948 ], [ -3.843485, 48.633861 ], [ -3.843917, 48.633849 ], [ -3.844235, 48.63377 ], [ -3.844379, 48.633658 ], [ -3.84496, 48.632895 ], [ -3.845802, 48.631048 ], [ -3.84634, 48.63009 ], [ -3.848344, 48.627409 ], [ -3.849149912308636, 48.627533151301215 ], [ -3.848743, 48.63474 ], [ -3.849531, 48.638035 ], [ -3.853076, 48.644324 ], [ -3.853448, 48.647911 ], [ -3.854712, 48.653886 ], [ -3.857139, 48.660828 ], [ -3.857453, 48.661375 ], [ -3.857583, 48.661951 ], [ -3.859519, 48.668144 ], [ -3.859378, 48.670524 ], [ -3.85765, 48.671221 ], [ -3.851419, 48.676752 ], [ -3.852005, 48.684891 ], [ -3.853809, 48.6857 ], [ -3.853834, 48.686176 ], [ -3.853639, 48.687015 ], [ -3.850591, 48.694015 ], [ -3.85017, 48.694409 ], [ -3.84971, 48.694662 ], [ -3.84897, 48.69483 ], [ -3.848314, 48.694829 ], [ -3.847116, 48.694763 ], [ -3.846154, 48.694814 ], [ -3.842222, 48.69619 ], [ -3.841102, 48.703845 ], [ -3.839026, 48.706785 ], [ -3.835186, 48.708323 ], [ -3.831296, 48.712865 ], [ -3.826225, 48.71432 ], [ -3.822894, 48.714174 ], [ -3.815694, 48.714702 ], [ -3.81268, 48.713001 ], [ -3.804916, 48.712579 ], [ -3.802712, 48.71245 ], [ -3.801837, 48.712141 ], [ -3.80108, 48.71114 ], [ -3.798684, 48.706023 ], [ -3.790925, 48.70185 ], [ -3.786871, 48.702122 ], [ -3.78277, 48.701248 ], [ -3.777215, 48.704033 ], [ -3.775281, 48.705919 ], [ -3.774813, 48.706319 ], [ -3.77428, 48.706662 ], [ -3.773796, 48.706877 ], [ -3.773073, 48.70715 ], [ -3.769676, 48.708307 ], [ -3.76618, 48.709485 ], [ -3.765772, 48.709643 ], [ -3.765349, 48.709743 ], [ -3.764905, 48.709788 ], [ -3.757743, 48.709912 ], [ -3.757132, 48.709931 ], [ -3.756065, 48.709842 ], [ -3.75377, 48.7096 ], [ -3.752901, 48.70945 ], [ -3.75213, 48.70917 ], [ -3.751534, 48.708791 ], [ -3.75108, 48.708373 ], [ -3.745821, 48.705394 ], [ -3.742503, 48.705364 ], [ -3.735127, 48.702684 ], [ -3.732362, 48.702363 ], [ -3.726225, 48.704599 ], [ -3.725765, 48.704712 ], [ -3.725175, 48.704757 ], [ -3.722983, 48.697515 ], [ -3.722629, 48.696903 ], [ -3.721675, 48.694797 ], [ -3.721371, 48.694248 ], [ -3.72101, 48.693689 ], [ -3.72013, 48.692614 ], [ -3.711311, 48.691559 ], [ -3.708139, 48.692871 ], [ -3.702119, 48.688878 ], [ -3.697948, 48.69136 ], [ -3.696737, 48.691863 ], [ -3.696197, 48.692057 ], [ -3.695805, 48.692142 ], [ -3.695578, 48.692165 ], [ -3.695019, 48.692172 ], [ -3.688573, 48.692672 ], [ -3.68816, 48.692544 ], [ -3.687431, 48.692165 ], [ -3.686737, 48.691272 ], [ -3.68032, 48.686337 ], [ -3.676079, 48.688435 ], [ -3.675498, 48.688567 ], [ -3.674814, 48.688653 ], [ -3.674273, 48.688664 ], [ -3.667606, 48.69039 ], [ -3.663756, 48.693368 ], [ -3.66342, 48.693521 ], [ -3.662161, 48.694069 ], [ -3.661702, 48.694264 ], [ -3.659618, 48.695016 ], [ -3.656477, 48.695051 ], [ -3.648389, 48.693457 ], [ -3.646312, 48.693625 ], [ -3.645696, 48.692601 ], [ -3.645595, 48.692433 ], [ -3.644959, 48.690146 ], [ -3.644967, 48.690134 ], [ -3.647232, 48.688688 ], [ -3.647398, 48.688582 ], [ -3.651961, 48.684084 ], [ -3.646444, 48.677732 ], [ -3.646162, 48.677616 ], [ -3.6387, 48.67782 ], [ -3.636905, 48.681284 ], [ -3.636782, 48.681548 ], [ -3.636724, 48.681623 ], [ -3.636335, 48.681994 ], [ -3.636225, 48.68207 ], [ -3.635596, 48.682258 ], [ -3.635463, 48.682268 ], [ -3.627951, 48.681971 ], [ -3.625491, 48.683094 ], [ -3.623163, 48.684076 ], [ -3.62308, 48.684088 ], [ -3.618195, 48.683985 ], [ -3.615839, 48.683843 ], [ -3.614784, 48.682833 ], [ -3.614585, 48.681453 ], [ -3.615004, 48.679817 ], [ -3.610846, 48.672007 ], [ -3.607842, 48.671089 ], [ -3.606854, 48.670619 ], [ -3.600591, 48.668805 ], [ -3.592826, 48.671739 ], [ -3.59089, 48.672786 ], [ -3.590212, 48.673059 ], [ -3.589881, 48.673148 ], [ -3.589134, 48.673286 ], [ -3.588832, 48.673306 ], [ -3.588493, 48.6733 ], [ -3.587961, 48.673229 ], [ -3.587465, 48.673089 ], [ -3.58508, 48.672336 ], [ -3.585604, 48.668774 ], [ -3.586554, 48.668914 ], [ -3.593662, 48.664745 ], [ -3.594624, 48.66388 ], [ -3.597641, 48.656839 ], [ -3.591268, 48.651955 ], [ -3.588708, 48.649725 ], [ -3.588551, 48.646128 ], [ -3.593884, 48.643692 ], [ -3.593182, 48.635908 ], [ -3.588213, 48.634239 ], [ -3.585976, 48.63414 ], [ -3.578399, 48.629309 ], [ -3.572448, 48.63362 ], [ -3.570569, 48.636191 ], [ -3.570331, 48.636109 ], [ -3.569342, 48.635553 ], [ -3.568039, 48.634897 ], [ -3.567413, 48.634585 ], [ -3.564992, 48.629794 ], [ -3.558068, 48.634199 ], [ -3.558111, 48.638776 ], [ -3.558336, 48.639353 ], [ -3.559066, 48.640508 ], [ -3.559963, 48.641453 ], [ -3.560268, 48.642033 ], [ -3.560534, 48.642658 ], [ -3.559581, 48.644517 ], [ -3.559355, 48.644646 ], [ -3.557262, 48.64416 ], [ -3.54851, 48.645494 ], [ -3.54784, 48.645865 ], [ -3.542756, 48.646196 ], [ -3.541846, 48.646288 ], [ -3.536337, 48.64216 ], [ -3.535098, 48.641417 ], [ -3.534923, 48.641076 ], [ -3.534742, 48.639949 ], [ -3.52773, 48.635222 ], [ -3.522576, 48.641062 ], [ -3.520896, 48.64141 ], [ -3.519672, 48.641582 ], [ -3.518986, 48.641325 ], [ -3.518547, 48.638262 ], [ -3.517768, 48.634893 ], [ -3.51744, 48.633994 ], [ -3.517283, 48.632862 ], [ -3.517379, 48.631802 ], [ -3.517462, 48.631487 ], [ -3.516044, 48.623791 ], [ -3.510439, 48.621639 ], [ -3.503865, 48.615691 ], [ -3.503892, 48.615401 ], [ -3.504188, 48.614521 ], [ -3.502025, 48.607333 ], [ -3.49642, 48.607571 ], [ -3.49482, 48.612792 ], [ -3.49071, 48.619022 ], [ -3.491631, 48.623297 ], [ -3.49121, 48.625575 ], [ -3.491022, 48.625696 ], [ -3.488748, 48.625453 ], [ -3.48574, 48.624867 ], [ -3.484226, 48.621832 ], [ -3.475847, 48.62225 ], [ -3.473161, 48.622128 ], [ -3.468254, 48.628224 ], [ -3.467427, 48.629541 ], [ -3.464022, 48.628372 ], [ -3.463436, 48.627475 ], [ -3.4623909807049, 48.625834777555269 ], [ -3.466486, 48.62496 ], [ -3.46823, 48.625013 ], [ -3.472867, 48.620662 ], [ -3.481422, 48.618316 ], [ -3.481942, 48.618884 ], [ -3.482497, 48.619395 ], [ -3.483364, 48.618812 ], [ -3.484936, 48.616748 ], [ -3.490334, 48.611755 ], [ -3.490585, 48.609624 ], [ -3.490444, 48.609385 ], [ -3.489224, 48.60833 ], [ -3.483988, 48.604437 ], [ -3.479666, 48.599568 ], [ -3.47708, 48.597179 ], [ -3.474884, 48.594326 ], [ -3.470067, 48.587534 ], [ -3.469811, 48.584022 ], [ -3.470277, 48.580452 ], [ -3.475105, 48.574488 ], [ -3.474296, 48.57098 ], [ -3.467571, 48.569575 ], [ -3.465273, 48.566803 ], [ -3.462539, 48.560314 ], [ -3.46287, 48.556729 ], [ -3.469556, 48.554316 ], [ -3.471059, 48.551045 ], [ -3.469967, 48.550543 ], [ -3.468775, 48.550041 ], [ -3.467346, 48.549498 ], [ -3.465833, 48.549 ], [ -3.464335, 48.548558 ], [ -3.46272, 48.548158 ], [ -3.460991, 48.547802 ], [ -3.459205, 48.547503 ], [ -3.458133, 48.547368 ], [ -3.456739, 48.54723 ], [ -3.450906, 48.545897 ], [ -3.447158, 48.540312 ], [ -3.446172, 48.538312 ], [ -3.444706, 48.537675 ], [ -3.438191, 48.538515 ], [ -3.437582, 48.539849 ], [ -3.437656, 48.541221 ], [ -3.437156, 48.544786 ], [ -3.429982, 48.54715 ], [ -3.425886, 48.546793 ], [ -3.424721, 48.546705 ], [ -3.423449, 48.546636 ], [ -3.4222, 48.546596 ], [ -3.415597, 48.54205 ], [ -3.414116, 48.538969 ], [ -3.412754, 48.537538 ], [ -3.412597, 48.537498 ], [ -3.411928, 48.537455 ], [ -3.411365, 48.53751 ], [ -3.402718, 48.535024 ], [ -3.40024, 48.535385 ], [ -3.39526, 48.529742 ], [ -3.396179, 48.526487 ], [ -3.394175, 48.523497 ], [ -3.392878, 48.524366 ], [ -3.392545, 48.524556 ], [ -3.391859, 48.524934 ], [ -3.391818663621356, 48.524924258790321 ], [ -3.39266, 48.522544 ], [ -3.393055, 48.521565 ], [ -3.393596, 48.521004 ], [ -3.395774, 48.521827 ], [ -3.402502, 48.515961 ], [ -3.402088, 48.509403 ], [ -3.401878, 48.50891 ], [ -3.401696, 48.508238 ], [ -3.401653, 48.507766 ], [ -3.40165, 48.507564 ], [ -3.403034, 48.505965 ], [ -3.403311, 48.505943 ], [ -3.405249, 48.507506 ], [ -3.40879, 48.509424 ], [ -3.416793, 48.510677 ], [ -3.420351, 48.510921 ], [ -3.4263, 48.508724 ], [ -3.43465, 48.509027 ], [ -3.436387, 48.508253 ], [ -3.439761, 48.506949 ], [ -3.440175, 48.506756 ], [ -3.441802, 48.505912 ], [ -3.443805, 48.505592 ], [ -3.452487, 48.504323 ], [ -3.452438, 48.500723 ], [ -3.453214, 48.500676 ], [ -3.461585, 48.497915 ], [ -3.461913, 48.498206 ], [ -3.465478, 48.500164 ], [ -3.472887, 48.499047 ], [ -3.47751, 48.494485 ], [ -3.478349, 48.490985 ], [ -3.478357, 48.489596 ], [ -3.478345, 48.488827 ], [ -3.478565, 48.488104 ], [ -3.478938, 48.487562 ], [ -3.479534, 48.487078 ], [ -3.479892, 48.486893 ], [ -3.482347, 48.485713 ], [ -3.48582, 48.485999 ], [ -3.489199, 48.486458 ], [ -3.496412, 48.488948 ], [ -3.498482, 48.492157 ], [ -3.504484, 48.498091 ], [ -3.511545, 48.497117 ], [ -3.513807, 48.496921 ], [ -3.51444, 48.496841 ], [ -3.515079, 48.497274 ], [ -3.515242, 48.497375 ], [ -3.515293, 48.497422 ], [ -3.515475, 48.498148 ], [ -3.515503, 48.498463 ], [ -3.51489, 48.500413 ], [ -3.513964, 48.505221 ], [ -3.519223, 48.511652 ], [ -3.521554, 48.510697 ], [ -3.521873, 48.510633 ], [ -3.527673, 48.50404 ], [ -3.527661, 48.502961 ], [ -3.528387, 48.499597 ], [ -3.528413, 48.495997 ], [ -3.528902, 48.496 ], [ -3.534469, 48.489092 ], [ -3.537758, 48.487628 ], [ -3.537823, 48.487774 ], [ -3.539269, 48.490938 ], [ -3.539455, 48.491679 ], [ -3.539481, 48.4923 ], [ -3.543979, 48.498797 ], [ -3.55077, 48.493614 ], [ -3.549955, 48.491694 ], [ -3.550022, 48.491256 ], [ -3.553523, 48.491295 ], [ -3.553714, 48.491342 ], [ -3.554714, 48.49263 ], [ -3.555078, 48.493121 ], [ -3.555718, 48.493891 ], [ -3.556471, 48.494885 ], [ -3.560238, 48.497248 ], [ -3.565918, 48.493263 ], [ -3.566366, 48.489948 ], [ -3.566437, 48.488283 ], [ -3.566407, 48.487379 ], [ -3.566611, 48.48643 ], [ -3.566732, 48.486166 ], [ -3.567666, 48.484647 ], [ -3.568328, 48.484229 ], [ -3.570258, 48.483471 ], [ -3.571574, 48.486821 ], [ -3.579281, 48.482353 ], [ -3.579971, 48.482124 ], [ -3.584922, 48.478025 ], [ -3.585725, 48.47774 ], [ -3.586242, 48.477605 ], [ -3.586942, 48.477554 ], [ -3.588195, 48.477392 ], [ -3.589853, 48.476795 ], [ -3.590698, 48.476425 ], [ -3.591327, 48.47621 ], [ -3.591819, 48.476102 ], [ -3.592312, 48.476024 ], [ -3.595519, 48.480502 ], [ -3.595906, 48.484081 ], [ -3.594628, 48.484415 ], [ -3.590503, 48.488937 ], [ -3.590594, 48.492536 ], [ -3.589515, 48.500347 ], [ -3.596006, 48.504311 ], [ -3.596198, 48.507358 ], [ -3.601099, 48.510667 ], [ -3.605881, 48.506101 ], [ -3.606865, 48.505051 ], [ -3.607596, 48.504266 ], [ -3.608287, 48.503544 ], [ -3.610488, 48.499017 ], [ -3.611093, 48.497828 ], [ -3.612555, 48.492281 ], [ -3.612614, 48.492149 ], [ -3.613637, 48.491659 ], [ -3.615797, 48.490687 ], [ -3.619713, 48.487099 ], [ -3.617282, 48.478696 ], [ -3.615984, 48.477987 ], [ -3.612907, 48.476215 ], [ -3.607398, 48.476336 ], [ -3.606897, 48.476448 ], [ -3.605213, 48.4767 ], [ -3.603146, 48.47465 ], [ -3.602289, 48.473668 ], [ -3.60155, 48.473045 ], [ -3.60119, 48.472548 ], [ -3.595538, 48.465619 ], [ -3.593099, 48.465706 ], [ -3.592598, 48.465705 ], [ -3.590144, 48.465557 ], [ -3.587681, 48.465409 ], [ -3.585359, 48.465257 ], [ -3.579757, 48.467495 ], [ -3.5762, 48.466938 ], [ -3.570716, 48.463943 ], [ -3.570138, 48.46261 ], [ -3.568952, 48.460234 ], [ -3.572173, 48.458626 ], [ -3.579004, 48.456353 ], [ -3.58201, 48.458333 ], [ -3.587917, 48.461817 ], [ -3.59036, 48.461964 ], [ -3.592814, 48.462111 ], [ -3.598957, 48.458376 ], [ -3.599738, 48.455986 ], [ -3.600197, 48.455474 ], [ -3.600416, 48.455497 ], [ -3.601453, 48.455924 ], [ -3.605209, 48.458748 ], [ -3.610371, 48.462412 ], [ -3.618282, 48.462456 ], [ -3.620799, 48.46235 ], [ -3.62092, 48.462373 ], [ -3.621427, 48.462525 ], [ -3.62187, 48.462753 ], [ -3.622278, 48.463078 ], [ -3.622863, 48.464203 ], [ -3.623243, 48.466326 ], [ -3.631564, 48.46806 ], [ -3.631765, 48.467897 ], [ -3.632114, 48.45988 ], [ -3.63176, 48.459157 ], [ -3.631666, 48.458728 ], [ -3.631461, 48.456849 ], [ -3.631411, 48.455626 ], [ -3.631436, 48.455015 ], [ -3.629981, 48.450175 ], [ -3.630683, 48.449682 ], [ -3.631001, 48.449498 ], [ -3.631685, 48.449255 ], [ -3.63274, 48.449022 ], [ -3.634673, 48.449613 ], [ -3.635698, 48.451772 ], [ -3.635922, 48.452189 ], [ -3.636076, 48.452602 ], [ -3.644869, 48.453628 ], [ -3.646851, 48.448885 ], [ -3.646864, 48.448665 ], [ -3.646745, 48.44503 ], [ -3.648241, 48.441756 ], [ -3.649224, 48.442205 ], [ -3.649698, 48.442495 ], [ -3.650748, 48.443084 ], [ -3.651294, 48.443349 ], [ -3.652623, 48.444341 ], [ -3.661105, 48.443175 ], [ -3.662277, 48.44311 ], [ -3.662774, 48.443308 ], [ -3.664457, 48.445974 ], [ -3.663721, 48.446535 ], [ -3.662027, 48.447931 ], [ -3.660098, 48.450257 ], [ -3.657752, 48.451963 ], [ -3.657973, 48.45922 ], [ -3.658221, 48.462811 ], [ -3.662229, 48.470737 ], [ -3.663813, 48.470879 ], [ -3.672518, 48.470158 ], [ -3.673231, 48.469752 ], [ -3.674196, 48.46913 ], [ -3.676388, 48.468925 ], [ -3.68135, 48.468547 ], [ -3.686208, 48.464987 ], [ -3.687425, 48.463378 ], [ -3.690297, 48.465549 ], [ -3.696574, 48.46971 ], [ -3.705203, 48.469431 ], [ -3.705731, 48.468266 ], [ -3.70631, 48.467764 ], [ -3.706443, 48.46769 ], [ -3.707238, 48.46729 ], [ -3.707836, 48.467076 ], [ -3.712548, 48.46183 ], [ -3.709911, 48.455811 ], [ -3.705745, 48.45544 ], [ -3.704362, 48.456092 ], [ -3.703452, 48.456576 ], [ -3.701761, 48.453398 ], [ -3.702671, 48.452914 ], [ -3.707074, 48.446011 ], [ -3.70722, 48.444624 ], [ -3.710819, 48.44471 ], [ -3.718007, 48.449225 ], [ -3.718795, 48.449142 ], [ -3.720418, 48.449012 ], [ -3.720702, 48.448987 ], [ -3.720808, 48.448994 ], [ -3.72388, 48.450256 ], [ -3.730216, 48.449736 ], [ -3.730772, 48.449703 ], [ -3.731453, 48.449856 ], [ -3.732652, 48.451013 ], [ -3.73708, 48.452018 ], [ -3.741032, 48.452088 ], [ -3.746007, 48.452089 ], [ -3.748058, 48.452966 ], [ -3.749003, 48.454145 ], [ -3.750678, 48.462351 ], [ -3.752778, 48.462852 ], [ -3.753448, 48.463198 ], [ -3.760288, 48.45775 ], [ -3.762732, 48.455106 ], [ -3.765834, 48.456575 ], [ -3.770137, 48.456709 ], [ -3.775847, 48.451356 ], [ -3.782084, 48.449015 ], [ -3.778517, 48.442118 ], [ -3.77798, 48.441996 ], [ -3.777474, 48.441813 ], [ -3.777091, 48.44162 ], [ -3.776647, 48.441325 ], [ -3.776364, 48.441086 ], [ -3.775164, 48.439978 ], [ -3.771719, 48.437868 ], [ -3.771143, 48.437583 ], [ -3.76354, 48.436933 ], [ -3.763021, 48.437062 ], [ -3.762507, 48.437105 ], [ -3.761747, 48.437082 ], [ -3.760913, 48.437024 ], [ -3.759469, 48.437058 ], [ -3.758954, 48.437006 ], [ -3.758321, 48.436832 ], [ -3.757946, 48.436652 ], [ -3.757584, 48.436429 ], [ -3.757324, 48.436236 ], [ -3.755541, 48.434796 ], [ -3.748144, 48.432789 ], [ -3.74638, 48.432986 ], [ -3.744433, 48.433513 ], [ -3.739317, 48.439279 ], [ -3.739104, 48.439958 ], [ -3.738584, 48.440625 ], [ -3.737791, 48.44108 ], [ -3.737377, 48.441182 ], [ -3.735889, 48.441404 ], [ -3.729459, 48.436361 ], [ -3.726465, 48.435205 ], [ -3.726089, 48.435108 ], [ -3.726041, 48.435086 ], [ -3.72571, 48.434933 ], [ -3.72523, 48.434585 ], [ -3.72492, 48.434244 ], [ -3.723791, 48.431368 ], [ -3.724234, 48.431141 ], [ -3.724521, 48.43102 ], [ -3.724997, 48.430892 ], [ -3.725368, 48.430843 ], [ -3.725781, 48.430854 ], [ -3.731721, 48.424215 ], [ -3.731595, 48.423753 ], [ -3.731522, 48.423367 ], [ -3.735704, 48.417767 ], [ -3.738896, 48.413612 ], [ -3.730981, 48.409424 ], [ -3.730582, 48.409819 ], [ -3.730252, 48.410082 ], [ -3.729324, 48.411079 ], [ -3.728989, 48.411367 ], [ -3.72859, 48.411651 ], [ -3.723413, 48.410398 ], [ -3.722769, 48.410467 ], [ -3.717424, 48.411628 ], [ -3.716999, 48.411863 ], [ -3.716103, 48.412233 ], [ -3.715709, 48.412353 ], [ -3.715278, 48.412442 ], [ -3.713538, 48.412641 ], [ -3.713128, 48.409064 ], [ -3.711891, 48.402993 ], [ -3.711841, 48.401584 ], [ -3.711901, 48.401311 ], [ -3.713058, 48.399588 ], [ -3.712854, 48.392278 ], [ -3.712687, 48.391946 ], [ -3.713921, 48.38511 ], [ -3.717131, 48.38348 ], [ -3.718156, 48.385498 ], [ -3.718342, 48.385954 ], [ -3.725677, 48.39074 ], [ -3.725996, 48.390761 ], [ -3.726463, 48.390851 ], [ -3.729068, 48.391329 ], [ -3.730092, 48.392024 ], [ -3.738325, 48.390887 ], [ -3.740971, 48.383453 ], [ -3.746055, 48.376241 ], [ -3.746075, 48.375613 ], [ -3.74619, 48.375043 ], [ -3.747892, 48.37532 ], [ -3.749719, 48.375755 ], [ -3.753953, 48.379854 ], [ -3.754764, 48.38061 ], [ -3.761008, 48.385559 ], [ -3.763073, 48.38564 ], [ -3.76593, 48.38627 ], [ -3.773922, 48.384393 ], [ -3.77527, 48.383651 ], [ -3.776423, 48.382875 ], [ -3.777748, 48.382295 ], [ -3.780438, 48.381713 ], [ -3.781409, 48.38298 ], [ -3.77904, 48.385692 ], [ -3.779723, 48.392742 ], [ -3.780049, 48.393588 ], [ -3.780915, 48.396139 ], [ -3.785466, 48.403196 ], [ -3.787314, 48.403816 ], [ -3.789763, 48.404705 ], [ -3.793022, 48.405776 ], [ -3.792298, 48.409302 ], [ -3.790667, 48.415908 ], [ -3.789737, 48.419385 ], [ -3.783438, 48.423423 ], [ -3.783498, 48.427022 ], [ -3.78297, 48.427103 ], [ -3.782446, 48.427113 ], [ -3.780815, 48.427033 ], [ -3.779678, 48.427242 ], [ -3.776392, 48.435575 ], [ -3.776719, 48.435971 ], [ -3.780907, 48.438702 ], [ -3.781187, 48.438736 ], [ -3.781443, 48.438779 ], [ -3.781957, 48.438912 ], [ -3.782516, 48.439132 ], [ -3.784147, 48.439522 ], [ -3.784366, 48.439628 ], [ -3.786701, 48.442368 ], [ -3.787231, 48.444775 ], [ -3.787417, 48.445344 ], [ -3.790149, 48.448489 ], [ -3.79471, 48.452614 ], [ -3.799185, 48.445031 ], [ -3.798423, 48.444122 ], [ -3.79801, 48.443537 ], [ -3.797397, 48.442546 ], [ -3.800294, 48.440409 ], [ -3.808837, 48.439185 ], [ -3.809831, 48.437713 ], [ -3.810645, 48.436786 ], [ -3.811181, 48.436227 ], [ -3.811718, 48.435767 ], [ -3.814299, 48.438277 ], [ -3.812992, 48.439623 ], [ -3.811867, 48.441129 ], [ -3.810973, 48.445794 ], [ -3.81207, 48.449223 ], [ -3.819136, 48.451719 ], [ -3.82008, 48.451497 ], [ -3.82035, 48.451414 ], [ -3.821239, 48.451081 ], [ -3.8232, 48.450196 ], [ -3.827578, 48.445676 ], [ -3.828502, 48.437627 ], [ -3.826603, 48.436106 ], [ -3.826158, 48.435549 ], [ -3.825066, 48.433981 ], [ -3.824308, 48.433087 ], [ -3.821834, 48.431548 ], [ -3.821376, 48.431346 ], [ -3.820734, 48.430976 ], [ -3.820251, 48.430528 ], [ -3.81993, 48.429993 ], [ -3.819765, 48.429241 ], [ -3.819907, 48.428439 ], [ -3.817431, 48.419932 ], [ -3.815986, 48.419068 ], [ -3.817345, 48.415734 ], [ -3.824279, 48.413563 ], [ -3.824644, 48.413511 ], [ -3.825621, 48.413407 ], [ -3.826802, 48.413488 ], [ -3.830609, 48.413081 ], [ -3.837235, 48.407515 ], [ -3.839118, 48.405373 ], [ -3.837575, 48.396645 ], [ -3.83692, 48.396401 ], [ -3.835862, 48.396169 ], [ -3.835479, 48.396132 ], [ -3.835143, 48.39611 ], [ -3.833286, 48.396034 ], [ -3.832916, 48.395969 ], [ -3.832416, 48.395847 ], [ -3.823886, 48.397993 ], [ -3.823635, 48.398147 ], [ -3.821501, 48.395437 ], [ -3.8215, 48.395164 ], [ -3.821655, 48.394621 ], [ -3.82207, 48.39393 ], [ -3.822408, 48.393567 ], [ -3.822756, 48.393279 ], [ -3.82318, 48.393014 ], [ -3.82355, 48.392834 ], [ -3.824204, 48.392614 ], [ -3.825525, 48.392337 ], [ -3.825969, 48.392227 ], [ -3.827604, 48.391685 ], [ -3.828107, 48.391537 ], [ -3.830179, 48.390644 ], [ -3.833229, 48.388733 ], [ -3.836752, 48.387293 ], [ -3.833335, 48.379719 ], [ -3.831314, 48.379546 ], [ -3.830792, 48.379493 ], [ -3.830297, 48.3794 ], [ -3.829587, 48.379324 ], [ -3.827016, 48.378014 ], [ -3.826638, 48.376503 ], [ -3.826638, 48.37638 ], [ -3.826674, 48.376206 ], [ -3.828091, 48.374578 ], [ -3.828974, 48.374855 ], [ -3.831469, 48.375513 ], [ -3.83427, 48.376243 ], [ -3.837831, 48.37632 ], [ -3.842517, 48.369922 ], [ -3.84678, 48.368545 ], [ -3.848026, 48.369281 ], [ -3.848223, 48.369404 ], [ -3.848821, 48.370312 ], [ -3.854074, 48.377256 ], [ -3.854597, 48.377378 ], [ -3.860987, 48.375739 ], [ -3.864678, 48.377435 ], [ -3.871087, 48.383165 ], [ -3.872723, 48.382296 ], [ -3.874096, 48.381804 ], [ -3.87462, 48.381664 ], [ -3.875488, 48.38155 ], [ -3.875973, 48.381557 ], [ -3.87647, 48.381601 ], [ -3.877745, 48.381677 ], [ -3.878407, 48.381749 ], [ -3.879171, 48.381859 ], [ -3.880361, 48.38205 ], [ -3.880862, 48.382169 ], [ -3.883334, 48.382802 ], [ -3.883962, 48.383066 ], [ -3.888907, 48.384917 ], [ -3.89426, 48.385768 ], [ -3.89451, 48.389359 ], [ -3.896097, 48.39378 ], [ -3.897839, 48.39693 ], [ -3.90415, 48.402921 ], [ -3.907279, 48.402421 ], [ -3.908768, 48.402167 ], [ -3.909211, 48.402113 ], [ -3.914576, 48.395525 ], [ -3.913992, 48.393596 ], [ -3.907556, 48.388994 ], [ -3.906001, 48.385747 ], [ -3.908485, 48.382304 ], [ -3.910092, 48.38087 ], [ -3.913382, 48.38006 ], [ -3.919787, 48.380515 ], [ -3.923042, 48.376945 ], [ -3.926573, 48.376247 ], [ -3.93342, 48.380986 ], [ -3.937803, 48.376467 ], [ -3.937883, 48.376111 ], [ -3.939339, 48.374014 ], [ -3.945956, 48.369337 ], [ -3.94622, 48.36815 ], [ -3.946368, 48.367678 ], [ -3.946549, 48.367248 ], [ -3.947208, 48.365974 ], [ -3.947573, 48.365423 ], [ -3.948262, 48.364593 ], [ -3.950967, 48.361323 ], [ -3.95367, 48.35937 ], [ -3.95662, 48.361434 ], [ -3.956304, 48.361885 ], [ -3.955828, 48.362448 ], [ -3.953501, 48.365148 ], [ -3.953024, 48.365652 ], [ -3.949405, 48.371885 ], [ -3.949026, 48.372738 ], [ -3.947304, 48.379422 ], [ -3.94721, 48.380137 ], [ -3.947026, 48.380664 ], [ -3.946672, 48.381287 ], [ -3.946143, 48.381919 ], [ -3.946255, 48.390737 ], [ -3.946929, 48.391393 ], [ -3.947343, 48.392146 ], [ -3.947458, 48.392586 ], [ -3.951967, 48.399313 ], [ -3.955177, 48.402439 ], [ -3.963937, 48.402799 ], [ -3.965502, 48.400368 ], [ -3.968025, 48.396395 ], [ -3.968807, 48.395653 ], [ -3.969213, 48.395356 ], [ -3.969751, 48.395018 ], [ -3.972154, 48.393439 ], [ -3.974217, 48.3921 ], [ -3.977766, 48.392705 ], [ -3.983977, 48.393723 ], [ -3.987041, 48.392132 ], [ -3.994255, 48.38942 ], [ -3.996908, 48.387209 ], [ -3.998341, 48.387367 ], [ -3.998621, 48.38755 ], [ -3.998789, 48.387732 ], [ -4.007036, 48.384239 ], [ -4.007144, 48.383666 ], [ -4.007341, 48.383212 ], [ -4.007955, 48.382179 ], [ -4.011049, 48.384018 ], [ -4.018824, 48.38631 ], [ -4.01938, 48.386399 ], [ -4.019866, 48.386559 ], [ -4.024386, 48.388266 ], [ -4.031296, 48.390244 ], [ -4.031734, 48.390496 ], [ -4.032066, 48.390766 ], [ -4.032641, 48.392342 ], [ -4.038634, 48.397743 ], [ -4.041492, 48.397422 ], [ -4.046117, 48.396833 ], [ -4.046258, 48.396861 ], [ -4.046717, 48.397008 ], [ -4.055314, 48.398256 ], [ -4.055901, 48.398188 ], [ -4.05634, 48.398176 ], [ -4.062387, 48.397492 ], [ -4.067281, 48.398153 ], [ -4.06762, 48.398452 ], [ -4.068069, 48.398901 ], [ -4.07256, 48.401261 ], [ -4.077804, 48.400799 ], [ -4.078172, 48.400723 ], [ -4.078699, 48.40087 ], [ -4.084379, 48.406056 ], [ -4.089427, 48.406259 ], [ -4.089644, 48.406253 ], [ -4.091272, 48.408207 ], [ -4.097841, 48.410371 ], [ -4.100371, 48.407809 ], [ -4.102505, 48.409917 ], [ -4.107567, 48.412848 ], [ -4.111151, 48.413195 ], [ -4.111103, 48.413692 ], [ -4.110987, 48.414393 ], [ -4.110937, 48.414667 ], [ -4.110705, 48.415284 ], [ -4.110369, 48.416078 ], [ -4.1102, 48.416429 ], [ -4.112651, 48.424278 ], [ -4.119752, 48.420297 ], [ -4.122427, 48.417887 ], [ -4.127026, 48.419217 ], [ -4.127903, 48.419576 ], [ -4.128318, 48.419798 ], [ -4.128721, 48.42007 ], [ -4.133623, 48.426319 ], [ -4.137126, 48.425489 ], [ -4.143218, 48.429803 ], [ -4.145344, 48.43004 ], [ -4.147521, 48.430283 ], [ -4.148293, 48.430393 ], [ -4.148561, 48.430442 ], [ -4.147907, 48.433982 ], [ -4.153152, 48.439207 ], [ -4.154726, 48.439572 ], [ -4.154969, 48.439903 ], [ -4.156867, 48.442431 ], [ -4.163537, 48.445454 ], [ -4.164409, 48.445589 ], [ -4.164537865612563, 48.445611933710708 ], [ -4.164255, 48.447077 ], [ -4.164381, 48.44725 ], [ -4.167507764851943, 48.449452149505028 ], [ -4.169506, 48.45594 ] ] ], [ [ [ -3.359741, 48.544463 ], [ -3.361538, 48.542665 ], [ -3.360396, 48.534375 ], [ -3.35643, 48.532659 ], [ -3.35559, 48.529159 ], [ -3.356016, 48.529057 ], [ -3.35756, 48.528776 ], [ -3.358488, 48.528696 ], [ -3.361857, 48.527935 ], [ -3.364435, 48.528998 ], [ -3.365194, 48.529438 ], [ -3.371059, 48.530146 ], [ -3.375539, 48.525271 ], [ -3.375879, 48.518734 ], [ -3.374482, 48.515416 ], [ -3.371063, 48.508532 ], [ -3.371074, 48.506281 ], [ -3.371536, 48.505963 ], [ -3.373417, 48.505809 ], [ -3.378591, 48.508441 ], [ -3.379094, 48.508661 ], [ -3.379557, 48.508911 ], [ -3.38233, 48.513574 ], [ -3.381661, 48.517111 ], [ -3.382255, 48.520412 ], [ -3.383217, 48.522791 ], [ -3.383241170142942, 48.522853321609787 ], [ -3.379885, 48.524154 ], [ -3.380287, 48.525192 ], [ -3.380326, 48.529739 ], [ -3.372762, 48.533813 ], [ -3.372334, 48.533752 ], [ -3.371898, 48.533737 ], [ -3.367301, 48.532027 ], [ -3.365001, 48.534796 ], [ -3.36789, 48.54188 ], [ -3.364178, 48.547825 ], [ -3.358785, 48.546264 ], [ -3.357976, 48.546788 ], [ -3.357589, 48.547073 ], [ -3.359741, 48.544463 ] ] ], [ [ [ -3.276511, 48.571253 ], [ -3.274025, 48.571824 ], [ -3.271504, 48.572497 ], [ -3.270753, 48.572678 ], [ -3.269988, 48.572839 ], [ -3.268736, 48.573046 ], [ -3.268075, 48.573136 ], [ -3.267327, 48.573212 ], [ -3.266184, 48.573292 ], [ -3.265055, 48.573326 ], [ -3.264091, 48.573318 ], [ -3.263222, 48.573292 ], [ -3.262298, 48.57323 ], [ -3.259035, 48.57297 ], [ -3.255773, 48.572711 ], [ -3.256059, 48.569122 ], [ -3.259321, 48.569382 ], [ -3.262583, 48.569641 ], [ -3.264193, 48.569719 ], [ -3.270656, 48.568998 ], [ -3.276995, 48.566468 ], [ -3.27847, 48.566427 ], [ -3.281184, 48.566346 ], [ -3.283902, 48.566265 ], [ -3.291059, 48.564857 ], [ -3.298137, 48.561352 ], [ -3.306672, 48.558757 ], [ -3.309046, 48.556603 ], [ -3.310109, 48.550176 ], [ -3.309934, 48.547141 ], [ -3.308893, 48.543695 ], [ -3.308269, 48.537546 ], [ -3.309836, 48.533749 ], [ -3.311915, 48.532455 ], [ -3.313062, 48.53215 ], [ -3.313793, 48.533626 ], [ -3.316209, 48.537253 ], [ -3.323151, 48.541591 ], [ -3.330868, 48.544181 ], [ -3.331635, 48.547698 ], [ -3.339399, 48.548478 ], [ -3.340246, 48.547827 ], [ -3.340406, 48.547767 ], [ -3.342873, 48.548388 ], [ -3.350261, 48.551285 ], [ -3.342692, 48.552767 ], [ -3.339286, 48.552061 ], [ -3.331345, 48.550292 ], [ -3.329868, 48.547766 ], [ -3.321761, 48.544807 ], [ -3.314509, 48.540025 ], [ -3.311144, 48.541304 ], [ -3.311332, 48.547064 ], [ -3.313617, 48.554119 ], [ -3.309239, 48.561097 ], [ -3.303971, 48.563484 ], [ -3.296912, 48.565914 ], [ -3.292159, 48.566035 ], [ -3.290772, 48.566066 ], [ -3.284133, 48.566948 ], [ -3.283295, 48.566964 ], [ -3.281273, 48.56708 ], [ -3.279861, 48.567207 ], [ -3.278465, 48.567356 ], [ -3.277272, 48.567496 ], [ -3.277689955836364, 48.571071622179019 ], [ -3.276511, 48.571253 ] ] ], [ [ [ -3.315069, 48.576579 ], [ -3.314295, 48.576815 ], [ -3.313388, 48.576699 ], [ -3.313025, 48.576553 ], [ -3.310253, 48.572604 ], [ -3.304747, 48.572794 ], [ -3.301239, 48.57354 ], [ -3.2927, 48.571986 ], [ -3.290598, 48.572894 ], [ -3.28363188293529, 48.57060172651596 ], [ -3.285071, 48.570557 ], [ -3.288572, 48.570693 ], [ -3.289586, 48.570701 ], [ -3.29066, 48.570658 ], [ -3.291635, 48.570567 ], [ -3.292528, 48.570439 ], [ -3.293485, 48.570263 ], [ -3.296495, 48.569616 ], [ -3.304241, 48.570191 ], [ -3.311616, 48.571828 ], [ -3.316416091877274, 48.57649616910787 ], [ -3.315069, 48.576579 ] ] ], [ [ [ -3.923854, 48.668256 ], [ -3.926153, 48.673471 ], [ -3.926527, 48.674321 ], [ -3.926523, 48.675198 ], [ -3.926414, 48.676481 ], [ -3.925798, 48.680117 ], [ -3.925603, 48.680827 ], [ -3.925302, 48.687197 ], [ -3.927018, 48.692135 ], [ -3.924485, 48.692397 ], [ -3.924474, 48.692294 ], [ -3.92452, 48.692119 ], [ -3.922062, 48.683573 ], [ -3.922303, 48.679388 ], [ -3.922291, 48.679306 ], [ -3.917349, 48.672794 ], [ -3.913767, 48.673081 ], [ -3.9067, 48.670735 ], [ -3.903461, 48.669275 ], [ -3.897058, 48.671156 ], [ -3.895884, 48.670017 ], [ -3.893248, 48.666574 ], [ -3.893244, 48.666443 ], [ -3.893584, 48.665425 ], [ -3.894699, 48.664746 ], [ -3.895118, 48.664651 ], [ -3.89597, 48.664397 ], [ -3.896824, 48.664078 ], [ -3.898143, 48.663495 ], [ -3.899048, 48.663459 ], [ -3.901123, 48.663081 ], [ -3.902666, 48.655059 ], [ -3.908563, 48.657664 ], [ -3.908649, 48.663097 ], [ -3.909533, 48.665954 ], [ -3.909616, 48.666125 ], [ -3.910655, 48.667098 ], [ -3.914695, 48.668965 ], [ -3.917918, 48.669279 ], [ -3.923763, 48.66744 ], [ -3.92395437207069, 48.667342268046134 ], [ -3.923854, 48.668256 ] ] ], [ [ [ -3.935140553117366, 48.659320537703117 ], [ -3.93587, 48.658977 ], [ -3.936261, 48.659056 ], [ -3.935140553117366, 48.659320537703117 ] ] ], [ [ [ -4.279948306267651, 48.523949492738076 ], [ -4.279946, 48.52395 ], [ -4.279917530687874, 48.523937115602735 ], [ -4.279948306267651, 48.523949492738076 ] ] ], [ [ [ -4.279158, 48.52359 ], [ -4.279574367669665, 48.523781809825351 ], [ -4.279096023762293, 48.523565325039847 ], [ -4.279158, 48.52359 ] ] ], [ [ [ -4.278407, 48.523291 ], [ -4.27904736372237, 48.523545951735002 ], [ -4.278276690489863, 48.523283533832497 ], [ -4.278407, 48.523291 ] ] ], [ [ [ -4.269522, 48.516851 ], [ -4.269922, 48.516753 ], [ -4.273854, 48.521934 ], [ -4.273872068712669, 48.521941140594834 ], [ -4.27378, 48.521915 ], [ -4.26924488779236, 48.516907980172874 ], [ -4.269522, 48.516851 ] ] ], [ [ [ -4.281736, 48.513784 ], [ -4.281625321996467, 48.513615769434629 ], [ -4.281826842900339, 48.513876796511099 ], [ -4.281736, 48.513784 ] ] ], [ [ [ -4.282108, 48.514137 ], [ -4.281994257729525, 48.514031818975688 ], [ -4.282327739291706, 48.514304948886256 ], [ -4.282108, 48.514137 ] ] ], [ [ [ -4.284422, 48.515793 ], [ -4.282405, 48.514364 ], [ -4.282374079056321, 48.514340366820825 ], [ -4.284422610017952, 48.515793109893202 ], [ -4.284422, 48.515793 ] ] ], [ [ [ -4.351897, 48.485428 ], [ -4.350776, 48.48793 ], [ -4.350236, 48.488622 ], [ -4.344827, 48.494449 ], [ -4.343441, 48.497771 ], [ -4.341649473915915, 48.498935110981542 ], [ -4.3415, 48.498455 ], [ -4.341964, 48.493291 ], [ -4.341885, 48.490002 ], [ -4.34168, 48.489411 ], [ -4.341214, 48.488455 ], [ -4.337977, 48.490032 ], [ -4.336324, 48.491179 ], [ -4.330281, 48.496778 ], [ -4.326171, 48.495022 ], [ -4.323071, 48.496851 ], [ -4.321791, 48.500246 ], [ -4.316877069533077, 48.50009113109715 ], [ -4.313408, 48.494224 ], [ -4.31276, 48.493462 ], [ -4.31195, 48.492199 ], [ -4.310878, 48.486773 ], [ -4.31175, 48.484157 ], [ -4.312731, 48.482109 ], [ -4.32017, 48.480612 ], [ -4.32157, 48.4815 ], [ -4.321935, 48.481721 ], [ -4.329268, 48.481271 ], [ -4.329545, 48.48133 ], [ -4.33602, 48.482559 ], [ -4.336064, 48.482571 ], [ -4.338075, 48.481663 ], [ -4.338134, 48.481527 ], [ -4.338853269080241, 48.480018629889976 ], [ -4.343699, 48.476807 ], [ -4.348881, 48.479481 ], [ -4.34966, 48.480578 ], [ -4.350253, 48.480426 ], [ -4.351171, 48.479892 ], [ -4.353877816507057, 48.478996312666844 ], [ -4.351897, 48.485428 ] ] ] ] } },
{ "type": "Feature", "properties": { "fid": 8, "ID": null, "CENTER_LON": "-4.110093780584127", "CENTER_LAT": "47.968796898032636", "AA_MINS": 30, "AA_MODE": "driving-car", "TOTAL_POP": "181199" }, "geometry": { "type": "MultiPolygon", "coordinates": [ [ [ [ -3.963683, 47.898153 ], [ -3.964131, 47.896724 ], [ -3.964725, 47.896063 ], [ -3.9648, 47.896052 ], [ -3.965313, 47.896002 ], [ -3.96691, 47.896301 ], [ -3.971824, 47.897646 ], [ -3.972891, 47.897912 ], [ -3.973056, 47.897998 ], [ -3.979698, 47.900668 ], [ -3.980783, 47.900898 ], [ -3.984346, 47.901795 ], [ -3.986164, 47.902244 ], [ -3.992416, 47.899559 ], [ -3.990154, 47.891214 ], [ -3.990192, 47.889475 ], [ -3.990226, 47.889222 ], [ -3.990686, 47.880286 ], [ -3.992864, 47.873045 ], [ -3.991012, 47.867764 ], [ -3.992026, 47.865023 ], [ -3.992125, 47.865 ], [ -3.993608, 47.86527 ], [ -3.995339, 47.866558 ], [ -3.998148, 47.870311 ], [ -4.004743, 47.874912 ], [ -4.012855, 47.874584 ], [ -4.013379, 47.874568 ], [ -4.015106, 47.874582 ], [ -4.022556, 47.873117 ], [ -4.028077, 47.871051 ], [ -4.032359, 47.867612 ], [ -4.03501, 47.860945 ], [ -4.039037, 47.854205 ], [ -4.04079, 47.853241 ], [ -4.040872, 47.853251 ], [ -4.042418, 47.855442 ], [ -4.051174, 47.857049 ], [ -4.051264, 47.857044 ], [ -4.053088, 47.858181 ], [ -4.059312, 47.861487 ], [ -4.061312, 47.86224 ], [ -4.065029, 47.866789 ], [ -4.067741, 47.869156 ], [ -4.073967, 47.869264 ], [ -4.082674, 47.867209 ], [ -4.08332, 47.86691 ], [ -4.086278, 47.865623 ], [ -4.088627, 47.865629 ], [ -4.094482, 47.865639 ], [ -4.095136, 47.865618 ], [ -4.10078, 47.865618 ], [ -4.102888, 47.868197 ], [ -4.104374, 47.869804 ], [ -4.109631, 47.871542 ], [ -4.113115, 47.866833 ], [ -4.113805, 47.864096 ], [ -4.113812, 47.863594 ], [ -4.122554, 47.863575 ], [ -4.123148, 47.86366 ], [ -4.123573, 47.863837 ], [ -4.125245, 47.86497 ], [ -4.13405, 47.864893 ], [ -4.137504, 47.863881 ], [ -4.146273, 47.862018 ], [ -4.146329, 47.859198 ], [ -4.146659, 47.858768 ], [ -4.146966, 47.858435 ], [ -4.149212, 47.856328 ], [ -4.151073, 47.855446 ], [ -4.156447, 47.852017 ], [ -4.156749, 47.851809 ], [ -4.158105, 47.851335 ], [ -4.161029, 47.850861 ], [ -4.164172, 47.849172 ], [ -4.166861, 47.843744 ], [ -4.166926, 47.842785 ], [ -4.166304, 47.836119 ], [ -4.165838, 47.833737 ], [ -4.165173, 47.831436 ], [ -4.165198, 47.831232 ], [ -4.167679, 47.827024 ], [ -4.175444, 47.823388 ], [ -4.18102, 47.816801 ], [ -4.185929, 47.811305 ], [ -4.187284, 47.809833 ], [ -4.187753, 47.809812 ], [ -4.188983, 47.810047 ], [ -4.193453, 47.811625 ], [ -4.198329, 47.810712 ], [ -4.198834, 47.810539 ], [ -4.199272, 47.810457 ], [ -4.205783, 47.807618 ], [ -4.206032, 47.807531 ], [ -4.20627, 47.807466 ], [ -4.207047, 47.807311 ], [ -4.212247, 47.801208 ], [ -4.211536, 47.798423 ], [ -4.212347, 47.795906 ], [ -4.216804, 47.793975 ], [ -4.217026, 47.793986 ], [ -4.220595, 47.795203 ], [ -4.226227, 47.793411 ], [ -4.226699, 47.793519 ], [ -4.227117, 47.793644 ], [ -4.227554, 47.793829 ], [ -4.23008, 47.794943 ], [ -4.237684, 47.796465 ], [ -4.238289, 47.796542 ], [ -4.239023, 47.796829 ], [ -4.239512, 47.797521 ], [ -4.244785, 47.803491 ], [ -4.246797, 47.80379 ], [ -4.246268, 47.807351 ], [ -4.246256, 47.812336 ], [ -4.253371, 47.814478 ], [ -4.253496, 47.814694 ], [ -4.254154, 47.816233 ], [ -4.254338, 47.816557 ], [ -4.259916, 47.82127 ], [ -4.264453, 47.817135 ], [ -4.26497, 47.814685 ], [ -4.264949, 47.812832 ], [ -4.264909, 47.81242 ], [ -4.264896, 47.811919 ], [ -4.264855, 47.810119 ], [ -4.264785, 47.808321 ], [ -4.26573, 47.806882 ], [ -4.265963, 47.806878 ], [ -4.270315, 47.808375 ], [ -4.26963, 47.81191 ], [ -4.270516, 47.816991 ], [ -4.278439, 47.819575 ], [ -4.281119, 47.812359 ], [ -4.281844, 47.8104 ], [ -4.28214, 47.810253 ], [ -4.282594, 47.8101 ], [ -4.282826, 47.810055 ], [ -4.284162, 47.810436 ], [ -4.284459, 47.810905 ], [ -4.29238, 47.814886 ], [ -4.294007, 47.815278 ], [ -4.300859, 47.816431 ], [ -4.30661, 47.816291 ], [ -4.314988, 47.81581 ], [ -4.32218, 47.813469 ], [ -4.322849, 47.813318 ], [ -4.328124, 47.813801 ], [ -4.329015, 47.814543 ], [ -4.329207, 47.814867 ], [ -4.329357, 47.81535 ], [ -4.329045, 47.817281 ], [ -4.32812, 47.817526 ], [ -4.323801, 47.824827 ], [ -4.32736, 47.830063 ], [ -4.329973, 47.831922 ], [ -4.336476, 47.835325 ], [ -4.33901, 47.835619 ], [ -4.339057, 47.839219 ], [ -4.334437, 47.840756 ], [ -4.330978, 47.841752 ], [ -4.328732, 47.847795 ], [ -4.329171, 47.849403 ], [ -4.334718, 47.853704 ], [ -4.33853, 47.852786 ], [ -4.342004, 47.851952 ], [ -4.342845, 47.855452 ], [ -4.340352, 47.856079 ], [ -4.339371, 47.856287 ], [ -4.338462, 47.856653 ], [ -4.336419, 47.864925 ], [ -4.338385, 47.866797 ], [ -4.339469, 47.867379 ], [ -4.339995, 47.872265 ], [ -4.346151, 47.87408 ], [ -4.348293, 47.873738 ], [ -4.349644, 47.87333 ], [ -4.352075, 47.873997 ], [ -4.353903, 47.875474 ], [ -4.358304, 47.882276 ], [ -4.357671, 47.8845 ], [ -4.355915, 47.885468 ], [ -4.35414, 47.886446 ], [ -4.349191, 47.888646 ], [ -4.347523, 47.890182 ], [ -4.344783, 47.892517 ], [ -4.348806, 47.899192 ], [ -4.356766, 47.899314 ], [ -4.357306, 47.898942 ], [ -4.35815, 47.898746 ], [ -4.358944, 47.898901 ], [ -4.36321, 47.898591 ], [ -4.365392, 47.898955 ], [ -4.36578, 47.899532 ], [ -4.365931, 47.900028 ], [ -4.366004, 47.90049 ], [ -4.365056, 47.901681 ], [ -4.364991, 47.90172 ], [ -4.361794, 47.904872 ], [ -4.362637, 47.912101 ], [ -4.363001, 47.914591 ], [ -4.362833, 47.91512 ], [ -4.361962, 47.916803 ], [ -4.361561, 47.916919 ], [ -4.361115, 47.917007 ], [ -4.355869, 47.921 ], [ -4.358336, 47.92566 ], [ -4.359601, 47.9271 ], [ -4.35971, 47.927241 ], [ -4.36739, 47.931203 ], [ -4.368363, 47.934669 ], [ -4.371566, 47.942344 ], [ -4.377018, 47.942182 ], [ -4.382804, 47.941958 ], [ -4.38338, 47.942124 ], [ -4.384839, 47.94256 ], [ -4.39027, 47.943594 ], [ -4.390982, 47.944655 ], [ -4.391004, 47.944692 ], [ -4.390822, 47.947152 ], [ -4.389695, 47.947326 ], [ -4.389013, 47.947429 ], [ -4.388248, 47.94752 ], [ -4.386206, 47.947689 ], [ -4.385288, 47.947767 ], [ -4.379896, 47.954821 ], [ -4.383931, 47.9591 ], [ -4.387382, 47.959306 ], [ -4.389367, 47.958739 ], [ -4.389679, 47.958639 ], [ -4.390623, 47.958753 ], [ -4.390937, 47.958969 ], [ -4.390782, 47.962066 ], [ -4.39047, 47.962166 ], [ -4.388102, 47.962833 ], [ -4.387067, 47.963169 ], [ -4.384211, 47.971178 ], [ -4.384205, 47.971189 ], [ -4.38225, 47.972062 ], [ -4.379691, 47.972212 ], [ -4.376455, 47.972583 ], [ -4.375471, 47.972753 ], [ -4.37483, 47.972867 ], [ -4.368835, 47.97634 ], [ -4.368481, 47.976693 ], [ -4.366887, 47.978281 ], [ -4.366481, 47.978399 ], [ -4.364673, 47.977014 ], [ -4.356092, 47.977283 ], [ -4.356747, 47.984775 ], [ -4.357685, 47.98825 ], [ -4.36536, 47.990882 ], [ -4.366871, 47.990641 ], [ -4.367312, 47.991511 ], [ -4.367399, 47.991909 ], [ -4.373727, 47.995702 ], [ -4.376334, 47.993577 ], [ -4.380274, 47.992965 ], [ -4.383914, 47.993329 ], [ -4.38557, 47.99322 ], [ -4.387495, 47.993168 ], [ -4.387593, 47.996766 ], [ -4.383764, 47.997642 ], [ -4.376153, 48.001421 ], [ -4.370186, 47.999843 ], [ -4.364882, 48.003798 ], [ -4.363426, 48.007875 ], [ -4.366308, 48.014459 ], [ -4.365792, 48.018022 ], [ -4.363439, 48.017828 ], [ -4.359109, 48.017483 ], [ -4.356575, 48.016492 ], [ -4.354616, 48.015967 ], [ -4.35242, 48.015691 ], [ -4.348342, 48.015558 ], [ -4.345356, 48.015463 ], [ -4.341078, 48.020878 ], [ -4.336426, 48.022363 ], [ -4.333519, 48.02906 ], [ -4.333712, 48.036999 ], [ -4.333428, 48.040588 ], [ -4.329511, 48.041397 ], [ -4.323873, 48.042432 ], [ -4.323097, 48.041063 ], [ -4.314222, 48.042454 ], [ -4.313379, 48.041848 ], [ -4.312501, 48.041283 ], [ -4.306972, 48.038944 ], [ -4.298443, 48.041699 ], [ -4.298444, 48.042002 ], [ -4.296951, 48.043547 ], [ -4.292687, 48.050795 ], [ -4.292698, 48.051682 ], [ -4.293578, 48.055173 ], [ -4.292802, 48.055368 ], [ -4.289428, 48.057593 ], [ -4.289189, 48.06422 ], [ -4.294975, 48.066036 ], [ -4.297776, 48.065209 ], [ -4.300877, 48.063324 ], [ -4.301201, 48.064099 ], [ -4.301554, 48.064907 ], [ -4.309481, 48.069057 ], [ -4.310172, 48.069163 ], [ -4.310816, 48.069354 ], [ -4.314135, 48.070226 ], [ -4.31532, 48.070438 ], [ -4.316588, 48.0724 ], [ -4.316278, 48.073101 ], [ -4.313208, 48.079208 ], [ -4.312572, 48.079478 ], [ -4.312495, 48.079494 ], [ -4.311587, 48.079461 ], [ -4.305336, 48.077822 ], [ -4.304711, 48.077786 ], [ -4.299073, 48.078285 ], [ -4.295137, 48.080502 ], [ -4.288543, 48.082969 ], [ -4.285036, 48.082159 ], [ -4.278808, 48.075858 ], [ -4.276015, 48.071584 ], [ -4.269184, 48.069691 ], [ -4.267643, 48.069343 ], [ -4.262958, 48.067263 ], [ -4.257886, 48.070459 ], [ -4.254421, 48.071436 ], [ -4.247631, 48.065985 ], [ -4.245533, 48.065594 ], [ -4.241933, 48.06558 ], [ -4.237089, 48.071392 ], [ -4.236124, 48.07486 ], [ -4.232514, 48.076741 ], [ -4.228879, 48.077414 ], [ -4.226986, 48.077157 ], [ -4.219311, 48.078522 ], [ -4.214004, 48.08273 ], [ -4.212244, 48.089464 ], [ -4.214095, 48.092648 ], [ -4.214898, 48.093423 ], [ -4.215243, 48.093799 ], [ -4.215721, 48.094408 ], [ -4.216071, 48.094986 ], [ -4.216232, 48.095328 ], [ -4.216486, 48.095982 ], [ -4.216604, 48.096361 ], [ -4.213165, 48.097428 ], [ -4.210605, 48.09592 ], [ -4.203603, 48.09315 ], [ -4.202365, 48.092252 ], [ -4.198933, 48.090131 ], [ -4.198444, 48.089869 ], [ -4.192916, 48.087778 ], [ -4.186054, 48.088777 ], [ -4.179791, 48.091325 ], [ -4.177217, 48.092094 ], [ -4.176481, 48.092245 ], [ -4.176441, 48.092248 ], [ -4.174689, 48.089531 ], [ -4.169203, 48.08364 ], [ -4.167235, 48.083375 ], [ -4.160637, 48.086314 ], [ -4.153313, 48.086937 ], [ -4.152643, 48.087065 ], [ -4.145169, 48.086799 ], [ -4.143476, 48.085211 ], [ -4.141625, 48.08439 ], [ -4.134413, 48.08733 ], [ -4.134413, 48.091719 ], [ -4.134383, 48.093715 ], [ -4.132028, 48.094776 ], [ -4.131608, 48.094936 ], [ -4.130893, 48.095106 ], [ -4.12501, 48.09989 ], [ -4.124366, 48.104311 ], [ -4.126452, 48.111517 ], [ -4.127305, 48.112715 ], [ -4.127346, 48.113118 ], [ -4.126389, 48.115116 ], [ -4.121768, 48.118062 ], [ -4.118728, 48.116544 ], [ -4.116022, 48.112679 ], [ -4.111675, 48.105675 ], [ -4.109691, 48.106179 ], [ -4.107207, 48.106997 ], [ -4.100237, 48.106998 ], [ -4.099749, 48.107199 ], [ -4.09479, 48.11444 ], [ -4.094928, 48.118037 ], [ -4.092382, 48.121022 ], [ -4.091655, 48.122105 ], [ -4.086911, 48.12341 ], [ -4.085961, 48.123238 ], [ -4.084408, 48.122112 ], [ -4.075906, 48.123841 ], [ -4.075602, 48.124345 ], [ -4.075349, 48.124601 ], [ -4.073387, 48.127212 ], [ -4.072643, 48.127831 ], [ -4.070343, 48.125061 ], [ -4.063531, 48.123401 ], [ -4.055978, 48.124496 ], [ -4.055521, 48.124579 ], [ -4.049145, 48.130254 ], [ -4.049751, 48.132951 ], [ -4.049228, 48.133319 ], [ -4.048109, 48.133702 ], [ -4.040405, 48.136015 ], [ -4.038981, 48.142053 ], [ -4.039437, 48.147573 ], [ -4.041083, 48.151634 ], [ -4.047017, 48.15489 ], [ -4.050671, 48.153492 ], [ -4.056643, 48.157839 ], [ -4.058582, 48.160332 ], [ -4.058633, 48.163932 ], [ -4.058214, 48.163968 ], [ -4.053227, 48.16447 ], [ -4.049145, 48.16964 ], [ -4.048976, 48.170149 ], [ -4.048696, 48.170765 ], [ -4.048326, 48.171375 ], [ -4.047788, 48.172121 ], [ -4.047416, 48.180862 ], [ -4.048035, 48.181806 ], [ -4.048312, 48.182331 ], [ -4.048692, 48.183283 ], [ -4.048821, 48.18378 ], [ -4.048966, 48.184924 ], [ -4.048924, 48.185764 ], [ -4.048847, 48.186259 ], [ -4.048625, 48.187088 ], [ -4.048198, 48.188203 ], [ -4.046163, 48.196898 ], [ -4.046395, 48.205635 ], [ -4.042974, 48.206753 ], [ -4.042756, 48.206087 ], [ -4.04244, 48.204926 ], [ -4.042272, 48.204027 ], [ -4.042197, 48.203467 ], [ -4.042131, 48.20278 ], [ -4.042103, 48.201986 ], [ -4.042119, 48.201036 ], [ -4.042171, 48.20021 ], [ -4.042343, 48.198534 ], [ -4.042588, 48.196473 ], [ -4.04283, 48.194439 ], [ -4.043118, 48.192175 ], [ -4.043252, 48.191396 ], [ -4.043458, 48.190508 ], [ -4.043783, 48.189478 ], [ -4.04422, 48.188341 ], [ -4.042411, 48.17974 ], [ -4.041948, 48.178899 ], [ -4.041786, 48.178551 ], [ -4.041626, 48.178065 ], [ -4.041484, 48.17741 ], [ -4.041388, 48.176358 ], [ -4.033715, 48.172771 ], [ -4.033242, 48.17272 ], [ -4.031849, 48.172529 ], [ -4.031506, 48.172468 ], [ -4.030601, 48.172125 ], [ -4.022735, 48.175482 ], [ -4.021275, 48.17654 ], [ -4.018793, 48.17769 ], [ -4.015205, 48.177399 ], [ -4.011698, 48.176963 ], [ -4.010256, 48.176426 ], [ -4.009817, 48.176253 ], [ -4.009338, 48.175978 ], [ -4.008963, 48.175691 ], [ -4.008542, 48.175322 ], [ -4.010707, 48.16985 ], [ -4.010028, 48.166315 ], [ -4.009313, 48.164456 ], [ -4.009075, 48.163727 ], [ -4.009113, 48.162924 ], [ -4.010302, 48.16139 ], [ -4.012126, 48.156086 ], [ -4.004412, 48.152123 ], [ -4.002841, 48.153189 ], [ -4.00244, 48.153474 ], [ -4.00196, 48.153881 ], [ -4.000153, 48.155786 ], [ -3.998714, 48.15625 ], [ -3.998377, 48.15615 ], [ -3.997001, 48.154814 ], [ -3.994513, 48.151697 ], [ -3.994455, 48.148097 ], [ -3.995143, 48.148086 ], [ -3.996609, 48.147902 ], [ -4.002767, 48.144698 ], [ -4.000886, 48.137671 ], [ -3.998729, 48.13618 ], [ -3.994226, 48.135244 ], [ -3.993252, 48.134922 ], [ -3.992683, 48.13465 ], [ -3.991109, 48.129439 ], [ -3.990487, 48.125893 ], [ -3.988265, 48.120672 ], [ -3.988136, 48.120445 ], [ -3.990532, 48.117952 ], [ -3.993204, 48.114632 ], [ -3.990721, 48.106195 ], [ -3.986877, 48.107241 ], [ -3.985823, 48.108043 ], [ -3.984697, 48.107981 ], [ -3.97919, 48.106072 ], [ -3.976643, 48.106171 ], [ -3.976492, 48.106098 ], [ -3.976066, 48.105511 ], [ -3.975385, 48.103967 ], [ -3.975355, 48.103832 ], [ -3.975962, 48.101703 ], [ -3.976533, 48.100079 ], [ -3.976606, 48.099804 ], [ -3.975787, 48.091066 ], [ -3.97512, 48.090582 ], [ -3.974851, 48.090408 ], [ -3.974476, 48.089946 ], [ -3.973995, 48.089327 ], [ -3.973934, 48.081727 ], [ -3.974315, 48.073407 ], [ -3.970219, 48.071847 ], [ -3.968205, 48.07146 ], [ -3.961345, 48.068159 ], [ -3.954179, 48.067608 ], [ -3.952988, 48.064211 ], [ -3.953869, 48.063792 ], [ -3.954318, 48.063532 ], [ -3.954621, 48.063393 ], [ -3.955123, 48.06325 ], [ -3.955814, 48.063195 ], [ -3.959035, 48.062946 ], [ -3.962742, 48.056047 ], [ -3.955833, 48.051915 ], [ -3.955224, 48.051989 ], [ -3.954757, 48.052082 ], [ -3.954219, 48.05223 ], [ -3.953601, 48.05245 ], [ -3.953538, 48.052471 ], [ -3.950766, 48.05412 ], [ -3.949629, 48.054853 ], [ -3.948875, 48.05563 ], [ -3.948053, 48.056286 ], [ -3.947679, 48.056484 ], [ -3.946782, 48.056929 ], [ -3.943926, 48.059289 ], [ -3.942777, 48.06046 ], [ -3.942198, 48.060911 ], [ -3.940428, 48.062341 ], [ -3.939994, 48.062577 ], [ -3.939707, 48.062706 ], [ -3.93839, 48.063269 ], [ -3.936416, 48.064288 ], [ -3.935698, 48.064686 ], [ -3.935118, 48.064955 ], [ -3.933602, 48.06169 ], [ -3.935314, 48.060728 ], [ -3.936138, 48.060259 ], [ -3.9399, 48.05814 ], [ -3.94206, 48.055734 ], [ -3.94399, 48.050666 ], [ -3.945887, 48.047606 ], [ -3.949846, 48.041225 ], [ -3.94856, 48.037862 ], [ -3.942076, 48.033666 ], [ -3.94162, 48.033653 ], [ -3.941137, 48.033616 ], [ -3.937277, 48.033946 ], [ -3.93404, 48.035522 ], [ -3.931188, 48.037623 ], [ -3.929738, 48.039386 ], [ -3.929219, 48.03961 ], [ -3.928398, 48.039897 ], [ -3.920974, 48.04026 ], [ -3.919419, 48.040717 ], [ -3.917949, 48.039925 ], [ -3.917711, 48.039703 ], [ -3.917181, 48.037897 ], [ -3.919269, 48.033938 ], [ -3.920334, 48.030499 ], [ -3.923394, 48.028223 ], [ -3.926992, 48.02834 ], [ -3.93075, 48.029805 ], [ -3.936119, 48.023488 ], [ -3.934901, 48.0201 ], [ -3.927744, 48.0154 ], [ -3.926388, 48.015565 ], [ -3.925134, 48.015753 ], [ -3.919283, 48.01079 ], [ -3.912461, 48.012308 ], [ -3.912439, 48.0123 ], [ -3.909603, 48.00643 ], [ -3.903552, 48.00227 ], [ -3.902217, 48.00121 ], [ -3.894708, 47.99764 ], [ -3.891205, 47.996059 ], [ -3.889312, 47.995054 ], [ -3.888546, 47.992603 ], [ -3.88858, 47.992542 ], [ -3.890162, 47.991556 ], [ -3.894551, 47.990797 ], [ -3.897832, 47.990343 ], [ -3.902786, 47.990727 ], [ -3.907636, 47.983676 ], [ -3.908051, 47.978597 ], [ -3.902837, 47.971307 ], [ -3.910469, 47.969848 ], [ -3.916569, 47.972867 ], [ -3.917595, 47.973457 ], [ -3.918961, 47.973464 ], [ -3.925668, 47.973264 ], [ -3.927846, 47.97539 ], [ -3.92839, 47.975302 ], [ -3.928814, 47.975221 ], [ -3.929328, 47.97504 ], [ -3.930033, 47.974655 ], [ -3.930369, 47.974433 ], [ -3.930924, 47.973849 ], [ -3.931255, 47.973167 ], [ -3.939997, 47.973458 ], [ -3.941358, 47.975958 ], [ -3.94185, 47.976544 ], [ -3.948264, 47.976961 ], [ -3.950428, 47.974151 ], [ -3.95755, 47.971547 ], [ -3.958508, 47.971569 ], [ -3.960426, 47.971544 ], [ -3.964316, 47.971581 ], [ -3.970929, 47.974974 ], [ -3.971549, 47.975469 ], [ -3.973251, 47.975239 ], [ -3.974528, 47.974926 ], [ -3.982745, 47.973161 ], [ -3.987033, 47.974198 ], [ -3.991336, 47.980021 ], [ -3.991363, 47.980126 ], [ -3.993791, 47.983474 ], [ -4.001055, 47.985784 ], [ -4.009606, 47.987126 ], [ -4.010208, 47.987316 ], [ -4.010509, 47.987374 ], [ -4.011585, 47.987509 ], [ -4.012805, 47.987595 ], [ -4.019643520255412, 47.986808531785535 ], [ -4.023171, 47.99114 ], [ -4.024396, 47.991149 ], [ -4.030233335323566, 47.991124175366181 ], [ -4.035139, 47.995309 ], [ -4.034399, 47.998832 ], [ -4.034309, 48.00225 ], [ -4.035266, 48.00572 ], [ -4.039664, 48.00616 ], [ -4.043834, 48.006057 ], [ -4.044128, 48.006056 ], [ -4.047311, 48.006064 ], [ -4.047861, 48.00586 ], [ -4.053756, 48.00447 ], [ -4.057217, 48.005292 ], [ -4.058053, 48.005622 ], [ -4.058945, 48.006031 ], [ -4.060356, 48.00682 ], [ -4.061398, 48.007543 ], [ -4.062786, 48.008679 ], [ -4.063936, 48.009627 ], [ -4.064526, 48.01008 ], [ -4.065306, 48.010618 ], [ -4.066477, 48.011331 ], [ -4.067779, 48.012002 ], [ -4.075467, 48.016663 ], [ -4.076161, 48.017244 ], [ -4.082252, 48.023613 ], [ -4.082888, 48.024644 ], [ -4.083441, 48.025504 ], [ -4.086468, 48.023555 ], [ -4.083797, 48.018387 ], [ -4.083385, 48.017614 ], [ -4.083037, 48.017072 ], [ -4.082455, 48.016314 ], [ -4.082167, 48.015979 ], [ -4.081391, 48.015207 ], [ -4.080756, 48.014664 ], [ -4.080385, 48.014378 ], [ -4.079686, 48.013897 ], [ -4.078932, 48.013441 ], [ -4.078287, 48.013091 ], [ -4.07336, 48.0107 ], [ -4.069345, 48.008761 ], [ -4.068128, 48.008132 ], [ -4.067189, 48.00755 ], [ -4.066138, 48.006779 ], [ -4.065077, 48.005902 ], [ -4.06139929270372, 47.998858533794191 ], [ -4.067785, 48.002423 ], [ -4.069361, 48.00268 ], [ -4.078039, 48.003603 ], [ -4.079809, 48.00483 ], [ -4.082346, 48.004882 ], [ -4.089654, 48.001746 ], [ -4.094798, 48.004183 ], [ -4.09846, 48.007224 ], [ -4.104754, 48.009636 ], [ -4.104893, 48.009752 ], [ -4.103258, 48.018436 ], [ -4.100744, 48.01837 ], [ -4.098795, 48.019227 ], [ -4.098424, 48.02036 ], [ -4.098426, 48.020459 ], [ -4.098773, 48.021382 ], [ -4.100379, 48.028436 ], [ -4.102364, 48.031439 ], [ -4.102798, 48.031152 ], [ -4.103272, 48.0308 ], [ -4.103749, 48.030374 ], [ -4.104243, 48.029829 ], [ -4.104642, 48.029291 ], [ -4.104921, 48.028822 ], [ -4.105144, 48.028347 ], [ -4.105418, 48.027475 ], [ -4.105524, 48.02689 ], [ -4.105585, 48.026218 ], [ -4.110036, 48.01945 ], [ -4.113119, 48.018581 ], [ -4.116209, 48.017741 ], [ -4.122883, 48.015357 ], [ -4.123955, 48.01263 ], [ -4.129691, 48.007705 ], [ -4.130419, 48.007407 ], [ -4.130694, 48.007281 ], [ -4.131128, 48.007041 ], [ -4.139565, 48.004636 ], [ -4.14029, 48.00456 ], [ -4.140884, 48.004454 ], [ -4.141383, 48.004338 ], [ -4.150334, 48.005217 ], [ -4.150864, 48.00504 ], [ -4.157721, 48.007903 ], [ -4.157744, 48.012456 ], [ -4.157448, 48.016044 ], [ -4.160902, 48.016458 ], [ -4.161474, 48.01654 ], [ -4.163651, 48.016701 ], [ -4.166959, 48.012543 ], [ -4.171259, 48.011596 ], [ -4.180041, 48.01064 ], [ -4.182407, 48.011325 ], [ -4.183168, 48.011516 ], [ -4.183519, 48.011579 ], [ -4.184571, 48.01174 ], [ -4.187296, 48.012009 ], [ -4.187571, 48.01203 ], [ -4.18774, 48.012004 ], [ -4.187629, 48.010192 ], [ -4.194831, 48.005812 ], [ -4.195869, 48.006158 ], [ -4.195991, 48.006212 ], [ -4.196283, 48.006286 ], [ -4.196527, 48.006313 ], [ -4.198336, 48.004992 ], [ -4.202193, 47.997079 ], [ -4.202361, 47.994703 ], [ -4.205028, 47.987087 ], [ -4.207277, 47.986868 ], [ -4.21101, 47.987455 ], [ -4.214285, 47.988584 ], [ -4.216733, 47.987349 ], [ -4.217142, 47.985294 ], [ -4.222372, 47.979925 ], [ -4.226244, 47.978995 ], [ -4.232796, 47.978185 ], [ -4.233208, 47.978213 ], [ -4.233457, 47.974622 ], [ -4.232479, 47.974329 ], [ -4.231693, 47.974104 ], [ -4.231265, 47.974017 ], [ -4.230823, 47.973972 ], [ -4.227066, 47.973032 ], [ -4.223611, 47.974047 ], [ -4.215487, 47.971727 ], [ -4.212203, 47.973203 ], [ -4.204393, 47.977316 ], [ -4.199989, 47.972076 ], [ -4.205572, 47.965521 ], [ -4.207537, 47.964992 ], [ -4.210514, 47.962968 ], [ -4.213627, 47.962019 ], [ -4.216476, 47.960047 ], [ -4.219821, 47.959713 ], [ -4.22033, 47.959676 ], [ -4.226914, 47.956014 ], [ -4.227339, 47.952439 ], [ -4.228312, 47.947125 ], [ -4.235816, 47.947606 ], [ -4.237313, 47.948795 ], [ -4.239551, 47.945975 ], [ -4.241053, 47.941346 ], [ -4.243147, 47.936582 ], [ -4.24526, 47.928877 ], [ -4.247643, 47.926797 ], [ -4.24783, 47.926682 ], [ -4.251769, 47.924949 ], [ -4.252564, 47.924638 ], [ -4.252899, 47.922988 ], [ -4.252858, 47.922826 ], [ -4.251254, 47.921285 ], [ -4.250459, 47.921596 ], [ -4.24767, 47.922571 ], [ -4.240281, 47.923127 ], [ -4.237352, 47.925219 ], [ -4.230568, 47.919653 ], [ -4.230227, 47.918967 ], [ -4.228539, 47.917929 ], [ -4.222959, 47.914557 ], [ -4.219159, 47.91321 ], [ -4.218062, 47.912573 ], [ -4.213541, 47.906494 ], [ -4.218038, 47.899918 ], [ -4.218675, 47.897923 ], [ -4.221173, 47.893277 ], [ -4.223074, 47.890421 ], [ -4.222907, 47.890257 ], [ -4.225654, 47.881735 ], [ -4.227435, 47.881414 ], [ -4.22949, 47.880983 ], [ -4.232098, 47.880428 ], [ -4.231349, 47.876907 ], [ -4.228741, 47.877462 ], [ -4.226696, 47.877891 ], [ -4.218587, 47.874807 ], [ -4.217075, 47.875484 ], [ -4.216194, 47.875901 ], [ -4.211493, 47.879766 ], [ -4.209056, 47.881537 ], [ -4.205874, 47.887644 ], [ -4.202295, 47.887826 ], [ -4.201618, 47.887665 ], [ -4.201089, 47.887572 ], [ -4.200675, 47.887557 ], [ -4.200204, 47.887596 ], [ -4.199655, 47.887703 ], [ -4.199314, 47.887787 ], [ -4.193927, 47.890417 ], [ -4.193817, 47.890501 ], [ -4.193134, 47.892283 ], [ -4.184224, 47.891849 ], [ -4.181356, 47.891071 ], [ -4.180737, 47.890888 ], [ -4.174586, 47.888663 ], [ -4.173897, 47.888385 ], [ -4.173341, 47.888367 ], [ -4.17166, 47.891205 ], [ -4.171858, 47.891362 ], [ -4.17502, 47.897683 ], [ -4.175149, 47.898085 ], [ -4.175472, 47.899239 ], [ -4.168321, 47.904699 ], [ -4.163549, 47.905146 ], [ -4.161642, 47.905443 ], [ -4.1607, 47.90567 ], [ -4.15229, 47.905726 ], [ -4.148378, 47.907005 ], [ -4.148093, 47.907095 ], [ -4.147465, 47.907444 ], [ -4.146798, 47.908285 ], [ -4.146659, 47.909586 ], [ -4.146446, 47.918427 ], [ -4.144548, 47.924832 ], [ -4.139495, 47.928454 ], [ -4.131311, 47.930298 ], [ -4.122586, 47.930908 ], [ -4.122133, 47.930872 ], [ -4.120953, 47.930836 ], [ -4.119995, 47.936732 ], [ -4.120017, 47.93679 ], [ -4.121444, 47.939958 ], [ -4.118113, 47.94693 ], [ -4.117629, 47.947202 ], [ -4.11707, 47.948701 ], [ -4.117266, 47.952313 ], [ -4.124077, 47.956389 ], [ -4.124224, 47.956894 ], [ -4.124362, 47.957219 ], [ -4.122934, 47.963491 ], [ -4.11827, 47.963983 ], [ -4.117928, 47.964232 ], [ -4.117336, 47.965188 ], [ -4.108855, 47.967437 ], [ -4.106671, 47.96768 ], [ -4.104039, 47.96927 ], [ -4.09586, 47.968777 ], [ -4.095135, 47.967195 ], [ -4.094997, 47.962874 ], [ -4.095579, 47.961682 ], [ -4.096246, 47.96082 ], [ -4.096469, 47.960501 ], [ -4.096849, 47.959776 ], [ -4.097016, 47.959153 ], [ -4.097074, 47.958535 ], [ -4.097335, 47.956854 ], [ -4.097378, 47.956569 ], [ -4.093947, 47.955481 ], [ -4.093848, 47.955792 ], [ -4.089604, 47.960077 ], [ -4.084473, 47.957598 ], [ -4.084116, 47.957137 ], [ -4.080469, 47.955384 ], [ -4.079859, 47.954764 ], [ -4.079446, 47.954349 ], [ -4.077882, 47.950325 ], [ -4.081473, 47.944764 ], [ -4.082246, 47.941248 ], [ -4.081788, 47.941147 ], [ -4.081207, 47.941035 ], [ -4.080628, 47.940943 ], [ -4.079991, 47.940894 ], [ -4.073314, 47.940047 ], [ -4.070891, 47.940135 ], [ -4.070181, 47.941821 ], [ -4.067193, 47.950138 ], [ -4.062465, 47.956694 ], [ -4.057781, 47.958385 ], [ -4.053335, 47.958035 ], [ -4.052425, 47.957773 ], [ -4.051669, 47.957514 ], [ -4.050171, 47.956991 ], [ -4.049126, 47.956585 ], [ -4.047825, 47.959942 ], [ -4.04887, 47.960347 ], [ -4.050478, 47.960912 ], [ -4.051258, 47.961179 ], [ -4.05521, 47.969092 ], [ -4.05441, 47.971351 ], [ -4.048430719013518, 47.976676591165209 ], [ -4.047419439330985, 47.976602251843424 ], [ -4.045681, 47.976373 ], [ -4.045321899462118, 47.976337459566714 ], [ -4.03801, 47.974233 ], [ -4.037434, 47.974172 ], [ -4.033935651640592, 47.973332338784054 ], [ -4.028071, 47.969227 ], [ -4.026199, 47.966151 ], [ -4.021739, 47.967257 ], [ -4.014426, 47.962299 ], [ -4.011295, 47.960522 ], [ -4.009552, 47.961656 ], [ -4.007823, 47.963108 ], [ -4.007344, 47.963429 ], [ -4.006973, 47.96378 ], [ -4.006378, 47.964448 ], [ -4.001986125996007, 47.966760326819603 ], [ -3.998163036835441, 47.966713480455816 ], [ -3.996898, 47.966223 ], [ -3.995121, 47.964466 ], [ -3.994115, 47.962771 ], [ -3.993734, 47.961876 ], [ -3.993408, 47.961412 ], [ -3.992055, 47.961052 ], [ -3.991706, 47.961198 ], [ -3.991675, 47.961217 ], [ -3.990462, 47.963481 ], [ -3.982692, 47.965797 ], [ -3.977734, 47.961807 ], [ -3.975471, 47.961531 ], [ -3.971428, 47.957595 ], [ -3.977316, 47.951741 ], [ -3.97809, 47.95178 ], [ -3.981321, 47.951837 ], [ -3.984271, 47.952781 ], [ -3.987538, 47.951269 ], [ -3.986731, 47.948133 ], [ -3.983392, 47.946787 ], [ -3.983674, 47.939299 ], [ -3.984721, 47.938239 ], [ -3.99281, 47.938684 ], [ -3.993285, 47.938843 ], [ -3.993796, 47.938932 ], [ -3.997037, 47.939766 ], [ -3.998815, 47.940443 ], [ -4.004661, 47.94085 ], [ -4.008122, 47.94174 ], [ -4.009017, 47.941665 ], [ -4.009358, 47.941484 ], [ -4.009781, 47.941097 ], [ -4.009818, 47.941057 ], [ -4.009892, 47.938605 ], [ -4.007312, 47.93661 ], [ -4.004779, 47.930596 ], [ -4.004268, 47.929351 ], [ -4.004075, 47.929152 ], [ -4.003077, 47.928885 ], [ -3.997762, 47.928983 ], [ -3.994171, 47.929234 ], [ -3.988594, 47.931317 ], [ -3.98071, 47.927858 ], [ -3.979355, 47.926539 ], [ -3.97815, 47.91795 ], [ -3.983411, 47.916088 ], [ -3.985677, 47.916962 ], [ -3.986985, 47.916272 ], [ -3.98692, 47.915283 ], [ -3.987119, 47.90907 ], [ -3.986567, 47.907193 ], [ -3.986152, 47.905602 ], [ -3.979117, 47.90432 ], [ -3.971415, 47.90305 ], [ -3.970046, 47.903763 ], [ -3.969559, 47.9043 ], [ -3.964818, 47.906638 ], [ -3.958763, 47.90195 ], [ -3.958456, 47.900745 ], [ -3.958355, 47.900488 ], [ -3.958235, 47.900342 ], [ -3.957216645910137, 47.899722658999629 ], [ -3.963683, 47.898153 ] ] ], [ [ [ -3.952743, 47.898766 ], [ -3.952932, 47.898839 ], [ -3.952955208264708, 47.89884825551156 ], [ -3.950268, 47.900608 ], [ -3.944884, 47.896545 ], [ -3.944716, 47.895977 ], [ -3.952743, 47.898766 ] ] ], [ [ [ -3.933136, 47.887574 ], [ -3.934163587067576, 47.887859183698183 ], [ -3.932281, 47.887762 ], [ -3.930578192969327, 47.885591344519405 ], [ -3.933136, 47.887574 ] ] ], [ [ [ -3.926026, 47.879671 ], [ -3.926121765251775, 47.880111122411115 ], [ -3.925503456196632, 47.879386962595433 ], [ -3.926026, 47.879671 ] ] ], [ [ [ -3.905021, 47.878691 ], [ -3.905029120204607, 47.87867507928388 ], [ -3.904961294117616, 47.878912470588354 ], [ -3.905021, 47.878691 ] ] ], [ [ [ -3.895787, 47.883052 ], [ -3.896231, 47.883057 ], [ -3.896744, 47.883097 ], [ -3.904785635703354, 47.879458642900126 ], [ -3.904088, 47.880986 ], [ -3.903149, 47.882632 ], [ -3.897305, 47.885514 ], [ -3.896337, 47.886414 ], [ -3.892968, 47.888829 ], [ -3.889597898390302, 47.882942513222524 ], [ -3.895787, 47.883052 ] ] ], [ [ [ -3.880546992458357, 47.879985378754462 ], [ -3.880139, 47.880155 ], [ -3.877384, 47.880653 ], [ -3.880546992458357, 47.879985378754462 ] ] ], [ [ [ -3.805137, 47.876111 ], [ -3.806278, 47.872696 ], [ -3.813464, 47.87078 ], [ -3.816403, 47.872337 ], [ -3.817752, 47.873728 ], [ -3.818253, 47.874463 ], [ -3.826275, 47.877131 ], [ -3.827457, 47.876611 ], [ -3.835204, 47.877344 ], [ -3.842315, 47.879389 ], [ -3.84418, 47.879185 ], [ -3.845177, 47.879006 ], [ -3.84551, 47.878937 ], [ -3.846983, 47.879675 ], [ -3.847065, 47.879804 ], [ -3.848842, 47.88548 ], [ -3.855838, 47.887414 ], [ -3.85923, 47.887003 ], [ -3.858751, 47.887168 ], [ -3.85706, 47.887821 ], [ -3.84808, 47.88788 ], [ -3.847775, 47.887307 ], [ -3.846413, 47.883944 ], [ -3.84401, 47.881264 ], [ -3.837332, 47.880021 ], [ -3.828477, 47.878712 ], [ -3.828153, 47.878783 ], [ -3.826334, 47.880143 ], [ -3.818862, 47.881626 ], [ -3.816503, 47.878357 ], [ -3.814839, 47.875751 ], [ -3.811247, 47.875988 ], [ -3.810273, 47.880018 ], [ -3.808924, 47.882559 ], [ -3.805137, 47.876111 ] ] ], [ [ [ -3.778386, 47.872557 ], [ -3.781733, 47.873881 ], [ -3.786422, 47.879985 ], [ -3.785357, 47.87963 ], [ -3.779447, 47.876767 ], [ -3.772781, 47.872675 ], [ -3.772735036656057, 47.872624999558909 ], [ -3.778386, 47.872557 ] ] ], [ [ [ -3.762916, 47.880298 ], [ -3.76623, 47.874744 ], [ -3.764964, 47.871432 ], [ -3.765026, 47.869508 ], [ -3.76658, 47.866172 ], [ -3.770168, 47.866468 ], [ -3.770125, 47.866989 ], [ -3.770129, 47.867672 ], [ -3.772734950396528, 47.872624905722951 ], [ -3.771392, 47.871164 ], [ -3.768742, 47.8736 ], [ -3.769871, 47.875776 ], [ -3.770559, 47.877263 ], [ -3.767142, 47.885301 ], [ -3.764329, 47.884811 ], [ -3.761516, 47.884322 ], [ -3.758703, 47.883833 ], [ -3.755855, 47.883338 ], [ -3.762916, 47.880298 ] ] ], [ [ [ -3.716386, 47.888642 ], [ -3.714787, 47.888755 ], [ -3.71363, 47.88882 ], [ -3.711336, 47.88891 ], [ -3.702707, 47.891444 ], [ -3.701955, 47.892 ], [ -3.701205, 47.892076 ], [ -3.699139, 47.890962 ], [ -3.691285, 47.887386 ], [ -3.690185, 47.887188 ], [ -3.688561, 47.886866 ], [ -3.686988, 47.886528 ], [ -3.684095, 47.885841 ], [ -3.681933, 47.885244 ], [ -3.678218, 47.884162 ], [ -3.674503, 47.883079 ], [ -3.670817, 47.882005 ], [ -3.667131, 47.880931 ], [ -3.668139, 47.877475 ], [ -3.671824, 47.878549 ], [ -3.67551, 47.879623 ], [ -3.679225, 47.880705 ], [ -3.68294, 47.881788 ], [ -3.685052, 47.88237 ], [ -3.687819, 47.883025 ], [ -3.689316, 47.883346 ], [ -3.695392, 47.878012 ], [ -3.696998, 47.876474 ], [ -3.698018, 47.875369 ], [ -3.698758, 47.875401 ], [ -3.704674, 47.880172 ], [ -3.711681, 47.885202 ], [ -3.709452, 47.885254 ], [ -3.7043, 47.885177 ], [ -3.700503, 47.884944 ], [ -3.694332, 47.884232 ], [ -3.69191, 47.88384 ], [ -3.691335, 47.887394 ], [ -3.693758, 47.887786 ], [ -3.698371, 47.888365 ], [ -3.700176, 47.888529 ], [ -3.701964, 47.888662 ], [ -3.704115, 47.888773 ], [ -3.709459, 47.888854 ], [ -3.711764, 47.888802 ], [ -3.71359, 47.888732 ], [ -3.716338, 47.888554 ], [ -3.71908, 47.8883 ], [ -3.716386, 47.888642 ] ] ], [ [ [ -3.81392, 47.916666 ], [ -3.809991, 47.91402 ], [ -3.803142, 47.909024 ], [ -3.801552, 47.908694 ], [ -3.800037, 47.906294 ], [ -3.794667, 47.900204 ], [ -3.792791, 47.90031 ], [ -3.792124, 47.900388 ], [ -3.791853, 47.900382 ], [ -3.788019, 47.894549 ], [ -3.786225, 47.892657 ], [ -3.780008, 47.890215 ], [ -3.782958, 47.89037 ], [ -3.785908, 47.890525 ], [ -3.788858, 47.89068 ], [ -3.794079, 47.89495 ], [ -3.795932, 47.897608 ], [ -3.79607, 47.897869 ], [ -3.799269, 47.899268 ], [ -3.804369, 47.905332 ], [ -3.805637, 47.907125 ], [ -3.808792, 47.905391 ], [ -3.81568, 47.908178 ], [ -3.817001, 47.916937 ], [ -3.815819400270437, 47.918067288670969 ], [ -3.81392, 47.916666 ] ] ], [ [ [ -3.820404, 47.920381 ], [ -3.819739, 47.920583 ], [ -3.81935, 47.920672 ], [ -3.81875211295085, 47.920230906902603 ], [ -3.821572, 47.919703 ], [ -3.821897686053749, 47.920003953034971 ], [ -3.820404, 47.920381 ] ] ], [ [ [ -3.862224, 47.97224 ], [ -3.855833910005623, 47.970768278022945 ], [ -3.85695, 47.970674 ], [ -3.863212, 47.97231 ], [ -3.8702, 47.975737 ], [ -3.862224, 47.97224 ] ] ], [ [ [ -4.046898566071848, 47.992173462587601 ], [ -4.047592, 47.992105 ], [ -4.050256, 47.992148 ], [ -4.056588279892534, 47.995688146845609 ], [ -4.053567, 47.995575 ], [ -4.047288, 47.992717 ], [ -4.046898566071848, 47.992173462587601 ] ] ] ] } },
{ "type": "Feature", "properties": { "fid": 9, "ID": null, "CENTER_LON": "-3.90254259763715", "CENTER_LAT": "47.934364831352646", "AA_MINS": 30, "AA_MODE": "driving-car", "TOTAL_POP": "198737" }, "geometry": { "type": "MultiPolygon", "coordinates": [ [ [ [ -4.220072, 47.985278 ], [ -4.223177, 47.989727 ], [ -4.23004, 47.988809 ], [ -4.233639, 47.988693 ], [ -4.234787, 47.98914 ], [ -4.239542, 47.993518 ], [ -4.244107, 47.993805 ], [ -4.244471, 47.993769 ], [ -4.245401, 47.993627 ], [ -4.246529, 47.993428 ], [ -4.247297, 47.993376 ], [ -4.247895, 47.993372 ], [ -4.247918, 47.996972 ], [ -4.245943, 47.997186 ], [ -4.245012, 47.997328 ], [ -4.244483, 47.997385 ], [ -4.238286, 47.997178 ], [ -4.234445, 47.997498 ], [ -4.22919, 48.000031 ], [ -4.22884, 48.000203 ], [ -4.227814, 48.000381 ], [ -4.226277, 47.997752 ], [ -4.218981, 47.993892 ], [ -4.217987, 47.993895 ], [ -4.212553, 47.998797 ], [ -4.213441, 48.002286 ], [ -4.21241, 48.00915 ], [ -4.217868, 48.011358 ], [ -4.218094, 48.011437 ], [ -4.2215, 48.011753 ], [ -4.226326, 48.015436 ], [ -4.228613, 48.015935 ], [ -4.229648, 48.015937 ], [ -4.232973, 48.01925 ], [ -4.233223, 48.022842 ], [ -4.227859, 48.028513 ], [ -4.225083, 48.02653 ], [ -4.224838, 48.026305 ], [ -4.223857, 48.025542 ], [ -4.223499, 48.025301 ], [ -4.222784, 48.024731 ], [ -4.218079, 48.022504 ], [ -4.21615, 48.022593 ], [ -4.210102, 48.028765 ], [ -4.211666, 48.030443 ], [ -4.21165, 48.030675 ], [ -4.209868, 48.032358 ], [ -4.205452, 48.039703 ], [ -4.205432, 48.040853 ], [ -4.204893, 48.042475 ], [ -4.20474, 48.042555 ], [ -4.203124, 48.042449 ], [ -4.200588, 48.042038 ], [ -4.197415, 48.042036 ], [ -4.196671, 48.042107 ], [ -4.190945, 48.044158 ], [ -4.190112, 48.04439 ], [ -4.18477, 48.045404 ], [ -4.18418, 48.045382 ], [ -4.17885, 48.052491 ], [ -4.180063, 48.05588 ], [ -4.182529, 48.064463 ], [ -4.183177, 48.064345 ], [ -4.184147, 48.064105 ], [ -4.184499, 48.064003 ], [ -4.184838, 48.063879 ], [ -4.185065, 48.06379 ], [ -4.187871, 48.063618 ], [ -4.188014, 48.064019 ], [ -4.188123, 48.064452 ], [ -4.191472, 48.072094 ], [ -4.191546, 48.072755 ], [ -4.191545, 48.072804 ], [ -4.190522, 48.074872 ], [ -4.189426, 48.07643 ], [ -4.187128, 48.077283 ], [ -4.183199, 48.07602 ], [ -4.179764, 48.07074 ], [ -4.179118, 48.070399 ], [ -4.177888, 48.069781 ], [ -4.170443, 48.071952 ], [ -4.169252, 48.075349 ], [ -4.167426, 48.074708 ], [ -4.166686, 48.074422 ], [ -4.164242, 48.073553 ], [ -4.157864, 48.072886 ], [ -4.157451, 48.072654 ], [ -4.156759, 48.071992 ], [ -4.15597, 48.071129 ], [ -4.150205, 48.064966 ], [ -4.144805, 48.068782 ], [ -4.143116, 48.070746 ], [ -4.138837, 48.077941 ], [ -4.140556, 48.079974 ], [ -4.143086, 48.081099 ], [ -4.144631, 48.081786 ], [ -4.143171, 48.085076 ], [ -4.137983, 48.08547 ], [ -4.134771, 48.088666 ], [ -4.129369, 48.095347 ], [ -4.123273, 48.100215 ], [ -4.122398, 48.107765 ], [ -4.122827, 48.111989 ], [ -4.123298, 48.11375 ], [ -4.123279, 48.113882 ], [ -4.12279, 48.114776 ], [ -4.122675, 48.114873 ], [ -4.119519, 48.113869 ], [ -4.119194, 48.113786 ], [ -4.116658, 48.108604 ], [ -4.109691, 48.106179 ], [ -4.107825, 48.106793 ], [ -4.107356, 48.115304 ], [ -4.106686, 48.118841 ], [ -4.099134, 48.123425 ], [ -4.098853, 48.124071 ], [ -4.098298, 48.124921 ], [ -4.097713, 48.125498 ], [ -4.097067, 48.126015 ], [ -4.096578, 48.126348 ], [ -4.096052, 48.126492 ], [ -4.095333, 48.126179 ], [ -4.090628, 48.125358 ], [ -4.086929, 48.129522 ], [ -4.085054, 48.130904 ], [ -4.084992, 48.1309 ], [ -4.083363, 48.129024 ], [ -4.083386, 48.128859 ], [ -4.075602, 48.124345 ], [ -4.075349, 48.124601 ], [ -4.072272, 48.129847 ], [ -4.071689, 48.130682 ], [ -4.069359, 48.134275 ], [ -4.066033, 48.132897 ], [ -4.059127, 48.134746 ], [ -4.052697, 48.139038 ], [ -4.051791, 48.147694 ], [ -4.05992, 48.150966 ], [ -4.060901, 48.149834 ], [ -4.061561, 48.149795 ], [ -4.063503, 48.15132 ], [ -4.065595, 48.152426 ], [ -4.0674, 48.155541 ], [ -4.07057, 48.162021 ], [ -4.070446, 48.165619 ], [ -4.070547, 48.169226 ], [ -4.069457, 48.172657 ], [ -4.067171, 48.171932 ], [ -4.062113, 48.171533 ], [ -4.059626, 48.171797 ], [ -4.059445, 48.170685 ], [ -4.059387, 48.170126 ], [ -4.059399, 48.169654 ], [ -4.052873, 48.164613 ], [ -4.049373, 48.168568 ], [ -4.049305, 48.168963 ], [ -4.049145, 48.16964 ], [ -4.048976, 48.170149 ], [ -4.048696, 48.170765 ], [ -4.048326, 48.171375 ], [ -4.047788, 48.172121 ], [ -4.047416, 48.180862 ], [ -4.048035, 48.181806 ], [ -4.048312, 48.182331 ], [ -4.048692, 48.183283 ], [ -4.048821, 48.18378 ], [ -4.048966, 48.184924 ], [ -4.048924, 48.185764 ], [ -4.048847, 48.186259 ], [ -4.048625, 48.187088 ], [ -4.048198, 48.188203 ], [ -4.046405, 48.194865 ], [ -4.046163, 48.196898 ], [ -4.045924, 48.198904 ], [ -4.045763, 48.200446 ], [ -4.045718, 48.201104 ], [ -4.046178, 48.204968 ], [ -4.046952, 48.2069 ], [ -4.053723, 48.212559 ], [ -4.053807, 48.212586 ], [ -4.060796, 48.217225 ], [ -4.063891, 48.218653 ], [ -4.066985, 48.220081 ], [ -4.070064, 48.221502 ], [ -4.071441, 48.222123 ], [ -4.072465, 48.222549 ], [ -4.071083, 48.225873 ], [ -4.070059, 48.225447 ], [ -4.068586, 48.224785 ], [ -4.065476, 48.22335 ], [ -4.062382, 48.221921 ], [ -4.059288, 48.220493 ], [ -4.051673, 48.220876 ], [ -4.05154, 48.220817 ], [ -4.043222, 48.218843 ], [ -4.040407, 48.2191 ], [ -4.039445, 48.21909 ], [ -4.038614, 48.219006 ], [ -4.038129, 48.218922 ], [ -4.037499, 48.218777 ], [ -4.03509, 48.218104 ], [ -4.035788, 48.214573 ], [ -4.036365, 48.214687 ], [ -4.036848, 48.214809 ], [ -4.037915, 48.215149 ], [ -4.043805, 48.208648 ], [ -4.043228, 48.207415 ], [ -4.043004, 48.206839 ], [ -4.042756, 48.206087 ], [ -4.04244, 48.204926 ], [ -4.042272, 48.204027 ], [ -4.042197, 48.203467 ], [ -4.042131, 48.20278 ], [ -4.042103, 48.201986 ], [ -4.042119, 48.201036 ], [ -4.042171, 48.20021 ], [ -4.042343, 48.198534 ], [ -4.042588, 48.196473 ], [ -4.04283, 48.194439 ], [ -4.043118, 48.192175 ], [ -4.043252, 48.191396 ], [ -4.043458, 48.190508 ], [ -4.043783, 48.189478 ], [ -4.04422, 48.188341 ], [ -4.044415, 48.182849 ], [ -4.042411, 48.17974 ], [ -4.033822, 48.181424 ], [ -4.030857, 48.183465 ], [ -4.029951, 48.183705 ], [ -4.023413, 48.18906 ], [ -4.022433, 48.189577 ], [ -4.018959, 48.190519 ], [ -4.014289, 48.185993 ], [ -4.008721, 48.183904 ], [ -4.008188, 48.183798 ], [ -4.007454, 48.182484 ], [ -4.000999, 48.177373 ], [ -3.994307, 48.178097 ], [ -3.991586, 48.178369 ], [ -3.988673, 48.178707 ], [ -3.985761, 48.172531 ], [ -3.985653, 48.172183 ], [ -3.985601, 48.171317 ], [ -3.985642, 48.1711 ], [ -3.987811, 48.169898 ], [ -3.987906, 48.169928 ], [ -3.988575, 48.170086 ], [ -3.989568, 48.170224 ], [ -3.99028, 48.170277 ], [ -3.992119, 48.17034 ], [ -3.995113, 48.169082 ], [ -3.997217, 48.166079 ], [ -3.994558, 48.158126 ], [ -3.991247, 48.159211 ], [ -3.990366, 48.159464 ], [ -3.98933, 48.159847 ], [ -3.988904, 48.159979 ], [ -3.988536, 48.16007 ], [ -3.983859, 48.153062 ], [ -3.982666, 48.149665 ], [ -3.983024, 48.14954 ], [ -3.98381, 48.149342 ], [ -3.985962, 48.14896 ], [ -3.988009, 48.148599 ], [ -3.990258, 48.148221 ], [ -3.993177, 48.146607 ], [ -3.988407, 48.13899 ], [ -3.987613, 48.139278 ], [ -3.985465, 48.139772 ], [ -3.985148, 48.139882 ], [ -3.983962, 48.136483 ], [ -3.97914, 48.130146 ], [ -3.978601, 48.126587 ], [ -3.977746, 48.122282 ], [ -3.971997, 48.116235 ], [ -3.9709, 48.113497 ], [ -3.967765, 48.108843 ], [ -3.96131, 48.108267 ], [ -3.960544, 48.108587 ], [ -3.960461, 48.108624 ], [ -3.958973, 48.105346 ], [ -3.959056, 48.105309 ], [ -3.963342, 48.101374 ], [ -3.963652, 48.101307 ], [ -3.969063, 48.09737 ], [ -3.963069, 48.091834 ], [ -3.960446, 48.08959 ], [ -3.960792, 48.089135 ], [ -3.960972, 48.088908 ], [ -3.963486, 48.083341 ], [ -3.963584, 48.083304 ], [ -3.964101, 48.083214 ], [ -3.964305, 48.083235 ], [ -3.96482, 48.083343 ], [ -3.967056, 48.08336 ], [ -3.968081, 48.083292 ], [ -3.968628, 48.083279 ], [ -3.97276, 48.075537 ], [ -3.966562, 48.072341 ], [ -3.96439, 48.072938 ], [ -3.963672, 48.073132 ], [ -3.961635, 48.073398 ], [ -3.957772, 48.066957 ], [ -3.951181, 48.069156 ], [ -3.950382, 48.069964 ], [ -3.949595, 48.07026 ], [ -3.948894, 48.070299 ], [ -3.948453, 48.070227 ], [ -3.945257, 48.070578 ], [ -3.943519, 48.077988 ], [ -3.945097, 48.079356 ], [ -3.945985, 48.080693 ], [ -3.945056, 48.082956 ], [ -3.944056, 48.083732 ], [ -3.942666, 48.08285 ], [ -3.941028, 48.081851 ], [ -3.933302, 48.07981 ], [ -3.929803, 48.080653 ], [ -3.929569, 48.079684 ], [ -3.929472, 48.078412 ], [ -3.929873, 48.077088 ], [ -3.92774, 48.069726 ], [ -3.921354, 48.072457 ], [ -3.921143, 48.073107 ], [ -3.920819, 48.073642 ], [ -3.920461, 48.074048 ], [ -3.920081, 48.074379 ], [ -3.919664, 48.074658 ], [ -3.919234, 48.07487 ], [ -3.914638, 48.079064 ], [ -3.914006, 48.080074 ], [ -3.913802, 48.080442 ], [ -3.912942, 48.081645 ], [ -3.912421, 48.082078 ], [ -3.911311, 48.08279 ], [ -3.908238, 48.082981 ], [ -3.907769, 48.079412 ], [ -3.909323, 48.076996 ], [ -3.910833, 48.073727 ], [ -3.909413, 48.066232 ], [ -3.909039, 48.064862 ], [ -3.909285, 48.063234 ], [ -3.908652, 48.057181 ], [ -3.909033, 48.054162 ], [ -3.903035, 48.04961 ], [ -3.898195, 48.049152 ], [ -3.890754, 48.049536 ], [ -3.886414, 48.048562 ], [ -3.883834, 48.041179 ], [ -3.882103, 48.039099 ], [ -3.874514, 48.035342 ], [ -3.872745, 48.034278 ], [ -3.867099, 48.031299 ], [ -3.867068, 48.031252 ], [ -3.867778, 48.030146 ], [ -3.868541, 48.028231 ], [ -3.863635, 48.020908 ], [ -3.857511, 48.025551 ], [ -3.858107, 48.028045 ], [ -3.85476, 48.029371 ], [ -3.849391, 48.032603 ], [ -3.847726, 48.035794 ], [ -3.841442, 48.040191 ], [ -3.838969, 48.041237 ], [ -3.832521, 48.043583 ], [ -3.831853, 48.044289 ], [ -3.831108, 48.045086 ], [ -3.830662, 48.04552 ], [ -3.831191, 48.054466 ], [ -3.834845, 48.056025 ], [ -3.836689, 48.056247 ], [ -3.836983, 48.059835 ], [ -3.835622, 48.062477 ], [ -3.833809, 48.065587 ], [ -3.83191, 48.06666 ], [ -3.831444, 48.066735 ], [ -3.829779, 48.066555 ], [ -3.82674, 48.063875 ], [ -3.825817, 48.062384 ], [ -3.819019, 48.058095 ], [ -3.814617, 48.058362 ], [ -3.813655, 48.058509 ], [ -3.806142, 48.056005 ], [ -3.80543, 48.054615 ], [ -3.805619, 48.05345 ], [ -3.805816, 48.053202 ], [ -3.807737, 48.048805 ], [ -3.808114, 48.04702 ], [ -3.811288, 48.045321 ], [ -3.80898, 48.037441 ], [ -3.806569, 48.035949 ], [ -3.798955, 48.039569 ], [ -3.799112, 48.04212 ], [ -3.799257, 48.042644 ], [ -3.799357, 48.043446 ], [ -3.799296, 48.043983 ], [ -3.799199, 48.044466 ], [ -3.794634, 48.045604 ], [ -3.792746, 48.047169 ], [ -3.788649, 48.043424 ], [ -3.786665, 48.04042 ], [ -3.778467, 48.03862 ], [ -3.777928, 48.038797 ], [ -3.775878, 48.039634 ], [ -3.774989, 48.040186 ], [ -3.773976, 48.040871 ], [ -3.773537, 48.041101 ], [ -3.772866, 48.041355 ], [ -3.769652, 48.042641 ], [ -3.764224, 48.045724 ], [ -3.763798, 48.046004 ], [ -3.762326, 48.046911 ], [ -3.761934, 48.046799 ], [ -3.76072, 48.046432 ], [ -3.760778, 48.043429 ], [ -3.755471, 48.037963 ], [ -3.750037, 48.039409 ], [ -3.749791, 48.039433 ], [ -3.748919, 48.039329 ], [ -3.745204, 48.037788 ], [ -3.741437, 48.036618 ], [ -3.735136, 48.039647 ], [ -3.729437, 48.039879 ], [ -3.726291, 48.038128 ], [ -3.718728, 48.034207 ], [ -3.714017, 48.032017 ], [ -3.707254, 48.030328 ], [ -3.705997, 48.030101 ], [ -3.700472, 48.029511 ], [ -3.700427, 48.029509 ], [ -3.69892, 48.02842 ], [ -3.698916, 48.02841 ], [ -3.699895, 48.023121 ], [ -3.700835, 48.021534 ], [ -3.703546, 48.019542 ], [ -3.704316, 48.019933 ], [ -3.709622, 48.012707 ], [ -3.708962, 48.011854 ], [ -3.705573, 48.007639 ], [ -3.700027, 48.008059 ], [ -3.695088, 48.008856 ], [ -3.692985, 48.00872 ], [ -3.691728, 48.008314 ], [ -3.691386, 48.007915 ], [ -3.69123, 48.007722 ], [ -3.692113, 48.005084 ], [ -3.692419, 48.005021 ], [ -3.69914, 48.002841 ], [ -3.700035, 47.997936 ], [ -3.699979, 47.997312 ], [ -3.699919, 47.994598 ], [ -3.693694, 47.988419 ], [ -3.689687, 47.983587 ], [ -3.684614, 47.984002 ], [ -3.684165, 47.983474 ], [ -3.683847, 47.982969 ], [ -3.683655, 47.982443 ], [ -3.683596, 47.982149 ], [ -3.683609, 47.981438 ], [ -3.679913, 47.973723 ], [ -3.6787, 47.971396 ], [ -3.671254, 47.967479 ], [ -3.670989, 47.967418 ], [ -3.665941, 47.962827 ], [ -3.662488, 47.961395 ], [ -3.661967, 47.961268 ], [ -3.653281, 47.96236 ], [ -3.652843, 47.961896 ], [ -3.651344, 47.960405 ], [ -3.644593, 47.958228 ], [ -3.640628, 47.959544 ], [ -3.634846, 47.959032 ], [ -3.634287, 47.955476 ], [ -3.63564, 47.955263 ], [ -3.63618, 47.955205 ], [ -3.637046, 47.955165 ], [ -3.637824, 47.955185 ], [ -3.643655, 47.949017 ], [ -3.644259, 47.948408 ], [ -3.645287, 47.947426 ], [ -3.645569, 47.947574 ], [ -3.645882, 47.94778 ], [ -3.646685, 47.948602 ], [ -3.647204, 47.949144 ], [ -3.650854, 47.951915 ], [ -3.658979, 47.948867 ], [ -3.660001, 47.946364 ], [ -3.660286, 47.942775 ], [ -3.656947, 47.934805 ], [ -3.653828, 47.930344 ], [ -3.645449, 47.929893 ], [ -3.644812, 47.929845 ], [ -3.644429, 47.929785 ], [ -3.636221, 47.92991 ], [ -3.632653, 47.929593 ], [ -3.632041, 47.929287 ], [ -3.624116, 47.931421 ], [ -3.624663, 47.93884 ], [ -3.626789, 47.940615 ], [ -3.627224, 47.941316 ], [ -3.62736, 47.941589 ], [ -3.626617, 47.942942 ], [ -3.626025, 47.943216 ], [ -3.624136, 47.943192 ], [ -3.623128, 47.942889 ], [ -3.616829, 47.939804 ], [ -3.614, 47.936906 ], [ -3.613546, 47.936426 ], [ -3.612861, 47.934197 ], [ -3.60656, 47.928434 ], [ -3.599359, 47.923133 ], [ -3.598502, 47.920353 ], [ -3.591335, 47.917417 ], [ -3.591234, 47.917411 ], [ -3.589534, 47.915466 ], [ -3.58247, 47.911871 ], [ -3.581451, 47.910837 ], [ -3.581014, 47.910485 ], [ -3.572462, 47.91326 ], [ -3.569203, 47.914797 ], [ -3.568093, 47.914036 ], [ -3.5613, 47.910328 ], [ -3.560565, 47.906804 ], [ -3.559807, 47.903479 ], [ -3.555356, 47.898221 ], [ -3.552534, 47.896346 ], [ -3.553799, 47.893007 ], [ -3.549086, 47.887009 ], [ -3.548572, 47.88692 ], [ -3.548166, 47.886808 ], [ -3.547625, 47.88659 ], [ -3.547341, 47.886253 ], [ -3.544906, 47.882969 ], [ -3.53746, 47.883301 ], [ -3.53588, 47.884299 ], [ -3.535779, 47.884353 ], [ -3.535308, 47.884556 ], [ -3.533283, 47.88311 ], [ -3.533246, 47.882203 ], [ -3.533278, 47.882053 ], [ -3.531289, 47.873305 ], [ -3.528778, 47.868811 ], [ -3.522018, 47.868831 ], [ -3.517592, 47.867444 ], [ -3.511804, 47.865269 ], [ -3.511373, 47.864255 ], [ -3.503673, 47.861363 ], [ -3.500075, 47.861491 ], [ -3.498241, 47.858573 ], [ -3.492168, 47.852884 ], [ -3.492128, 47.85282 ], [ -3.49256, 47.851021 ], [ -3.492678, 47.850356 ], [ -3.491677, 47.845247 ], [ -3.483083, 47.842981 ], [ -3.481665, 47.84304 ], [ -3.481295, 47.841987 ], [ -3.480541, 47.83962 ], [ -3.479588, 47.832068 ], [ -3.476753, 47.830198 ], [ -3.469355, 47.829478 ], [ -3.466517, 47.831693 ], [ -3.466219, 47.831312 ], [ -3.465791, 47.829246 ], [ -3.458696, 47.826045 ], [ -3.457985, 47.822516 ], [ -3.455616, 47.813877 ], [ -3.454669, 47.813295 ], [ -3.448615, 47.808851 ], [ -3.446559, 47.805882 ], [ -3.446851, 47.802294 ], [ -3.446166967298711, 47.793924427465264 ], [ -3.446175, 47.793928 ], [ -3.447297, 47.794496 ], [ -3.448066, 47.794918 ], [ -3.448804, 47.795362 ], [ -3.449424, 47.795765 ], [ -3.449984, 47.796151 ], [ -3.450962, 47.7969 ], [ -3.451489, 47.797339 ], [ -3.451985, 47.79778 ], [ -3.456304, 47.805015 ], [ -3.457911, 47.808204 ], [ -3.461226, 47.806799 ], [ -3.46035, 47.804731 ], [ -3.459473, 47.802663 ], [ -3.459278572766992, 47.797921194521123 ], [ -3.462886, 47.79988 ], [ -3.463917, 47.800517 ], [ -3.471732, 47.802093 ], [ -3.476901, 47.800774 ], [ -3.477811, 47.800565 ], [ -3.477889, 47.800567 ], [ -3.480392, 47.801882 ], [ -3.487814, 47.806388 ], [ -3.489152, 47.807716 ], [ -3.489174, 47.808195 ], [ -3.489133, 47.808453 ], [ -3.49674, 47.813146 ], [ -3.497218, 47.812792 ], [ -3.498624, 47.811813 ], [ -3.500493, 47.809725 ], [ -3.503176, 47.812126 ], [ -3.507594, 47.819899 ], [ -3.507979, 47.823478 ], [ -3.515892, 47.823485 ], [ -3.519461, 47.823016 ], [ -3.523291, 47.829827 ], [ -3.529081, 47.834775 ], [ -3.528437, 47.838317 ], [ -3.527273, 47.839971 ], [ -3.523414, 47.842972 ], [ -3.521814, 47.845776 ], [ -3.52433, 47.853871 ], [ -3.525805, 47.854908 ], [ -3.526685, 47.855354 ], [ -3.527219, 47.855672 ], [ -3.528041, 47.856106 ], [ -3.528928, 47.8565 ], [ -3.529452, 47.856715 ], [ -3.530712, 47.857144 ], [ -3.532087, 47.857497 ], [ -3.533783, 47.857842 ], [ -3.534422, 47.85805 ], [ -3.537266, 47.858448 ], [ -3.544163, 47.856189 ], [ -3.546652, 47.848068 ], [ -3.546437, 47.844474 ], [ -3.54998, 47.839167 ], [ -3.553524, 47.839799 ], [ -3.560416, 47.842158 ], [ -3.564666, 47.836349 ], [ -3.564654, 47.835885 ], [ -3.565349, 47.83462 ], [ -3.566252, 47.834512 ], [ -3.569542, 47.835707 ], [ -3.570532, 47.839168 ], [ -3.577997, 47.839912 ], [ -3.578847, 47.833791 ], [ -3.578582, 47.833154 ], [ -3.578496, 47.832588 ], [ -3.578491, 47.831552 ], [ -3.578513, 47.830568 ], [ -3.57854, 47.828722 ], [ -3.578566, 47.826868 ], [ -3.578589, 47.82563 ], [ -3.580399, 47.825102 ], [ -3.580933, 47.825112 ], [ -3.582189, 47.825699 ], [ -3.584659, 47.832035 ], [ -3.592254, 47.833524 ], [ -3.594649, 47.836212 ], [ -3.594765, 47.837384 ], [ -3.594814, 47.838113 ], [ -3.594768, 47.838482 ], [ -3.598844, 47.846453 ], [ -3.601894, 47.844618 ], [ -3.602462, 47.843735 ], [ -3.602894, 47.843065 ], [ -3.603438, 47.842353 ], [ -3.603842, 47.841993 ], [ -3.604435, 47.8417 ], [ -3.604957, 47.841566 ], [ -3.608134, 47.833258 ], [ -3.607788, 47.832753 ], [ -3.607102, 47.831848 ], [ -3.606854, 47.831466 ], [ -3.606608, 47.830949 ], [ -3.606395, 47.830316 ], [ -3.606249, 47.829935 ], [ -3.606334, 47.829492 ], [ -3.610966, 47.824206 ], [ -3.612791, 47.823441 ], [ -3.614823, 47.822967 ], [ -3.616302, 47.822646 ], [ -3.617679, 47.823177 ], [ -3.619998, 47.826009 ], [ -3.619358, 47.829551 ], [ -3.627395, 47.832488 ], [ -3.627887, 47.832212 ], [ -3.628293, 47.832084 ], [ -3.628684, 47.831936 ], [ -3.630832, 47.833114 ], [ -3.631363, 47.833394 ], [ -3.636562, 47.834844 ], [ -3.640668, 47.833665 ], [ -3.643733, 47.833002 ], [ -3.644128, 47.833154 ], [ -3.647522, 47.833745 ], [ -3.650934, 47.825993 ], [ -3.644687, 47.821944 ], [ -3.644533, 47.821912 ], [ -3.637402, 47.817826 ], [ -3.636838, 47.817818 ], [ -3.636165, 47.817702 ], [ -3.632611, 47.817078 ], [ -3.62935, 47.816583 ], [ -3.628332, 47.816159 ], [ -3.627351, 47.815631 ], [ -3.626491, 47.815274 ], [ -3.626345, 47.815096 ], [ -3.627345, 47.81241 ], [ -3.62938, 47.807879 ], [ -3.630535, 47.80447 ], [ -3.635021, 47.805218 ], [ -3.638137, 47.805456 ], [ -3.645215, 47.801137 ], [ -3.64548, 47.79968 ], [ -3.652888, 47.799157 ], [ -3.655316, 47.801815 ], [ -3.662952, 47.805784 ], [ -3.663921, 47.80574 ], [ -3.670003, 47.809569 ], [ -3.673137, 47.812954 ], [ -3.672843, 47.816475 ], [ -3.670789, 47.824733 ], [ -3.679082, 47.824684 ], [ -3.683755, 47.822607 ], [ -3.686409, 47.821352 ], [ -3.689167, 47.820637 ], [ -3.692291, 47.819519 ], [ -3.692919, 47.819443 ], [ -3.693436, 47.819477 ], [ -3.694972, 47.819507 ], [ -3.695213, 47.819561 ], [ -3.700922, 47.821315 ], [ -3.704782, 47.816302 ], [ -3.705725, 47.813969 ], [ -3.708068, 47.814832 ], [ -3.710389, 47.815471 ], [ -3.710546, 47.815497 ], [ -3.710912, 47.815636 ], [ -3.718873, 47.811625 ], [ -3.719396, 47.810065 ], [ -3.720346, 47.809542 ], [ -3.722117, 47.809135 ], [ -3.722752, 47.808997 ], [ -3.723125, 47.808938 ], [ -3.729357, 47.808816 ], [ -3.731177, 47.809405 ], [ -3.734534, 47.810294 ], [ -3.740956, 47.816039 ], [ -3.749274, 47.818332 ], [ -3.749694, 47.818276 ], [ -3.751768, 47.820616 ], [ -3.759624, 47.816873 ], [ -3.759011, 47.815146 ], [ -3.757874, 47.813578 ], [ -3.757676, 47.813365 ], [ -3.756895, 47.810271 ], [ -3.756588, 47.809489 ], [ -3.75632, 47.806614 ], [ -3.756144, 47.803441 ], [ -3.756272, 47.803364 ], [ -3.757833, 47.803347 ], [ -3.766297, 47.801591 ], [ -3.769955, 47.804234 ], [ -3.772059, 47.80529 ], [ -3.779369, 47.804379 ], [ -3.781024, 47.802223 ], [ -3.781462, 47.802187 ], [ -3.78209, 47.802204 ], [ -3.782378, 47.802403 ], [ -3.782945, 47.803189 ], [ -3.783281, 47.803652 ], [ -3.791316, 47.805456 ], [ -3.794173, 47.800696 ], [ -3.793855, 47.798084 ], [ -3.793809, 47.797909 ], [ -3.793566, 47.796597 ], [ -3.794912, 47.796204 ], [ -3.795271, 47.796123 ], [ -3.796697, 47.796197 ], [ -3.79964, 47.798894 ], [ -3.801457, 47.801165 ], [ -3.801356, 47.801409 ], [ -3.799716, 47.804791 ], [ -3.797039, 47.808989 ], [ -3.796688, 47.812418 ], [ -3.7967, 47.813049 ], [ -3.797699, 47.816396 ], [ -3.798024, 47.819981 ], [ -3.806416, 47.822904 ], [ -3.807513, 47.821577 ], [ -3.808416, 47.817215 ], [ -3.810831, 47.813594 ], [ -3.812031, 47.810236 ], [ -3.812152, 47.810245 ], [ -3.819505, 47.809231 ], [ -3.825539, 47.807547 ], [ -3.833748, 47.807126 ], [ -3.83746, 47.805187 ], [ -3.83887, 47.804942 ], [ -3.841424, 47.806922 ], [ -3.841412, 47.806986 ], [ -3.84141, 47.809699 ], [ -3.845829, 47.814853 ], [ -3.849358, 47.816165 ], [ -3.850051, 47.817851 ], [ -3.856628, 47.823151 ], [ -3.86249, 47.825847 ], [ -3.869853, 47.82961 ], [ -3.877048, 47.828776 ], [ -3.877605, 47.828789 ], [ -3.878967, 47.830227 ], [ -3.887274, 47.831463 ], [ -3.888137, 47.829383 ], [ -3.888374, 47.829109 ], [ -3.88983, 47.828355 ], [ -3.891161, 47.828944 ], [ -3.891623, 47.829204 ], [ -3.891962, 47.829458 ], [ -3.895842, 47.832215 ], [ -3.900386, 47.833419 ], [ -3.90226, 47.834047 ], [ -3.902624, 47.834765 ], [ -3.902766, 47.835133 ], [ -3.90136, 47.840491 ], [ -3.901328, 47.840571 ], [ -3.897711, 47.843336 ], [ -3.897663, 47.843412 ], [ -3.902555, 47.850932 ], [ -3.903444, 47.850868 ], [ -3.906456, 47.849937 ], [ -3.906981, 47.849693 ], [ -3.911957, 47.854091 ], [ -3.912859, 47.856792 ], [ -3.913093, 47.858053 ], [ -3.910081, 47.866528 ], [ -3.915889, 47.868861 ], [ -3.917152, 47.868463 ], [ -3.920316, 47.869708 ], [ -3.925241, 47.87016 ], [ -3.927037, 47.870321 ], [ -3.928858, 47.871174 ], [ -3.9299, 47.871623 ], [ -3.930613, 47.872572 ], [ -3.930323, 47.877363 ], [ -3.933399, 47.882389 ], [ -3.9368, 47.884406 ], [ -3.937348, 47.884759 ], [ -3.937773, 47.885025 ], [ -3.937989, 47.885634 ], [ -3.940306946049156, 47.889970510812859 ], [ -3.939368, 47.888716 ], [ -3.937705, 47.888042 ], [ -3.932281, 47.887762 ], [ -3.928059, 47.88238 ], [ -3.924893, 47.878672 ], [ -3.920994, 47.875796 ], [ -3.919302, 47.87572 ], [ -3.912082, 47.876941 ], [ -3.906661, 47.876812 ], [ -3.906652, 47.876818 ], [ -3.905334, 47.877608 ], [ -3.904838, 47.879344 ], [ -3.904088, 47.880986 ], [ -3.903149, 47.882632 ], [ -3.897305, 47.885514 ], [ -3.896337, 47.886414 ], [ -3.892968, 47.888829 ], [ -3.888752, 47.881465 ], [ -3.890292, 47.879669 ], [ -3.888014, 47.876881 ], [ -3.880139, 47.880155 ], [ -3.877384, 47.880653 ], [ -3.876761, 47.880818 ], [ -3.876278, 47.881022 ], [ -3.875039, 47.881681 ], [ -3.874524, 47.882064 ], [ -3.874195, 47.882385 ], [ -3.872867, 47.883598 ], [ -3.872323, 47.884043 ], [ -3.87005, 47.886263 ], [ -3.86264, 47.887305 ], [ -3.861279, 47.887014 ], [ -3.860779, 47.886918 ], [ -3.860252, 47.886872 ], [ -3.859877, 47.886887 ], [ -3.85923, 47.887003 ], [ -3.858751, 47.887168 ], [ -3.85706, 47.887821 ], [ -3.84808, 47.88788 ], [ -3.847775, 47.887307 ], [ -3.846413, 47.883944 ], [ -3.84401, 47.881264 ], [ -3.837332, 47.880021 ], [ -3.828477, 47.878712 ], [ -3.828153, 47.878783 ], [ -3.826334, 47.880143 ], [ -3.818862, 47.881626 ], [ -3.816503, 47.878357 ], [ -3.814839, 47.875751 ], [ -3.811247, 47.875988 ], [ -3.810273, 47.880018 ], [ -3.808924, 47.882559 ], [ -3.804321, 47.885952 ], [ -3.796921, 47.883731 ], [ -3.796378, 47.883348 ], [ -3.79578, 47.88301 ], [ -3.795145, 47.882739 ], [ -3.794497, 47.882513 ], [ -3.792406, 47.881884 ], [ -3.790153, 47.881198 ], [ -3.788379, 47.88062 ], [ -3.786422, 47.879985 ], [ -3.785357, 47.87963 ], [ -3.779447, 47.876767 ], [ -3.772781, 47.872675 ], [ -3.771392, 47.871164 ], [ -3.768742, 47.8736 ], [ -3.769871, 47.875776 ], [ -3.770559, 47.877263 ], [ -3.767142, 47.885301 ], [ -3.764329, 47.884811 ], [ -3.761516, 47.884322 ], [ -3.758703, 47.883833 ], [ -3.755855, 47.883338 ], [ -3.753523, 47.882982 ], [ -3.751304, 47.882752 ], [ -3.750325, 47.882668 ], [ -3.748704, 47.882564 ], [ -3.74725, 47.882509 ], [ -3.745126, 47.882484 ], [ -3.743427, 47.882522 ], [ -3.741262, 47.882636 ], [ -3.739922, 47.882742 ], [ -3.737801, 47.882938 ], [ -3.733237, 47.883359 ], [ -3.729614, 47.883698 ], [ -3.725991, 47.884037 ], [ -3.722368, 47.884376 ], [ -3.718746, 47.884715 ], [ -3.711681, 47.885202 ], [ -3.709452, 47.885254 ], [ -3.7043, 47.885177 ], [ -3.700503, 47.884944 ], [ -3.694332, 47.884232 ], [ -3.69191, 47.88384 ], [ -3.691335, 47.887394 ], [ -3.693758, 47.887786 ], [ -3.698371, 47.888365 ], [ -3.700176, 47.888529 ], [ -3.701964, 47.888662 ], [ -3.704115, 47.888773 ], [ -3.709459, 47.888854 ], [ -3.711764, 47.888802 ], [ -3.71359, 47.888732 ], [ -3.716338, 47.888554 ], [ -3.71908, 47.8883 ], [ -3.722704, 47.88796 ], [ -3.726327, 47.887621 ], [ -3.72995, 47.887282 ], [ -3.733573, 47.886943 ], [ -3.738133, 47.886523 ], [ -3.740254, 47.886327 ], [ -3.741546, 47.886224 ], [ -3.747206, 47.886108 ], [ -3.750995, 47.886338 ], [ -3.755308, 47.886896 ], [ -3.758086, 47.887379 ], [ -3.760899, 47.887869 ], [ -3.763712, 47.888358 ], [ -3.766525, 47.888847 ], [ -3.768412, 47.889129 ], [ -3.770466, 47.889393 ], [ -3.772484, 47.889651 ], [ -3.775033, 47.889892 ], [ -3.777003, 47.890056 ], [ -3.780008, 47.890215 ], [ -3.782958, 47.89037 ], [ -3.785908, 47.890525 ], [ -3.788858, 47.89068 ], [ -3.794079, 47.89495 ], [ -3.795932, 47.897608 ], [ -3.79607, 47.897869 ], [ -3.799269, 47.899268 ], [ -3.804369, 47.905332 ], [ -3.805637, 47.907125 ], [ -3.808792, 47.905391 ], [ -3.81568, 47.908178 ], [ -3.817001, 47.916937 ], [ -3.815366, 47.918501 ], [ -3.815366, 47.918754 ], [ -3.816807, 47.920532 ], [ -3.817069, 47.920546 ], [ -3.821572, 47.919703 ], [ -3.82784, 47.925495 ], [ -3.828398, 47.926759 ], [ -3.828748, 47.926763 ], [ -3.829544, 47.926806 ], [ -3.831001, 47.927189 ], [ -3.833474, 47.928954 ], [ -3.829075, 47.936251 ], [ -3.821199, 47.939156 ], [ -3.820868, 47.93921 ], [ -3.819951, 47.939554 ], [ -3.817959, 47.940807 ], [ -3.818267, 47.942402 ], [ -3.818856, 47.944169 ], [ -3.821454, 47.945189 ], [ -3.821849, 47.945496 ], [ -3.822316, 47.945843 ], [ -3.822795, 47.946234 ], [ -3.824934, 47.950829 ], [ -3.819221, 47.95532 ], [ -3.818215, 47.955086 ], [ -3.816682, 47.957537 ], [ -3.817797, 47.960959 ], [ -3.818355, 47.960778 ], [ -3.819869, 47.96041 ], [ -3.821478, 47.960332 ], [ -3.821957, 47.960319 ], [ -3.822451, 47.960234 ], [ -3.825767, 47.960157 ], [ -3.829717, 47.967427 ], [ -3.829346, 47.969069 ], [ -3.829579, 47.970213 ], [ -3.829732, 47.970891 ], [ -3.830143, 47.971001 ], [ -3.831345, 47.970858 ], [ -3.833529, 47.970274 ], [ -3.835345, 47.968766 ], [ -3.842962, 47.970492 ], [ -3.843406, 47.970986 ], [ -3.847014, 47.972741 ], [ -3.847399, 47.972727 ], [ -3.84789, 47.972661 ], [ -3.853363, 47.970977 ], [ -3.85695, 47.970674 ], [ -3.863212, 47.97231 ], [ -3.8702, 47.975737 ], [ -3.873137, 47.979692 ], [ -3.877079, 47.981075 ], [ -3.882622, 47.982931 ], [ -3.883269, 47.982757 ], [ -3.888234, 47.981419 ], [ -3.889878, 47.980871 ], [ -3.888738, 47.977456 ], [ -3.894215, 47.972603 ], [ -3.896604, 47.97275 ], [ -3.898421, 47.972937 ], [ -3.902837, 47.971307 ], [ -3.910469, 47.969848 ], [ -3.916569, 47.972867 ], [ -3.917595, 47.973457 ], [ -3.918961, 47.973464 ], [ -3.925668, 47.973264 ], [ -3.927846, 47.97539 ], [ -3.92839, 47.975302 ], [ -3.928814, 47.975221 ], [ -3.929328, 47.97504 ], [ -3.930033, 47.974655 ], [ -3.930369, 47.974433 ], [ -3.930924, 47.973849 ], [ -3.931255, 47.973167 ], [ -3.939997, 47.973458 ], [ -3.941358, 47.975958 ], [ -3.94185, 47.976544 ], [ -3.948264, 47.976961 ], [ -3.950428, 47.974151 ], [ -3.95755, 47.971547 ], [ -3.958508, 47.971569 ], [ -3.960426, 47.971544 ], [ -3.964316, 47.971581 ], [ -3.970929, 47.974974 ], [ -3.971549, 47.975469 ], [ -3.973251, 47.975239 ], [ -3.974528, 47.974926 ], [ -3.982745, 47.973161 ], [ -3.987033, 47.974198 ], [ -3.991336, 47.980021 ], [ -3.991363, 47.980126 ], [ -3.993791, 47.983474 ], [ -4.001055, 47.985784 ], [ -4.009606, 47.987126 ], [ -4.010208, 47.987316 ], [ -4.010509, 47.987374 ], [ -4.011585, 47.987509 ], [ -4.012805, 47.987595 ], [ -4.019643520255412, 47.986808531785535 ], [ -4.023171, 47.99114 ], [ -4.024396, 47.991149 ], [ -4.030233335323566, 47.991124175366181 ], [ -4.035139, 47.995309 ], [ -4.034399, 47.998832 ], [ -4.034309, 48.00225 ], [ -4.035266, 48.00572 ], [ -4.039664, 48.00616 ], [ -4.043834, 48.006057 ], [ -4.044128, 48.006056 ], [ -4.047311, 48.006064 ], [ -4.047861, 48.00586 ], [ -4.053756, 48.00447 ], [ -4.057217, 48.005292 ], [ -4.058053, 48.005622 ], [ -4.058945, 48.006031 ], [ -4.060356, 48.00682 ], [ -4.061398, 48.007543 ], [ -4.062786, 48.008679 ], [ -4.063936, 48.009627 ], [ -4.064526, 48.01008 ], [ -4.065306, 48.010618 ], [ -4.066477, 48.011331 ], [ -4.067779, 48.012002 ], [ -4.075467, 48.016663 ], [ -4.076161, 48.017244 ], [ -4.082252, 48.023613 ], [ -4.082888, 48.024644 ], [ -4.083441, 48.025504 ], [ -4.086468, 48.023555 ], [ -4.083797, 48.018387 ], [ -4.083385, 48.017614 ], [ -4.083037, 48.017072 ], [ -4.082455, 48.016314 ], [ -4.082167, 48.015979 ], [ -4.081391, 48.015207 ], [ -4.080756, 48.014664 ], [ -4.080385, 48.014378 ], [ -4.079686, 48.013897 ], [ -4.078932, 48.013441 ], [ -4.078287, 48.013091 ], [ -4.07336, 48.0107 ], [ -4.069345, 48.008761 ], [ -4.068128, 48.008132 ], [ -4.067189, 48.00755 ], [ -4.066138, 48.006779 ], [ -4.065077, 48.005902 ], [ -4.06139929270372, 47.998858533794191 ], [ -4.067785, 48.002423 ], [ -4.069361, 48.00268 ], [ -4.078039, 48.003603 ], [ -4.079809, 48.00483 ], [ -4.082346, 48.004882 ], [ -4.089654, 48.001746 ], [ -4.094798, 48.004183 ], [ -4.09846, 48.007224 ], [ -4.104754, 48.009636 ], [ -4.104893, 48.009752 ], [ -4.103258, 48.018436 ], [ -4.100744, 48.01837 ], [ -4.098795, 48.019227 ], [ -4.098424, 48.02036 ], [ -4.098426, 48.020459 ], [ -4.098773, 48.021382 ], [ -4.100379, 48.028436 ], [ -4.102364, 48.031439 ], [ -4.102798, 48.031152 ], [ -4.103272, 48.0308 ], [ -4.103749, 48.030374 ], [ -4.104243, 48.029829 ], [ -4.104642, 48.029291 ], [ -4.104921, 48.028822 ], [ -4.105144, 48.028347 ], [ -4.105418, 48.027475 ], [ -4.105524, 48.02689 ], [ -4.105585, 48.026218 ], [ -4.110036, 48.01945 ], [ -4.113119, 48.018581 ], [ -4.116209, 48.017741 ], [ -4.122883, 48.015357 ], [ -4.123955, 48.01263 ], [ -4.129691, 48.007705 ], [ -4.130419, 48.007407 ], [ -4.130694, 48.007281 ], [ -4.131128, 48.007041 ], [ -4.139565, 48.004636 ], [ -4.14029, 48.00456 ], [ -4.140884, 48.004454 ], [ -4.141383, 48.004338 ], [ -4.150334, 48.005217 ], [ -4.150864, 48.00504 ], [ -4.157721, 48.007903 ], [ -4.157744, 48.012456 ], [ -4.157448, 48.016044 ], [ -4.160902, 48.016458 ], [ -4.161474, 48.01654 ], [ -4.163651, 48.016701 ], [ -4.166959, 48.012543 ], [ -4.171259, 48.011596 ], [ -4.180041, 48.01064 ], [ -4.182407, 48.011325 ], [ -4.183168, 48.011516 ], [ -4.183519, 48.011579 ], [ -4.184571, 48.01174 ], [ -4.187296, 48.012009 ], [ -4.187571, 48.01203 ], [ -4.18774, 48.012004 ], [ -4.187629, 48.010192 ], [ -4.194831, 48.005812 ], [ -4.195869, 48.006158 ], [ -4.195991, 48.006212 ], [ -4.196283, 48.006286 ], [ -4.196527, 48.006313 ], [ -4.198336, 48.004992 ], [ -4.202193, 47.997079 ], [ -4.202361, 47.994703 ], [ -4.205028, 47.987087 ], [ -4.207277, 47.986868 ], [ -4.21101, 47.987455 ], [ -4.214285, 47.988584 ], [ -4.216733, 47.987349 ], [ -4.217142, 47.985294 ], [ -4.220643569538081, 47.981699367715116 ], [ -4.220072, 47.985278 ] ] ], [ [ [ -4.204392999999773, 47.977315999999711 ], [ -4.199989, 47.972076 ], [ -4.200141591144487, 47.971896842745466 ], [ -4.204392999999773, 47.977315999999711 ] ] ], [ [ [ -4.137622, 47.927567 ], [ -4.137981, 47.927513 ], [ -4.144548, 47.924832 ], [ -4.144548, 47.924832 ], [ -4.144548, 47.924832 ], [ -4.139495, 47.928454 ], [ -4.131311, 47.930298 ], [ -4.131311, 47.930298 ], [ -4.137622, 47.927567 ] ] ], [ [ [ -4.116975, 47.948732 ], [ -4.117190472842977, 47.948377943127674 ], [ -4.11707, 47.948701 ], [ -4.117087483989463, 47.949023204948709 ], [ -4.116975, 47.948732 ] ] ], [ [ [ -4.124326010043522, 47.957134241044528 ], [ -4.124362, 47.957219 ], [ -4.124362, 47.957219 ], [ -4.124326010043522, 47.957134241044528 ] ] ], [ [ [ -4.122934, 47.963491 ], [ -4.12387574137931, 47.959354724137931 ], [ -4.122934, 47.963491 ], [ -4.119436, 47.96386 ], [ -4.122934, 47.963491 ] ] ], [ [ [ -4.117928, 47.964232 ], [ -4.118162521019987, 47.964061252239837 ], [ -4.117928, 47.964232 ], [ -4.117336, 47.965188 ], [ -4.114120800247638, 47.966040609862404 ], [ -4.117928, 47.964232 ] ] ], [ [ [ -4.095135, 47.967195 ], [ -4.095400836388924, 47.967775073334174 ], [ -4.095135, 47.967195 ], [ -4.095111665339256, 47.966464354571912 ], [ -4.095135, 47.967195 ] ] ], [ [ [ -4.095579, 47.961682 ], [ -4.094997, 47.962874 ], [ -4.094997, 47.962874 ], [ -4.095579, 47.961682 ], [ -4.095616960781724, 47.961632941238612 ], [ -4.095579, 47.961682 ] ] ], [ [ [ -4.097074, 47.958535 ], [ -4.0970595, 47.9586895 ], [ -4.097074, 47.958535 ], [ -4.0972045, 47.9576945 ], [ -4.097074, 47.958535 ] ] ], [ [ [ -4.094243, 47.954426 ], [ -4.094468, 47.953437 ], [ -4.094573, 47.952813 ], [ -4.094738, 47.952359 ], [ -4.094895, 47.952028 ], [ -4.0952, 47.951464 ], [ -4.096204, 47.950403 ], [ -4.096747, 47.950105 ], [ -4.096785, 47.950088 ], [ -4.100164, 47.949947 ], [ -4.100277, 47.950776 ], [ -4.100031, 47.951645 ], [ -4.099738, 47.95214 ], [ -4.099256, 47.95278 ], [ -4.097806, 47.955394 ], [ -4.097335, 47.956854 ], [ -4.097378, 47.956569 ], [ -4.093947, 47.955481 ], [ -4.093943326171867, 47.955492541015651 ], [ -4.094243, 47.954426 ] ] ], [ [ [ -4.080469, 47.955384 ], [ -4.084116, 47.957137 ], [ -4.084473, 47.957598 ], [ -4.089604, 47.960077 ], [ -4.093848, 47.955792 ], [ -4.093848000000145, 47.955791999999562 ], [ -4.093848, 47.955792 ], [ -4.089604, 47.960077 ], [ -4.084473, 47.957598 ], [ -4.084116, 47.957137 ], [ -4.080469, 47.955384 ], [ -4.08020081454836, 47.955111418065549 ], [ -4.080469, 47.955384 ] ] ], [ [ [ -4.079859, 47.954764 ], [ -4.079446, 47.954349 ], [ -4.077882, 47.950325 ], [ -4.079859, 47.954764 ] ] ], [ [ [ -4.077882, 47.950325 ], [ -4.077882, 47.950325 ], [ -4.077882000000125, 47.950324999999786 ], [ -4.077882, 47.950325 ] ] ], [ [ [ -4.082511, 47.941328 ], [ -4.085284, 47.94212 ], [ -4.086731, 47.943174 ], [ -4.086639, 47.943202 ], [ -4.08512, 47.943637 ], [ -4.081508197697373, 47.944603902840925 ], [ -4.082243153829575, 47.941260945841151 ], [ -4.082511, 47.941328 ] ] ], [ [ [ -3.952659, 47.89454 ], [ -3.955038, 47.896169 ], [ -3.961367, 47.897192 ], [ -3.961444, 47.897186 ], [ -3.965232, 47.897164 ], [ -3.969481, 47.896747 ], [ -3.974798, 47.890692 ], [ -3.976557, 47.888232 ], [ -3.977749, 47.887911 ], [ -3.978571, 47.887674 ], [ -3.979792, 47.887253 ], [ -3.980445, 47.887068 ], [ -3.986553, 47.885918 ], [ -3.990266, 47.882732 ], [ -3.99192, 47.879858 ], [ -3.989019, 47.87316 ], [ -3.988156, 47.871352 ], [ -3.986943, 47.867162 ], [ -3.986029, 47.864414 ], [ -3.981652, 47.859292 ], [ -3.981419, 47.858988 ], [ -3.97753, 47.855126 ], [ -3.977497, 47.855102 ], [ -3.977492, 47.855072 ], [ -3.98157, 47.853227 ], [ -3.990303, 47.852835 ], [ -3.990897, 47.852886 ], [ -3.997852, 47.857252 ], [ -4.003532, 47.858791 ], [ -4.011318, 47.856774 ], [ -4.012108, 47.85709 ], [ -4.015971, 47.858888 ], [ -4.019777, 47.858826 ], [ -4.024922, 47.853076 ], [ -4.025163, 47.852966 ], [ -4.02603, 47.852687 ], [ -4.026487, 47.852604 ], [ -4.027696, 47.852623 ], [ -4.034468, 47.847519 ], [ -4.035005, 47.846396 ], [ -4.037463, 47.84438 ], [ -4.041151, 47.842948 ], [ -4.042283, 47.843672 ], [ -4.042856, 47.84434 ], [ -4.043115, 47.845191 ], [ -4.048109, 47.852659 ], [ -4.051425, 47.855138 ], [ -4.05461, 47.859294 ], [ -4.059764, 47.86098 ], [ -4.062425, 47.862439 ], [ -4.064845, 47.867 ], [ -4.070793, 47.868364 ], [ -4.072432, 47.868144 ], [ -4.075477, 47.86753 ], [ -4.079907, 47.871707 ], [ -4.087869, 47.875377 ], [ -4.08974, 47.875346 ], [ -4.09137, 47.876864 ], [ -4.091385, 47.877036 ], [ -4.0903, 47.87948 ], [ -4.086534, 47.879644 ], [ -4.07936, 47.881836 ], [ -4.083105, 47.888971 ], [ -4.089509, 47.8909 ], [ -4.090447, 47.890796 ], [ -4.091137, 47.890915 ], [ -4.092871, 47.89101 ], [ -4.094822, 47.89113 ], [ -4.094822, 47.891131 ], [ -4.094981, 47.895491 ], [ -4.093776, 47.896722 ], [ -4.093497, 47.896868 ], [ -4.089501, 47.898304 ], [ -4.088611, 47.898532 ], [ -4.084069, 47.906097 ], [ -4.08657, 47.910036 ], [ -4.087201, 47.91358 ], [ -4.092552, 47.919931 ], [ -4.099456, 47.915763 ], [ -4.102288, 47.91354 ], [ -4.102852, 47.914258 ], [ -4.110686, 47.916797 ], [ -4.113096, 47.919471 ], [ -4.11211, 47.920359 ], [ -4.111741, 47.920677 ], [ -4.111327, 47.920983 ], [ -4.110971, 47.921213 ], [ -4.110549, 47.921445 ], [ -4.109765, 47.921762 ], [ -4.108842, 47.922083 ], [ -4.103363, 47.928326 ], [ -4.102175, 47.931367 ], [ -4.098701, 47.932313 ], [ -4.094096, 47.929629 ], [ -4.090116, 47.92983 ], [ -4.08659, 47.930022 ], [ -4.080346, 47.93236 ], [ -4.081788, 47.941147 ], [ -4.08178800000049, 47.941147000000122 ], [ -4.081788, 47.941147 ], [ -4.081207, 47.941035 ], [ -4.080628, 47.940943 ], [ -4.079991, 47.940894 ], [ -4.073314, 47.940047 ], [ -4.070891, 47.940135 ], [ -4.070181, 47.941821 ], [ -4.067193, 47.950138 ], [ -4.062465, 47.956694 ], [ -4.057781, 47.958385 ], [ -4.053335, 47.958035 ], [ -4.052425, 47.957773 ], [ -4.051669, 47.957514 ], [ -4.050171, 47.956991 ], [ -4.049126, 47.956585 ], [ -4.047825, 47.959942 ], [ -4.04887, 47.960347 ], [ -4.050478, 47.960912 ], [ -4.051258, 47.961179 ], [ -4.05521, 47.969092 ], [ -4.05441, 47.971351 ], [ -4.048430719013518, 47.976676591165209 ], [ -4.047419439330985, 47.976602251843424 ], [ -4.045681, 47.976373 ], [ -4.045321899462118, 47.976337459566714 ], [ -4.03801, 47.974233 ], [ -4.037434, 47.974172 ], [ -4.033935651640592, 47.973332338784054 ], [ -4.028071, 47.969227 ], [ -4.026199, 47.966151 ], [ -4.021739, 47.967257 ], [ -4.014426, 47.962299 ], [ -4.011295, 47.960522 ], [ -4.009552, 47.961656 ], [ -4.007823, 47.963108 ], [ -4.007344, 47.963429 ], [ -4.006973, 47.96378 ], [ -4.006378, 47.964448 ], [ -4.001986125996007, 47.966760326819603 ], [ -3.998163036835441, 47.966713480455816 ], [ -3.996898, 47.966223 ], [ -3.995121, 47.964466 ], [ -3.994115, 47.962771 ], [ -3.993734, 47.961876 ], [ -3.993408, 47.961412 ], [ -3.992055, 47.961052 ], [ -3.991706, 47.961198 ], [ -3.991675, 47.961217 ], [ -3.990462, 47.963481 ], [ -3.982692, 47.965797 ], [ -3.977734, 47.961807 ], [ -3.975471, 47.961531 ], [ -3.971428, 47.957595 ], [ -3.977316, 47.951741 ], [ -3.97809, 47.95178 ], [ -3.981321, 47.951837 ], [ -3.984271, 47.952781 ], [ -3.987538, 47.951269 ], [ -3.986731, 47.948133 ], [ -3.983392, 47.946787 ], [ -3.983674, 47.939299 ], [ -3.984721, 47.938239 ], [ -3.99281, 47.938684 ], [ -3.993285, 47.938843 ], [ -3.993796, 47.938932 ], [ -3.997037, 47.939766 ], [ -3.998815, 47.940443 ], [ -4.004661, 47.94085 ], [ -4.008122, 47.94174 ], [ -4.009017, 47.941665 ], [ -4.009358, 47.941484 ], [ -4.009781, 47.941097 ], [ -4.009818, 47.941057 ], [ -4.009892, 47.938605 ], [ -4.007312, 47.93661 ], [ -4.004779, 47.930596 ], [ -4.004268, 47.929351 ], [ -4.004075, 47.929152 ], [ -4.003077, 47.928885 ], [ -3.997762, 47.928983 ], [ -3.994171, 47.929234 ], [ -3.988594, 47.931317 ], [ -3.98071, 47.927858 ], [ -3.979355, 47.926539 ], [ -3.97815, 47.91795 ], [ -3.983411, 47.916088 ], [ -3.985677, 47.916962 ], [ -3.986985, 47.916272 ], [ -3.98692, 47.915283 ], [ -3.987119, 47.90907 ], [ -3.986567, 47.907193 ], [ -3.986152, 47.905602 ], [ -3.979117, 47.90432 ], [ -3.971415, 47.90305 ], [ -3.970046, 47.903763 ], [ -3.969559, 47.9043 ], [ -3.964818, 47.906638 ], [ -3.958763, 47.90195 ], [ -3.958456, 47.900745 ], [ -3.958355, 47.900488 ], [ -3.958235, 47.900342 ], [ -3.955545, 47.898706 ], [ -3.954318, 47.89814 ], [ -3.953797, 47.898297 ], [ -3.950268, 47.900608 ], [ -3.944884, 47.896545 ], [ -3.944716, 47.895977 ], [ -3.94428, 47.89509 ], [ -3.943872, 47.894557 ], [ -3.952659, 47.89454 ] ] ], [ [ [ -4.047288, 47.992717 ], [ -4.046898566071848, 47.992173462587601 ], [ -4.047592, 47.992105 ], [ -4.050256, 47.992148 ], [ -4.056588279892534, 47.995688146845609 ], [ -4.053567, 47.995575 ], [ -4.047288, 47.992717 ] ] ] ] } },
{ "type": "Feature", "properties": { "fid": 10, "ID": null, "CENTER_LON": "-3.0880597", "CENTER_LAT": "48.0856334", "AA_MINS": 30, "AA_MODE": "driving-car", "TOTAL_POP": "50591" }, "geometry": { "type": "MultiPolygon", "coordinates": [ [ [ [ -3.412369, 48.143456 ], [ -3.412455, 48.147055 ], [ -3.409596, 48.147123 ], [ -3.406855, 48.147189 ], [ -3.399852, 48.152667 ], [ -3.395161, 48.155575 ], [ -3.393818, 48.15625 ], [ -3.39347, 48.156325 ], [ -3.384596, 48.157377 ], [ -3.383792, 48.157654 ], [ -3.381938, 48.158192 ], [ -3.380084, 48.158729 ], [ -3.379082, 48.155271 ], [ -3.376053, 48.148588 ], [ -3.373982, 48.147601 ], [ -3.366086, 48.151702 ], [ -3.36591, 48.152368 ], [ -3.365357, 48.154821 ], [ -3.361991, 48.156096 ], [ -3.356457, 48.158101 ], [ -3.353617, 48.158788 ], [ -3.352586, 48.158931 ], [ -3.351147, 48.158752 ], [ -3.349441, 48.157937 ], [ -3.347791, 48.157109 ], [ -3.340857, 48.162362 ], [ -3.341495, 48.165905 ], [ -3.338851, 48.171608 ], [ -3.338005, 48.173337 ], [ -3.337905, 48.17339 ], [ -3.33531, 48.172257 ], [ -3.335286, 48.172127 ], [ -3.334913, 48.169828 ], [ -3.334749, 48.167068 ], [ -3.334646, 48.166348 ], [ -3.334561, 48.165175 ], [ -3.334594, 48.164483 ], [ -3.335679, 48.162134 ], [ -3.335858, 48.161499 ], [ -3.336182, 48.159598 ], [ -3.336356, 48.159045 ], [ -3.337088, 48.157781 ], [ -3.337492, 48.156971 ], [ -3.338264, 48.154845 ], [ -3.33076, 48.149934 ], [ -3.330197, 48.150044 ], [ -3.329548, 48.149974 ], [ -3.32303, 48.149409 ], [ -3.321481, 48.149783 ], [ -3.320636, 48.146283 ], [ -3.312117, 48.145242 ], [ -3.30611, 48.149063 ], [ -3.305775, 48.149347 ], [ -3.303646, 48.151106 ], [ -3.303364, 48.151118 ], [ -3.302974, 48.150842 ], [ -3.302551, 48.150553 ], [ -3.30254, 48.150545 ], [ -3.30212, 48.150254 ], [ -3.301785, 48.149704 ], [ -3.30177, 48.149397 ], [ -3.299508, 48.1413 ], [ -3.297838, 48.141245 ], [ -3.296276, 48.141298 ], [ -3.288939, 48.144629 ], [ -3.288185, 48.144304 ], [ -3.287022, 48.143756 ], [ -3.286422, 48.143428 ], [ -3.28188, 48.151156 ], [ -3.282872, 48.153493 ], [ -3.28256, 48.154077 ], [ -3.282404, 48.154377 ], [ -3.282319, 48.154468 ], [ -3.281931, 48.154547 ], [ -3.281309, 48.154682 ], [ -3.279521, 48.163185 ], [ -3.281627, 48.163758 ], [ -3.282274, 48.163921 ], [ -3.286168, 48.164068 ], [ -3.286734, 48.163844 ], [ -3.286981, 48.163771 ], [ -3.288006, 48.167222 ], [ -3.290233, 48.170779 ], [ -3.290181, 48.173511 ], [ -3.290113, 48.173562 ], [ -3.289162, 48.173936 ], [ -3.288951, 48.173949 ], [ -3.287943, 48.173557 ], [ -3.287907, 48.173528 ], [ -3.284475, 48.171574 ], [ -3.279971, 48.168919 ], [ -3.275026, 48.170088 ], [ -3.272727, 48.167317 ], [ -3.265408, 48.164199 ], [ -3.264791, 48.164356 ], [ -3.264175, 48.164421 ], [ -3.259398, 48.167119 ], [ -3.25795, 48.168409 ], [ -3.257131, 48.168554 ], [ -3.249434, 48.17101 ], [ -3.248934, 48.172737 ], [ -3.249668, 48.176721 ], [ -3.253321, 48.179591 ], [ -3.261907, 48.179335 ], [ -3.262601, 48.178934 ], [ -3.263007, 48.178812 ], [ -3.26356, 48.178729 ], [ -3.26431, 48.178718 ], [ -3.264791, 48.178695 ], [ -3.267779, 48.177759 ], [ -3.268766, 48.178413 ], [ -3.269071, 48.178873 ], [ -3.269375, 48.180986 ], [ -3.26837, 48.181483 ], [ -3.267707, 48.18176 ], [ -3.266401, 48.182097 ], [ -3.261496, 48.189405 ], [ -3.262127, 48.190812 ], [ -3.262116, 48.191892 ], [ -3.262003, 48.192341 ], [ -3.261384, 48.192512 ], [ -3.26078, 48.192694 ], [ -3.258512, 48.19146 ], [ -3.257477, 48.190294 ], [ -3.256804, 48.189519 ], [ -3.248567, 48.190149 ], [ -3.247544, 48.196574 ], [ -3.25216, 48.198709 ], [ -3.252868, 48.199469 ], [ -3.25547, 48.201971 ], [ -3.256068, 48.202223 ], [ -3.256544, 48.202475 ], [ -3.258525, 48.203653 ], [ -3.259439, 48.204171 ], [ -3.259381, 48.205884 ], [ -3.25909, 48.206282 ], [ -3.258898, 48.206504 ], [ -3.258215, 48.207174 ], [ -3.257663, 48.207303 ], [ -3.25675, 48.206785 ], [ -3.254705, 48.205569 ], [ -3.247492, 48.204425 ], [ -3.245811, 48.204623 ], [ -3.244427, 48.20467 ], [ -3.244, 48.204666 ], [ -3.241022, 48.204494 ], [ -3.233594, 48.204345 ], [ -3.227897, 48.209926 ], [ -3.227405, 48.21463 ], [ -3.22558, 48.218636 ], [ -3.224959, 48.220841 ], [ -3.221367, 48.221082 ], [ -3.221297, 48.220025 ], [ -3.218196, 48.214925 ], [ -3.212127, 48.215699 ], [ -3.210835, 48.217274 ], [ -3.20988, 48.218776 ], [ -3.209416, 48.219055 ], [ -3.209243, 48.219107 ], [ -3.206252, 48.2191 ], [ -3.201407, 48.225444 ], [ -3.20427, 48.227914 ], [ -3.205133, 48.228106 ], [ -3.205427, 48.228195 ], [ -3.20582, 48.22837 ], [ -3.211054, 48.229118 ], [ -3.213851, 48.231385 ], [ -3.217106, 48.234282 ], [ -3.218104, 48.234825 ], [ -3.216385, 48.237988 ], [ -3.21502, 48.238096 ], [ -3.212568, 48.237054 ], [ -3.206244, 48.23601 ], [ -3.205602, 48.236023 ], [ -3.204773, 48.235738 ], [ -3.202017, 48.23476 ], [ -3.19918, 48.234336 ], [ -3.193136, 48.237783 ], [ -3.191875, 48.241155 ], [ -3.192517, 48.247834 ], [ -3.192664, 48.248203 ], [ -3.193087, 48.249145 ], [ -3.19296, 48.250175 ], [ -3.191609, 48.250641 ], [ -3.189802, 48.250619 ], [ -3.184958, 48.248407 ], [ -3.183063, 48.246622 ], [ -3.181119, 48.24134 ], [ -3.180744, 48.240852 ], [ -3.18043, 48.240344 ], [ -3.174857, 48.236865 ], [ -3.169568, 48.239351 ], [ -3.169069, 48.239914 ], [ -3.168976, 48.239981 ], [ -3.168605, 48.240198 ], [ -3.161294, 48.244596 ], [ -3.158014, 48.248307 ], [ -3.156825, 48.248087 ], [ -3.156418, 48.24791 ], [ -3.154894, 48.246512 ], [ -3.155569, 48.245241 ], [ -3.155883, 48.244205 ], [ -3.151463, 48.237108 ], [ -3.14517, 48.235635 ], [ -3.144632, 48.235684 ], [ -3.142881, 48.2358 ], [ -3.13785, 48.234813 ], [ -3.136274, 48.234643 ], [ -3.135669, 48.234555 ], [ -3.134417, 48.234313 ], [ -3.131206, 48.233565 ], [ -3.127996, 48.232817 ], [ -3.124785, 48.232069 ], [ -3.121335, 48.231264 ], [ -3.118598, 48.230631 ], [ -3.11586, 48.229998 ], [ -3.116671, 48.226491 ], [ -3.121784, 48.219789 ], [ -3.115924, 48.2152 ], [ -3.11396, 48.214989 ], [ -3.113221, 48.214981 ], [ -3.111617, 48.215026 ], [ -3.110784, 48.215115 ], [ -3.110405, 48.211535 ], [ -3.113753, 48.203962 ], [ -3.109286, 48.197914 ], [ -3.10519, 48.197447 ], [ -3.102912, 48.197178 ], [ -3.100635, 48.196909 ], [ -3.098357, 48.196641 ], [ -3.096066, 48.19637 ], [ -3.092945, 48.195978 ], [ -3.09136, 48.196001 ], [ -3.08386, 48.198809 ], [ -3.082815, 48.199847 ], [ -3.082565, 48.200059 ], [ -3.074962, 48.202533 ], [ -3.069198, 48.203896 ], [ -3.064362, 48.20276 ], [ -3.063693, 48.202801 ], [ -3.062176, 48.202908 ], [ -3.06116, 48.2028 ], [ -3.060471, 48.20254 ], [ -3.052666, 48.201653 ], [ -3.050169, 48.202868 ], [ -3.047764, 48.202628 ], [ -3.046831, 48.202381 ], [ -3.046259, 48.20201 ], [ -3.046138, 48.201902 ], [ -3.040189, 48.198541 ], [ -3.040129, 48.198453 ], [ -3.033244, 48.193885 ], [ -3.027049, 48.194451 ], [ -3.026758, 48.194539 ], [ -3.026371, 48.194626 ], [ -3.025703, 48.194745 ], [ -3.02337, 48.195192 ], [ -3.020751, 48.195732 ], [ -3.020457, 48.195769 ], [ -3.018401, 48.195976 ], [ -3.013352, 48.198794 ], [ -3.01161, 48.205268 ], [ -3.013912, 48.207834 ], [ -3.019072, 48.211415 ], [ -3.019536, 48.211643 ], [ -3.022195, 48.212721 ], [ -3.029323, 48.215653 ], [ -3.03192, 48.214302 ], [ -3.034783, 48.21212 ], [ -3.039988, 48.213621 ], [ -3.041962, 48.214568 ], [ -3.048194, 48.217633 ], [ -3.052219, 48.217341 ], [ -3.056332, 48.217044 ], [ -3.057835, 48.217008 ], [ -3.057921, 48.220607 ], [ -3.056418, 48.220643 ], [ -3.05248, 48.220931 ], [ -3.048455, 48.221223 ], [ -3.047007, 48.221249 ], [ -3.045689, 48.22122 ], [ -3.045096, 48.221189 ], [ -3.043538, 48.221063 ], [ -3.04102, 48.220737 ], [ -3.035745, 48.21995 ], [ -3.03476, 48.219838 ], [ -3.034153, 48.21979 ], [ -3.033649, 48.21978 ], [ -3.032341, 48.219819 ], [ -3.02571, 48.22488 ], [ -3.025467, 48.225466 ], [ -3.024812, 48.226154 ], [ -3.02463, 48.226264 ], [ -3.023655, 48.225491 ], [ -3.022113, 48.22421 ], [ -3.021937, 48.223918 ], [ -3.021219, 48.222841 ], [ -3.017784, 48.220834 ], [ -3.01409, 48.22108 ], [ -3.011967, 48.228449 ], [ -3.0128, 48.231951 ], [ -3.012856, 48.237053 ], [ -3.013276, 48.240628 ], [ -3.012569, 48.24737 ], [ -3.011764, 48.247778 ], [ -3.009032, 48.248038 ], [ -3.005856, 48.247558 ], [ -3.005834, 48.243958 ], [ -3.003875, 48.240454 ], [ -2.997572, 48.240374 ], [ -2.994006, 48.239881 ], [ -2.992394, 48.239411 ], [ -2.988938, 48.237726 ], [ -2.982368, 48.233846 ], [ -2.979108, 48.235373 ], [ -2.97268, 48.230063 ], [ -2.972057, 48.229633 ], [ -2.966068, 48.225752 ], [ -2.964626, 48.222454 ], [ -2.967138, 48.217732 ], [ -2.960985, 48.213674 ], [ -2.960534, 48.213818 ], [ -2.957874, 48.215462 ], [ -2.94967, 48.211881 ], [ -2.9487, 48.212436 ], [ -2.946469, 48.213732 ], [ -2.944218, 48.215041 ], [ -2.939678, 48.220765 ], [ -2.93411, 48.221498 ], [ -2.931032, 48.22374 ], [ -2.928203, 48.221515 ], [ -2.926773, 48.215869 ], [ -2.919339, 48.210956 ], [ -2.91779, 48.211804 ], [ -2.916981, 48.211767 ], [ -2.91403, 48.211978 ], [ -2.913097, 48.211743 ], [ -2.912902, 48.211674 ], [ -2.910446, 48.209512 ], [ -2.910267, 48.209199 ], [ -2.910401, 48.206771 ], [ -2.912011, 48.20627 ], [ -2.912413, 48.206464 ], [ -2.921205, 48.206161 ], [ -2.924085, 48.204001 ], [ -2.930348, 48.200484 ], [ -2.933618, 48.197649 ], [ -2.935621, 48.198071 ], [ -2.939341, 48.190653 ], [ -2.936841, 48.188063 ], [ -2.936679, 48.186449 ], [ -2.931347, 48.179748 ], [ -2.92777, 48.180157 ], [ -2.92443, 48.179483 ], [ -2.923423, 48.178981 ], [ -2.923528, 48.175998 ], [ -2.922263, 48.167595 ], [ -2.922285, 48.163995 ], [ -2.91997, 48.155617 ], [ -2.919411, 48.155073 ], [ -2.911738, 48.152109 ], [ -2.910793, 48.152208 ], [ -2.906557, 48.151773 ], [ -2.901078, 48.157718 ], [ -2.900732, 48.159344 ], [ -2.900466, 48.160125 ], [ -2.900236, 48.160213 ], [ -2.899736, 48.160331 ], [ -2.89887, 48.160561 ], [ -2.897799, 48.159877 ], [ -2.894916, 48.159063 ], [ -2.89172, 48.157406 ], [ -2.886389, 48.164628 ], [ -2.886707, 48.165185 ], [ -2.886921, 48.165748 ], [ -2.887714, 48.167156 ], [ -2.88782, 48.167562 ], [ -2.887962, 48.168055 ], [ -2.888152, 48.170729 ], [ -2.887521, 48.170806 ], [ -2.887098, 48.170837 ], [ -2.886852, 48.170841 ], [ -2.886379, 48.170792 ], [ -2.879005, 48.174762 ], [ -2.878206, 48.178326 ], [ -2.877723, 48.180517 ], [ -2.877685, 48.18069 ], [ -2.875779, 48.18192 ], [ -2.875524, 48.181894 ], [ -2.874169, 48.179916 ], [ -2.872067, 48.174013 ], [ -2.870261, 48.168114 ], [ -2.867634, 48.162932 ], [ -2.86706, 48.16146 ], [ -2.867047, 48.161417 ], [ -2.866428, 48.15954 ], [ -2.865999, 48.154041 ], [ -2.868162, 48.153342 ], [ -2.866783, 48.144753 ], [ -2.858204, 48.14643 ], [ -2.851684, 48.147321 ], [ -2.851183, 48.147575 ], [ -2.850162, 48.147978 ], [ -2.84856, 48.148133 ], [ -2.848545, 48.148127 ], [ -2.847926, 48.145196 ], [ -2.846461, 48.140308 ], [ -2.840592, 48.135665 ], [ -2.836886, 48.138677 ], [ -2.83666, 48.139344 ], [ -2.835115, 48.141284 ], [ -2.83463, 48.141204 ], [ -2.834177, 48.14104 ], [ -2.826616, 48.145686 ], [ -2.826617, 48.146705 ], [ -2.826552, 48.148168 ], [ -2.826276, 48.148649 ], [ -2.826032, 48.149027 ], [ -2.82336, 48.1482 ], [ -2.822774, 48.147495 ], [ -2.821418, 48.145417 ], [ -2.813438, 48.146986 ], [ -2.8112, 48.147677 ], [ -2.805569, 48.150265 ], [ -2.802811, 48.152578 ], [ -2.800853, 48.150243 ], [ -2.800284, 48.149512 ], [ -2.791597, 48.149555 ], [ -2.791083, 48.150152 ], [ -2.790445, 48.150954 ], [ -2.786929, 48.151728 ], [ -2.785307, 48.150142 ], [ -2.785212, 48.1495 ], [ -2.777845, 48.144555 ], [ -2.775065, 48.145782 ], [ -2.772284, 48.147009 ], [ -2.7695, 48.148238 ], [ -2.766716, 48.149466 ], [ -2.762152, 48.155331 ], [ -2.758242, 48.158159 ], [ -2.750745, 48.157885 ], [ -2.748575, 48.159443 ], [ -2.746441, 48.160974 ], [ -2.745786, 48.161466 ], [ -2.744914, 48.162196 ], [ -2.743322, 48.163602 ], [ -2.741703, 48.165031 ], [ -2.741047, 48.165586 ], [ -2.739283, 48.166962 ], [ -2.734259, 48.173185 ], [ -2.730925, 48.171826 ], [ -2.732976, 48.166781 ], [ -2.733017, 48.166747 ], [ -2.737068, 48.164124 ], [ -2.738832, 48.162747 ], [ -2.739374, 48.162286 ], [ -2.740939, 48.160903 ], [ -2.742531, 48.159497 ], [ -2.743476, 48.158706 ], [ -2.744271, 48.158102 ], [ -2.748314, 48.15021 ], [ -2.747062, 48.146835 ], [ -2.751241, 48.143371 ], [ -2.757285, 48.138157 ], [ -2.759118, 48.136083 ], [ -2.761977, 48.138271 ], [ -2.767696, 48.144958 ], [ -2.77052, 48.14371 ], [ -2.773343, 48.142462 ], [ -2.777164, 48.139883 ], [ -2.779114, 48.138744 ], [ -2.779461, 48.131144 ], [ -2.777228, 48.128448 ], [ -2.777624, 48.127038 ], [ -2.778656, 48.125144 ], [ -2.78443, 48.122068 ], [ -2.786009, 48.118833 ], [ -2.790286, 48.117984 ], [ -2.792856, 48.120504 ], [ -2.798216, 48.119758 ], [ -2.798931, 48.113852 ], [ -2.798486, 48.113247 ], [ -2.797946, 48.112528 ], [ -2.797488, 48.111694 ], [ -2.799175, 48.11026 ], [ -2.800642, 48.109959 ], [ -2.809482, 48.108279 ], [ -2.811098, 48.105062 ], [ -2.807447, 48.097821 ], [ -2.801877, 48.098392 ], [ -2.801427, 48.098558 ], [ -2.800833, 48.098732 ], [ -2.800252, 48.098864 ], [ -2.79978, 48.09893 ], [ -2.799322, 48.098927 ], [ -2.798836, 48.098847 ], [ -2.794478, 48.098976 ], [ -2.790466, 48.098501 ], [ -2.785786, 48.096099 ], [ -2.783732, 48.090268 ], [ -2.78429, 48.088442 ], [ -2.785004, 48.087352 ], [ -2.785624, 48.087206 ], [ -2.786742, 48.087896 ], [ -2.788379, 48.088777 ], [ -2.788833, 48.089107 ], [ -2.789163, 48.089448 ], [ -2.792332, 48.091833 ], [ -2.79957, 48.09018 ], [ -2.800113, 48.08961 ], [ -2.80199, 48.087382 ], [ -2.806515, 48.086055 ], [ -2.813517, 48.087683 ], [ -2.815004, 48.090961 ], [ -2.823082, 48.092321 ], [ -2.826592, 48.090685 ], [ -2.828466, 48.089476 ], [ -2.83034, 48.088267 ], [ -2.832177, 48.087083 ], [ -2.834013, 48.085898 ], [ -2.837727, 48.080149 ], [ -2.836436, 48.076788 ], [ -2.830047, 48.073176 ], [ -2.826505, 48.073997 ], [ -2.822051, 48.073959 ], [ -2.820811, 48.074062 ], [ -2.81859, 48.071262 ], [ -2.81868, 48.071178 ], [ -2.819369, 48.070759 ], [ -2.823837, 48.063713 ], [ -2.824066, 48.06012 ], [ -2.827366, 48.06033 ], [ -2.831482, 48.060596 ], [ -2.835597, 48.060862 ], [ -2.84013, 48.05642 ], [ -2.840002, 48.052971 ], [ -2.842504, 48.050384 ], [ -2.842467, 48.042587 ], [ -2.835729, 48.040497 ], [ -2.833728, 48.041273 ], [ -2.833651, 48.04126 ], [ -2.833543, 48.041223 ], [ -2.833479, 48.041185 ], [ -2.832513, 48.038879 ], [ -2.831539, 48.036466 ], [ -2.833636, 48.0341 ], [ -2.83411, 48.033199 ], [ -2.834806, 48.030728 ], [ -2.828841, 48.025522 ], [ -2.825656, 48.025292 ], [ -2.82493, 48.025208 ], [ -2.824131, 48.025082 ], [ -2.816969, 48.026471 ], [ -2.81093, 48.023345 ], [ -2.807674, 48.021809 ], [ -2.807768, 48.020822 ], [ -2.809332, 48.017579 ], [ -2.809723, 48.017626 ], [ -2.810194, 48.017737 ], [ -2.813044, 48.018265 ], [ -2.815105, 48.018653 ], [ -2.815721, 48.018791 ], [ -2.816346, 48.018962 ], [ -2.818137, 48.019514 ], [ -2.819876, 48.02005 ], [ -2.822181, 48.02076 ], [ -2.828818, 48.019463 ], [ -2.830027, 48.015013 ], [ -2.830266, 48.011421 ], [ -2.831428, 48.010112 ], [ -2.83428, 48.007915 ], [ -2.834755, 48.008531 ], [ -2.834911, 48.008749 ], [ -2.835161, 48.009235 ], [ -2.835367, 48.010153 ], [ -2.841273, 48.015372 ], [ -2.84576, 48.013575 ], [ -2.847983, 48.009093 ], [ -2.849963, 48.006086 ], [ -2.854539, 48.003454 ], [ -2.857863, 48.00207 ], [ -2.858424, 48.003418 ], [ -2.867136, 48.001896 ], [ -2.868966, 48.000114 ], [ -2.869807, 47.999764 ], [ -2.870294, 47.999594 ], [ -2.870757, 47.999475 ], [ -2.871293, 47.999406 ], [ -2.871955, 47.999427 ], [ -2.876179, 47.997766 ], [ -2.875688, 47.990617 ], [ -2.873173, 47.988809 ], [ -2.872258, 47.988125 ], [ -2.87164, 47.987608 ], [ -2.870421, 47.986399 ], [ -2.869582, 47.985352 ], [ -2.869263, 47.984893 ], [ -2.868722, 47.983992 ], [ -2.868455, 47.983454 ], [ -2.868056, 47.982475 ], [ -2.867831, 47.98176 ], [ -2.867696, 47.98122 ], [ -2.867608, 47.980719 ], [ -2.867513, 47.979901 ], [ -2.86749, 47.979324 ], [ -2.867508, 47.978783 ], [ -2.867702, 47.975583 ], [ -2.866052, 47.966962 ], [ -2.864027, 47.96407 ], [ -2.861988, 47.961157 ], [ -2.861092, 47.959833 ], [ -2.859668, 47.957898 ], [ -2.859285, 47.956928 ], [ -2.859074, 47.956241 ], [ -2.859276, 47.949974 ], [ -2.859172, 47.946381 ], [ -2.86277, 47.946276 ], [ -2.864862, 47.953915 ], [ -2.866976, 47.962006 ], [ -2.869001, 47.964898 ], [ -2.869989, 47.966343 ], [ -2.870343, 47.966986 ], [ -2.870894, 47.96824 ], [ -2.871122, 47.968945 ], [ -2.871356, 47.969897 ], [ -2.871498, 47.970958 ], [ -2.871492, 47.972518 ], [ -2.871296, 47.975801 ], [ -2.871102, 47.979001 ], [ -2.874555, 47.985353 ], [ -2.875323, 47.985922 ], [ -2.877789, 47.987694 ], [ -2.886453, 47.986908 ], [ -2.894398, 47.985703 ], [ -2.900992, 47.989906 ], [ -2.908423, 47.985802 ], [ -2.908942, 47.981978 ], [ -2.9087, 47.979272 ], [ -2.908675, 47.978779 ], [ -2.908726, 47.978255 ], [ -2.90893, 47.977308 ], [ -2.91245, 47.978067 ], [ -2.921305, 47.979487 ], [ -2.922075, 47.978666 ], [ -2.922355, 47.97834 ], [ -2.923947, 47.978218 ], [ -2.924524, 47.978333 ], [ -2.924866, 47.978488 ], [ -2.925021, 47.978578 ], [ -2.930872, 47.983471 ], [ -2.931246, 47.984634 ], [ -2.930605, 47.987061 ], [ -2.928759, 47.987237 ], [ -2.921833, 47.992107 ], [ -2.925788, 47.99742 ], [ -2.926426, 47.997584 ], [ -2.929765, 47.997617 ], [ -2.933291, 47.998344 ], [ -2.939544, 48.001297 ], [ -2.943677, 48.00042 ], [ -2.945015, 47.99267 ], [ -2.944346, 47.989132 ], [ -2.946904, 47.987487 ], [ -2.950489, 47.987154 ], [ -2.95931, 47.98851 ], [ -2.962557, 47.986956 ], [ -2.966034, 47.987049 ], [ -2.969594, 47.986514 ], [ -2.977955, 47.98396 ], [ -2.978055, 47.983433 ], [ -2.97825, 47.982646 ], [ -2.978456, 47.981972 ], [ -2.97876, 47.981131 ], [ -2.979321, 47.979657 ], [ -2.980543, 47.97273 ], [ -2.98091, 47.969526 ], [ -2.977858, 47.961931 ], [ -2.977813, 47.960341 ], [ -2.977936, 47.960106 ], [ -2.97815, 47.959766 ], [ -2.979329, 47.958645 ], [ -2.980386, 47.959118 ], [ -2.983627, 47.960569 ], [ -2.986404, 47.961757 ], [ -2.989858, 47.962772 ], [ -2.995975, 47.957697 ], [ -2.997804, 47.957586 ], [ -2.998697, 47.957617 ], [ -3.005241, 47.957694 ], [ -3.007996, 47.953221 ], [ -3.007861, 47.950683 ], [ -3.005911, 47.946288 ], [ -3.003043, 47.943932 ], [ -3.000216, 47.941609 ], [ -2.999806, 47.941286 ], [ -2.999165, 47.940703 ], [ -2.998469, 47.939958 ], [ -2.99801, 47.93935 ], [ -3.000882, 47.937179 ], [ -3.005328, 47.94115 ], [ -3.008196, 47.943506 ], [ -3.008738, 47.944004 ], [ -3.009542, 47.944811 ], [ -3.01009, 47.945553 ], [ -3.010715, 47.946723 ], [ -3.011201, 47.948164 ], [ -3.011353, 47.949129 ], [ -3.011451, 47.950417 ], [ -3.011591, 47.953029 ], [ -3.019418, 47.955695 ], [ -3.022031, 47.952122 ], [ -3.022051, 47.952052 ], [ -3.023112, 47.95091 ], [ -3.024925, 47.949389 ], [ -3.025818, 47.94838 ], [ -3.026767, 47.947869 ], [ -3.028085, 47.947666 ], [ -3.02869, 47.948775 ], [ -3.030344, 47.951376 ], [ -3.031687, 47.952794 ], [ -3.035688, 47.955286 ], [ -3.039435, 47.956072 ], [ -3.040374, 47.957226 ], [ -3.040776, 47.958017 ], [ -3.041151, 47.959237 ], [ -3.040603, 47.959534 ], [ -3.039324, 47.966579 ], [ -3.045328, 47.96747 ], [ -3.046696, 47.967326 ], [ -3.047511, 47.96905 ], [ -3.053165, 47.975903 ], [ -3.054246, 47.97739 ], [ -3.062248, 47.979226 ], [ -3.064276, 47.978866 ], [ -3.071865, 47.974869 ], [ -3.070122, 47.97196 ], [ -3.067055, 47.967019 ], [ -3.061167, 47.965326 ], [ -3.059694, 47.965358 ], [ -3.058544, 47.965354 ], [ -3.057858, 47.965201 ], [ -3.057239, 47.964923 ], [ -3.056311, 47.964262 ], [ -3.055875, 47.963566 ], [ -3.05566, 47.962862 ], [ -3.055245, 47.953873 ], [ -3.05065, 47.951173 ], [ -3.045466, 47.946914 ], [ -3.045942, 47.943346 ], [ -3.047656, 47.939016 ], [ -3.048305, 47.938145 ], [ -3.056539, 47.93742 ], [ -3.058875, 47.937627 ], [ -3.062454, 47.939887 ], [ -3.067837, 47.940755 ], [ -3.06801, 47.940794 ], [ -3.074539, 47.939174 ], [ -3.076328, 47.936163 ], [ -3.076683, 47.935498 ], [ -3.079374, 47.930865 ], [ -3.084418, 47.930483 ], [ -3.087924, 47.9313 ], [ -3.09451, 47.93204 ], [ -3.098109, 47.931975 ], [ -3.102448, 47.934234 ], [ -3.10558, 47.934143 ], [ -3.111354, 47.928004 ], [ -3.112383, 47.928037 ], [ -3.115102, 47.927897 ], [ -3.117176, 47.927823 ], [ -3.119225, 47.92775 ], [ -3.122081, 47.928107 ], [ -3.128816, 47.923858 ], [ -3.129255, 47.9225 ], [ -3.129496, 47.921981 ], [ -3.131172, 47.917577 ], [ -3.134122, 47.916941 ], [ -3.13628, 47.916973 ], [ -3.136298, 47.916988 ], [ -3.136315, 47.917001 ], [ -3.138249, 47.918574 ], [ -3.135389, 47.926046 ], [ -3.138508, 47.933179 ], [ -3.139173, 47.933632 ], [ -3.14766, 47.93305 ], [ -3.147894, 47.932952 ], [ -3.148622, 47.932655 ], [ -3.148695, 47.932686 ], [ -3.151508, 47.934807 ], [ -3.15448, 47.941201 ], [ -3.157494, 47.947909 ], [ -3.159371, 47.949516 ], [ -3.167656, 47.948948 ], [ -3.171243, 47.949261 ], [ -3.175737, 47.952919 ], [ -3.183485, 47.954617 ], [ -3.185404, 47.951571 ], [ -3.192561, 47.946573 ], [ -3.193614, 47.945642 ], [ -3.194013, 47.945403 ], [ -3.196645, 47.946433 ], [ -3.197592, 47.948486 ], [ -3.205372, 47.950275 ], [ -3.206128, 47.952099 ], [ -3.206629, 47.953649 ], [ -3.205017, 47.954249 ], [ -3.204033, 47.954618 ], [ -3.197603, 47.959348 ], [ -3.197497, 47.959458 ], [ -3.195836, 47.961285 ], [ -3.19485, 47.961227 ], [ -3.19188, 47.959446 ], [ -3.18576, 47.965389 ], [ -3.186093, 47.966775 ], [ -3.191606, 47.970969 ], [ -3.192065, 47.971018 ], [ -3.192909, 47.971004 ], [ -3.193231, 47.974589 ], [ -3.194495, 47.97762 ], [ -3.20102, 47.979723 ], [ -3.202759, 47.980318 ], [ -3.203387, 47.980483 ], [ -3.20366, 47.980569 ], [ -3.204195, 47.980845 ], [ -3.204235, 47.980871 ], [ -3.204927, 47.981743 ], [ -3.205091, 47.982451 ], [ -3.207348, 47.987979 ], [ -3.215696, 47.986345 ], [ -3.216181, 47.9853 ], [ -3.2166, 47.984575 ], [ -3.216919, 47.983918 ], [ -3.217253, 47.983454 ], [ -3.217994, 47.982642 ], [ -3.219899, 47.979 ], [ -3.221033, 47.975584 ], [ -3.22607, 47.975689 ], [ -3.226392, 47.975731 ], [ -3.226748, 47.975916 ], [ -3.226519, 47.977207 ], [ -3.22592, 47.9793 ], [ -3.224288, 47.981535 ], [ -3.223936, 47.982135 ], [ -3.223449, 47.982665 ], [ -3.223123, 47.98297 ], [ -3.221853, 47.991187 ], [ -3.220562, 47.994573 ], [ -3.218908, 47.999019 ], [ -3.218172, 48.002543 ], [ -3.218222, 48.00396 ], [ -3.21818, 48.004083 ], [ -3.217626, 48.006082 ], [ -3.219459, 48.010873 ], [ -3.225613, 48.012488 ], [ -3.228732, 48.006777 ], [ -3.22852, 48.005869 ], [ -3.228504, 48.005265 ], [ -3.228668, 48.004553 ], [ -3.228919, 48.004069 ], [ -3.229421, 48.002094 ], [ -3.229563, 48.00135 ], [ -3.230233, 47.998669 ], [ -3.230406, 47.998059 ], [ -3.230667, 47.997457 ], [ -3.23107, 47.996809 ], [ -3.231701, 47.994936 ], [ -3.231855, 47.993896 ], [ -3.232064, 47.993349 ], [ -3.232636, 47.992668 ], [ -3.233003, 47.99242 ], [ -3.236013, 47.985929 ], [ -3.238175, 47.981319 ], [ -3.239283, 47.977894 ], [ -3.23852, 47.972748 ], [ -3.239011, 47.969181 ], [ -3.242426, 47.969652 ], [ -3.244448, 47.97269 ], [ -3.245421, 47.974573 ], [ -3.251235, 47.977917 ], [ -3.258898, 47.973363 ], [ -3.258936, 47.973266 ], [ -3.256241, 47.964822 ], [ -3.255446, 47.964822 ], [ -3.254534, 47.964615 ], [ -3.25371, 47.964312 ], [ -3.253532, 47.962688 ], [ -3.253858, 47.961986 ], [ -3.255973, 47.953797 ], [ -3.258305, 47.945528 ], [ -3.260523, 47.941457 ], [ -3.264323, 47.936741 ], [ -3.26786, 47.93607 ], [ -3.275844, 47.936663 ], [ -3.276732, 47.937953 ], [ -3.277691, 47.939753 ], [ -3.277382, 47.946538 ], [ -3.280754, 47.95343 ], [ -3.285642, 47.960457 ], [ -3.290628, 47.961041 ], [ -3.299317, 47.961062 ], [ -3.299618, 47.960077 ], [ -3.298021, 47.952826 ], [ -3.297106, 47.949344 ], [ -3.297926, 47.949129 ], [ -3.298573, 47.948996 ], [ -3.299115, 47.948935 ], [ -3.299592, 47.94893 ], [ -3.300019, 47.948961 ], [ -3.303567, 47.94957 ], [ -3.309274, 47.946676 ], [ -3.312663, 47.947891 ], [ -3.312555, 47.950838 ], [ -3.312603, 47.953906 ], [ -3.312127, 47.954383 ], [ -3.311323, 47.954812 ], [ -3.310507, 47.955006 ], [ -3.307421, 47.957367 ], [ -3.311795, 47.964151 ], [ -3.315232, 47.965223 ], [ -3.321584, 47.96921 ], [ -3.322166, 47.969369 ], [ -3.322621, 47.969566 ], [ -3.322985, 47.969781 ], [ -3.323441, 47.970103 ], [ -3.324103, 47.970899 ], [ -3.324201, 47.971139 ], [ -3.324692, 47.972362 ], [ -3.324712, 47.972635 ], [ -3.325981, 47.976152 ], [ -3.333227, 47.978058 ], [ -3.335311, 47.978702 ], [ -3.335326, 47.978724 ], [ -3.334956, 47.981329 ], [ -3.343433, 47.982966 ], [ -3.343725, 47.982538 ], [ -3.34414, 47.982133 ], [ -3.34436, 47.981974 ], [ -3.351165, 47.986294 ], [ -3.353115, 47.987286 ], [ -3.353508, 47.987523 ], [ -3.353708, 47.987712 ], [ -3.359142, 47.994856 ], [ -3.366878, 47.995692 ], [ -3.370382, 47.994868 ], [ -3.37558, 47.994522 ], [ -3.377451, 47.994248 ], [ -3.37758, 47.995546 ], [ -3.377972, 47.99781 ], [ -3.374369, 48.006056 ], [ -3.380804, 48.009685 ], [ -3.381326, 48.009665 ], [ -3.382051, 48.009699 ], [ -3.384962, 48.010094 ], [ -3.387721, 48.010475 ], [ -3.388132, 48.010496 ], [ -3.389419, 48.012077 ], [ -3.389436, 48.012228 ], [ -3.387951, 48.014092 ], [ -3.387539, 48.014071 ], [ -3.384477, 48.013661 ], [ -3.378562, 48.013989 ], [ -3.372938, 48.017161 ], [ -3.371534, 48.015932 ], [ -3.371119, 48.015417 ], [ -3.365404, 48.012465 ], [ -3.360047, 48.017584 ], [ -3.361727, 48.026411 ], [ -3.364034, 48.027426 ], [ -3.36541, 48.027861 ], [ -3.365866, 48.02816 ], [ -3.366385, 48.02856 ], [ -3.366821, 48.028909 ], [ -3.366715, 48.029828 ], [ -3.368922, 48.036163 ], [ -3.374512, 48.03611 ], [ -3.374989, 48.036007 ], [ -3.375217, 48.035985 ], [ -3.381846, 48.038739 ], [ -3.383569, 48.041787 ], [ -3.383284, 48.042436 ], [ -3.382856, 48.043043 ], [ -3.382212, 48.043531 ], [ -3.3793, 48.045605 ], [ -3.373071, 48.0472 ], [ -3.370046, 48.053917 ], [ -3.369973, 48.057516 ], [ -3.376408, 48.06342 ], [ -3.377949, 48.063132 ], [ -3.382207, 48.05992 ], [ -3.383622, 48.059795 ], [ -3.38722, 48.059668 ], [ -3.392742, 48.060125 ], [ -3.39363, 48.061303 ], [ -3.39429, 48.062443 ], [ -3.394252, 48.063393 ], [ -3.394071, 48.063476 ], [ -3.391064, 48.064865 ], [ -3.386581, 48.070415 ], [ -3.385381, 48.071099 ], [ -3.379164, 48.076583 ], [ -3.381339, 48.079588 ], [ -3.383397, 48.082542 ], [ -3.381469, 48.083884 ], [ -3.380946, 48.084162 ], [ -3.380498, 48.084326 ], [ -3.380619, 48.093211 ], [ -3.382878, 48.093141 ], [ -3.383474, 48.093292 ], [ -3.385678, 48.093264 ], [ -3.38584, 48.093226 ], [ -3.386226, 48.093303 ], [ -3.386258, 48.093405 ], [ -3.385969, 48.096894 ], [ -3.381624, 48.101028 ], [ -3.380858, 48.102026 ], [ -3.373357, 48.100765 ], [ -3.372635, 48.10091 ], [ -3.37038, 48.10162 ], [ -3.36679, 48.108867 ], [ -3.367996, 48.111129 ], [ -3.368575, 48.112158 ], [ -3.368901, 48.112673 ], [ -3.369241, 48.113161 ], [ -3.375169, 48.117349 ], [ -3.378664, 48.121073 ], [ -3.379822, 48.128346 ], [ -3.382607, 48.129306 ], [ -3.385495, 48.13035 ], [ -3.390443, 48.130112 ], [ -3.39144, 48.133571 ], [ -3.399592, 48.135204 ], [ -3.401595, 48.138195 ], [ -3.406769, 48.14359 ], [ -3.40951, 48.143524 ], [ -3.412369, 48.143456 ] ], [ [ -3.239052, 48.084638 ], [ -3.239092, 48.084351 ], [ -3.239159, 48.082841 ], [ -3.237099, 48.081808 ], [ -3.235294, 48.081483 ], [ -3.233517, 48.080869 ], [ -3.228777, 48.079875 ], [ -3.228213, 48.079596 ], [ -3.227747, 48.079393 ], [ -3.226958, 48.079163 ], [ -3.222603, 48.073496 ], [ -3.225884, 48.067231 ], [ -3.230519, 48.060981 ], [ -3.230921, 48.060657 ], [ -3.231555, 48.060079 ], [ -3.231295, 48.05724 ], [ -3.230871, 48.057084 ], [ -3.229649, 48.057024 ], [ -3.221589, 48.053367 ], [ -3.221545, 48.052915 ], [ -3.22615, 48.047326 ], [ -3.227496, 48.047205 ], [ -3.229622, 48.042803 ], [ -3.229429, 48.040731 ], [ -3.229102, 48.040144 ], [ -3.227993, 48.039592 ], [ -3.227094, 48.040048 ], [ -3.225411, 48.040899 ], [ -3.223725, 48.041751 ], [ -3.222734, 48.042305 ], [ -3.21787, 48.044257 ], [ -3.213211, 48.045828 ], [ -3.206233, 48.042663 ], [ -3.204777, 48.041486 ], [ -3.202746, 48.043019 ], [ -3.200098, 48.044914 ], [ -3.20123, 48.048331 ], [ -3.193372, 48.052704 ], [ -3.193114, 48.052492 ], [ -3.192393, 48.051984 ], [ -3.192103, 48.051728 ], [ -3.189371, 48.051567 ], [ -3.183343, 48.051832 ], [ -3.178987, 48.045867 ], [ -3.179228, 48.042977 ], [ -3.179699, 48.039982 ], [ -3.179391, 48.03938 ], [ -3.177919, 48.03621 ], [ -3.175762, 48.032311 ], [ -3.175187, 48.032202 ], [ -3.172979, 48.031733 ], [ -3.171647, 48.031638 ], [ -3.169469, 48.031351 ], [ -3.162995, 48.026385 ], [ -3.158773, 48.023218 ], [ -3.156303, 48.024471 ], [ -3.156136, 48.024576 ], [ -3.155602, 48.024922 ], [ -3.148479, 48.029771 ], [ -3.147291, 48.02938 ], [ -3.146714, 48.029408 ], [ -3.146015, 48.029535 ], [ -3.138787, 48.034723 ], [ -3.137318, 48.034331 ], [ -3.136663, 48.034481 ], [ -3.136152, 48.034693 ], [ -3.135724, 48.034908 ], [ -3.126846, 48.033728 ], [ -3.125647, 48.032095 ], [ -3.124861, 48.032443 ], [ -3.123989, 48.032931 ], [ -3.120964, 48.035864 ], [ -3.113954, 48.035314 ], [ -3.112566, 48.031992 ], [ -3.104453, 48.031768 ], [ -3.103555, 48.031453 ], [ -3.102978, 48.031314 ], [ -3.095694, 48.026208 ], [ -3.093768, 48.024593 ], [ -3.092831, 48.024026 ], [ -3.085809, 48.027871 ], [ -3.082796, 48.027492 ], [ -3.077501, 48.030232 ], [ -3.074463, 48.030778 ], [ -3.073033, 48.0346 ], [ -3.066782, 48.035943 ], [ -3.065511, 48.028793 ], [ -3.065509, 48.028779 ], [ -3.06486, 48.027857 ], [ -3.06434, 48.027327 ], [ -3.06422, 48.027292 ], [ -3.063086, 48.026951 ], [ -3.061718, 48.027071 ], [ -3.053426, 48.030257 ], [ -3.050209, 48.031872 ], [ -3.043371, 48.033542 ], [ -3.042214, 48.037552 ], [ -3.035363, 48.042561 ], [ -3.032749, 48.040824 ], [ -3.032369, 48.040456 ], [ -3.03179, 48.040048 ], [ -3.030165, 48.038794 ], [ -3.029679, 48.038413 ], [ -3.029393, 48.038249 ], [ -3.027839, 48.037463 ], [ -3.026453, 48.036612 ], [ -3.024335, 48.03521 ], [ -3.022953, 48.034014 ], [ -3.022464, 48.03374 ], [ -3.022093, 48.033609 ], [ -3.021673, 48.033526 ], [ -3.018693, 48.033332 ], [ -3.017135, 48.034303 ], [ -3.017055, 48.034521 ], [ -3.01676, 48.039152 ], [ -3.013207, 48.044093 ], [ -3.006873, 48.043078 ], [ -3.006416, 48.04273 ], [ -3.005926, 48.0425 ], [ -3.005442, 48.042366 ], [ -3.005428, 48.042374 ], [ -3.002344, 48.046565 ], [ -2.994194, 48.048338 ], [ -2.992551, 48.051541 ], [ -2.98879, 48.059261 ], [ -2.985531, 48.057731 ], [ -2.984783, 48.056737 ], [ -2.984301, 48.055959 ], [ -2.983999, 48.055771 ], [ -2.982885, 48.055301 ], [ -2.982857, 48.055304 ], [ -2.974524, 48.05731 ], [ -2.972074, 48.057196 ], [ -2.972043, 48.057202 ], [ -2.968027, 48.059766 ], [ -2.964266, 48.064821 ], [ -2.964151, 48.065159 ], [ -2.962989, 48.071408 ], [ -2.96412, 48.072645 ], [ -2.964121, 48.072646 ], [ -2.965892, 48.073536 ], [ -2.969797, 48.072838 ], [ -2.970093, 48.072808 ], [ -2.97479, 48.073554 ], [ -2.975099, 48.073719 ], [ -2.975226, 48.073773 ], [ -2.98022, 48.075536 ], [ -2.983773, 48.07599 ], [ -2.98944, 48.082117 ], [ -2.988848, 48.083687 ], [ -2.983563, 48.086775 ], [ -2.975247, 48.086078 ], [ -2.971817, 48.087172 ], [ -2.96413, 48.088777 ], [ -2.962616, 48.092043 ], [ -2.965839, 48.093537 ], [ -2.968109, 48.094589 ], [ -2.97038, 48.095641 ], [ -2.973869, 48.102976 ], [ -2.979632, 48.105788 ], [ -2.980758, 48.109207 ], [ -2.982761, 48.109867 ], [ -2.984126, 48.109423 ], [ -2.984422, 48.1093 ], [ -2.985641, 48.107707 ], [ -2.993954, 48.105425 ], [ -3.002179, 48.105739 ], [ -3.003315, 48.107397 ], [ -3.003451, 48.107706 ], [ -3.003764, 48.112688 ], [ -3.004417, 48.116228 ], [ -3.012023, 48.117646 ], [ -3.013334, 48.114294 ], [ -3.021255, 48.11157 ], [ -3.023459, 48.114416 ], [ -3.024818, 48.118005 ], [ -3.025735, 48.117988 ], [ -3.029764, 48.125826 ], [ -3.029508, 48.129417 ], [ -3.034787, 48.136622 ], [ -3.03295, 48.139717 ], [ -3.033183, 48.142564 ], [ -3.036768, 48.142899 ], [ -3.044267, 48.139622 ], [ -3.048696, 48.139781 ], [ -3.052612, 48.139714 ], [ -3.052691, 48.139657 ], [ -3.060528, 48.135808 ], [ -3.067619, 48.13923 ], [ -3.071208, 48.139514 ], [ -3.074149, 48.138942 ], [ -3.080184, 48.138781 ], [ -3.08557, 48.139182 ], [ -3.090886, 48.141219 ], [ -3.094574, 48.141404 ], [ -3.100702, 48.136244 ], [ -3.108895, 48.132869 ], [ -3.109589, 48.133426 ], [ -3.110863, 48.132881 ], [ -3.110221, 48.129338 ], [ -3.109854, 48.121794 ], [ -3.118671, 48.121877 ], [ -3.119432, 48.122623 ], [ -3.120022, 48.123039 ], [ -3.123011, 48.129576 ], [ -3.123647, 48.13312 ], [ -3.125017, 48.132873 ], [ -3.126107, 48.132709 ], [ -3.132959, 48.134652 ], [ -3.135303, 48.137385 ], [ -3.137587, 48.136695 ], [ -3.146253, 48.137168 ], [ -3.148675, 48.145435 ], [ -3.15138, 48.148863 ], [ -3.151457, 48.148937 ], [ -3.151875, 48.1492 ], [ -3.154362, 48.147724 ], [ -3.15537, 48.143313 ], [ -3.159597, 48.135447 ], [ -3.160124, 48.135443 ], [ -3.161375, 48.133385 ], [ -3.161333, 48.133217 ], [ -3.158962, 48.127649 ], [ -3.158094, 48.124155 ], [ -3.156493, 48.117784 ], [ -3.157528, 48.114336 ], [ -3.16254, 48.110016 ], [ -3.165759, 48.106538 ], [ -3.166768, 48.105072 ], [ -3.167241, 48.104413 ], [ -3.173204, 48.100284 ], [ -3.179492, 48.101091 ], [ -3.183312, 48.10406 ], [ -3.187802, 48.101263 ], [ -3.193946, 48.096399 ], [ -3.195342, 48.096098 ], [ -3.19576, 48.091751 ], [ -3.204167, 48.089424 ], [ -3.211843, 48.088602 ], [ -3.218146, 48.08515 ], [ -3.218855, 48.084812 ], [ -3.221408, 48.083613 ], [ -3.22836, 48.086354 ], [ -3.236716, 48.085802 ], [ -3.237973, 48.08624 ], [ -3.238564, 48.085364 ], [ -3.239052, 48.084638 ] ] ] ] } },
{ "type": "Feature", "properties": { "fid": 11, "ID": null, "CENTER_LON": "-3.4157034931763013", "CENTER_LAT": "48.58867039769412", "AA_MINS": 30, "AA_MODE": "driving-car", "TOTAL_POP": "77478" }, "geometry": { "type": "MultiPolygon", "coordinates": [ [ [ [ -3.671434, 48.560175 ], [ -3.673755, 48.559782 ], [ -3.675671, 48.559377 ], [ -3.675801, 48.559439 ], [ -3.678255745198748, 48.563015882274932 ], [ -3.675642, 48.562007 ], [ -3.674974, 48.561668 ], [ -3.673161, 48.560416 ], [ -3.671573, 48.56019 ], [ -3.67134512831378, 48.560174850635825 ], [ -3.671434, 48.560175 ] ] ], [ [ [ -3.670839, 48.560174 ], [ -3.671012318077765, 48.560174291290892 ], [ -3.670745478069747, 48.560185371152812 ], [ -3.670839, 48.560174 ] ] ], [ [ [ -3.672497, 48.573312 ], [ -3.670616, 48.573469 ], [ -3.669631, 48.573593 ], [ -3.667943, 48.57387 ], [ -3.666254, 48.574241 ], [ -3.664586, 48.574706 ], [ -3.66287, 48.575287 ], [ -3.66115, 48.575964 ], [ -3.658016, 48.577218 ], [ -3.654871, 48.578476 ], [ -3.654029, 48.578794 ], [ -3.653139, 48.5791 ], [ -3.652407, 48.579323 ], [ -3.650815, 48.57968 ], [ -3.649917, 48.579828 ], [ -3.649163, 48.579916 ], [ -3.648419, 48.579974 ], [ -3.647684, 48.580008 ], [ -3.646923, 48.580013 ], [ -3.646171, 48.579992 ], [ -3.645367, 48.579931 ], [ -3.644666, 48.579859 ], [ -3.641669, 48.579241 ], [ -3.635215, 48.580274 ], [ -3.63313, 48.587934 ], [ -3.632309, 48.591482 ], [ -3.62819, 48.592724 ], [ -3.627834, 48.59291 ], [ -3.62743, 48.593058 ], [ -3.62674, 48.593229 ], [ -3.622976, 48.595006 ], [ -3.621759, 48.595425 ], [ -3.621376, 48.595607 ], [ -3.618753, 48.598393 ], [ -3.622961, 48.605128 ], [ -3.62756, 48.609368 ], [ -3.62839, 48.609866 ], [ -3.626539, 48.612954 ], [ -3.621522, 48.619773 ], [ -3.618568, 48.619462 ], [ -3.61801, 48.618983 ], [ -3.611561, 48.612912 ], [ -3.610089, 48.612802 ], [ -3.603352, 48.615951 ], [ -3.599846, 48.615131 ], [ -3.596068, 48.622827 ], [ -3.595193, 48.623046 ], [ -3.594015, 48.623284 ], [ -3.593313, 48.623384 ], [ -3.59256, 48.623411 ], [ -3.591581, 48.62323 ], [ -3.58612, 48.623719 ], [ -3.585562, 48.623898 ], [ -3.583201, 48.6234 ], [ -3.576056, 48.628207 ], [ -3.575911, 48.628819 ], [ -3.572281, 48.633415 ], [ -3.571162, 48.634007 ], [ -3.569942, 48.635153 ], [ -3.569835, 48.635178 ], [ -3.568016, 48.634371 ], [ -3.567974, 48.634299 ], [ -3.56774, 48.63359 ], [ -3.567923, 48.632436 ], [ -3.566931, 48.627576 ], [ -3.564342, 48.625691 ], [ -3.564069, 48.625598 ], [ -3.563872, 48.625495 ], [ -3.563767, 48.625407 ], [ -3.56325, 48.624913 ], [ -3.562128, 48.62349 ], [ -3.554021, 48.621136 ], [ -3.551877, 48.622991 ], [ -3.553725, 48.630431 ], [ -3.554605, 48.63086 ], [ -3.555019, 48.63132 ], [ -3.556788, 48.632483 ], [ -3.557499, 48.632994 ], [ -3.557864, 48.633523 ], [ -3.558068, 48.634199 ], [ -3.558111, 48.638776 ], [ -3.559066, 48.640508 ], [ -3.559963, 48.641453 ], [ -3.562939, 48.643602 ], [ -3.56359, 48.64407 ], [ -3.564675, 48.644766 ], [ -3.569571, 48.646399 ], [ -3.5728, 48.646014 ], [ -3.576583, 48.643133 ], [ -3.577932, 48.641889 ], [ -3.578467, 48.641551 ], [ -3.578864, 48.641301 ], [ -3.580796, 48.641878 ], [ -3.580931, 48.642082 ], [ -3.581707, 48.643201 ], [ -3.581628, 48.6468 ], [ -3.578861, 48.64823 ], [ -3.575149, 48.654549 ], [ -3.575486, 48.662914 ], [ -3.575979, 48.663832 ], [ -3.576108, 48.664232 ], [ -3.577406, 48.667905 ], [ -3.575254, 48.670792 ], [ -3.574387, 48.670233 ], [ -3.571772, 48.668576 ], [ -3.564795, 48.665641 ], [ -3.55795, 48.669065 ], [ -3.55783, 48.671918 ], [ -3.558087, 48.676848 ], [ -3.561577, 48.683212 ], [ -3.562642, 48.684079 ], [ -3.56278, 48.68425 ], [ -3.562996, 48.684519 ], [ -3.563077, 48.684643 ], [ -3.562988, 48.685122 ], [ -3.562733, 48.685885 ], [ -3.562711, 48.685915 ], [ -3.562622, 48.686017 ], [ -3.561535, 48.686346 ], [ -3.560058, 48.686605 ], [ -3.55275, 48.689726 ], [ -3.547777, 48.691313 ], [ -3.545783, 48.689455 ], [ -3.538747, 48.691176 ], [ -3.536719, 48.694284 ], [ -3.535286, 48.697586 ], [ -3.53386, 48.696967 ], [ -3.53354, 48.696794 ], [ -3.533014, 48.69633 ], [ -3.524197, 48.697058 ], [ -3.52337, 48.69891 ], [ -3.52287, 48.699291 ], [ -3.522703, 48.699381 ], [ -3.521285, 48.697244 ], [ -3.513586, 48.699031 ], [ -3.513042, 48.699229 ], [ -3.508998, 48.70685 ], [ -3.503184, 48.712083 ], [ -3.50218, 48.713549 ], [ -3.501295, 48.714043 ], [ -3.500871, 48.714259 ], [ -3.494236, 48.717733 ], [ -3.491873, 48.719149 ], [ -3.490003, 48.716073 ], [ -3.481744, 48.714527 ], [ -3.479331, 48.713856 ], [ -3.478245, 48.713679 ], [ -3.473444, 48.71241 ], [ -3.472971, 48.71233 ], [ -3.470296, 48.711948 ], [ -3.468178, 48.710985 ], [ -3.465467, 48.710834 ], [ -3.459629, 48.716223 ], [ -3.46157, 48.720853 ], [ -3.461603, 48.720905 ], [ -3.464183, 48.725508 ], [ -3.463403, 48.727922 ], [ -3.462369, 48.733176 ], [ -3.462129, 48.733399 ], [ -3.458556, 48.734826 ], [ -3.457408, 48.735158 ], [ -3.45358, 48.74236 ], [ -3.456028, 48.750576 ], [ -3.457371, 48.751114 ], [ -3.456593, 48.754629 ], [ -3.448409, 48.758118 ], [ -3.448291, 48.758113 ], [ -3.448159, 48.758096 ], [ -3.446372, 48.757805 ], [ -3.442028, 48.755061 ], [ -3.440615, 48.754355 ], [ -3.43265, 48.752803 ], [ -3.429696, 48.75486 ], [ -3.426469, 48.758131 ], [ -3.424723, 48.759063 ], [ -3.424429, 48.759057 ], [ -3.422893, 48.757716 ], [ -3.420046, 48.755606 ], [ -3.412224, 48.75426 ], [ -3.410618, 48.751038 ], [ -3.405012, 48.745079 ], [ -3.403608, 48.745293 ], [ -3.402847, 48.745426 ], [ -3.40064, 48.745971 ], [ -3.399352, 48.746115 ], [ -3.39898, 48.746101 ], [ -3.398834, 48.746051 ], [ -3.392864, 48.745616 ], [ -3.388277, 48.74858 ], [ -3.382191, 48.749385 ], [ -3.379051, 48.751238 ], [ -3.373779, 48.754411 ], [ -3.369782, 48.757068 ], [ -3.363694, 48.752886 ], [ -3.361567, 48.752121 ], [ -3.355228, 48.751232 ], [ -3.351563, 48.751659 ], [ -3.350155, 48.751983 ], [ -3.349842, 48.751132 ], [ -3.347014, 48.743285 ], [ -3.347133, 48.740666 ], [ -3.347393, 48.740502 ], [ -3.350327, 48.737664 ], [ -3.349621, 48.730261 ], [ -3.344221, 48.729802 ], [ -3.343782, 48.729851 ], [ -3.343347, 48.72991 ], [ -3.3425, 48.729658 ], [ -3.338135, 48.726225 ], [ -3.335428, 48.725258 ], [ -3.334376, 48.725098 ], [ -3.332925, 48.724961 ], [ -3.326842, 48.730757 ], [ -3.326867, 48.731638 ], [ -3.326594, 48.732496 ], [ -3.32184, 48.733585 ], [ -3.319007, 48.731903 ], [ -3.310902, 48.728961 ], [ -3.306798, 48.736233 ], [ -3.299475, 48.739443 ], [ -3.298626, 48.740161 ], [ -3.291276, 48.73751 ], [ -3.290461, 48.737779 ], [ -3.290082, 48.73796 ], [ -3.289309, 48.746312 ], [ -3.29093, 48.746952 ], [ -3.290484, 48.750524 ], [ -3.289667, 48.752693 ], [ -3.288365, 48.754356 ], [ -3.279802, 48.755417 ], [ -3.279528, 48.75531 ], [ -3.278621, 48.75453 ], [ -3.276449, 48.753273 ], [ -3.269727, 48.752936 ], [ -3.266162, 48.754065 ], [ -3.265594, 48.754311 ], [ -3.265203, 48.75443 ], [ -3.264773, 48.754505 ], [ -3.26423, 48.754532 ], [ -3.263637, 48.754469 ], [ -3.262129, 48.754106 ], [ -3.255137, 48.749971 ], [ -3.253165, 48.750036 ], [ -3.252394, 48.749948 ], [ -3.252301, 48.749919 ], [ -3.253009, 48.745622 ], [ -3.253379, 48.743111 ], [ -3.256164, 48.741985 ], [ -3.260856, 48.740744 ], [ -3.26775, 48.737367 ], [ -3.268092, 48.737037 ], [ -3.268714, 48.736562 ], [ -3.269652, 48.736144 ], [ -3.271335, 48.73575 ], [ -3.271613, 48.735667 ], [ -3.271934, 48.735557 ], [ -3.272627, 48.735241 ], [ -3.273374, 48.73481 ], [ -3.275724, 48.731196 ], [ -3.270583, 48.72494 ], [ -3.269636, 48.72489 ], [ -3.265824, 48.723485 ], [ -3.263958, 48.72143 ], [ -3.26358, 48.720683 ], [ -3.263033, 48.719631 ], [ -3.25897, 48.714342 ], [ -3.25323, 48.711547 ], [ -3.251959, 48.710422 ], [ -3.248313, 48.706537 ], [ -3.245444, 48.704181 ], [ -3.247107, 48.700988 ], [ -3.253696, 48.695235 ], [ -3.253633, 48.686666 ], [ -3.24631, 48.685416 ], [ -3.242009, 48.686703 ], [ -3.241147, 48.687325 ], [ -3.240635, 48.687594 ], [ -3.240395, 48.687685 ], [ -3.239913, 48.687837 ], [ -3.234376, 48.688301 ], [ -3.232167, 48.689344 ], [ -3.231954, 48.689296 ], [ -3.230937, 48.688524 ], [ -3.230832, 48.688162 ], [ -3.230765, 48.687525 ], [ -3.230822, 48.687113 ], [ -3.231134, 48.686384 ], [ -3.231432, 48.678961 ], [ -3.230234, 48.676695 ], [ -3.223549, 48.674104 ], [ -3.223625, 48.672661 ], [ -3.223471, 48.671006 ], [ -3.222737, 48.668797 ], [ -3.2163, 48.665431 ], [ -3.215948, 48.665419 ], [ -3.211648, 48.666499 ], [ -3.20939, 48.668452 ], [ -3.207368, 48.668603 ], [ -3.20621, 48.665195 ], [ -3.199445, 48.663851 ], [ -3.199391, 48.663876 ], [ -3.19848, 48.663634 ], [ -3.196972, 48.663014 ], [ -3.195489, 48.661631 ], [ -3.19546, 48.660254 ], [ -3.196737, 48.658647 ], [ -3.197084, 48.658362 ], [ -3.198066, 48.65777 ], [ -3.202227, 48.656804 ], [ -3.202597, 48.656679 ], [ -3.203093, 48.65656 ], [ -3.205848, 48.657357 ], [ -3.206415, 48.657527 ], [ -3.213895, 48.658502 ], [ -3.214666, 48.658561 ], [ -3.215336, 48.658705 ], [ -3.216438, 48.658785 ], [ -3.217016, 48.658852 ], [ -3.218351, 48.658806 ], [ -3.221413, 48.658246 ], [ -3.223705, 48.651176 ], [ -3.220031, 48.648286 ], [ -3.219341, 48.644752 ], [ -3.219723, 48.641707 ], [ -3.213623, 48.637291 ], [ -3.213047, 48.63725 ], [ -3.210832, 48.6375 ], [ -3.209285, 48.637144 ], [ -3.208756, 48.637024 ], [ -3.208475, 48.636919 ], [ -3.20742, 48.634043 ], [ -3.207188, 48.633095 ], [ -3.206506, 48.62905 ], [ -3.201042, 48.625585 ], [ -3.194914, 48.629545 ], [ -3.191231, 48.635801 ], [ -3.190469, 48.638768 ], [ -3.188915, 48.639927 ], [ -3.188829, 48.639945 ], [ -3.188698, 48.639965 ], [ -3.186872, 48.638615 ], [ -3.184618, 48.635837 ], [ -3.182536, 48.633415 ], [ -3.180148, 48.630721 ], [ -3.171556, 48.62938 ], [ -3.163599, 48.629585 ], [ -3.163211, 48.629657 ], [ -3.162553, 48.626118 ], [ -3.165558, 48.617698 ], [ -3.159382, 48.61474 ], [ -3.156536, 48.615436 ], [ -3.154703, 48.61662 ], [ -3.151862, 48.616814 ], [ -3.15057, 48.617187 ], [ -3.149299, 48.613819 ], [ -3.150049, 48.613535 ], [ -3.150408, 48.613426 ], [ -3.155623, 48.60914 ], [ -3.156464, 48.602657 ], [ -3.150775, 48.599436 ], [ -3.148847, 48.599251 ], [ -3.148802, 48.599217 ], [ -3.148582, 48.598892 ], [ -3.148302, 48.597845 ], [ -3.148147, 48.597316 ], [ -3.148319, 48.59561 ], [ -3.141275, 48.590326 ], [ -3.13768, 48.59013 ], [ -3.134435, 48.589112 ], [ -3.13113, 48.587685 ], [ -3.129252, 48.579294 ], [ -3.120859, 48.57831 ], [ -3.118135, 48.580636 ], [ -3.110459, 48.581058 ], [ -3.11002, 48.580943 ], [ -3.109489, 48.580642 ], [ -3.105798, 48.577929 ], [ -3.100496, 48.577072 ], [ -3.093629, 48.574159 ], [ -3.085031, 48.574817 ], [ -3.079552, 48.578145 ], [ -3.075871, 48.578659 ], [ -3.074485, 48.575337 ], [ -3.078079, 48.572569 ], [ -3.083634, 48.571499 ], [ -3.085323, 48.570824 ], [ -3.086777, 48.562949 ], [ -3.085793, 48.559486 ], [ -3.078569, 48.555621 ], [ -3.075518, 48.556794 ], [ -3.070101, 48.555736 ], [ -3.067615, 48.556129 ], [ -3.066545, 48.556311 ], [ -3.065591, 48.554892 ], [ -3.065562, 48.55477 ], [ -3.065943, 48.552761 ], [ -3.067012, 48.55258 ], [ -3.069539, 48.55218 ], [ -3.06987, 48.552115 ], [ -3.074445, 48.546769 ], [ -3.071415, 48.542754 ], [ -3.069432, 48.542268 ], [ -3.067435, 48.541778 ], [ -3.065547, 48.541298 ], [ -3.06367, 48.540822 ], [ -3.062131, 48.540439 ], [ -3.06133, 48.540274 ], [ -3.060236, 48.540016 ], [ -3.058305, 48.539528 ], [ -3.056398, 48.539047 ], [ -3.054182, 48.538256 ], [ -3.050014, 48.53772 ], [ -3.044297, 48.543875 ], [ -3.041189, 48.545423 ], [ -3.041007, 48.545336 ], [ -3.037035, 48.544415 ], [ -3.032155, 48.547631 ], [ -3.030226, 48.550671 ], [ -3.028776, 48.55053 ], [ -3.027712, 48.54799 ], [ -3.026239, 48.545495 ], [ -3.026231, 48.544056 ], [ -3.020481, 48.5383 ], [ -3.019542, 48.538173 ], [ -3.019051, 48.538094 ], [ -3.018187, 48.538007 ], [ -3.016273, 48.537987 ], [ -3.013662, 48.537975 ], [ -3.011051, 48.537964 ], [ -3.00454, 48.538701 ], [ -3.003007, 48.539009 ], [ -2.999224, 48.538432 ], [ -2.99792, 48.537958 ], [ -2.997875, 48.537802 ], [ -2.997307, 48.536368 ], [ -2.990318, 48.531539 ], [ -2.988768, 48.531408 ], [ -2.986726, 48.531285 ], [ -2.984666, 48.531191 ], [ -2.982747, 48.53115 ], [ -2.981455, 48.531145 ], [ -2.980176, 48.53115 ], [ -2.978639, 48.531176 ], [ -2.977369, 48.531217 ], [ -2.976065, 48.531267 ], [ -2.971361, 48.531535 ], [ -2.969252, 48.531663 ], [ -2.969034, 48.528069 ], [ -2.96996, 48.527831 ], [ -2.975869, 48.527673 ], [ -2.977228, 48.527619 ], [ -2.978523, 48.527578 ], [ -2.980114, 48.52755 ], [ -2.981442, 48.527545 ], [ -2.982761, 48.52755 ], [ -2.984743, 48.527592 ], [ -2.986889, 48.527689 ], [ -2.988985, 48.527815 ], [ -2.99062, 48.527952 ], [ -2.99298, 48.528189 ], [ -2.995349, 48.528483 ], [ -2.997443, 48.528788 ], [ -3.004521, 48.526636 ], [ -3.012363, 48.528542 ], [ -3.014884, 48.526145 ], [ -3.015385, 48.525137 ], [ -3.015725, 48.524543 ], [ -3.020787, 48.520932 ], [ -3.023174, 48.520044 ], [ -3.025608, 48.519445 ], [ -3.034029, 48.519893 ], [ -3.036883, 48.52295 ], [ -3.037119, 48.523104 ], [ -3.042164, 48.525187 ], [ -3.046546, 48.523459 ], [ -3.047764, 48.522267 ], [ -3.0485, 48.521514 ], [ -3.052885, 48.522104 ], [ -3.053333, 48.522242 ], [ -3.053995, 48.522559 ], [ -3.055037, 48.523703 ], [ -3.055158, 48.524233 ], [ -3.055168, 48.524652 ], [ -3.055066, 48.527175 ], [ -3.055309, 48.530767 ], [ -3.060783, 48.536139 ], [ -3.063157, 48.536718 ], [ -3.070381, 48.534075 ], [ -3.071043, 48.532001 ], [ -3.071123, 48.531694 ], [ -3.071526, 48.530205 ], [ -3.074916, 48.526716 ], [ -3.074985, 48.526663 ], [ -3.075558, 48.526356 ], [ -3.078392, 48.524894 ], [ -3.081917, 48.524159 ], [ -3.086296, 48.52628 ], [ -3.090331, 48.52623 ], [ -3.096805, 48.521082 ], [ -3.099408, 48.513782 ], [ -3.102518, 48.511937 ], [ -3.109086, 48.509077 ], [ -3.10969, 48.506379 ], [ -3.109698, 48.501728 ], [ -3.109191, 48.500422 ], [ -3.109327, 48.499621 ], [ -3.109579, 48.499005 ], [ -3.116021, 48.493471 ], [ -3.117153, 48.492459 ], [ -3.12028, 48.491736 ], [ -3.120388, 48.49203 ], [ -3.120537, 48.492676 ], [ -3.120573, 48.493141 ], [ -3.120521, 48.493624 ], [ -3.120368, 48.494096 ], [ -3.121811, 48.500637 ], [ -3.122005, 48.50085 ], [ -3.124068, 48.503061 ], [ -3.132349, 48.50047 ], [ -3.132747, 48.49971 ], [ -3.135456, 48.496589 ], [ -3.136163, 48.49519 ], [ -3.136845, 48.495006 ], [ -3.138997, 48.495941 ], [ -3.139085, 48.496419 ], [ -3.141187, 48.501206 ], [ -3.146747, 48.501914 ], [ -3.147791, 48.501877 ], [ -3.153563, 48.500574 ], [ -3.155061, 48.501903 ], [ -3.162457, 48.503538 ], [ -3.16592, 48.503832 ], [ -3.169111, 48.502165 ], [ -3.170706, 48.495664 ], [ -3.171488, 48.493113 ], [ -3.175587, 48.490418 ], [ -3.179121, 48.491104 ], [ -3.186985, 48.491748 ], [ -3.190697, 48.485271 ], [ -3.187179, 48.477439 ], [ -3.186396, 48.476153 ], [ -3.186034, 48.473263 ], [ -3.185991, 48.472676 ], [ -3.186061, 48.47221 ], [ -3.186312, 48.471577 ], [ -3.186426, 48.471402 ], [ -3.186536, 48.471247 ], [ -3.188726, 48.471068 ], [ -3.196426, 48.471631 ], [ -3.199335, 48.471245 ], [ -3.201679, 48.470905 ], [ -3.203041, 48.470735 ], [ -3.203487, 48.474307 ], [ -3.210827, 48.479453 ], [ -3.211474, 48.479323 ], [ -3.211889, 48.479321 ], [ -3.219698, 48.475479 ], [ -3.219919, 48.474379 ], [ -3.220196, 48.473236 ], [ -3.220562, 48.471784 ], [ -3.22112, 48.470631 ], [ -3.221894, 48.469972 ], [ -3.222657, 48.469683 ], [ -3.224996, 48.468678 ], [ -3.225714, 48.46839 ], [ -3.2264, 48.468291 ], [ -3.227359, 48.468301 ], [ -3.229614, 48.471524 ], [ -3.230598, 48.472877 ], [ -3.230503, 48.473584 ], [ -3.232263, 48.478871 ], [ -3.240297, 48.478878 ], [ -3.244851, 48.476956 ], [ -3.247509, 48.473886 ], [ -3.247762, 48.473886 ], [ -3.248595, 48.473812 ], [ -3.254388, 48.467494 ], [ -3.248985, 48.464561 ], [ -3.247344, 48.464833 ], [ -3.244264, 48.465468 ], [ -3.241443, 48.463232 ], [ -3.241582, 48.463056 ], [ -3.242147, 48.462449 ], [ -3.24258, 48.462086 ], [ -3.243698, 48.461257 ], [ -3.245399, 48.459973 ], [ -3.24618, 48.459575 ], [ -3.246733, 48.459367 ], [ -3.247624, 48.459276 ], [ -3.248164, 48.459387 ], [ -3.24836, 48.459455 ], [ -3.25583, 48.454508 ], [ -3.258653, 48.452274 ], [ -3.260442, 48.453317 ], [ -3.265908, 48.453401 ], [ -3.270092, 48.446008 ], [ -3.270227, 48.445813 ], [ -3.27066, 48.445367 ], [ -3.27157, 48.444771 ], [ -3.27513, 48.444238 ], [ -3.275194, 48.444663 ], [ -3.275225, 48.445077 ], [ -3.280526, 48.452342 ], [ -3.288575, 48.45146 ], [ -3.293595, 48.448014 ], [ -3.295555, 48.444994 ], [ -3.302159, 48.441888 ], [ -3.305467, 48.440469 ], [ -3.306029, 48.441534 ], [ -3.314609, 48.443028 ], [ -3.316028, 48.440916 ], [ -3.321278, 48.437787 ], [ -3.321604, 48.437487 ], [ -3.321985, 48.437209 ], [ -3.328073, 48.430856 ], [ -3.328541, 48.430394 ], [ -3.32898, 48.430091 ], [ -3.330303, 48.429266 ], [ -3.331622, 48.430764 ], [ -3.339757, 48.429921 ], [ -3.343132, 48.428872 ], [ -3.348238, 48.428638 ], [ -3.356918, 48.427027 ], [ -3.358219, 48.42367 ], [ -3.363522, 48.423748 ], [ -3.363836, 48.423701 ], [ -3.368966, 48.422332 ], [ -3.374518, 48.416751 ], [ -3.37476, 48.415434 ], [ -3.37486, 48.414503 ], [ -3.374885, 48.414429 ], [ -3.375548, 48.413992 ], [ -3.37609, 48.413802 ], [ -3.376186, 48.413776 ], [ -3.377151, 48.413612 ], [ -3.37762, 48.413866 ], [ -3.378667, 48.414943 ], [ -3.38697, 48.413627 ], [ -3.389542, 48.409265 ], [ -3.389613, 48.405666 ], [ -3.389803, 48.40567 ], [ -3.390557, 48.405738 ], [ -3.391082, 48.405816 ], [ -3.391644, 48.405931 ], [ -3.392879, 48.406422 ], [ -3.39341, 48.406569 ], [ -3.393433, 48.406582 ], [ -3.396434, 48.407283 ], [ -3.401254, 48.401991 ], [ -3.401607, 48.401195 ], [ -3.40283, 48.399527 ], [ -3.406296, 48.398553 ], [ -3.41496, 48.397859 ], [ -3.416492, 48.396798 ], [ -3.418542, 48.399757 ], [ -3.41701, 48.400818 ], [ -3.417131, 48.408801 ], [ -3.417157, 48.40894 ], [ -3.417317, 48.410052 ], [ -3.416517, 48.410537 ], [ -3.414743, 48.411613 ], [ -3.414205, 48.41185 ], [ -3.411536, 48.413114 ], [ -3.407913, 48.416232 ], [ -3.406524, 48.421907 ], [ -3.40611, 48.427938 ], [ -3.405964, 48.428307 ], [ -3.405551, 48.429401 ], [ -3.405465, 48.435416 ], [ -3.404942, 48.436448 ], [ -3.406426, 48.441606 ], [ -3.413341, 48.440068 ], [ -3.416005, 48.437647 ], [ -3.423119, 48.436332 ], [ -3.425978, 48.43333 ], [ -3.43057, 48.432008 ], [ -3.432711, 48.431104 ], [ -3.433988, 48.431158 ], [ -3.434235, 48.431205 ], [ -3.434524, 48.431398 ], [ -3.437289, 48.433513 ], [ -3.437124, 48.43711 ], [ -3.437035, 48.43726 ], [ -3.435802, 48.440642 ], [ -3.441487, 48.445755 ], [ -3.442717, 48.44568 ], [ -3.443475, 48.445512 ], [ -3.443916, 48.445477 ], [ -3.447973, 48.445433 ], [ -3.449631, 48.446021 ], [ -3.457146, 48.444442 ], [ -3.457164, 48.444432 ], [ -3.458571, 48.443773 ], [ -3.458934, 48.443594 ], [ -3.462551, 48.444724 ], [ -3.462761, 48.448318 ], [ -3.459208, 48.451777 ], [ -3.451951, 48.45337 ], [ -3.449433, 48.457878 ], [ -3.448133, 48.460274 ], [ -3.446981, 48.461425 ], [ -3.443654, 48.466504 ], [ -3.442227, 48.474139 ], [ -3.450674, 48.473077 ], [ -3.450966, 48.473 ], [ -3.455337, 48.476081 ], [ -3.459444, 48.477022 ], [ -3.460851, 48.477591 ], [ -3.461088, 48.477824 ], [ -3.46892, 48.48141 ], [ -3.471581, 48.481119 ], [ -3.472109, 48.480978 ], [ -3.477629, 48.474251 ], [ -3.478146, 48.473079 ], [ -3.479461, 48.466601 ], [ -3.481144, 48.459518 ], [ -3.482187, 48.459441 ], [ -3.482795, 48.459453 ], [ -3.483207, 48.459509 ], [ -3.49002, 48.454062 ], [ -3.490657, 48.453215 ], [ -3.491183, 48.452502 ], [ -3.491692, 48.452736 ], [ -3.49204, 48.452934 ], [ -3.492384, 48.453192 ], [ -3.492826, 48.453684 ], [ -3.493238, 48.454349 ], [ -3.494031, 48.455617 ], [ -3.494419, 48.456282 ], [ -3.494626, 48.456779 ], [ -3.494715, 48.457573 ], [ -3.499267, 48.464249 ], [ -3.501582, 48.464476 ], [ -3.503898, 48.464702 ], [ -3.503547, 48.468285 ], [ -3.501536, 48.476409 ], [ -3.505686, 48.482946 ], [ -3.51036, 48.488142 ], [ -3.510533, 48.491738 ], [ -3.51762, 48.497017 ], [ -3.52456, 48.495323 ], [ -3.527917, 48.49601 ], [ -3.528402, 48.495997 ], [ -3.534999, 48.490255 ], [ -3.538273, 48.488759 ], [ -3.539269, 48.490938 ], [ -3.539455, 48.491679 ], [ -3.539481, 48.4923 ], [ -3.544163, 48.498831 ], [ -3.54702, 48.499425 ], [ -3.549918, 48.50569 ], [ -3.552064, 48.507422 ], [ -3.560211, 48.508902 ], [ -3.566569, 48.506862 ], [ -3.56675, 48.506948 ], [ -3.569245, 48.508303 ], [ -3.569348, 48.509821 ], [ -3.573339, 48.517036 ], [ -3.578385, 48.515389 ], [ -3.579387, 48.515537 ], [ -3.581772, 48.51572 ], [ -3.589022, 48.513078 ], [ -3.589697, 48.512886 ], [ -3.590126, 48.512775 ], [ -3.594011, 48.514628 ], [ -3.599828, 48.51837 ], [ -3.602524, 48.520212 ], [ -3.603112, 48.52057 ], [ -3.603918, 48.5212 ], [ -3.609137, 48.523983 ], [ -3.61491, 48.523225 ], [ -3.615401, 48.523071 ], [ -3.619606, 48.527022 ], [ -3.620152, 48.527754 ], [ -3.620741, 48.528609 ], [ -3.617777, 48.530652 ], [ -3.622649, 48.537438 ], [ -3.622891, 48.537395 ], [ -3.625523, 48.537935 ], [ -3.631471, 48.53498 ], [ -3.635279, 48.533568 ], [ -3.637079, 48.536686 ], [ -3.637322, 48.541786 ], [ -3.640405, 48.546807 ], [ -3.640937, 48.547142 ], [ -3.641052, 48.547247 ], [ -3.641609, 48.548059 ], [ -3.649699, 48.548356 ], [ -3.650488, 48.545928 ], [ -3.650346, 48.543747 ], [ -3.656089, 48.541584 ], [ -3.656644, 48.541299 ], [ -3.657309, 48.541056 ], [ -3.65779, 48.540969 ], [ -3.662629, 48.540252 ], [ -3.664723, 48.540259 ], [ -3.665062, 48.540286 ], [ -3.665578, 48.540423 ], [ -3.666269, 48.540861 ], [ -3.673822, 48.544816 ], [ -3.672378, 48.548114 ], [ -3.671442, 48.547774 ], [ -3.670694, 48.547457 ], [ -3.669179, 48.546816 ], [ -3.666538, 48.54631 ], [ -3.663739, 48.545784 ], [ -3.662337, 48.545956 ], [ -3.661662, 48.546084 ], [ -3.658882, 48.554618 ], [ -3.664644, 48.560848 ], [ -3.669156, 48.560511 ], [ -3.66963, 48.560359 ], [ -3.670033, 48.560272 ], [ -3.670075386196166, 48.560266846343389 ], [ -3.670067, 48.560268 ], [ -3.667205, 48.565104 ], [ -3.661553, 48.571814 ], [ -3.659727, 48.572525 ], [ -3.656589, 48.573783 ], [ -3.653484, 48.575029 ], [ -3.652729, 48.575316 ], [ -3.651946, 48.575583 ], [ -3.648804, 48.576227 ], [ -3.640853, 48.574973 ], [ -3.64028, 48.574708 ], [ -3.63837, 48.573782 ], [ -3.636399, 48.572828 ], [ -3.635047, 48.57224 ], [ -3.633212, 48.571534 ], [ -3.632238, 48.571202 ], [ -3.631228, 48.570895 ], [ -3.629354, 48.570384 ], [ -3.627607, 48.569982 ], [ -3.625457, 48.569605 ], [ -3.623636, 48.569357 ], [ -3.621138, 48.569132 ], [ -3.619023, 48.569 ], [ -3.616509, 48.568841 ], [ -3.614937, 48.568731 ], [ -3.606959, 48.565604 ], [ -3.606061, 48.565594 ], [ -3.604989, 48.565589 ], [ -3.604723, 48.565588 ], [ -3.598823, 48.566963 ], [ -3.594793, 48.566644 ], [ -3.590762, 48.566326 ], [ -3.587125, 48.566038 ], [ -3.583488, 48.56575 ], [ -3.583204, 48.569339 ], [ -3.586841, 48.569627 ], [ -3.590479, 48.569914 ], [ -3.594509, 48.570233 ], [ -3.598539, 48.570552 ], [ -3.601059, 48.570773 ], [ -3.603529, 48.571031 ], [ -3.605416, 48.571264 ], [ -3.607296, 48.571518 ], [ -3.609012, 48.571743 ], [ -3.610159, 48.571875 ], [ -3.612974, 48.572169 ], [ -3.614617, 48.572317 ], [ -3.616257, 48.572432 ], [ -3.618799, 48.572593 ], [ -3.620914, 48.572725 ], [ -3.623313, 48.572942 ], [ -3.624968, 48.573171 ], [ -3.628542, 48.573891 ], [ -3.636799, 48.577021 ], [ -3.638709, 48.577947 ], [ -3.63934, 48.57824 ], [ -3.640011, 48.578527 ], [ -3.64078, 48.578822 ], [ -3.641631, 48.579109 ], [ -3.642667, 48.579383 ], [ -3.645325, 48.57982 ], [ -3.646049, 48.579875 ], [ -3.646771, 48.579904 ], [ -3.647534, 48.579905 ], [ -3.649015, 48.579821 ], [ -3.64979, 48.579736 ], [ -3.65061, 48.579608 ], [ -3.6514, 48.57945 ], [ -3.652177, 48.579264 ], [ -3.652955, 48.579039 ], [ -3.653885, 48.578725 ], [ -3.654759, 48.578396 ], [ -3.657929, 48.577125 ], [ -3.661066, 48.575867 ], [ -3.66286, 48.575168 ], [ -3.664581, 48.574585 ], [ -3.666314, 48.574111 ], [ -3.667987, 48.573746 ], [ -3.669683, 48.573478 ], [ -3.670674, 48.573357 ], [ -3.671669, 48.573266 ], [ -3.672553, 48.573204 ], [ -3.672774144020036, 48.573300747052549 ], [ -3.672497, 48.573312 ] ], [ [ -3.490585, 48.609624 ], [ -3.490444, 48.609385 ], [ -3.489224, 48.60833 ], [ -3.483988, 48.604437 ], [ -3.479666, 48.599568 ], [ -3.47708, 48.597179 ], [ -3.474884, 48.594326 ], [ -3.470067, 48.587534 ], [ -3.469811, 48.584022 ], [ -3.470277, 48.580452 ], [ -3.475105, 48.574488 ], [ -3.474296, 48.57098 ], [ -3.467571, 48.569575 ], [ -3.465273, 48.566803 ], [ -3.462539, 48.560314 ], [ -3.46287, 48.556729 ], [ -3.469556, 48.554316 ], [ -3.471059, 48.551045 ], [ -3.469967, 48.550543 ], [ -3.468775, 48.550041 ], [ -3.467346, 48.549498 ], [ -3.465833, 48.549 ], [ -3.464335, 48.548558 ], [ -3.46272, 48.548158 ], [ -3.460991, 48.547802 ], [ -3.459205, 48.547503 ], [ -3.458133, 48.547368 ], [ -3.456739, 48.54723 ], [ -3.450906, 48.545897 ], [ -3.447158, 48.540312 ], [ -3.446172, 48.538312 ], [ -3.444706, 48.537675 ], [ -3.438191, 48.538515 ], [ -3.437582, 48.539849 ], [ -3.437656, 48.541221 ], [ -3.437156, 48.544786 ], [ -3.429982, 48.54715 ], [ -3.425886, 48.546793 ], [ -3.424721, 48.546705 ], [ -3.423449, 48.546636 ], [ -3.4222, 48.546596 ], [ -3.415597, 48.54205 ], [ -3.414116, 48.538969 ], [ -3.412754, 48.537538 ], [ -3.412597, 48.537498 ], [ -3.411928, 48.537455 ], [ -3.411365, 48.53751 ], [ -3.402718, 48.535024 ], [ -3.40024, 48.535385 ], [ -3.39526, 48.529742 ], [ -3.396179, 48.526487 ], [ -3.394175, 48.523497 ], [ -3.392878, 48.524366 ], [ -3.392545, 48.524556 ], [ -3.391859, 48.524934 ], [ -3.383242, 48.522853 ], [ -3.379885, 48.524154 ], [ -3.380287, 48.525192 ], [ -3.380326, 48.529739 ], [ -3.372762, 48.533813 ], [ -3.372334, 48.533752 ], [ -3.371898, 48.533737 ], [ -3.367301, 48.532027 ], [ -3.365001, 48.534796 ], [ -3.36789, 48.54188 ], [ -3.364178, 48.547825 ], [ -3.358785, 48.546264 ], [ -3.357976, 48.546788 ], [ -3.357589, 48.547073 ], [ -3.352357, 48.549677 ], [ -3.350261, 48.551285 ], [ -3.342692, 48.552767 ], [ -3.339286, 48.552061 ], [ -3.331345, 48.550292 ], [ -3.329868, 48.547766 ], [ -3.321761, 48.544807 ], [ -3.314509, 48.540025 ], [ -3.311144, 48.541304 ], [ -3.311332, 48.547064 ], [ -3.313617, 48.554119 ], [ -3.309239, 48.561097 ], [ -3.303971, 48.563484 ], [ -3.296912, 48.565914 ], [ -3.292159, 48.566035 ], [ -3.290772, 48.566066 ], [ -3.284133, 48.566948 ], [ -3.283295, 48.566964 ], [ -3.281273, 48.56708 ], [ -3.279861, 48.567207 ], [ -3.278465, 48.567356 ], [ -3.277272, 48.567496 ], [ -3.27769, 48.571072 ], [ -3.278883, 48.570932 ], [ -3.280243, 48.570787 ], [ -3.281596, 48.570665 ], [ -3.285071, 48.570557 ], [ -3.288572, 48.570693 ], [ -3.289586, 48.570701 ], [ -3.29066, 48.570658 ], [ -3.291635, 48.570567 ], [ -3.292528, 48.570439 ], [ -3.293485, 48.570263 ], [ -3.296495, 48.569616 ], [ -3.304241, 48.570191 ], [ -3.311616, 48.571828 ], [ -3.317183, 48.577242 ], [ -3.318429, 48.579169 ], [ -3.319833, 48.582484 ], [ -3.323351, 48.589682 ], [ -3.320124, 48.591812 ], [ -3.320007, 48.591912 ], [ -3.3193, 48.593506 ], [ -3.319214, 48.594205 ], [ -3.321724, 48.595601 ], [ -3.322203, 48.595793 ], [ -3.322752, 48.5959 ], [ -3.323341, 48.595935 ], [ -3.325634, 48.596035 ], [ -3.329962, 48.599687 ], [ -3.328186, 48.605089 ], [ -3.321024, 48.609145 ], [ -3.320917, 48.610281 ], [ -3.320447, 48.612698 ], [ -3.316675, 48.620596 ], [ -3.312274, 48.621483 ], [ -3.311279, 48.624138 ], [ -3.311527, 48.625004 ], [ -3.311928, 48.625089 ], [ -3.312329, 48.625138 ], [ -3.316772, 48.625727 ], [ -3.32103, 48.627595 ], [ -3.328734, 48.629303 ], [ -3.331065, 48.631574 ], [ -3.332107, 48.632245 ], [ -3.33273, 48.632309 ], [ -3.332987, 48.6323 ], [ -3.334539, 48.63063 ], [ -3.338448, 48.623494 ], [ -3.344371, 48.623421 ], [ -3.346672, 48.62491 ], [ -3.347467, 48.632474 ], [ -3.3467, 48.635992 ], [ -3.347869, 48.636247 ], [ -3.348202, 48.636303 ], [ -3.348631, 48.636329 ], [ -3.351195, 48.636786 ], [ -3.351361, 48.64526 ], [ -3.351873, 48.647429 ], [ -3.352083, 48.648787 ], [ -3.35334, 48.648589 ], [ -3.35389, 48.648481 ], [ -3.361096, 48.647488 ], [ -3.363967, 48.647586 ], [ -3.368491, 48.653161 ], [ -3.368464, 48.654623 ], [ -3.371406, 48.657259 ], [ -3.372773, 48.657689 ], [ -3.373179, 48.657494 ], [ -3.373612, 48.657209 ], [ -3.374107, 48.65662 ], [ -3.374397, 48.65596 ], [ -3.374607, 48.655494 ], [ -3.376766, 48.652229 ], [ -3.384996, 48.64893 ], [ -3.387763, 48.65114 ], [ -3.388407, 48.651671 ], [ -3.388845, 48.651876 ], [ -3.389011, 48.651933 ], [ -3.390812, 48.651326 ], [ -3.390888, 48.651221 ], [ -3.390325, 48.64861 ], [ -3.38949, 48.647474 ], [ -3.394812, 48.640295 ], [ -3.397437, 48.642759 ], [ -3.403569, 48.64485 ], [ -3.404258, 48.645373 ], [ -3.407014, 48.648121 ], [ -3.407323, 48.648635 ], [ -3.407648, 48.649074 ], [ -3.41121, 48.647235 ], [ -3.411162, 48.643636 ], [ -3.41606, 48.6395 ], [ -3.417345, 48.636137 ], [ -3.423814, 48.631236 ], [ -3.427188, 48.630239 ], [ -3.433086, 48.630777 ], [ -3.440786, 48.627246 ], [ -3.44499, 48.633853 ], [ -3.445044, 48.634062 ], [ -3.446446, 48.635291 ], [ -3.452142, 48.637101 ], [ -3.453425, 48.636834 ], [ -3.453951, 48.636569 ], [ -3.454238, 48.634175 ], [ -3.455625, 48.630185 ], [ -3.458762, 48.62661 ], [ -3.466486, 48.62496 ], [ -3.46823, 48.625013 ], [ -3.472867, 48.620662 ], [ -3.481422, 48.618316 ], [ -3.481942, 48.618884 ], [ -3.482497, 48.619395 ], [ -3.483364, 48.618812 ], [ -3.484936, 48.616748 ], [ -3.490334, 48.611755 ], [ -3.490585, 48.609624 ] ] ] ] } },
{ "type": "Feature", "properties": { "fid": 12, "ID": null, "CENTER_LON": "-3.3997443589501475", "CENTER_LAT": "47.720819179802476", "AA_MINS": 30, "AA_MODE": "driving-car", "TOTAL_POP": "187419" }, "geometry": { "type": "MultiPolygon", "coordinates": [ [ [ [ -3.501073, 47.730637 ], [ -3.501418, 47.731481 ], [ -3.503955, 47.739335 ], [ -3.505118, 47.742003 ], [ -3.510969, 47.74866 ], [ -3.511585, 47.749247 ], [ -3.511927, 47.749651 ], [ -3.512223, 47.750074 ], [ -3.519299, 47.755525 ], [ -3.51977, 47.75574 ], [ -3.520257, 47.756016 ], [ -3.521186, 47.756678 ], [ -3.521568, 47.756998 ], [ -3.522122, 47.757575 ], [ -3.522619, 47.758322 ], [ -3.523915, 47.76422 ], [ -3.526056, 47.766942 ], [ -3.528604, 47.772521 ], [ -3.528709, 47.773159 ], [ -3.528808, 47.773682 ], [ -3.52886, 47.774404 ], [ -3.529006, 47.775869 ], [ -3.528754, 47.778391 ], [ -3.529245, 47.781413 ], [ -3.52564, 47.788291 ], [ -3.52583, 47.79262 ], [ -3.533248, 47.793952 ], [ -3.540263, 47.792137 ], [ -3.541044, 47.791568 ], [ -3.545551, 47.786809 ], [ -3.548324, 47.784513 ], [ -3.550392, 47.784955 ], [ -3.555529, 47.78598 ], [ -3.556213, 47.789514 ], [ -3.558113, 47.798211 ], [ -3.558965, 47.798471 ], [ -3.565687, 47.797982 ], [ -3.5728, 47.794955 ], [ -3.578159, 47.79473 ], [ -3.58134, 47.79535 ], [ -3.582527, 47.797304 ], [ -3.582559, 47.798738 ], [ -3.581459, 47.799351 ], [ -3.581338, 47.799387 ], [ -3.575934, 47.801397 ], [ -3.574782, 47.801799 ], [ -3.570067, 47.808935 ], [ -3.576737, 47.811403 ], [ -3.580335, 47.811523 ], [ -3.584116, 47.819083 ], [ -3.586625, 47.822986 ], [ -3.586887, 47.823341 ], [ -3.591174, 47.827562 ], [ -3.598312, 47.828505 ], [ -3.60046, 47.827334 ], [ -3.602609, 47.826162 ], [ -3.604757, 47.824991 ], [ -3.6069, 47.823821 ], [ -3.608628, 47.822873 ], [ -3.611366, 47.824463 ], [ -3.611592, 47.824698 ], [ -3.612199, 47.826179 ], [ -3.614524, 47.832107 ], [ -3.617982, 47.833109 ], [ -3.619522, 47.838345 ], [ -3.625702, 47.843457 ], [ -3.632138, 47.845773 ], [ -3.639046, 47.844981 ], [ -3.644281, 47.845499 ], [ -3.645001, 47.845647 ], [ -3.645599, 47.846206 ], [ -3.645705, 47.847035 ], [ -3.644277, 47.849173 ], [ -3.638931, 47.851557 ], [ -3.638669, 47.851583 ], [ -3.638232, 47.851593 ], [ -3.637404, 47.851465 ], [ -3.636832, 47.851256 ], [ -3.634397, 47.850212 ], [ -3.633939, 47.850139 ], [ -3.633665, 47.850077 ], [ -3.633123, 47.849904 ], [ -3.630453, 47.849301 ], [ -3.629632, 47.849283 ], [ -3.62643, 47.849496 ], [ -3.622629, 47.856205 ], [ -3.622967, 47.859789 ], [ -3.631906, 47.8607 ], [ -3.635643, 47.861868 ], [ -3.637395, 47.861799 ], [ -3.637538, 47.865396 ], [ -3.637282, 47.867973 ], [ -3.637288, 47.868397 ], [ -3.637836, 47.872613 ], [ -3.643609, 47.87572 ], [ -3.645484, 47.875684 ], [ -3.647341, 47.875649 ], [ -3.64971, 47.875582 ], [ -3.652114, 47.875514 ], [ -3.654499, 47.875494 ], [ -3.65596, 47.875541 ], [ -3.657015, 47.875596 ], [ -3.658176, 47.875681 ], [ -3.66031, 47.875913 ], [ -3.661914, 47.876144 ], [ -3.662845, 47.876305 ], [ -3.664622, 47.876663 ], [ -3.665809, 47.876941 ], [ -3.668311, 47.877525 ], [ -3.671911, 47.878574 ], [ -3.67551, 47.879623 ], [ -3.679225, 47.880705 ], [ -3.680638, 47.881216 ], [ -3.68294, 47.881788 ], [ -3.685052, 47.88237 ], [ -3.686083, 47.882722 ], [ -3.687819, 47.883025 ], [ -3.695126, 47.878034 ], [ -3.697124, 47.875894 ], [ -3.697874, 47.875362 ], [ -3.698507, 47.87499 ], [ -3.699266, 47.87482 ], [ -3.704748, 47.880171 ], [ -3.711074790802565, 47.885216142161624 ], [ -3.709452, 47.885254 ], [ -3.7043, 47.885177 ], [ -3.700503, 47.884944 ], [ -3.694332, 47.884232 ], [ -3.69191, 47.88384 ], [ -3.691335, 47.887394 ], [ -3.693758, 47.887786 ], [ -3.698371, 47.888365 ], [ -3.700176, 47.888529 ], [ -3.701964, 47.888662 ], [ -3.704115, 47.888773 ], [ -3.709459, 47.888854 ], [ -3.711764, 47.888802 ], [ -3.71359, 47.888732 ], [ -3.716338, 47.888554 ], [ -3.71908, 47.8883 ], [ -3.722704, 47.88796 ], [ -3.726327, 47.887621 ], [ -3.72995, 47.887282 ], [ -3.733573, 47.886943 ], [ -3.738133, 47.886523 ], [ -3.740254, 47.886327 ], [ -3.741546, 47.886224 ], [ -3.747206, 47.886108 ], [ -3.750995, 47.886338 ], [ -3.751557543032402, 47.88641077973849 ], [ -3.75155, 47.886491 ], [ -3.748543, 47.886255 ], [ -3.747141, 47.886199 ], [ -3.745128, 47.886178 ], [ -3.743448, 47.886215 ], [ -3.741733, 47.886305 ], [ -3.740255, 47.886421 ], [ -3.738159, 47.886618 ], [ -3.736035, 47.886818 ], [ -3.72932, 47.887437 ], [ -3.72505, 47.887836 ], [ -3.72078, 47.888235 ], [ -3.71651, 47.888633 ], [ -3.714787, 47.888755 ], [ -3.708781, 47.890911 ], [ -3.706077, 47.891503 ], [ -3.704186, 47.898963 ], [ -3.704946, 47.900652 ], [ -3.705903, 47.902127 ], [ -3.706689, 47.904388 ], [ -3.706851, 47.90485 ], [ -3.706978, 47.905508 ], [ -3.70688, 47.906211 ], [ -3.706858, 47.906274 ], [ -3.704141, 47.906931 ], [ -3.700662, 47.905372 ], [ -3.699247, 47.903041 ], [ -3.694813, 47.896359 ], [ -3.692457, 47.894012 ], [ -3.688538, 47.886958 ], [ -3.686853, 47.886593 ], [ -3.685275, 47.88623 ], [ -3.684109, 47.885945 ], [ -3.681942, 47.885348 ], [ -3.679628, 47.884672 ], [ -3.67734, 47.884003 ], [ -3.675052, 47.883334 ], [ -3.672763, 47.882665 ], [ -3.669363, 47.881682 ], [ -3.665958, 47.880698 ], [ -3.664906, 47.880426 ], [ -3.663802, 47.880168 ], [ -3.662136, 47.879835 ], [ -3.661303, 47.879692 ], [ -3.659797, 47.879476 ], [ -3.65779, 47.879261 ], [ -3.656754, 47.879186 ], [ -3.655774, 47.879136 ], [ -3.654386, 47.879093 ], [ -3.652146, 47.879114 ], [ -3.645967, 47.884012 ], [ -3.642298, 47.892008 ], [ -3.644894, 47.893352 ], [ -3.645176, 47.896039 ], [ -3.644467, 47.896927 ], [ -3.642448, 47.897499 ], [ -3.639815, 47.897864 ], [ -3.638861, 47.897796 ], [ -3.634321, 47.8965 ], [ -3.628992, 47.894975 ], [ -3.620696, 47.895561 ], [ -3.619817, 47.895797 ], [ -3.61916, 47.89593 ], [ -3.618685, 47.895982 ], [ -3.617726, 47.89611 ], [ -3.617195, 47.896185 ], [ -3.615527, 47.896509 ], [ -3.60823, 47.901334 ], [ -3.60777, 47.901401 ], [ -3.606364, 47.90037 ], [ -3.598752, 47.897557 ], [ -3.597449, 47.898138 ], [ -3.596848, 47.898425 ], [ -3.596749, 47.898468 ], [ -3.595352, 47.898408 ], [ -3.590121, 47.904678 ], [ -3.589673, 47.904936 ], [ -3.589543, 47.904989 ], [ -3.588715, 47.905065 ], [ -3.580561, 47.905365 ], [ -3.578501, 47.906349 ], [ -3.576815, 47.90665 ], [ -3.574661, 47.906988 ], [ -3.574008, 47.907093 ], [ -3.566221, 47.908103 ], [ -3.564484, 47.907559 ], [ -3.560278, 47.903527 ], [ -3.554833, 47.899743 ], [ -3.552043, 47.89604 ], [ -3.551414, 47.895266 ], [ -3.551141, 47.894863 ], [ -3.54877, 47.887951 ], [ -3.547739, 47.88676 ], [ -3.539776, 47.88713 ], [ -3.537949, 47.890232 ], [ -3.534374, 47.894415 ], [ -3.533571, 47.895584 ], [ -3.533164, 47.895729 ], [ -3.526251, 47.897793 ], [ -3.523987, 47.896886 ], [ -3.52361, 47.895346 ], [ -3.522587, 47.891456 ], [ -3.521861, 47.888999 ], [ -3.521763, 47.887952 ], [ -3.520442, 47.879712 ], [ -3.515441, 47.878715 ], [ -3.514014, 47.878969 ], [ -3.513729, 47.879044 ], [ -3.51106, 47.879863 ], [ -3.508629, 47.880477 ], [ -3.508032, 47.880598 ], [ -3.502051, 47.883028 ], [ -3.497749, 47.887242 ], [ -3.494185, 47.887754 ], [ -3.488041, 47.888049 ], [ -3.486186, 47.887417 ], [ -3.479907, 47.885641 ], [ -3.476757, 47.885385 ], [ -3.468768, 47.88635 ], [ -3.467019, 47.883203 ], [ -3.458678, 47.880457 ], [ -3.452841, 47.886857 ], [ -3.452847, 47.887733 ], [ -3.452803, 47.888462 ], [ -3.451693, 47.888439 ], [ -3.450949, 47.88839 ], [ -3.44921, 47.888248 ], [ -3.447351, 47.883731 ], [ -3.44386, 47.877271 ], [ -3.443269, 47.876518 ], [ -3.436597, 47.871407 ], [ -3.429678, 47.866868 ], [ -3.428344, 47.866784 ], [ -3.427658, 47.866651 ], [ -3.423773, 47.865655 ], [ -3.422357, 47.86427 ], [ -3.421414, 47.863208 ], [ -3.420047, 47.86205 ], [ -3.418996, 47.861439 ], [ -3.411656, 47.866646 ], [ -3.411667, 47.867224 ], [ -3.411783, 47.868284 ], [ -3.411603, 47.869738 ], [ -3.40803, 47.869295 ], [ -3.404033, 47.867152 ], [ -3.402253, 47.863438 ], [ -3.402109, 47.859841 ], [ -3.404349, 47.857279 ], [ -3.404417, 47.851458 ], [ -3.400112, 47.848131 ], [ -3.393424, 47.849755 ], [ -3.392082, 47.856433 ], [ -3.391966, 47.85684 ], [ -3.390698, 47.858252 ], [ -3.388187, 47.862174 ], [ -3.384989, 47.863162 ], [ -3.381433, 47.863724 ], [ -3.3768, 47.858238 ], [ -3.375897, 47.857337 ], [ -3.374451, 47.85551 ], [ -3.370579, 47.851573 ], [ -3.362818, 47.850873 ], [ -3.359316, 47.851708 ], [ -3.352867, 47.849589 ], [ -3.345184, 47.852402 ], [ -3.344185, 47.85591 ], [ -3.344538, 47.858615 ], [ -3.344904, 47.861467 ], [ -3.344943, 47.862481 ], [ -3.344898, 47.863209 ], [ -3.344824, 47.863786 ], [ -3.344735, 47.864274 ], [ -3.344456, 47.865332 ], [ -3.343982, 47.866558 ], [ -3.343103, 47.868627 ], [ -3.342198, 47.870754 ], [ -3.341213, 47.872864 ], [ -3.340227, 47.874974 ], [ -3.336966, 47.873451 ], [ -3.337951, 47.871341 ], [ -3.338937, 47.869231 ], [ -3.33979, 47.867219 ], [ -3.340669, 47.865151 ], [ -3.341308, 47.86164 ], [ -3.340968, 47.859081 ], [ -3.340616, 47.856375 ], [ -3.340263, 47.85367 ], [ -3.333736, 47.847572 ], [ -3.332907, 47.84759 ], [ -3.331215, 47.847551 ], [ -3.324446, 47.853438 ], [ -3.32255, 47.859349 ], [ -3.319418, 47.859508 ], [ -3.319043, 47.859501 ], [ -3.312865, 47.859772 ], [ -3.311939, 47.856293 ], [ -3.311232, 47.852485 ], [ -3.303982, 47.847197 ], [ -3.302123, 47.8473 ], [ -3.298784, 47.848529 ], [ -3.295211, 47.848736 ], [ -3.294019, 47.848736 ], [ -3.289518, 47.849078 ], [ -3.286019, 47.848229 ], [ -3.284587, 47.846495 ], [ -3.285671, 47.843062 ], [ -3.285546, 47.83445 ], [ -3.278153, 47.835739 ], [ -3.271144, 47.832455 ], [ -3.263074, 47.829653 ], [ -3.254691, 47.830632 ], [ -3.25097, 47.830737 ], [ -3.243582, 47.832256 ], [ -3.241846, 47.831492 ], [ -3.235895, 47.829316 ], [ -3.235306, 47.828356 ], [ -3.233483, 47.826643 ], [ -3.224678, 47.827982 ], [ -3.222888, 47.829082 ], [ -3.22265, 47.829156 ], [ -3.221901, 47.82926 ], [ -3.221155, 47.829249 ], [ -3.220741, 47.829179 ], [ -3.22023, 47.828973 ], [ -3.21935, 47.828125 ], [ -3.218976, 47.82778 ], [ -3.211226, 47.823776 ], [ -3.209368, 47.824615 ], [ -3.206141, 47.825971 ], [ -3.202956, 47.827308 ], [ -3.201638, 47.827875 ], [ -3.200486, 47.828402 ], [ -3.199495, 47.828906 ], [ -3.198688, 47.829363 ], [ -3.196514, 47.830633 ], [ -3.194316, 47.831917 ], [ -3.193606, 47.832309 ], [ -3.188727, 47.838479 ], [ -3.187545, 47.846289 ], [ -3.191018, 47.847237 ], [ -3.190332, 47.849749 ], [ -3.189508, 47.851417 ], [ -3.183323, 47.851608 ], [ -3.182966, 47.851576 ], [ -3.176208, 47.851181 ], [ -3.173925, 47.854911 ], [ -3.173406, 47.856303 ], [ -3.170693, 47.856498 ], [ -3.16495, 47.854512 ], [ -3.16261, 47.851057 ], [ -3.161517, 47.847627 ], [ -3.15299, 47.849834 ], [ -3.152422, 47.851614 ], [ -3.151344, 47.853036 ], [ -3.150645, 47.852677 ], [ -3.150168, 47.852354 ], [ -3.149809, 47.852011 ], [ -3.147776, 47.849832 ], [ -3.140278, 47.846238 ], [ -3.138453, 47.845996 ], [ -3.130328, 47.846175 ], [ -3.128811, 47.84715 ], [ -3.128328, 47.84751 ], [ -3.127883, 47.847871 ], [ -3.12662, 47.848965 ], [ -3.124203, 47.850974 ], [ -3.122618, 47.852332 ], [ -3.120318, 47.85426 ], [ -3.118619, 47.855657 ], [ -3.117026, 47.857013 ], [ -3.116533, 47.857378 ], [ -3.115578, 47.858034 ], [ -3.115096, 47.858325 ], [ -3.114491, 47.858675 ], [ -3.113342, 47.85926 ], [ -3.112793, 47.859504 ], [ -3.111512, 47.860012 ], [ -3.110697, 47.860289 ], [ -3.109963, 47.860511 ], [ -3.108651, 47.860843 ], [ -3.10729, 47.861111 ], [ -3.10649, 47.861237 ], [ -3.105531, 47.861345 ], [ -3.104851, 47.861405 ], [ -3.103968, 47.861455 ], [ -3.102654, 47.861489 ], [ -3.101002, 47.86144 ], [ -3.099035, 47.861321 ], [ -3.096229, 47.861205 ], [ -3.089822, 47.861946 ], [ -3.088585, 47.862249 ], [ -3.086188, 47.862914 ], [ -3.081852, 47.864237 ], [ -3.07958, 47.865067 ], [ -3.078345, 47.861686 ], [ -3.080617, 47.860856 ], [ -3.082734, 47.86014 ], [ -3.085225, 47.859446 ], [ -3.087622, 47.85878 ], [ -3.088963, 47.85845 ], [ -3.0899, 47.858241 ], [ -3.090697, 47.858087 ], [ -3.092124, 47.857872 ], [ -3.092818, 47.857792 ], [ -3.094244, 47.857672 ], [ -3.094984, 47.857633 ], [ -3.096148, 47.857606 ], [ -3.0973, 47.857613 ], [ -3.09833, 47.857655 ], [ -3.09932, 47.857733 ], [ -3.101219, 47.857847 ], [ -3.102759, 47.857891 ], [ -3.103866, 47.857857 ], [ -3.104644, 47.857811 ], [ -3.10521, 47.85776 ], [ -3.106723, 47.857556 ], [ -3.10795, 47.857311 ], [ -3.109073, 47.857022 ], [ -3.116281, 47.85292 ], [ -3.118031, 47.85148 ], [ -3.120306, 47.849573 ], [ -3.121859, 47.848241 ], [ -3.12432, 47.846196 ], [ -3.125524, 47.845151 ], [ -3.126058, 47.844716 ], [ -3.126655, 47.844268 ], [ -3.12752, 47.843652 ], [ -3.128519, 47.843063 ], [ -3.129271, 47.842652 ], [ -3.129742, 47.842421 ], [ -3.130871, 47.841925 ], [ -3.132296, 47.841391 ], [ -3.133712, 47.840948 ], [ -3.137372, 47.839851 ], [ -3.136544, 47.831203 ], [ -3.136403, 47.827606 ], [ -3.137764, 47.827552 ], [ -3.138522, 47.82747 ], [ -3.140203, 47.827203 ], [ -3.145259, 47.823772 ], [ -3.146748, 47.820494 ], [ -3.149356, 47.820637 ], [ -3.157748, 47.82045 ], [ -3.158887, 47.818694 ], [ -3.159333, 47.818444 ], [ -3.164517, 47.811232 ], [ -3.163493, 47.808355 ], [ -3.163766, 47.808258 ], [ -3.164722, 47.808113 ], [ -3.168877, 47.803942 ], [ -3.16581, 47.797656 ], [ -3.159299, 47.798138 ], [ -3.158982, 47.798149 ], [ -3.157153, 47.797183 ], [ -3.152603, 47.790698 ], [ -3.147912, 47.786929 ], [ -3.142945, 47.781198 ], [ -3.137717, 47.776613 ], [ -3.135653, 47.775317 ], [ -3.135433, 47.775179 ], [ -3.134834, 47.773467 ], [ -3.134859, 47.773365 ], [ -3.137343, 47.772128 ], [ -3.138698, 47.763672 ], [ -3.137621, 47.763091 ], [ -3.13691, 47.762868 ], [ -3.135, 47.762195 ], [ -3.132476, 47.761768 ], [ -3.124694, 47.763957 ], [ -3.124268, 47.766592 ], [ -3.12418, 47.766662 ], [ -3.122426, 47.766985 ], [ -3.120746, 47.767222 ], [ -3.120597, 47.767223 ], [ -3.120262, 47.767093 ], [ -3.118958, 47.766414 ], [ -3.110952, 47.764703 ], [ -3.110033, 47.765033 ], [ -3.10934, 47.764575 ], [ -3.109022, 47.764232 ], [ -3.108817, 47.761644 ], [ -3.107834, 47.754828 ], [ -3.101205, 47.749414 ], [ -3.099267, 47.748855 ], [ -3.098449, 47.745349 ], [ -3.095214, 47.739339 ], [ -3.087643, 47.735505 ], [ -3.085804, 47.733744 ], [ -3.084697, 47.732684 ], [ -3.079168, 47.726523 ], [ -3.076928, 47.725695 ], [ -3.074688, 47.724867 ], [ -3.072417, 47.724028 ], [ -3.070191, 47.723157 ], [ -3.067964, 47.722287 ], [ -3.065737, 47.721416 ], [ -3.063471, 47.72053 ], [ -3.061989, 47.719907 ], [ -3.061357, 47.719595 ], [ -3.060209, 47.718932 ], [ -3.059749, 47.718622 ], [ -3.058722, 47.71784 ], [ -3.057884, 47.717152 ], [ -3.055359, 47.715045 ], [ -3.052835, 47.712937 ], [ -3.055142, 47.710174 ], [ -3.057666, 47.712281 ], [ -3.060191, 47.714388 ], [ -3.06486, 47.717209 ], [ -3.069049, 47.718536 ], [ -3.076174, 47.720724 ], [ -3.079553, 47.721965 ], [ -3.084066, 47.723773 ], [ -3.091233, 47.722852 ], [ -3.093335, 47.721598 ], [ -3.095482, 47.720319 ], [ -3.096457, 47.719779 ], [ -3.100482, 47.717261 ], [ -3.103014, 47.71982 ], [ -3.101621, 47.721199 ], [ -3.101346, 47.721441 ], [ -3.100903, 47.721752 ], [ -3.096626, 47.727662 ], [ -3.096302, 47.728466 ], [ -3.098003, 47.737063 ], [ -3.099647, 47.739079 ], [ -3.101291, 47.741094 ], [ -3.10253, 47.742317 ], [ -3.111461, 47.742403 ], [ -3.114104, 47.739135 ], [ -3.117605, 47.738296 ], [ -3.123505, 47.736426 ], [ -3.123753, 47.736476 ], [ -3.124148, 47.736589 ], [ -3.124439, 47.73667 ], [ -3.12488, 47.736832 ], [ -3.127182, 47.744579 ], [ -3.126331, 47.748077 ], [ -3.134264, 47.751927 ], [ -3.134446, 47.751833 ], [ -3.135284, 47.751437 ], [ -3.138098, 47.748783 ], [ -3.139398, 47.748205 ], [ -3.146483, 47.753184 ], [ -3.150318, 47.747453 ], [ -3.15268, 47.744476 ], [ -3.153903, 47.743601 ], [ -3.154074, 47.743552 ], [ -3.156263, 47.744125 ], [ -3.162654, 47.744033 ], [ -3.165934, 47.739436 ], [ -3.166874, 47.735961 ], [ -3.169383, 47.733865 ], [ -3.169638, 47.733909 ], [ -3.170422, 47.734246 ], [ -3.176851, 47.738491 ], [ -3.180149, 47.738808 ], [ -3.180619, 47.739387 ], [ -3.189508, 47.740312 ], [ -3.190151, 47.739144 ], [ -3.190761, 47.733396 ], [ -3.190734, 47.732693 ], [ -3.190799, 47.732243 ], [ -3.190701, 47.728357 ], [ -3.198414, 47.723749 ], [ -3.200936, 47.726318 ], [ -3.201779, 47.730169 ], [ -3.203939, 47.733049 ], [ -3.20875, 47.738395 ], [ -3.217654, 47.739436 ], [ -3.220396, 47.735056 ], [ -3.216166, 47.728016 ], [ -3.213785, 47.724946 ], [ -3.212098, 47.724055 ], [ -3.213778, 47.720872 ], [ -3.215466, 47.721763 ], [ -3.216395, 47.722127 ], [ -3.217437, 47.72242 ], [ -3.223887, 47.716788 ], [ -3.226671, 47.714505 ], [ -3.231413, 47.714425 ], [ -3.231917, 47.715135 ], [ -3.234076, 47.718007 ], [ -3.234572, 47.718826 ], [ -3.239805, 47.723858 ], [ -3.245978, 47.72308 ], [ -3.246735, 47.723064 ], [ -3.248373, 47.722912 ], [ -3.25381, 47.720612 ], [ -3.254709, 47.71458 ], [ -3.253907, 47.71023 ], [ -3.257284, 47.708982 ], [ -3.257927, 47.710721 ], [ -3.261605, 47.714909 ], [ -3.269134, 47.714327 ], [ -3.270962, 47.710344 ], [ -3.270914, 47.70918 ], [ -3.272039, 47.708954 ], [ -3.272742, 47.708931 ], [ -3.274511, 47.709034 ], [ -3.278583, 47.712856 ], [ -3.28145, 47.715034 ], [ -3.288011, 47.71608 ], [ -3.290838, 47.715716 ], [ -3.291438, 47.71565 ], [ -3.292812, 47.717202 ], [ -3.298574, 47.723248 ], [ -3.298874, 47.728259 ], [ -3.299067, 47.729075 ], [ -3.30644, 47.733801 ], [ -3.306954, 47.733506 ], [ -3.307551, 47.733231 ], [ -3.308144, 47.733008 ], [ -3.308774, 47.732821 ], [ -3.314067, 47.728945 ], [ -3.318663, 47.726965 ], [ -3.315741, 47.720066 ], [ -3.315628, 47.720022 ], [ -3.315017, 47.717429 ], [ -3.315061, 47.71736 ], [ -3.316927, 47.716664 ], [ -3.31704, 47.716708 ], [ -3.323722, 47.719032 ], [ -3.332433, 47.720214 ], [ -3.334911, 47.722298 ], [ -3.335648, 47.724746 ], [ -3.337116, 47.727455 ], [ -3.337139, 47.727493 ], [ -3.336547, 47.729959 ], [ -3.336174, 47.730501 ], [ -3.33428, 47.730892 ], [ -3.33378, 47.731041 ], [ -3.333282, 47.731142 ], [ -3.332733, 47.731198 ], [ -3.332079, 47.731185 ], [ -3.331595, 47.731131 ], [ -3.324872, 47.732869 ], [ -3.320344, 47.735959 ], [ -3.320057, 47.736444 ], [ -3.318451, 47.739584 ], [ -3.318129, 47.740241 ], [ -3.32437, 47.746594 ], [ -3.332135, 47.744778 ], [ -3.333434, 47.746749 ], [ -3.334899, 47.748277 ], [ -3.339666, 47.751114 ], [ -3.344742, 47.750036 ], [ -3.348017, 47.74218 ], [ -3.348017, 47.74218 ], [ -3.349562, 47.742731 ], [ -3.350604, 47.742741 ], [ -3.355858, 47.747034 ], [ -3.355087, 47.750638 ], [ -3.355048, 47.750706 ], [ -3.355776, 47.753181 ], [ -3.359746, 47.758725 ], [ -3.362525, 47.7614 ], [ -3.362986, 47.76178 ], [ -3.363933, 47.762261 ], [ -3.36522, 47.7629 ], [ -3.367625, 47.765421 ], [ -3.364655, 47.773641 ], [ -3.363566, 47.774052 ], [ -3.359711, 47.775316 ], [ -3.359108, 47.775488 ], [ -3.357841, 47.775761 ], [ -3.356132, 47.77607 ], [ -3.354083, 47.776341 ], [ -3.353736, 47.776386 ], [ -3.351346, 47.776626 ], [ -3.346007, 47.775997 ], [ -3.345285, 47.776106 ], [ -3.345024, 47.776161 ], [ -3.344501, 47.776373 ], [ -3.343965, 47.776819 ], [ -3.339606, 47.780898 ], [ -3.335552, 47.78341 ], [ -3.336964, 47.786722 ], [ -3.337818, 47.786357 ], [ -3.3383, 47.786121 ], [ -3.339294, 47.78555 ], [ -3.340162, 47.784976 ], [ -3.341765, 47.783778 ], [ -3.349114, 47.780741 ], [ -3.350083, 47.780566 ], [ -3.350631, 47.780482 ], [ -3.35372, 47.780069 ], [ -3.354817, 47.779908 ], [ -3.356666, 47.779631 ], [ -3.35848, 47.779304 ], [ -3.359865, 47.779007 ], [ -3.36068, 47.778782 ], [ -3.365059, 47.777328 ], [ -3.365916, 47.777013 ], [ -3.366831, 47.77664 ], [ -3.367802, 47.776276 ], [ -3.370857, 47.775173 ], [ -3.378132, 47.775801 ], [ -3.378427, 47.775754 ], [ -3.386975, 47.774148 ], [ -3.387706, 47.774472 ], [ -3.388012, 47.774625 ], [ -3.389001, 47.775166 ], [ -3.392, 47.776997 ], [ -3.392507, 47.777282 ], [ -3.393401, 47.777739 ], [ -3.394039, 47.778035 ], [ -3.395177, 47.778499 ], [ -3.395736, 47.778705 ], [ -3.396799, 47.779044 ], [ -3.403511, 47.783781 ], [ -3.40973, 47.789095 ], [ -3.411347, 47.790961 ], [ -3.413653, 47.792058 ], [ -3.416703, 47.793529 ], [ -3.416719, 47.793527 ], [ -3.424135, 47.792656 ], [ -3.431284, 47.788999 ], [ -3.433518, 47.789629 ], [ -3.434242, 47.789985 ], [ -3.434673, 47.790138 ], [ -3.435284, 47.790296 ], [ -3.436507, 47.790691 ], [ -3.43711, 47.79092 ], [ -3.438659, 47.791523 ], [ -3.442924, 47.792625 ], [ -3.444226, 47.793096 ], [ -3.44508, 47.793441 ], [ -3.446175, 47.793928 ], [ -3.447297, 47.794496 ], [ -3.448066, 47.794918 ], [ -3.448804, 47.795362 ], [ -3.449424, 47.795765 ], [ -3.449984, 47.796151 ], [ -3.450962, 47.7969 ], [ -3.451489, 47.797339 ], [ -3.451985, 47.79778 ], [ -3.456304, 47.805015 ], [ -3.457911, 47.808204 ], [ -3.461226, 47.806799 ], [ -3.46035, 47.804731 ], [ -3.459473, 47.802663 ], [ -3.459105, 47.793688 ], [ -3.460003, 47.791861 ], [ -3.460785, 47.790504 ], [ -3.45966, 47.789673 ], [ -3.457611, 47.786223 ], [ -3.462694, 47.781117 ], [ -3.462764, 47.781103 ], [ -3.463445, 47.778667 ], [ -3.463104, 47.777718 ], [ -3.462058, 47.777572 ], [ -3.458359, 47.776965 ], [ -3.455033, 47.775587 ], [ -3.452339, 47.773753 ], [ -3.447683, 47.773801 ], [ -3.446974, 47.773793 ], [ -3.444392, 47.774216 ], [ -3.436803, 47.777952 ], [ -3.435851, 47.777778 ], [ -3.431594, 47.777156 ], [ -3.429738, 47.776846 ], [ -3.426132, 47.768875 ], [ -3.426913, 47.767435 ], [ -3.427309, 47.766562 ], [ -3.427515, 47.765896 ], [ -3.427598, 47.765431 ], [ -3.427629, 47.76496 ], [ -3.427602, 47.764444 ], [ -3.427391, 47.763523 ], [ -3.426947, 47.762485 ], [ -3.426705, 47.761734 ], [ -3.426526, 47.761264 ], [ -3.426315, 47.760806 ], [ -3.425972, 47.760249 ], [ -3.425642, 47.759798 ], [ -3.427687, 47.751237 ], [ -3.43016, 47.750776 ], [ -3.432278, 47.750927 ], [ -3.434252, 47.751237 ], [ -3.4361, 47.750615 ], [ -3.441948, 47.749274 ], [ -3.445265, 47.749566 ], [ -3.445913, 47.749645 ], [ -3.446127, 47.746051 ], [ -3.450816, 47.742003 ], [ -3.457373, 47.741569 ], [ -3.459932, 47.743968 ], [ -3.459141, 47.751519 ], [ -3.458857, 47.752101 ], [ -3.458762, 47.752597 ], [ -3.458751, 47.752947 ], [ -3.458834, 47.753607 ], [ -3.458953, 47.753942 ], [ -3.459266, 47.75459 ], [ -3.460441, 47.758232 ], [ -3.460761, 47.75906 ], [ -3.461924, 47.761041 ], [ -3.462562, 47.761636 ], [ -3.463017, 47.761883 ], [ -3.463417, 47.762054 ], [ -3.465138, 47.76152 ], [ -3.465395, 47.761446 ], [ -3.473206, 47.757166 ], [ -3.474572, 47.760497 ], [ -3.474828, 47.760392 ], [ -3.475384, 47.760131 ], [ -3.484085, 47.762041 ], [ -3.485426, 47.763531 ], [ -3.488687, 47.765057 ], [ -3.488855, 47.764699 ], [ -3.495681, 47.759255 ], [ -3.495887, 47.755661 ], [ -3.496248, 47.749988 ], [ -3.49643, 47.748405 ], [ -3.496366, 47.748217 ], [ -3.495682, 47.745317 ], [ -3.500428, 47.737726 ], [ -3.501285, 47.737806 ], [ -3.502756, 47.735981 ], [ -3.502736, 47.735891 ], [ -3.501418, 47.731481 ], [ -3.501073, 47.730637 ], [ -3.500811718233011, 47.730369541359089 ], [ -3.501073, 47.730637 ] ] ], [ [ [ -3.492392, 47.724567 ], [ -3.493297, 47.725007 ], [ -3.494072, 47.725525 ], [ -3.497982413391288, 47.728306517825757 ], [ -3.494072, 47.725525 ], [ -3.493297, 47.725007 ], [ -3.492392, 47.724567 ], [ -3.489734860483749, 47.723493426522211 ], [ -3.492392, 47.724567 ] ] ], [ [ [ -3.451615, 47.697179 ], [ -3.459175, 47.700895 ], [ -3.466067, 47.706345 ], [ -3.468598, 47.707764 ], [ -3.474647, 47.710607 ], [ -3.480503, 47.716424 ], [ -3.480939, 47.716936 ], [ -3.481156, 47.717296 ], [ -3.481683765691947, 47.71772050214237 ], [ -3.481156, 47.717296 ], [ -3.480939, 47.716936 ], [ -3.480503, 47.716424 ], [ -3.474647, 47.710607 ], [ -3.468598, 47.707764 ], [ -3.466067, 47.706345 ], [ -3.459175, 47.700895 ], [ -3.451615, 47.697179 ], [ -3.451496097367839, 47.697122782437511 ], [ -3.451615, 47.697179 ] ] ], [ [ [ -3.447335, 47.697573 ], [ -3.448331359488138, 47.697447992759095 ], [ -3.447335, 47.697573 ], [ -3.440924437132657, 47.698918497061264 ], [ -3.447335, 47.697573 ] ] ], [ [ [ -3.437431, 47.699856 ], [ -3.440474465468923, 47.699019723751391 ], [ -3.437431, 47.699856 ], [ -3.43352776786365, 47.700578428727603 ], [ -3.437431, 47.699856 ] ] ], [ [ [ -3.417135, 47.699383 ], [ -3.420986, 47.70247 ], [ -3.426525, 47.70362 ], [ -3.431083661563531, 47.701167414983502 ], [ -3.426525, 47.70362 ], [ -3.420986, 47.70247 ], [ -3.417135, 47.699383 ], [ -3.416636, 47.699426 ], [ -3.417135, 47.699383 ] ] ], [ [ [ -3.41617, 47.69952 ], [ -3.416636, 47.699426 ], [ -3.41617, 47.69952 ], [ -3.414988625, 47.699936610720194 ], [ -3.41617, 47.69952 ] ] ], [ [ [ -3.411048, 47.702784 ], [ -3.41388, 47.700515 ], [ -3.414240666666667, 47.700325333333332 ], [ -3.41388, 47.700515 ], [ -3.411048, 47.702784 ], [ -3.40376475, 47.703393956277722 ], [ -3.411048, 47.702784 ] ] ], [ [ [ -3.4027514, 47.7034206 ], [ -3.402537, 47.703424 ], [ -3.402537, 47.703424 ], [ -3.4027514, 47.7034206 ] ] ], [ [ [ -3.393102, 47.702192 ], [ -3.398316, 47.703406 ], [ -3.40113, 47.703418 ], [ -3.398316, 47.703406 ], [ -3.393102, 47.702192 ], [ -3.390096, 47.702119 ], [ -3.393102, 47.702192 ] ] ], [ [ [ -3.375312, 47.710354 ], [ -3.377308158222382, 47.708601594674292 ], [ -3.375312, 47.710354 ], [ -3.372349940768164, 47.713165052290606 ], [ -3.375312, 47.710354 ] ] ], [ [ [ -3.367673, 47.716566 ], [ -3.368714511153755, 47.716110178460063 ], [ -3.367673, 47.716566 ], [ -3.367456157624946, 47.716967704399828 ], [ -3.367673, 47.716566 ] ] ], [ [ [ -3.348308, 47.736498 ], [ -3.349959, 47.733883 ], [ -3.352282, 47.731304 ], [ -3.35387, 47.729927 ], [ -3.355705, 47.728369 ], [ -3.358882, 47.726446 ], [ -3.362059, 47.724523 ], [ -3.367774, 47.7187 ], [ -3.367774, 47.7187 ], [ -3.365986, 47.727469 ], [ -3.360213, 47.730113 ], [ -3.3592, 47.733479 ], [ -3.35918, 47.733563 ], [ -3.358679, 47.73756 ], [ -3.351462, 47.738224 ], [ -3.34820321376384, 47.736721708517024 ], [ -3.348308, 47.736498 ] ] ], [ [ [ -3.347015, 47.740108 ], [ -3.347268146285714, 47.738968489142856 ], [ -3.347015, 47.740108 ], [ -3.347015, 47.740108 ] ] ] ] } }
]
}
