{
"type": "FeatureCollection",
"name": "Vison_refuge_globale_future_moins_15",
"crs": { "type": "name", "properties": { "name": "urn:ogc:def:crs:OGC:1.3:CRS84" } },
"features": [
{ "type": "Feature", "properties": { "fid": 1, "ID": null, "CENTER_LON": "-4.4809806", "CENTER_LAT": "48.4256985", "AA_MINS": 15, "AA_MODE": "driving-car", "TOTAL_POP": "155994" }, "geometry": { "type": "Polygon", "coordinates": [ [ [ -4.547723, 48.503656 ], [ -4.547793, 48.500279 ], [ -4.546283, 48.498164 ], [ -4.545485, 48.497517 ], [ -4.541056, 48.493936 ], [ -4.538176, 48.491776 ], [ -4.53842, 48.484134 ], [ -4.541864, 48.483201 ], [ -4.542352, 48.483131 ], [ -4.543651, 48.482999 ], [ -4.545231, 48.477583 ], [ -4.54722, 48.474583 ], [ -4.555095, 48.474755 ], [ -4.555133, 48.474784 ], [ -4.556766, 48.474781 ], [ -4.557248, 48.474501 ], [ -4.55787, 48.473702 ], [ -4.559614, 48.471475 ], [ -4.564511, 48.467312 ], [ -4.565851, 48.465153 ], [ -4.565934, 48.463988 ], [ -4.565888, 48.459076 ], [ -4.573897, 48.455278 ], [ -4.576873, 48.451548 ], [ -4.576989, 48.450549 ], [ -4.576768, 48.44795 ], [ -4.580911, 48.441228 ], [ -4.58347, 48.436349 ], [ -4.589364, 48.43039 ], [ -4.593012, 48.429295 ], [ -4.592866, 48.425698 ], [ -4.591711, 48.425745 ], [ -4.590409, 48.425788 ], [ -4.588712, 48.425778 ], [ -4.584659, 48.425942 ], [ -4.581427, 48.42005 ], [ -4.581199, 48.419833 ], [ -4.581014, 48.419756 ], [ -4.577516, 48.420235 ], [ -4.571191, 48.41421 ], [ -4.57065, 48.410651 ], [ -4.56933, 48.407471 ], [ -4.566463, 48.404458 ], [ -4.562305, 48.399183 ], [ -4.561641, 48.398666 ], [ -4.561025, 48.398482 ], [ -4.560739, 48.398459 ], [ -4.560134, 48.398462 ], [ -4.554974, 48.398333 ], [ -4.54929, 48.391538 ], [ -4.549708, 48.390481 ], [ -4.549872, 48.389732 ], [ -4.549931, 48.389257 ], [ -4.550017, 48.387243 ], [ -4.550103, 48.385084 ], [ -4.550078, 48.384519 ], [ -4.549981, 48.383755 ], [ -4.549566, 48.382308 ], [ -4.54909, 48.381306 ], [ -4.548729, 48.380607 ], [ -4.548225, 48.379653 ], [ -4.547844, 48.379087 ], [ -4.547636, 48.378832 ], [ -4.544847, 48.381108 ], [ -4.545532, 48.382263 ], [ -4.53949, 48.388486 ], [ -4.538869, 48.388355 ], [ -4.536198, 48.38849 ], [ -4.535013, 48.388442 ], [ -4.534421, 48.388376 ], [ -4.531352, 48.38981 ], [ -4.523659, 48.389079 ], [ -4.520996, 48.385153 ], [ -4.520267, 48.384966 ], [ -4.5199, 48.384906 ], [ -4.51548, 48.384067 ], [ -4.506701, 48.382574 ], [ -4.499681, 48.381628 ], [ -4.491107, 48.380251 ], [ -4.489905, 48.380042 ], [ -4.488764, 48.380004 ], [ -4.488286, 48.380137 ], [ -4.488006, 48.380255 ], [ -4.484993, 48.381518 ], [ -4.479712, 48.382888 ], [ -4.473675, 48.383008 ], [ -4.465638, 48.385641 ], [ -4.464668, 48.385827 ], [ -4.459378, 48.386425 ], [ -4.456953, 48.387078 ], [ -4.455969, 48.3874 ], [ -4.452219, 48.390983 ], [ -4.446082, 48.38977 ], [ -4.445954, 48.38978 ], [ -4.44196, 48.392063 ], [ -4.43607, 48.390313 ], [ -4.435681, 48.390267 ], [ -4.434866, 48.390357 ], [ -4.43481, 48.390379 ], [ -4.43409, 48.390893 ], [ -4.434041, 48.390958 ], [ -4.433636, 48.391518 ], [ -4.427884, 48.396371 ], [ -4.424813, 48.396512 ], [ -4.423686, 48.396309 ], [ -4.418592, 48.395792 ], [ -4.41815, 48.395663 ], [ -4.411802, 48.392127 ], [ -4.410827, 48.391395 ], [ -4.410767, 48.391351 ], [ -4.410251, 48.390986 ], [ -4.401923, 48.388722 ], [ -4.399304, 48.380917 ], [ -4.397426, 48.377845 ], [ -4.396475, 48.378351 ], [ -4.39579, 48.378805 ], [ -4.387678, 48.381988 ], [ -4.386652, 48.382029 ], [ -4.379408, 48.38069 ], [ -4.378655, 48.380367 ], [ -4.377836, 48.380128 ], [ -4.377782, 48.380135 ], [ -4.36985, 48.381636 ], [ -4.367998, 48.381698 ], [ -4.366167, 48.381759 ], [ -4.364371, 48.381799 ], [ -4.361494, 48.381781 ], [ -4.361472, 48.38538 ], [ -4.364348, 48.385399 ], [ -4.366246, 48.385358 ], [ -4.368118, 48.385296 ], [ -4.36997, 48.385234 ], [ -4.371157, 48.385208 ], [ -4.375085, 48.385234 ], [ -4.377786, 48.385339 ], [ -4.38043, 48.385439 ], [ -4.38052, 48.385444 ], [ -4.381664, 48.385514 ], [ -4.384735, 48.385787 ], [ -4.385411, 48.385816 ], [ -4.386063, 48.38582 ], [ -4.388222, 48.386029 ], [ -4.388615, 48.386117 ], [ -4.389509, 48.386285 ], [ -4.391172, 48.38635 ], [ -4.393638, 48.394841 ], [ -4.392935, 48.395379 ], [ -4.392795, 48.395487 ], [ -4.390824, 48.40064 ], [ -4.390099, 48.402574 ], [ -4.390115, 48.402639 ], [ -4.384729, 48.409778 ], [ -4.38265, 48.408954 ], [ -4.381928, 48.409022 ], [ -4.380935, 48.409139 ], [ -4.375706, 48.416429 ], [ -4.375319, 48.416455 ], [ -4.373684, 48.417404 ], [ -4.372644, 48.418056 ], [ -4.372753, 48.420704 ], [ -4.366759, 48.425416 ], [ -4.364649, 48.426922 ], [ -4.364143, 48.42726 ], [ -4.363888, 48.427496 ], [ -4.363668, 48.432937 ], [ -4.363351, 48.436523 ], [ -4.366064, 48.441374 ], [ -4.361653, 48.445744 ], [ -4.35994, 48.446206 ], [ -4.35948, 48.446238 ], [ -4.356198, 48.446047 ], [ -4.354798, 48.445724 ], [ -4.345936, 48.446339 ], [ -4.345472, 48.446276 ], [ -4.344972, 48.446301 ], [ -4.344607, 48.446396 ], [ -4.344034, 48.446714 ], [ -4.342555, 48.447484 ], [ -4.337729, 48.449077 ], [ -4.33333, 48.448831 ], [ -4.331662, 48.449775 ], [ -4.327114, 48.453846 ], [ -4.325867, 48.455166 ], [ -4.323178, 48.45878 ], [ -4.317472, 48.460066 ], [ -4.314022, 48.457864 ], [ -4.309942, 48.458842 ], [ -4.304171, 48.461068 ], [ -4.300042, 48.459568 ], [ -4.299399, 48.459101 ], [ -4.298871, 48.458767 ], [ -4.298603, 48.458632 ], [ -4.297539, 48.46029 ], [ -4.296981, 48.461846 ], [ -4.297619, 48.463889 ], [ -4.299236, 48.464607 ], [ -4.305003, 48.466036 ], [ -4.311271, 48.472301 ], [ -4.309833, 48.474683 ], [ -4.306831, 48.477554 ], [ -4.304161, 48.478573 ], [ -4.303657, 48.478642 ], [ -4.301993, 48.479186 ], [ -4.295018, 48.47764 ], [ -4.294771, 48.477664 ], [ -4.294418, 48.477721 ], [ -4.287273, 48.475542 ], [ -4.286703, 48.474916 ], [ -4.284904, 48.473511 ], [ -4.283632, 48.472326 ], [ -4.28244, 48.471085 ], [ -4.280856, 48.469707 ], [ -4.278493, 48.472423 ], [ -4.280078, 48.473801 ], [ -4.281023, 48.474807 ], [ -4.283164, 48.480014 ], [ -4.278583, 48.484144 ], [ -4.274869, 48.484681 ], [ -4.271166, 48.485217 ], [ -4.26627, 48.485266 ], [ -4.265585, 48.485191 ], [ -4.265164, 48.485212 ], [ -4.259988, 48.484563 ], [ -4.259846, 48.484527 ], [ -4.253315, 48.486868 ], [ -4.25069, 48.486867 ], [ -4.248375, 48.486804 ], [ -4.245483, 48.486663 ], [ -4.243083, 48.486557 ], [ -4.242925, 48.490154 ], [ -4.245324, 48.490259 ], [ -4.248202, 48.4904 ], [ -4.250591, 48.490466 ], [ -4.253313, 48.490468 ], [ -4.254721, 48.490441 ], [ -4.258147, 48.490289 ], [ -4.264145, 48.490124 ], [ -4.264611, 48.490129 ], [ -4.26499, 48.490079 ], [ -4.266315, 48.489834 ], [ -4.271657, 48.488784 ], [ -4.275384, 48.488244 ], [ -4.284111, 48.489949 ], [ -4.290623, 48.492238 ], [ -4.294283, 48.495884 ], [ -4.294631, 48.496359 ], [ -4.296821, 48.499063 ], [ -4.299619, 48.496797 ], [ -4.297428, 48.494093 ], [ -4.296366, 48.491645 ], [ -4.29951, 48.483755 ], [ -4.300857, 48.483382 ], [ -4.302807, 48.482801 ], [ -4.304269, 48.482335 ], [ -4.305329, 48.481978 ], [ -4.3083, 48.48096 ], [ -4.311305, 48.479929 ], [ -4.31444, 48.478781 ], [ -4.317266, 48.477584 ], [ -4.325185, 48.480023 ], [ -4.327322, 48.479947 ], [ -4.333642, 48.480357 ], [ -4.336318, 48.48136 ], [ -4.336477, 48.48138 ], [ -4.336951, 48.481383 ], [ -4.337031, 48.481377 ], [ -4.338474, 48.48027 ], [ -4.343699, 48.476807 ], [ -4.348881, 48.479481 ], [ -4.34966, 48.480578 ], [ -4.350253, 48.480426 ], [ -4.351171, 48.479892 ], [ -4.3572, 48.477897 ], [ -4.36037, 48.479772 ], [ -4.361896, 48.482417 ], [ -4.365357, 48.481427 ], [ -4.372789, 48.48033 ], [ -4.37441, 48.482319 ], [ -4.374638, 48.482578 ], [ -4.375611, 48.483101 ], [ -4.37587, 48.483103 ], [ -4.376593, 48.482964 ], [ -4.37792, 48.481099 ], [ -4.386431, 48.47851 ], [ -4.394737, 48.4784 ], [ -4.396486, 48.480286 ], [ -4.397613, 48.483705 ], [ -4.404423, 48.484175 ], [ -4.406976, 48.485153 ], [ -4.409194, 48.486304 ], [ -4.411276, 48.483367 ], [ -4.411193, 48.483308 ], [ -4.410844, 48.483063 ], [ -4.410345, 48.482758 ], [ -4.409765, 48.482441 ], [ -4.409325, 48.48223 ], [ -4.403347, 48.47631 ], [ -4.401256, 48.472051 ], [ -4.40133, 48.46653 ], [ -4.406648, 48.462673 ], [ -4.410363, 48.456364 ], [ -4.415925, 48.455974 ], [ -4.417513, 48.456489 ], [ -4.42162, 48.463307 ], [ -4.423133, 48.463843 ], [ -4.425462, 48.465122 ], [ -4.432255, 48.469763 ], [ -4.428072, 48.475384 ], [ -4.427352, 48.479673 ], [ -4.427107, 48.480439 ], [ -4.427062, 48.481024 ], [ -4.427095, 48.481762 ], [ -4.427097, 48.481784 ], [ -4.428846, 48.483414 ], [ -4.431639, 48.49182 ], [ -4.432164, 48.494336 ], [ -4.432326, 48.494794 ], [ -4.432337, 48.494794 ], [ -4.433635, 48.494452 ], [ -4.434294, 48.494105 ], [ -4.434845, 48.493459 ], [ -4.436856, 48.491493 ], [ -4.43765, 48.490035 ], [ -4.437349, 48.48892 ], [ -4.437941, 48.482736 ], [ -4.440792, 48.480431 ], [ -4.443743, 48.479547 ], [ -4.446935, 48.479993 ], [ -4.453114, 48.486472 ], [ -4.453064, 48.488626 ], [ -4.453134, 48.488751 ], [ -4.456818, 48.496775 ], [ -4.456936, 48.497107 ], [ -4.460334, 48.504761 ], [ -4.460237, 48.507114 ], [ -4.463674, 48.508187 ], [ -4.469591, 48.50251 ], [ -4.47234, 48.496785 ], [ -4.475566, 48.494852 ], [ -4.477369, 48.494439 ], [ -4.483171, 48.493146 ], [ -4.484035, 48.492978 ], [ -4.484862, 48.492891 ], [ -4.485217, 48.492857 ], [ -4.485614, 48.49279 ], [ -4.48956, 48.49321 ], [ -4.494716, 48.500435 ], [ -4.494389, 48.503615 ], [ -4.494056, 48.506883 ], [ -4.494021, 48.507527 ], [ -4.497616, 48.507721 ], [ -4.497651, 48.507077 ], [ -4.497971, 48.503983 ], [ -4.504553, 48.49934 ], [ -4.504584, 48.499329 ], [ -4.509714, 48.497491 ], [ -4.510577, 48.497105 ], [ -4.511622, 48.496346 ], [ -4.514823, 48.493461 ], [ -4.521462, 48.494569 ], [ -4.522396, 48.494488 ], [ -4.522917, 48.494416 ], [ -4.523485, 48.494294 ], [ -4.525107, 48.494165 ], [ -4.529929, 48.501054 ], [ -4.52987, 48.501315 ], [ -4.529529, 48.503036 ], [ -4.52945, 48.503605 ], [ -4.529449, 48.50426 ], [ -4.529588, 48.504881 ], [ -4.529983, 48.505706 ], [ -4.530304, 48.506177 ], [ -4.534789, 48.50495 ], [ -4.542313, 48.505635 ], [ -4.545499, 48.506487 ], [ -4.547723, 48.503656 ] ] ] } },
{ "type": "Feature", "properties": { "fid": 2, "ID": null, "CENTER_LON": "-4.445993427423185", "CENTER_LAT": "48.252924844567794", "AA_MINS": 15, "AA_MODE": "driving-car", "TOTAL_POP": "9060" }, "geometry": { "type": "Polygon", "coordinates": [ [ [ -4.554637, 48.256628 ], [ -4.553129, 48.25683 ], [ -4.551612, 48.25687 ], [ -4.551154, 48.256897 ], [ -4.550706, 48.256957 ], [ -4.542855, 48.253283 ], [ -4.539981, 48.253686 ], [ -4.539281, 48.253716 ], [ -4.533976, 48.253537 ], [ -4.531887, 48.245031 ], [ -4.532097, 48.243791 ], [ -4.532424, 48.241045 ], [ -4.536894, 48.234026 ], [ -4.539223, 48.234536 ], [ -4.539794, 48.234609 ], [ -4.54215, 48.235459 ], [ -4.546105, 48.233919 ], [ -4.547404, 48.233755 ], [ -4.546952, 48.230183 ], [ -4.540709, 48.229935 ], [ -4.540142, 48.22989 ], [ -4.537202, 48.229761 ], [ -4.530422, 48.227217 ], [ -4.52804, 48.227583 ], [ -4.523348, 48.230992 ], [ -4.519845, 48.231824 ], [ -4.518099, 48.237055 ], [ -4.51063, 48.236161 ], [ -4.510494, 48.23603 ], [ -4.508893, 48.228255 ], [ -4.508815, 48.227707 ], [ -4.507746, 48.224181 ], [ -4.507706, 48.224128 ], [ -4.506457, 48.223349 ], [ -4.504405, 48.222811 ], [ -4.50366, 48.222862 ], [ -4.502846, 48.225159 ], [ -4.501269, 48.228273 ], [ -4.500493, 48.229541 ], [ -4.496875, 48.234227 ], [ -4.490905, 48.236002 ], [ -4.490303, 48.236157 ], [ -4.488954, 48.236521 ], [ -4.481235, 48.235849 ], [ -4.480277, 48.235686 ], [ -4.479633, 48.235594 ], [ -4.479189, 48.235545 ], [ -4.478655, 48.235537 ], [ -4.478144, 48.235566 ], [ -4.477811, 48.235604 ], [ -4.477252, 48.235761 ], [ -4.470394, 48.237506 ], [ -4.469656, 48.237944 ], [ -4.461138, 48.236128 ], [ -4.458327, 48.23607 ], [ -4.45798, 48.236056 ], [ -4.457593, 48.236089 ], [ -4.45232, 48.237286 ], [ -4.447887, 48.23592 ], [ -4.446589, 48.23525 ], [ -4.443937, 48.234721 ], [ -4.440582, 48.23709 ], [ -4.433218, 48.236507 ], [ -4.43009, 48.229594 ], [ -4.428099, 48.228643 ], [ -4.427381, 48.229052 ], [ -4.426872, 48.229364 ], [ -4.426639, 48.229494 ], [ -4.417691, 48.228946 ], [ -4.415455, 48.227759 ], [ -4.414663, 48.227455 ], [ -4.413586, 48.227138 ], [ -4.409213, 48.225804 ], [ -4.404054, 48.225827 ], [ -4.403406, 48.225841 ], [ -4.402107, 48.225919 ], [ -4.393286, 48.225577 ], [ -4.390943, 48.220977 ], [ -4.390657, 48.218452 ], [ -4.390585, 48.218402 ], [ -4.389849, 48.218097 ], [ -4.388725, 48.218142 ], [ -4.380672, 48.218597 ], [ -4.380095, 48.218733 ], [ -4.373508, 48.220572 ], [ -4.367574, 48.219687 ], [ -4.36191, 48.219629 ], [ -4.354709, 48.221356 ], [ -4.346717, 48.222435 ], [ -4.339913, 48.221817 ], [ -4.334846, 48.218025 ], [ -4.327393, 48.216849 ], [ -4.321405, 48.213095 ], [ -4.320791, 48.212977 ], [ -4.319288, 48.212843 ], [ -4.318674, 48.213357 ], [ -4.318086, 48.21484 ], [ -4.318052, 48.214969 ], [ -4.318046, 48.215589 ], [ -4.312457, 48.222608 ], [ -4.307904, 48.222942 ], [ -4.307309, 48.226492 ], [ -4.311285, 48.227814 ], [ -4.313585, 48.236017 ], [ -4.312247, 48.237485 ], [ -4.31221, 48.237701 ], [ -4.312214, 48.237856 ], [ -4.312325, 48.238049 ], [ -4.312602, 48.238419 ], [ -4.314368, 48.24412 ], [ -4.30637, 48.248168 ], [ -4.305115, 48.248162 ], [ -4.304654, 48.248333 ], [ -4.302992, 48.249024 ], [ -4.298085, 48.255492 ], [ -4.298113, 48.259092 ], [ -4.293308, 48.26412 ], [ -4.289404, 48.26532 ], [ -4.285822, 48.265293 ], [ -4.284877, 48.265332 ], [ -4.284319, 48.266225 ], [ -4.284314, 48.266233 ], [ -4.284271, 48.26632 ], [ -4.284267, 48.266328 ], [ -4.285025, 48.268929 ], [ -4.285971, 48.26889 ], [ -4.289376, 48.26892 ], [ -4.292496, 48.268958 ], [ -4.293269, 48.268937 ], [ -4.293921, 48.268885 ], [ -4.294672, 48.268785 ], [ -4.301673, 48.271711 ], [ -4.306163, 48.277416 ], [ -4.298604, 48.281266 ], [ -4.297183, 48.281104 ], [ -4.296785, 48.281463 ], [ -4.295687, 48.282338 ], [ -4.290432, 48.286732 ], [ -4.291754, 48.290081 ], [ -4.297933, 48.288257 ], [ -4.300851, 48.287515 ], [ -4.307849, 48.287921 ], [ -4.308435, 48.287998 ], [ -4.309041, 48.287982 ], [ -4.309569, 48.286003 ], [ -4.31321, 48.281813 ], [ -4.319297, 48.283678 ], [ -4.3269, 48.281185 ], [ -4.328106, 48.281188 ], [ -4.333235, 48.275359 ], [ -4.339189, 48.280548 ], [ -4.34175, 48.283077 ], [ -4.347807, 48.282641 ], [ -4.353302, 48.282589 ], [ -4.355096, 48.280215 ], [ -4.357043, 48.277895 ], [ -4.361412, 48.272817 ], [ -4.362026, 48.272546 ], [ -4.369733, 48.273445 ], [ -4.369897, 48.277041 ], [ -4.37048, 48.277015 ], [ -4.370785, 48.276978 ], [ -4.371465, 48.276784 ], [ -4.372488, 48.276366 ], [ -4.374242, 48.275624 ], [ -4.374734, 48.275381 ], [ -4.375149, 48.275109 ], [ -4.381518, 48.27208 ], [ -4.382331, 48.271755 ], [ -4.385331, 48.269152 ], [ -4.386443, 48.26858 ], [ -4.388315, 48.267766 ], [ -4.388818, 48.267574 ], [ -4.390168, 48.266912 ], [ -4.397887, 48.270991 ], [ -4.398161, 48.27188 ], [ -4.398672, 48.272482 ], [ -4.399029, 48.272728 ], [ -4.399777, 48.27314 ], [ -4.403821, 48.271525 ], [ -4.410015, 48.275771 ], [ -4.41007, 48.275852 ], [ -4.411536, 48.275846 ], [ -4.411993, 48.275818 ], [ -4.413603, 48.275684 ], [ -4.414216, 48.275638 ], [ -4.420873, 48.274662 ], [ -4.423341, 48.274131 ], [ -4.429562, 48.274505 ], [ -4.430524, 48.274773 ], [ -4.430952, 48.27469 ], [ -4.43165, 48.274517 ], [ -4.432048, 48.274376 ], [ -4.432566, 48.274084 ], [ -4.435141, 48.272765 ], [ -4.435574, 48.2727 ], [ -4.43649, 48.272437 ], [ -4.436853, 48.272296 ], [ -4.437425, 48.271922 ], [ -4.445326, 48.272927 ], [ -4.446165, 48.2738 ], [ -4.44653, 48.274139 ], [ -4.446963, 48.274514 ], [ -4.449443, 48.279256 ], [ -4.447, 48.283793 ], [ -4.441369, 48.283887 ], [ -4.441159, 48.283859 ], [ -4.438952, 48.283229 ], [ -4.438789, 48.283167 ], [ -4.437341, 48.282486 ], [ -4.435808, 48.285744 ], [ -4.437503, 48.287635 ], [ -4.438797, 48.288399 ], [ -4.445104, 48.288443 ], [ -4.450036, 48.28825 ], [ -4.456673, 48.29151 ], [ -4.460496, 48.293671 ], [ -4.461162, 48.293462 ], [ -4.463397, 48.290597 ], [ -4.470395, 48.287818 ], [ -4.470622, 48.287799 ], [ -4.471119, 48.287764 ], [ -4.47183, 48.28759 ], [ -4.474031, 48.287073 ], [ -4.481341, 48.283638 ], [ -4.481595, 48.283451 ], [ -4.486505, 48.280672 ], [ -4.487406, 48.280412 ], [ -4.496358, 48.281298 ], [ -4.49674, 48.281549 ], [ -4.497427, 48.281841 ], [ -4.497947, 48.281936 ], [ -4.505922, 48.284118 ], [ -4.507082, 48.284852 ], [ -4.509006, 48.281809 ], [ -4.51295, 48.276754 ], [ -4.513568, 48.27622 ], [ -4.520515, 48.275077 ], [ -4.525151, 48.282151 ], [ -4.531181, 48.282508 ], [ -4.532304, 48.279558 ], [ -4.532332, 48.279097 ], [ -4.531653, 48.274886 ], [ -4.526863, 48.269999 ], [ -4.525872, 48.266538 ], [ -4.523555, 48.266133 ], [ -4.523274, 48.266049 ], [ -4.522586, 48.265957 ], [ -4.522292, 48.265971 ], [ -4.518169, 48.268231 ], [ -4.515604, 48.268702 ], [ -4.510395, 48.267132 ], [ -4.509142, 48.26662 ], [ -4.504804, 48.26117 ], [ -4.505936, 48.252832 ], [ -4.511941, 48.252002 ], [ -4.512987, 48.252174 ], [ -4.514191, 48.252455 ], [ -4.515007, 48.252706 ], [ -4.516934, 48.253373 ], [ -4.519817, 48.254224 ], [ -4.525311, 48.256071 ], [ -4.531984, 48.257578 ], [ -4.53431, 48.257728 ], [ -4.536094, 48.258281 ], [ -4.537486, 48.258732 ], [ -4.540856, 48.2598 ], [ -4.54352, 48.260466 ], [ -4.543962, 48.260556 ], [ -4.544497, 48.260638 ], [ -4.546258, 48.260852 ], [ -4.54714, 48.260919 ], [ -4.547536, 48.260905 ], [ -4.549232, 48.260761 ], [ -4.550251, 48.260688 ], [ -4.5508, 48.260616 ], [ -4.553007, 48.260454 ], [ -4.553605, 48.260398 ], [ -4.555114, 48.260197 ], [ -4.554637, 48.256628 ] ] ] } },
{ "type": "Feature", "properties": { "fid": 3, "ID": null, "CENTER_LON": "-4.517279602100955", "CENTER_LAT": "48.39264004019653", "AA_MINS": 15, "AA_MODE": "driving-car", "TOTAL_POP": "135052" }, "geometry": { "type": "Polygon", "coordinates": [ [ [ -4.630032, 48.411538 ], [ -4.626843, 48.404526 ], [ -4.621226, 48.404193 ], [ -4.617416, 48.401025 ], [ -4.613869, 48.398565 ], [ -4.613306, 48.398262 ], [ -4.60749, 48.393308 ], [ -4.606775, 48.38978 ], [ -4.606017, 48.389934 ], [ -4.600573, 48.383043 ], [ -4.600707, 48.38225 ], [ -4.600699, 48.382061 ], [ -4.599964, 48.381052 ], [ -4.59874, 48.37745 ], [ -4.602115, 48.370667 ], [ -4.611011, 48.37202 ], [ -4.616959, 48.374073 ], [ -4.617771, 48.374738 ], [ -4.618316, 48.374766 ], [ -4.620126, 48.372362 ], [ -4.625007, 48.367348 ], [ -4.625203, 48.367196 ], [ -4.628518, 48.360643 ], [ -4.629196, 48.35899 ], [ -4.628324, 48.357048 ], [ -4.623207, 48.350135 ], [ -4.623124, 48.349283 ], [ -4.622044, 48.347243 ], [ -4.621955, 48.347229 ], [ -4.620627, 48.347624 ], [ -4.613375, 48.347233 ], [ -4.61113, 48.344419 ], [ -4.610481, 48.344936 ], [ -4.605889, 48.346993 ], [ -4.599855, 48.344399 ], [ -4.596081, 48.343953 ], [ -4.595276, 48.344096 ], [ -4.592527, 48.344957 ], [ -4.592363, 48.349646 ], [ -4.586306, 48.352152 ], [ -4.581619, 48.351607 ], [ -4.578957, 48.350646 ], [ -4.578092, 48.350287 ], [ -4.569757, 48.352076 ], [ -4.568407, 48.35214 ], [ -4.562394, 48.356365 ], [ -4.554911, 48.360775 ], [ -4.548917, 48.362714 ], [ -4.541406, 48.361091 ], [ -4.540469, 48.360549 ], [ -4.539767, 48.360343 ], [ -4.537725, 48.359768 ], [ -4.533818, 48.360689 ], [ -4.528459, 48.362508 ], [ -4.528047, 48.362692 ], [ -4.526772, 48.363354 ], [ -4.526156, 48.363694 ], [ -4.5253, 48.364233 ], [ -4.520008, 48.367489 ], [ -4.512687, 48.372468 ], [ -4.512231, 48.372806 ], [ -4.507201, 48.376794 ], [ -4.50571, 48.378046 ], [ -4.500961, 48.381419 ], [ -4.499233, 48.381924 ], [ -4.491201, 48.379701 ], [ -4.486291, 48.378915 ], [ -4.485801, 48.379206 ], [ -4.478292, 48.383232 ], [ -4.475852, 48.383638 ], [ -4.467424, 48.384128 ], [ -4.467279, 48.384145 ], [ -4.463183, 48.386184 ], [ -4.460499, 48.38981 ], [ -4.459811, 48.39209 ], [ -4.457949, 48.399466 ], [ -4.458788, 48.400827 ], [ -4.462364, 48.404016 ], [ -4.463448, 48.410332 ], [ -4.464696, 48.416157 ], [ -4.466001, 48.418178 ], [ -4.467506, 48.421945 ], [ -4.467964, 48.424264 ], [ -4.463098, 48.431445 ], [ -4.459979, 48.43135 ], [ -4.456822, 48.431254 ], [ -4.453557, 48.431222 ], [ -4.451936, 48.431255 ], [ -4.452009, 48.434854 ], [ -4.456787, 48.434853 ], [ -4.459869, 48.434948 ], [ -4.462988, 48.435043 ], [ -4.463837, 48.435067 ], [ -4.465085, 48.435054 ], [ -4.465823, 48.435006 ], [ -4.466579, 48.434934 ], [ -4.467521, 48.434795 ], [ -4.468483, 48.434579 ], [ -4.469168, 48.434388 ], [ -4.469665, 48.43424 ], [ -4.470188, 48.434059 ], [ -4.470661, 48.433881 ], [ -4.471503, 48.433516 ], [ -4.479138, 48.434868 ], [ -4.480451, 48.43822 ], [ -4.489058, 48.439436 ], [ -4.489642, 48.439533 ], [ -4.490629, 48.439725 ], [ -4.498113, 48.442623 ], [ -4.499998, 48.443858 ], [ -4.500432, 48.443893 ], [ -4.505199, 48.443377 ], [ -4.50548, 48.443347 ], [ -4.509807, 48.436351 ], [ -4.511524, 48.435071 ], [ -4.51472, 48.434232 ], [ -4.520312, 48.437776 ], [ -4.5223, 48.437945 ], [ -4.529029, 48.440916 ], [ -4.529659, 48.441228 ], [ -4.530666, 48.441644 ], [ -4.531002, 48.441766 ], [ -4.533529, 48.442732 ], [ -4.537911, 48.444958 ], [ -4.539274, 48.444555 ], [ -4.545305, 48.444266 ], [ -4.550915, 48.449599 ], [ -4.553717, 48.449967 ], [ -4.554777, 48.449819 ], [ -4.555193, 48.449578 ], [ -4.556031, 48.448131 ], [ -4.556275, 48.447433 ], [ -4.55535, 48.444595 ], [ -4.558622, 48.436407 ], [ -4.561219, 48.437495 ], [ -4.563337, 48.439288 ], [ -4.565934, 48.441781 ], [ -4.567524, 48.440471 ], [ -4.570662, 48.435966 ], [ -4.576497, 48.438471 ], [ -4.577557, 48.43931 ], [ -4.584109, 48.436104 ], [ -4.58595, 48.435284 ], [ -4.587703, 48.434501 ], [ -4.588495, 48.434102 ], [ -4.588795, 48.43393 ], [ -4.590554, 48.432802 ], [ -4.599291, 48.431897 ], [ -4.603223, 48.432674 ], [ -4.604155, 48.432938 ], [ -4.604717, 48.433049 ], [ -4.605116, 48.433107 ], [ -4.606034, 48.433192 ], [ -4.606088, 48.433195 ], [ -4.611299, 48.428741 ], [ -4.614049, 48.427885 ], [ -4.615056, 48.427602 ], [ -4.619636, 48.425403 ], [ -4.626027, 48.42065 ], [ -4.627585, 48.419833 ], [ -4.630032, 48.411538 ] ] ] } },
{ "type": "Feature", "properties": { "fid": 4, "ID": null, "CENTER_LON": "-4.4926", "CENTER_LAT": "48.0333179", "AA_MINS": 15, "AA_MODE": "driving-car", "TOTAL_POP": "12159" }, "geometry": { "type": "Polygon", "coordinates": [ [ [ -4.588343, 48.063359 ], [ -4.592849, 48.05821 ], [ -4.594985, 48.054586 ], [ -4.59706, 48.050699 ], [ -4.597337, 48.049374 ], [ -4.596755, 48.047112 ], [ -4.59639, 48.047143 ], [ -4.595974, 48.047214 ], [ -4.595673, 48.04729 ], [ -4.595099, 48.047528 ], [ -4.589722, 48.049419 ], [ -4.581398, 48.047835 ], [ -4.576205, 48.04619 ], [ -4.575604, 48.045877 ], [ -4.571353, 48.039595 ], [ -4.576607, 48.034869 ], [ -4.580483, 48.032835 ], [ -4.580797, 48.032735 ], [ -4.582, 48.032267 ], [ -4.580695, 48.028912 ], [ -4.576929, 48.028892 ], [ -4.573578, 48.030207 ], [ -4.568622, 48.024649 ], [ -4.569771, 48.022008 ], [ -4.570721, 48.019415 ], [ -4.570629, 48.019283 ], [ -4.564799, 48.01629 ], [ -4.564516, 48.016336 ], [ -4.56376, 48.01687 ], [ -4.563, 48.01766 ], [ -4.559797, 48.019594 ], [ -4.558235, 48.021068 ], [ -4.556269, 48.022927 ], [ -4.548976, 48.021738 ], [ -4.551015, 48.013685 ], [ -4.551024, 48.013211 ], [ -4.550998, 48.012571 ], [ -4.550263, 48.011067 ], [ -4.550089, 48.010999 ], [ -4.549762, 48.010902 ], [ -4.548745, 48.010664 ], [ -4.541834, 48.011282 ], [ -4.534583, 48.010394 ], [ -4.528859, 48.008504 ], [ -4.524686, 48.007253 ], [ -4.522981, 48.006892 ], [ -4.521485, 48.006732 ], [ -4.519075, 48.006509 ], [ -4.517026, 48.006508 ], [ -4.511406, 48.006068 ], [ -4.506393, 48.003578 ], [ -4.503053, 48.00294 ], [ -4.497303, 48.000399 ], [ -4.489676, 48.001884 ], [ -4.487364, 47.999984 ], [ -4.485691, 47.997178 ], [ -4.483442, 47.993737 ], [ -4.482486, 47.992643 ], [ -4.479043, 47.988449 ], [ -4.478672, 47.987889 ], [ -4.478324, 47.987569 ], [ -4.477898, 47.987312 ], [ -4.477392, 47.987112 ], [ -4.475141, 47.98645 ], [ -4.471824, 47.985791 ], [ -4.468268, 47.984987 ], [ -4.462281, 47.983261 ], [ -4.461247, 47.982934 ], [ -4.456157, 47.981416 ], [ -4.453607, 47.980585 ], [ -4.448644, 47.976023 ], [ -4.447876, 47.975389 ], [ -4.447425, 47.975142 ], [ -4.444905, 47.974622 ], [ -4.441862, 47.975843 ], [ -4.435957, 47.972731 ], [ -4.432373, 47.973075 ], [ -4.424976, 47.973602 ], [ -4.424334, 47.973642 ], [ -4.423576, 47.974354 ], [ -4.422951, 47.975096 ], [ -4.421933, 47.978549 ], [ -4.416524, 47.981526 ], [ -4.411143, 47.981457 ], [ -4.403878, 47.981725 ], [ -4.403612, 47.98174 ], [ -4.403014, 47.982332 ], [ -4.40247, 47.982967 ], [ -4.402109, 47.983405 ], [ -4.402135, 47.985023 ], [ -4.404866, 47.988282 ], [ -4.408811, 47.995743 ], [ -4.40954, 47.995709 ], [ -4.410189, 47.995649 ], [ -4.415571, 48.000719 ], [ -4.410623, 48.0053 ], [ -4.409437, 48.0073 ], [ -4.409441, 48.007335 ], [ -4.408318, 48.014768 ], [ -4.408059, 48.017256 ], [ -4.404495, 48.021675 ], [ -4.396028, 48.020065 ], [ -4.395483, 48.019055 ], [ -4.395282, 48.018621 ], [ -4.392015, 48.020133 ], [ -4.383935, 48.021181 ], [ -4.383483, 48.024752 ], [ -4.389786, 48.029472 ], [ -4.390469, 48.029628 ], [ -4.398294, 48.033189 ], [ -4.399432, 48.033907 ], [ -4.405047, 48.035907 ], [ -4.406596, 48.035596 ], [ -4.409136, 48.034136 ], [ -4.415032, 48.039451 ], [ -4.414912, 48.043049 ], [ -4.413207, 48.048245 ], [ -4.406053, 48.049958 ], [ -4.404632, 48.049918 ], [ -4.40453, 48.053517 ], [ -4.405952, 48.053557 ], [ -4.410309, 48.053744 ], [ -4.411056, 48.053755 ], [ -4.418789, 48.057624 ], [ -4.419883, 48.058398 ], [ -4.422169, 48.058236 ], [ -4.426247, 48.058557 ], [ -4.429355, 48.056741 ], [ -4.435878, 48.060592 ], [ -4.43606, 48.061309 ], [ -4.433784, 48.067126 ], [ -4.434419, 48.067789 ], [ -4.434971, 48.068221 ], [ -4.436027, 48.068627 ], [ -4.437165, 48.068755 ], [ -4.438718, 48.068803 ], [ -4.442435, 48.068543 ], [ -4.447841, 48.074289 ], [ -4.449191, 48.077626 ], [ -4.455944, 48.077328 ], [ -4.457944, 48.07646 ], [ -4.457146, 48.072949 ], [ -4.458987, 48.06589 ], [ -4.467412, 48.064952 ], [ -4.475449, 48.067075 ], [ -4.477154, 48.068695 ], [ -4.477561, 48.068765 ], [ -4.478595, 48.068825 ], [ -4.485879, 48.072745 ], [ -4.492454, 48.073937 ], [ -4.493977, 48.073989 ], [ -4.50058, 48.074315 ], [ -4.509447, 48.075489 ], [ -4.509724, 48.075736 ], [ -4.512381, 48.073459 ], [ -4.51863, 48.073315 ], [ -4.519765, 48.072797 ], [ -4.522721, 48.071893 ], [ -4.528658, 48.072007 ], [ -4.531291, 48.075682 ], [ -4.534699, 48.075671 ], [ -4.539281, 48.074617 ], [ -4.545254, 48.074398 ], [ -4.548235, 48.072552 ], [ -4.55546, 48.07564 ], [ -4.555799, 48.075722 ], [ -4.556422, 48.075859 ], [ -4.556908, 48.075711 ], [ -4.557256, 48.075581 ], [ -4.565906, 48.075009 ], [ -4.572447, 48.073612 ], [ -4.579203, 48.069839 ], [ -4.585467, 48.067703 ], [ -4.587414, 48.067225 ], [ -4.589021, 48.066895 ], [ -4.588343, 48.063359 ] ] ] } },
{ "type": "Feature", "properties": { "fid": 5, "ID": null, "CENTER_LON": "-4.2631309874182195", "CENTER_LAT": "48.445795450285786", "AA_MINS": 15, "AA_MODE": "driving-car", "TOTAL_POP": "37042" }, "geometry": { "type": "Polygon", "coordinates": [ [ [ -4.389456, 48.44657 ], [ -4.390325, 48.440478 ], [ -4.392243, 48.437475 ], [ -4.393696, 48.435893 ], [ -4.393701, 48.435738 ], [ -4.392199, 48.433876 ], [ -4.392898, 48.426551 ], [ -4.394437, 48.424342 ], [ -4.394222, 48.423629 ], [ -4.39331, 48.42333 ], [ -4.391524, 48.423223 ], [ -4.386371, 48.422452 ], [ -4.385249, 48.422577 ], [ -4.376875, 48.41953 ], [ -4.373347, 48.420246 ], [ -4.370382, 48.421896 ], [ -4.362408, 48.418328 ], [ -4.362123, 48.417613 ], [ -4.36111, 48.412427 ], [ -4.360695, 48.411131 ], [ -4.360279, 48.411173 ], [ -4.359494, 48.41122 ], [ -4.359178, 48.411258 ], [ -4.356466, 48.411447 ], [ -4.356233, 48.411537 ], [ -4.351181, 48.41175 ], [ -4.349126, 48.411279 ], [ -4.347789, 48.410772 ], [ -4.347701, 48.41083 ], [ -4.346374, 48.411489 ], [ -4.346285, 48.411614 ], [ -4.338774, 48.415619 ], [ -4.337311, 48.414944 ], [ -4.337821, 48.406228 ], [ -4.340274, 48.403593 ], [ -4.339563, 48.403095 ], [ -4.339239, 48.402914 ], [ -4.337299, 48.394717 ], [ -4.338738, 48.393855 ], [ -4.344186, 48.394557 ], [ -4.34471, 48.394873 ], [ -4.345294, 48.395156 ], [ -4.346942, 48.396048 ], [ -4.347377, 48.396269 ], [ -4.347821, 48.396518 ], [ -4.349767, 48.397613 ], [ -4.349943, 48.397716 ], [ -4.350901, 48.397532 ], [ -4.351753, 48.394603 ], [ -4.356144, 48.38727 ], [ -4.362632, 48.385502 ], [ -4.364456, 48.385499 ], [ -4.365879, 48.385474 ], [ -4.368529, 48.385388 ], [ -4.368412, 48.38179 ], [ -4.365762, 48.381876 ], [ -4.358104, 48.381764 ], [ -4.356401, 48.381659 ], [ -4.354598, 48.381519 ], [ -4.352766, 48.381377 ], [ -4.350821, 48.381225 ], [ -4.348874, 48.381073 ], [ -4.346556, 48.380947 ], [ -4.344279, 48.380868 ], [ -4.344244, 48.380866 ], [ -4.34124, 48.380838 ], [ -4.338518, 48.380891 ], [ -4.33396, 48.380526 ], [ -4.328966, 48.380009 ], [ -4.32551, 48.376092 ], [ -4.318331, 48.371138 ], [ -4.3178, 48.370954 ], [ -4.316138, 48.371203 ], [ -4.309272, 48.371963 ], [ -4.306584, 48.37074 ], [ -4.306556, 48.370746 ], [ -4.299087, 48.374998 ], [ -4.298442, 48.375103 ], [ -4.290797, 48.374905 ], [ -4.290134, 48.374738 ], [ -4.2887, 48.374515 ], [ -4.282757, 48.375882 ], [ -4.278654, 48.372617 ], [ -4.276962, 48.371457 ], [ -4.276794, 48.371499 ], [ -4.276481, 48.3716 ], [ -4.270253, 48.371793 ], [ -4.267111, 48.369785 ], [ -4.266306, 48.369149 ], [ -4.266026, 48.368939 ], [ -4.265779, 48.368768 ], [ -4.265306, 48.368481 ], [ -4.259397, 48.362903 ], [ -4.255342, 48.361635 ], [ -4.252166, 48.363329 ], [ -4.252429, 48.367864 ], [ -4.25028, 48.375745 ], [ -4.249367, 48.384009 ], [ -4.247946, 48.384795 ], [ -4.240464, 48.384116 ], [ -4.239261, 48.380722 ], [ -4.238639, 48.380943 ], [ -4.238124, 48.381182 ], [ -4.232554, 48.383407 ], [ -4.226545, 48.386922 ], [ -4.220553, 48.385879 ], [ -4.21677, 48.38627 ], [ -4.213794, 48.38737 ], [ -4.213529, 48.387879 ], [ -4.213366, 48.38832 ], [ -4.206252, 48.393244 ], [ -4.204518, 48.393318 ], [ -4.20307, 48.395493 ], [ -4.203086, 48.395611 ], [ -4.203693, 48.396822 ], [ -4.20444, 48.396998 ], [ -4.205576, 48.396893 ], [ -4.20747, 48.39707 ], [ -4.209422, 48.39679 ], [ -4.21623, 48.401194 ], [ -4.211521, 48.408606 ], [ -4.210239, 48.408673 ], [ -4.209698, 48.408749 ], [ -4.209285, 48.408846 ], [ -4.208698, 48.409031 ], [ -4.206501, 48.409822 ], [ -4.205708, 48.410109 ], [ -4.205318, 48.411611 ], [ -4.203852, 48.417454 ], [ -4.203829, 48.419667 ], [ -4.201098, 48.426581 ], [ -4.192529, 48.425956 ], [ -4.19224, 48.425731 ], [ -4.191904, 48.425517 ], [ -4.191398, 48.425247 ], [ -4.189481, 48.424431 ], [ -4.187511, 48.415696 ], [ -4.188696, 48.413026 ], [ -4.189079, 48.412438 ], [ -4.19004, 48.411161 ], [ -4.190431, 48.410564 ], [ -4.190437, 48.410542 ], [ -4.189729, 48.40849 ], [ -4.188932, 48.408376 ], [ -4.186833, 48.409445 ], [ -4.17972, 48.408588 ], [ -4.178515, 48.407975 ], [ -4.170189, 48.406787 ], [ -4.168882, 48.407515 ], [ -4.168747, 48.407603 ], [ -4.167956, 48.408296 ], [ -4.167651, 48.40934 ], [ -4.166897, 48.417869 ], [ -4.171033, 48.424921 ], [ -4.169462, 48.42816 ], [ -4.163421, 48.434825 ], [ -4.161114, 48.434126 ], [ -4.158819, 48.433432 ], [ -4.158066, 48.433197 ], [ -4.157418, 48.433521 ], [ -4.157108, 48.433789 ], [ -4.156997, 48.436635 ], [ -4.159719, 48.439101 ], [ -4.164701, 48.444767 ], [ -4.164255, 48.447077 ], [ -4.164381, 48.44725 ], [ -4.170255, 48.451387 ], [ -4.173519, 48.451501 ], [ -4.17803, 48.457099 ], [ -4.178221, 48.457719 ], [ -4.178363, 48.457989 ], [ -4.180049, 48.459722 ], [ -4.180353, 48.459642 ], [ -4.180637, 48.459547 ], [ -4.181096, 48.459299 ], [ -4.185204, 48.457658 ], [ -4.19185, 48.461056 ], [ -4.192168, 48.466965 ], [ -4.192034, 48.469563 ], [ -4.187995, 48.477128 ], [ -4.185831, 48.477768 ], [ -4.183437, 48.477799 ], [ -4.182694, 48.47787 ], [ -4.182105, 48.477987 ], [ -4.180663, 48.478408 ], [ -4.179688, 48.47877 ], [ -4.179228, 48.479038 ], [ -4.178751, 48.479404 ], [ -4.178194, 48.479949 ], [ -4.177741, 48.480509 ], [ -4.175563, 48.482578 ], [ -4.1698, 48.485032 ], [ -4.169111, 48.485191 ], [ -4.166873, 48.485805 ], [ -4.166257, 48.485954 ], [ -4.164754, 48.486263 ], [ -4.162454, 48.486595 ], [ -4.160096, 48.487015 ], [ -4.159149, 48.487201 ], [ -4.159439, 48.490276 ], [ -4.159842, 48.490733 ], [ -4.161085, 48.490666 ], [ -4.161982, 48.490421 ], [ -4.163146, 48.490177 ], [ -4.163259, 48.490149 ], [ -4.165554, 48.489773 ], [ -4.16698, 48.489481 ], [ -4.167717, 48.489304 ], [ -4.170061, 48.488664 ], [ -4.171139, 48.488472 ], [ -4.173659, 48.488193 ], [ -4.174242, 48.488087 ], [ -4.174731, 48.48796 ], [ -4.175461, 48.487694 ], [ -4.180791, 48.494722 ], [ -4.179007, 48.49734 ], [ -4.175757, 48.499175 ], [ -4.176433, 48.502711 ], [ -4.177594, 48.502489 ], [ -4.178785, 48.502223 ], [ -4.179921, 48.501947 ], [ -4.179977, 48.501935 ], [ -4.180912, 48.5017 ], [ -4.183205, 48.501082 ], [ -4.185466, 48.500471 ], [ -4.18678, 48.500135 ], [ -4.194768, 48.50274 ], [ -4.196248, 48.503309 ], [ -4.199672, 48.502646 ], [ -4.206116, 48.501568 ], [ -4.208141, 48.500413 ], [ -4.213795, 48.494984 ], [ -4.215214, 48.494741 ], [ -4.216809, 48.494429 ], [ -4.218502, 48.494047 ], [ -4.22017, 48.493621 ], [ -4.228831, 48.493817 ], [ -4.23511, 48.494193 ], [ -4.238337, 48.495663 ], [ -4.241105, 48.495723 ], [ -4.242002, 48.49543 ], [ -4.24971, 48.498456 ], [ -4.252423, 48.500822 ], [ -4.255525, 48.502131 ], [ -4.264384, 48.502418 ], [ -4.265374, 48.502577 ], [ -4.265443, 48.502587 ], [ -4.267954, 48.502548 ], [ -4.267995, 48.502532 ], [ -4.275795, 48.500597 ], [ -4.279394, 48.500517 ], [ -4.284669, 48.503681 ], [ -4.286432, 48.504565 ], [ -4.28684, 48.504748 ], [ -4.287425, 48.504971 ], [ -4.287995, 48.505135 ], [ -4.288585, 48.505265 ], [ -4.289507, 48.505375 ], [ -4.289961, 48.505402 ], [ -4.290357, 48.505404 ], [ -4.290852, 48.505358 ], [ -4.291282, 48.505275 ], [ -4.291701, 48.505142 ], [ -4.298191, 48.51124 ], [ -4.297439, 48.513281 ], [ -4.296966, 48.514625 ], [ -4.298587, 48.515496 ], [ -4.304908, 48.51721 ], [ -4.306741, 48.519668 ], [ -4.307068, 48.520191 ], [ -4.31012, 48.518282 ], [ -4.309794, 48.51776 ], [ -4.308622, 48.514307 ], [ -4.313712, 48.507351 ], [ -4.31612, 48.5085 ], [ -4.316369, 48.508654 ], [ -4.318188, 48.50995 ], [ -4.319205, 48.510881 ], [ -4.319453, 48.511137 ], [ -4.31973, 48.511439 ], [ -4.320499, 48.512349 ], [ -4.323247, 48.510023 ], [ -4.322478, 48.509114 ], [ -4.322114, 48.508713 ], [ -4.321795, 48.508381 ], [ -4.320624, 48.5073 ], [ -4.31689, 48.500113 ], [ -4.313408, 48.494224 ], [ -4.31276, 48.493462 ], [ -4.31195, 48.492199 ], [ -4.310878, 48.486773 ], [ -4.31175, 48.484157 ], [ -4.312731, 48.482109 ], [ -4.32017, 48.480612 ], [ -4.32157, 48.4815 ], [ -4.321935, 48.481721 ], [ -4.329268, 48.481271 ], [ -4.329545, 48.48133 ], [ -4.33602, 48.482559 ], [ -4.336064, 48.482571 ], [ -4.338075, 48.481663 ], [ -4.338134, 48.481527 ], [ -4.33937, 48.478935 ], [ -4.341918, 48.470781 ], [ -4.348802, 48.465685 ], [ -4.351257, 48.464858 ], [ -4.353762, 48.464012 ], [ -4.355799, 48.463257 ], [ -4.364611, 48.464244 ], [ -4.369799, 48.466746 ], [ -4.371889, 48.463815 ], [ -4.371431, 48.460255 ], [ -4.375803, 48.455349 ], [ -4.377326, 48.454762 ], [ -4.379438, 48.453922 ], [ -4.381126, 48.453286 ], [ -4.382786, 48.45266 ], [ -4.385348, 48.451742 ], [ -4.387974, 48.450863 ], [ -4.390599, 48.449984 ], [ -4.389456, 48.44657 ] ] ] } },
{ "type": "Feature", "properties": { "fid": 6, "ID": null, "CENTER_LON": "-4.324840216100055", "CENTER_LAT": "48.57246251931615", "AA_MINS": 15, "AA_MODE": "driving-car", "TOTAL_POP": "32521" }, "geometry": { "type": "Polygon", "coordinates": [ [ [ -4.439607, 48.623762 ], [ -4.439814, 48.622712 ], [ -4.43746, 48.620872 ], [ -4.435511, 48.621629 ], [ -4.431487, 48.622598 ], [ -4.428864, 48.615219 ], [ -4.433118, 48.60986 ], [ -4.437648, 48.608405 ], [ -4.444915, 48.604014 ], [ -4.445637, 48.603994 ], [ -4.450778, 48.604182 ], [ -4.451692, 48.60409 ], [ -4.4518, 48.604076 ], [ -4.452877, 48.6039 ], [ -4.456614, 48.597707 ], [ -4.458332, 48.596174 ], [ -4.466866, 48.593727 ], [ -4.468591, 48.592384 ], [ -4.468717, 48.591821 ], [ -4.467543, 48.590191 ], [ -4.467171, 48.59012 ], [ -4.463816, 48.589621 ], [ -4.463596, 48.581731 ], [ -4.463942, 48.581271 ], [ -4.464173, 48.580896 ], [ -4.467207, 48.577092 ], [ -4.472106, 48.571814 ], [ -4.471953, 48.568217 ], [ -4.470962, 48.568259 ], [ -4.468589, 48.568272 ], [ -4.462011, 48.567339 ], [ -4.453926, 48.563695 ], [ -4.453243, 48.561973 ], [ -4.452734, 48.560298 ], [ -4.450508, 48.559291 ], [ -4.448502, 48.558747 ], [ -4.447726, 48.559111 ], [ -4.447542, 48.559533 ], [ -4.447393, 48.560071 ], [ -4.441513, 48.566454 ], [ -4.440952, 48.566417 ], [ -4.440494, 48.566413 ], [ -4.438667, 48.566576 ], [ -4.434024, 48.565252 ], [ -4.433498, 48.564909 ], [ -4.432791, 48.564574 ], [ -4.432121, 48.564383 ], [ -4.427169, 48.557125 ], [ -4.427752, 48.553573 ], [ -4.425068, 48.547071 ], [ -4.431134, 48.545195 ], [ -4.431804, 48.544853 ], [ -4.432216, 48.544585 ], [ -4.432539, 48.544303 ], [ -4.433092, 48.543158 ], [ -4.434876, 48.535737 ], [ -4.435887, 48.53393 ], [ -4.435641, 48.533356 ], [ -4.43426, 48.53219 ], [ -4.433679, 48.532291 ], [ -4.425881, 48.528334 ], [ -4.425714, 48.527977 ], [ -4.42504, 48.526859 ], [ -4.424, 48.52542 ], [ -4.420683, 48.519603 ], [ -4.421099, 48.513887 ], [ -4.422499, 48.510539 ], [ -4.420867, 48.505417 ], [ -4.420735, 48.505307 ], [ -4.419042, 48.505106 ], [ -4.41893, 48.505105 ], [ -4.411808, 48.50511 ], [ -4.409157, 48.505218 ], [ -4.402418, 48.504957 ], [ -4.400859, 48.504981 ], [ -4.400052, 48.505186 ], [ -4.399215, 48.506599 ], [ -4.398753, 48.508661 ], [ -4.390015, 48.510254 ], [ -4.389308, 48.507913 ], [ -4.389183, 48.507437 ], [ -4.387995, 48.505807 ], [ -4.386953, 48.506073 ], [ -4.381051, 48.507574 ], [ -4.380011, 48.507788 ], [ -4.379589, 48.507884 ], [ -4.379239, 48.507985 ], [ -4.377688, 48.508535 ], [ -4.3761, 48.508909 ], [ -4.368047, 48.506181 ], [ -4.366773, 48.505887 ], [ -4.365317, 48.505963 ], [ -4.358045, 48.509885 ], [ -4.349661, 48.508886 ], [ -4.343066, 48.503485 ], [ -4.3415, 48.498455 ], [ -4.341964, 48.493291 ], [ -4.341885, 48.490002 ], [ -4.34168, 48.489411 ], [ -4.341214, 48.488455 ], [ -4.337977, 48.490032 ], [ -4.336324, 48.491179 ], [ -4.330281, 48.496778 ], [ -4.326171, 48.495022 ], [ -4.323071, 48.496851 ], [ -4.321791, 48.500246 ], [ -4.314398, 48.500013 ], [ -4.313747, 48.499651 ], [ -4.313458, 48.499612 ], [ -4.312703, 48.499659 ], [ -4.304912, 48.499777 ], [ -4.298346, 48.495226 ], [ -4.295548, 48.497492 ], [ -4.293636, 48.501728 ], [ -4.293726, 48.502333 ], [ -4.292438, 48.508151 ], [ -4.283891, 48.510797 ], [ -4.283277, 48.510791 ], [ -4.282806, 48.510843 ], [ -4.281044, 48.511975 ], [ -4.281126, 48.512558 ], [ -4.281424, 48.513355 ], [ -4.281827, 48.513877 ], [ -4.28192, 48.513971 ], [ -4.282351, 48.514324 ], [ -4.284861, 48.516104 ], [ -4.285861, 48.522649 ], [ -4.279946, 48.52395 ], [ -4.279071, 48.523554 ], [ -4.276654, 48.522731 ], [ -4.27378, 48.521915 ], [ -4.269244, 48.516907 ], [ -4.268846, 48.51699 ], [ -4.26739, 48.517408 ], [ -4.266894, 48.517543 ], [ -4.265813, 48.517778 ], [ -4.265352, 48.517965 ], [ -4.264669, 48.518569 ], [ -4.256298, 48.515871 ], [ -4.255863, 48.515936 ], [ -4.25507, 48.516196 ], [ -4.251195, 48.517349 ], [ -4.244813, 48.512796 ], [ -4.241533, 48.511313 ], [ -4.239225, 48.513266 ], [ -4.240285, 48.516706 ], [ -4.242128, 48.519312 ], [ -4.242447, 48.52026 ], [ -4.24252, 48.52052 ], [ -4.242829, 48.52156 ], [ -4.237764, 48.528222 ], [ -4.234487, 48.52743 ], [ -4.232629, 48.527351 ], [ -4.232168, 48.527428 ], [ -4.231618, 48.528427 ], [ -4.231137, 48.52934 ], [ -4.231138, 48.529351 ], [ -4.232758, 48.530979 ], [ -4.235223, 48.5377 ], [ -4.227065, 48.538284 ], [ -4.226794, 48.538223 ], [ -4.226006, 48.538068 ], [ -4.22529, 48.538058 ], [ -4.223488, 48.538696 ], [ -4.216997, 48.539808 ], [ -4.216648, 48.539865 ], [ -4.21547, 48.541327 ], [ -4.214183, 48.544681 ], [ -4.209477, 48.548615 ], [ -4.204704, 48.549144 ], [ -4.203761, 48.549 ], [ -4.199616, 48.547776 ], [ -4.197595, 48.550755 ], [ -4.189351, 48.553924 ], [ -4.187438, 48.555683 ], [ -4.18354, 48.559208 ], [ -4.181774, 48.561192 ], [ -4.181886, 48.561754 ], [ -4.182006, 48.562465 ], [ -4.176309, 48.569226 ], [ -4.175805, 48.569174 ], [ -4.174084, 48.569095 ], [ -4.172956, 48.569185 ], [ -4.171789, 48.569291 ], [ -4.171467, 48.569813 ], [ -4.171352, 48.570383 ], [ -4.171318, 48.570989 ], [ -4.172113, 48.572876 ], [ -4.170018, 48.581469 ], [ -4.16924, 48.581862 ], [ -4.168153, 48.5823 ], [ -4.168548, 48.585878 ], [ -4.172025, 48.591331 ], [ -4.173336, 48.594684 ], [ -4.182192, 48.596116 ], [ -4.182369, 48.596262 ], [ -4.183292, 48.596724 ], [ -4.184165, 48.596727 ], [ -4.184616, 48.596619 ], [ -4.189385, 48.591434 ], [ -4.190046, 48.591084 ], [ -4.197523, 48.590249 ], [ -4.20062, 48.592084 ], [ -4.207975, 48.594081 ], [ -4.209127, 48.594372 ], [ -4.215797, 48.599294 ], [ -4.220875, 48.60646 ], [ -4.222285, 48.607557 ], [ -4.222644, 48.607541 ], [ -4.224392, 48.60569 ], [ -4.226007, 48.604078 ], [ -4.230774, 48.601676 ], [ -4.231192, 48.601606 ], [ -4.237331, 48.604141 ], [ -4.236437, 48.610324 ], [ -4.236531, 48.610446 ], [ -4.238132, 48.613421 ], [ -4.239936, 48.621082 ], [ -4.240612, 48.627452 ], [ -4.240402, 48.631046 ], [ -4.241497, 48.63111 ], [ -4.244231, 48.631439 ], [ -4.245429, 48.631609 ], [ -4.245672, 48.631645 ], [ -4.248039, 48.631126 ], [ -4.256496, 48.633717 ], [ -4.261848, 48.639545 ], [ -4.262394, 48.643103 ], [ -4.264219, 48.64314 ], [ -4.27283, 48.641561 ], [ -4.276136, 48.641015 ], [ -4.27943, 48.640545 ], [ -4.28167, 48.639432 ], [ -4.283883, 48.638697 ], [ -4.286361, 48.637877 ], [ -4.28884, 48.637057 ], [ -4.291314, 48.636255 ], [ -4.292244, 48.635936 ], [ -4.294551, 48.633612 ], [ -4.296594, 48.632365 ], [ -4.303554, 48.634018 ], [ -4.30674, 48.635721 ], [ -4.310845, 48.642289 ], [ -4.305944, 48.649165 ], [ -4.305169, 48.64933 ], [ -4.304532, 48.649472 ], [ -4.304182, 48.649621 ], [ -4.303596, 48.649902 ], [ -4.303138, 48.650626 ], [ -4.303979, 48.653665 ], [ -4.304363, 48.657245 ], [ -4.305741, 48.657335 ], [ -4.31312, 48.659693 ], [ -4.318717, 48.665523 ], [ -4.320482, 48.668466 ], [ -4.329117, 48.670707 ], [ -4.329811, 48.671017 ], [ -4.330188, 48.671083 ], [ -4.332529, 48.670524 ], [ -4.33265, 48.670472 ], [ -4.336852, 48.668372 ], [ -4.342891, 48.667835 ], [ -4.350923, 48.665712 ], [ -4.354986, 48.657909 ], [ -4.357282, 48.656851 ], [ -4.358992, 48.656507 ], [ -4.359178, 48.656441 ], [ -4.3645, 48.655004 ], [ -4.364568, 48.654967 ], [ -4.372699, 48.651563 ], [ -4.376534, 48.652924 ], [ -4.377876, 48.652988 ], [ -4.381802, 48.650065 ], [ -4.387796, 48.648353 ], [ -4.392078, 48.648326 ], [ -4.392771, 48.648358 ], [ -4.393392, 48.647556 ], [ -4.393557, 48.647351 ], [ -4.400366, 48.641619 ], [ -4.405528, 48.638668 ], [ -4.411409, 48.637946 ], [ -4.418703, 48.639135 ], [ -4.418777, 48.639129 ], [ -4.424764, 48.638244 ], [ -4.430313, 48.63336 ], [ -4.431706, 48.631177 ], [ -4.437835, 48.626133 ], [ -4.439607, 48.623762 ] ] ] } },
{ "type": "Feature", "properties": { "fid": 7, "ID": null, "CENTER_LON": "-3.857758279926775", "CENTER_LAT": "48.572839238833424", "AA_MINS": 15, "AA_MODE": "driving-car", "TOTAL_POP": "50339" }, "geometry": { "type": "Polygon", "coordinates": [ [ [ -4.00236, 48.664793 ], [ -4.001121, 48.664291 ], [ -4.000222, 48.663996 ], [ -3.997749, 48.663091 ], [ -3.991218, 48.658766 ], [ -3.988797, 48.65524 ], [ -3.988968, 48.646822 ], [ -3.988986, 48.646778 ], [ -3.989262, 48.645049 ], [ -3.989621, 48.637107 ], [ -3.991023, 48.635561 ], [ -3.993734, 48.633916 ], [ -3.994722, 48.632666 ], [ -3.996065, 48.631173 ], [ -3.99592, 48.630544 ], [ -3.993302, 48.629279 ], [ -3.989257, 48.626597 ], [ -3.98736, 48.625234 ], [ -3.987316, 48.625233 ], [ -3.983527, 48.625272 ], [ -3.982726, 48.625348 ], [ -3.982435, 48.6254 ], [ -3.975085, 48.624721 ], [ -3.97362, 48.624325 ], [ -3.971054, 48.62446 ], [ -3.966038, 48.626276 ], [ -3.960907, 48.623575 ], [ -3.960207, 48.619416 ], [ -3.960514, 48.615846 ], [ -3.960822, 48.615006 ], [ -3.966579, 48.610527 ], [ -3.968048, 48.610327 ], [ -3.968594, 48.606769 ], [ -3.968007, 48.606679 ], [ -3.967439, 48.606656 ], [ -3.962834, 48.604968 ], [ -3.961692, 48.598652 ], [ -3.961706, 48.598549 ], [ -3.961711, 48.598291 ], [ -3.964149, 48.592184 ], [ -3.964457, 48.591663 ], [ -3.964726, 48.590996 ], [ -3.965322, 48.589615 ], [ -3.965186, 48.587155 ], [ -3.965187, 48.58704 ], [ -3.96562, 48.583473 ], [ -3.96617, 48.58218 ], [ -3.96975, 48.579572 ], [ -3.975989, 48.5829 ], [ -3.980551, 48.588296 ], [ -3.981388, 48.588444 ], [ -3.984899, 48.589237 ], [ -3.988341, 48.596137 ], [ -3.990252, 48.598463 ], [ -3.993847, 48.598663 ], [ -3.998133, 48.595125 ], [ -3.998224, 48.591526 ], [ -3.999018, 48.585914 ], [ -4.00583, 48.583837 ], [ -4.006843, 48.584003 ], [ -4.014936, 48.581972 ], [ -4.02005, 48.583031 ], [ -4.021621, 48.582011 ], [ -4.02153, 48.578412 ], [ -4.015526, 48.574494 ], [ -4.010384, 48.570782 ], [ -4.010269, 48.570781 ], [ -4.00928, 48.570892 ], [ -4.009127, 48.5709 ], [ -4.008025, 48.570956 ], [ -4.00683, 48.570997 ], [ -4.005945, 48.571 ], [ -4.004508, 48.570787 ], [ -4.000023, 48.568885 ], [ -3.997329, 48.565168 ], [ -3.997035, 48.564538 ], [ -3.996653, 48.564065 ], [ -3.999889, 48.555787 ], [ -4.000524, 48.555883 ], [ -4.001396, 48.556149 ], [ -4.001991, 48.556282 ], [ -4.00482, 48.556172 ], [ -4.006317, 48.5565 ], [ -4.007932, 48.556389 ], [ -4.008072, 48.556365 ], [ -4.009305, 48.554181 ], [ -4.012377, 48.546888 ], [ -4.014529, 48.545846 ], [ -4.01686, 48.545415 ], [ -4.017178, 48.545355 ], [ -4.016502, 48.541819 ], [ -4.015152, 48.541557 ], [ -4.012495, 48.54054 ], [ -4.011722, 48.540462 ], [ -4.011341, 48.541285 ], [ -4.00813, 48.544777 ], [ -4.004464, 48.545874 ], [ -3.998, 48.543498 ], [ -3.998264, 48.535266 ], [ -3.99963, 48.533894 ], [ -4.000026, 48.533581 ], [ -4.00248, 48.531856 ], [ -4.004573, 48.530629 ], [ -4.005005, 48.530334 ], [ -4.005849, 48.529709 ], [ -4.013812, 48.530919 ], [ -4.018863, 48.52951 ], [ -4.019038, 48.525914 ], [ -4.023018, 48.521115 ], [ -4.02896, 48.525516 ], [ -4.030208, 48.525187 ], [ -4.032497, 48.525116 ], [ -4.033015, 48.525127 ], [ -4.033615, 48.525056 ], [ -4.038738, 48.532199 ], [ -4.039828, 48.532723 ], [ -4.040859, 48.533081 ], [ -4.041284, 48.533184 ], [ -4.04189, 48.533244 ], [ -4.049745, 48.535106 ], [ -4.053021, 48.534484 ], [ -4.05314, 48.534463 ], [ -4.053836, 48.534313 ], [ -4.060181, 48.533255 ], [ -4.065757, 48.531739 ], [ -4.068576, 48.530044 ], [ -4.071356, 48.527757 ], [ -4.071906, 48.522071 ], [ -4.076817, 48.519885 ], [ -4.078346, 48.519726 ], [ -4.079372, 48.519589 ], [ -4.080274, 48.519447 ], [ -4.081275, 48.519265 ], [ -4.082071, 48.5191 ], [ -4.083642, 48.518728 ], [ -4.084613, 48.518466 ], [ -4.085577, 48.518174 ], [ -4.08732, 48.517569 ], [ -4.087972, 48.517313 ], [ -4.090555, 48.516209 ], [ -4.092325, 48.515432 ], [ -4.099896, 48.517512 ], [ -4.10282, 48.518262 ], [ -4.103477, 48.51789 ], [ -4.105738, 48.516083 ], [ -4.111705, 48.513642 ], [ -4.111781, 48.513583 ], [ -4.116451, 48.508373 ], [ -4.119048, 48.508254 ], [ -4.121645, 48.508135 ], [ -4.124551, 48.508003 ], [ -4.126712, 48.507899 ], [ -4.126539, 48.504303 ], [ -4.124379, 48.504407 ], [ -4.121481, 48.504539 ], [ -4.118884, 48.504658 ], [ -4.116286, 48.504777 ], [ -4.113689, 48.504895 ], [ -4.112317, 48.504987 ], [ -4.111073, 48.5051 ], [ -4.109745, 48.505267 ], [ -4.10822, 48.505513 ], [ -4.099877, 48.506903 ], [ -4.092618, 48.511371 ], [ -4.090877, 48.512136 ], [ -4.089107, 48.512913 ], [ -4.086558, 48.514002 ], [ -4.086006, 48.514218 ], [ -4.0844, 48.514771 ], [ -4.083572, 48.51502 ], [ -4.082707, 48.515252 ], [ -4.081244, 48.515596 ], [ -4.080545, 48.51574 ], [ -4.079632, 48.515905 ], [ -4.078817, 48.516032 ], [ -4.077872, 48.516157 ], [ -4.076446, 48.516304 ], [ -4.074159, 48.51649 ], [ -4.067707, 48.510473 ], [ -4.067671, 48.510426 ], [ -4.065838, 48.509793 ], [ -4.057689, 48.506895 ], [ -4.055438, 48.506237 ], [ -4.050748, 48.508087 ], [ -4.050135, 48.508274 ], [ -4.049161, 48.508596 ], [ -4.046334, 48.516041 ], [ -4.044237, 48.516168 ], [ -4.041026, 48.515434 ], [ -4.040473, 48.515443 ], [ -4.03677, 48.516606 ], [ -4.034894, 48.516856 ], [ -4.033411, 48.516786 ], [ -4.032231, 48.516997 ], [ -4.03013, 48.516963 ], [ -4.027178, 48.508564 ], [ -4.02952, 48.504939 ], [ -4.028078, 48.502228 ], [ -4.026888, 48.501839 ], [ -4.018254, 48.503946 ], [ -4.017176, 48.503621 ], [ -4.012612, 48.496364 ], [ -4.012348, 48.495502 ], [ -4.011922, 48.494715 ], [ -4.011092, 48.493516 ], [ -4.010615, 48.49293 ], [ -4.010216, 48.492566 ], [ -4.008091, 48.490824 ], [ -4.007508, 48.490441 ], [ -4.006888, 48.490097 ], [ -4.006238, 48.489789 ], [ -4.005838, 48.489623 ], [ -4.00544, 48.489489 ], [ -4.004804, 48.489316 ], [ -4.004042, 48.489186 ], [ -3.999433, 48.48751 ], [ -3.99607, 48.484992 ], [ -3.995543, 48.485021 ], [ -3.994945, 48.485686 ], [ -3.99389, 48.48698 ], [ -3.98978, 48.492851 ], [ -3.981257, 48.494314 ], [ -3.977654, 48.49158 ], [ -3.972977, 48.486794 ], [ -3.971556, 48.486915 ], [ -3.96953, 48.487739 ], [ -3.961736, 48.488639 ], [ -3.958812, 48.484099 ], [ -3.958715, 48.480084 ], [ -3.956849, 48.477005 ], [ -3.954671, 48.478125 ], [ -3.952646, 48.479145 ], [ -3.952296, 48.47934 ], [ -3.95187, 48.479623 ], [ -3.951364, 48.480061 ], [ -3.944043, 48.48434 ], [ -3.944377, 48.487925 ], [ -3.938046, 48.491489 ], [ -3.937014, 48.49107 ], [ -3.936355, 48.490662 ], [ -3.934458, 48.493721 ], [ -3.928779, 48.499519 ], [ -3.926535, 48.498754 ], [ -3.925928, 48.498326 ], [ -3.925493, 48.498128 ], [ -3.923562, 48.500221 ], [ -3.924003, 48.501406 ], [ -3.924432, 48.502044 ], [ -3.924952, 48.502576 ], [ -3.924438, 48.511064 ], [ -3.91579, 48.51026 ], [ -3.914013, 48.507871 ], [ -3.911726, 48.505908 ], [ -3.911564, 48.505749 ], [ -3.911042, 48.505384 ], [ -3.907724, 48.499801 ], [ -3.906104, 48.496586 ], [ -3.905217, 48.497033 ], [ -3.90466, 48.497372 ], [ -3.903617, 48.498256 ], [ -3.89589, 48.497446 ], [ -3.894842, 48.495483 ], [ -3.893117, 48.494129 ], [ -3.892718, 48.494194 ], [ -3.884459, 48.493001 ], [ -3.882317, 48.494226 ], [ -3.880076, 48.495773 ], [ -3.879485, 48.496036 ], [ -3.872928, 48.490845 ], [ -3.875751, 48.487252 ], [ -3.875027, 48.483726 ], [ -3.876143, 48.479081 ], [ -3.876612, 48.477926 ], [ -3.877039, 48.47693 ], [ -3.87734, 48.476117 ], [ -3.873963, 48.474868 ], [ -3.873265, 48.47619 ], [ -3.872372, 48.47798 ], [ -3.864956, 48.48252 ], [ -3.864534, 48.482593 ], [ -3.864077, 48.482712 ], [ -3.858513, 48.489561 ], [ -3.858027, 48.489797 ], [ -3.85092, 48.490563 ], [ -3.842916, 48.488394 ], [ -3.841909, 48.488252 ], [ -3.841273, 48.488191 ], [ -3.840307, 48.48822 ], [ -3.83536, 48.491146 ], [ -3.82788, 48.488326 ], [ -3.82925, 48.483017 ], [ -3.831193, 48.480061 ], [ -3.831015, 48.479925 ], [ -3.825205, 48.474282 ], [ -3.822029, 48.475978 ], [ -3.821972, 48.483815 ], [ -3.821979, 48.483924 ], [ -3.822222, 48.486873 ], [ -3.82478, 48.490861 ], [ -3.825102, 48.491738 ], [ -3.826211, 48.49367 ], [ -3.826593, 48.494142 ], [ -3.823248, 48.502443 ], [ -3.820705, 48.504704 ], [ -3.82065, 48.504935 ], [ -3.820775, 48.506101 ], [ -3.820835, 48.506926 ], [ -3.817437, 48.515127 ], [ -3.814194, 48.518691 ], [ -3.81428, 48.51969 ], [ -3.81429, 48.520356 ], [ -3.814572, 48.521133 ], [ -3.812465, 48.528878 ], [ -3.812281, 48.529345 ], [ -3.811495, 48.531028 ], [ -3.8101, 48.533323 ], [ -3.802276, 48.536999 ], [ -3.801444, 48.536756 ], [ -3.795487, 48.530784 ], [ -3.795454, 48.529429 ], [ -3.794125, 48.526921 ], [ -3.799827, 48.521264 ], [ -3.800939, 48.521614 ], [ -3.801592, 48.521702 ], [ -3.802357, 48.521751 ], [ -3.803092, 48.519248 ], [ -3.802588, 48.518158 ], [ -3.800742, 48.516522 ], [ -3.795391, 48.512486 ], [ -3.790287, 48.507339 ], [ -3.788862, 48.504496 ], [ -3.78662, 48.502817 ], [ -3.786322, 48.502892 ], [ -3.785263, 48.504571 ], [ -3.785264, 48.504599 ], [ -3.785263, 48.505507 ], [ -3.784988, 48.50907 ], [ -3.779607, 48.515124 ], [ -3.776153, 48.516139 ], [ -3.769243, 48.515832 ], [ -3.761516, 48.520044 ], [ -3.760927, 48.523595 ], [ -3.763187, 48.525047 ], [ -3.76427, 48.524901 ], [ -3.770384, 48.526131 ], [ -3.772873, 48.53207 ], [ -3.773058, 48.532492 ], [ -3.768577, 48.540168 ], [ -3.768176, 48.540222 ], [ -3.767819, 48.540302 ], [ -3.76734, 48.540454 ], [ -3.766729, 48.540726 ], [ -3.763485, 48.541683 ], [ -3.757935, 48.536181 ], [ -3.757166, 48.53641 ], [ -3.756504, 48.536744 ], [ -3.75349, 48.539266 ], [ -3.752056, 48.54014 ], [ -3.745618, 48.540881 ], [ -3.742957, 48.538922 ], [ -3.739608, 48.537662 ], [ -3.738074, 48.540919 ], [ -3.734351, 48.54835 ], [ -3.728422, 48.548187 ], [ -3.72553, 48.545621 ], [ -3.723141, 48.548313 ], [ -3.717503, 48.551252 ], [ -3.713982, 48.551999 ], [ -3.70779, 48.549527 ], [ -3.706937, 48.549896 ], [ -3.706929, 48.549899 ], [ -3.705515, 48.550502 ], [ -3.705448, 48.551394 ], [ -3.704512, 48.554344 ], [ -3.704374, 48.555059 ], [ -3.696102, 48.558019 ], [ -3.695293, 48.556751 ], [ -3.693341, 48.555713 ], [ -3.69167, 48.554261 ], [ -3.690816, 48.553584 ], [ -3.689609, 48.552659 ], [ -3.688106, 48.553756 ], [ -3.687417, 48.555514 ], [ -3.687628, 48.556662 ], [ -3.689178, 48.563023 ], [ -3.68355, 48.566274 ], [ -3.679995, 48.563729 ], [ -3.679885, 48.56362 ], [ -3.679668, 48.563561 ], [ -3.675642, 48.562007 ], [ -3.674974, 48.561668 ], [ -3.673161, 48.560416 ], [ -3.671573, 48.56019 ], [ -3.671212, 48.560166 ], [ -3.670634, 48.56019 ], [ -3.670067, 48.560268 ], [ -3.667205, 48.565104 ], [ -3.661553, 48.571814 ], [ -3.659727, 48.572525 ], [ -3.656589, 48.573783 ], [ -3.653484, 48.575029 ], [ -3.652729, 48.575316 ], [ -3.651946, 48.575583 ], [ -3.648804, 48.576227 ], [ -3.640853, 48.574973 ], [ -3.64028, 48.574708 ], [ -3.63837, 48.573782 ], [ -3.636399, 48.572828 ], [ -3.635047, 48.57224 ], [ -3.633212, 48.571534 ], [ -3.632238, 48.571202 ], [ -3.631228, 48.570895 ], [ -3.629354, 48.570384 ], [ -3.627607, 48.569982 ], [ -3.625457, 48.569605 ], [ -3.623636, 48.569357 ], [ -3.621138, 48.569132 ], [ -3.619023, 48.569 ], [ -3.616509, 48.568841 ], [ -3.614937, 48.568731 ], [ -3.606959, 48.565604 ], [ -3.606061, 48.565594 ], [ -3.604989, 48.565589 ], [ -3.604723, 48.565588 ], [ -3.598823, 48.566963 ], [ -3.594793, 48.566644 ], [ -3.590762, 48.566326 ], [ -3.587125, 48.566038 ], [ -3.583488, 48.56575 ], [ -3.583204, 48.569339 ], [ -3.586841, 48.569627 ], [ -3.590479, 48.569914 ], [ -3.594509, 48.570233 ], [ -3.598539, 48.570552 ], [ -3.601059, 48.570773 ], [ -3.603529, 48.571031 ], [ -3.605416, 48.571264 ], [ -3.607296, 48.571518 ], [ -3.609012, 48.571743 ], [ -3.610159, 48.571875 ], [ -3.612974, 48.572169 ], [ -3.614617, 48.572317 ], [ -3.616257, 48.572432 ], [ -3.618799, 48.572593 ], [ -3.620914, 48.572725 ], [ -3.623313, 48.572942 ], [ -3.624968, 48.573171 ], [ -3.628542, 48.573891 ], [ -3.636799, 48.577021 ], [ -3.638709, 48.577947 ], [ -3.63934, 48.57824 ], [ -3.640011, 48.578527 ], [ -3.64078, 48.578822 ], [ -3.641631, 48.579109 ], [ -3.642667, 48.579383 ], [ -3.645325, 48.57982 ], [ -3.646049, 48.579875 ], [ -3.646771, 48.579904 ], [ -3.647534, 48.579905 ], [ -3.649015, 48.579821 ], [ -3.64979, 48.579736 ], [ -3.65061, 48.579608 ], [ -3.6514, 48.57945 ], [ -3.652177, 48.579264 ], [ -3.652955, 48.579039 ], [ -3.653885, 48.578725 ], [ -3.654759, 48.578396 ], [ -3.657929, 48.577125 ], [ -3.661066, 48.575867 ], [ -3.66286, 48.575168 ], [ -3.664581, 48.574585 ], [ -3.666314, 48.574111 ], [ -3.667987, 48.573746 ], [ -3.669683, 48.573478 ], [ -3.670674, 48.573357 ], [ -3.671669, 48.573266 ], [ -3.672553, 48.573204 ], [ -3.680551, 48.576703 ], [ -3.68151, 48.577949 ], [ -3.6814, 48.586216 ], [ -3.680829, 48.587245 ], [ -3.680804, 48.587318 ], [ -3.682079, 48.589751 ], [ -3.684663, 48.595259 ], [ -3.684865, 48.597702 ], [ -3.684652, 48.598858 ], [ -3.676857, 48.602549 ], [ -3.674014, 48.604757 ], [ -3.670947, 48.610304 ], [ -3.671498, 48.611134 ], [ -3.671811, 48.611605 ], [ -3.672663, 48.612263 ], [ -3.673895, 48.612866 ], [ -3.680916, 48.617597 ], [ -3.683857, 48.617218 ], [ -3.683894, 48.617104 ], [ -3.683988, 48.616286 ], [ -3.689179, 48.609957 ], [ -3.69276, 48.609634 ], [ -3.698003, 48.605732 ], [ -3.703833, 48.604609 ], [ -3.707415, 48.604971 ], [ -3.712267, 48.606036 ], [ -3.721027, 48.606252 ], [ -3.722499, 48.607582 ], [ -3.723086, 48.608176 ], [ -3.729875, 48.613568 ], [ -3.731106, 48.615567 ], [ -3.732197, 48.615649 ], [ -3.73317, 48.615016 ], [ -3.734779, 48.613725 ], [ -3.736355, 48.612409 ], [ -3.743348, 48.614833 ], [ -3.740404, 48.621298 ], [ -3.738826, 48.622164 ], [ -3.73796, 48.623941 ], [ -3.733467, 48.631587 ], [ -3.73266, 48.631835 ], [ -3.729813, 48.632889 ], [ -3.726249, 48.633767 ], [ -3.72425, 48.635857 ], [ -3.723786, 48.636283 ], [ -3.726221, 48.638935 ], [ -3.728841, 48.637253 ], [ -3.730405, 48.636544 ], [ -3.738418, 48.636587 ], [ -3.741737, 48.63519 ], [ -3.747261, 48.632536 ], [ -3.751966, 48.637266 ], [ -3.753581, 48.637941 ], [ -3.75638, 48.639198 ], [ -3.757352, 48.639616 ], [ -3.758002, 48.639433 ], [ -3.759881, 48.638361 ], [ -3.765325, 48.63264 ], [ -3.76588, 48.632443 ], [ -3.766381, 48.63221 ], [ -3.766642, 48.632064 ], [ -3.773021, 48.631313 ], [ -3.776336, 48.63674 ], [ -3.776921, 48.63661 ], [ -3.778071, 48.636391 ], [ -3.780058, 48.636055 ], [ -3.783606, 48.636248 ], [ -3.786361, 48.633932 ], [ -3.792697, 48.634331 ], [ -3.792234, 48.642758 ], [ -3.79341, 48.64616 ], [ -3.793814, 48.65118 ], [ -3.793843, 48.651337 ], [ -3.794581, 48.652724 ], [ -3.797021, 48.653143 ], [ -3.797424, 48.652745 ], [ -3.797551, 48.65217 ], [ -3.798931, 48.646805 ], [ -3.800231, 48.644452 ], [ -3.802288, 48.642134 ], [ -3.808988, 48.641366 ], [ -3.814346, 48.645028 ], [ -3.822235, 48.64271 ], [ -3.8239, 48.643092 ], [ -3.825409, 48.641012 ], [ -3.825516, 48.639876 ], [ -3.826078, 48.637744 ], [ -3.832766, 48.632173 ], [ -3.836396, 48.633943 ], [ -3.836865, 48.633948 ], [ -3.843485, 48.633861 ], [ -3.843917, 48.633849 ], [ -3.844235, 48.63377 ], [ -3.844379, 48.633658 ], [ -3.84496, 48.632895 ], [ -3.845802, 48.631048 ], [ -3.84634, 48.63009 ], [ -3.848344, 48.627409 ], [ -3.856244, 48.628626 ], [ -3.858289, 48.632008 ], [ -3.858755, 48.63279 ], [ -3.859444, 48.633529 ], [ -3.860002, 48.633962 ], [ -3.86166, 48.634783 ], [ -3.863284, 48.635523 ], [ -3.865897, 48.636682 ], [ -3.873816, 48.63908 ], [ -3.877194, 48.640567 ], [ -3.879326, 48.640862 ], [ -3.887092, 48.638202 ], [ -3.891634, 48.642328 ], [ -3.891684, 48.642365 ], [ -3.892973, 48.64312 ], [ -3.898943, 48.648674 ], [ -3.901045, 48.652265 ], [ -3.901294, 48.652773 ], [ -3.902666, 48.655059 ], [ -3.908563, 48.657664 ], [ -3.908649, 48.663097 ], [ -3.909533, 48.665954 ], [ -3.909616, 48.666125 ], [ -3.910655, 48.667098 ], [ -3.914695, 48.668965 ], [ -3.917918, 48.669279 ], [ -3.923763, 48.66744 ], [ -3.926195, 48.666198 ], [ -3.927882, 48.662739 ], [ -3.93587, 48.658977 ], [ -3.936261, 48.659056 ], [ -3.939593, 48.660403 ], [ -3.940301, 48.660669 ], [ -3.940888, 48.660709 ], [ -3.941555, 48.660592 ], [ -3.94165, 48.657414 ], [ -3.948536, 48.652616 ], [ -3.95251, 48.658328 ], [ -3.952475, 48.65889 ], [ -3.952526, 48.65956 ], [ -3.952701, 48.660118 ], [ -3.95294, 48.660521 ], [ -3.953317, 48.666523 ], [ -3.953854, 48.668813 ], [ -3.954046, 48.669904 ], [ -3.954382, 48.670381 ], [ -3.954971, 48.670809 ], [ -3.955472, 48.671021 ], [ -3.955997, 48.671177 ], [ -3.962227, 48.67316 ], [ -3.964515, 48.675282 ], [ -3.965132, 48.675154 ], [ -3.973167, 48.675227 ], [ -3.979483, 48.678783 ], [ -3.982199, 48.682299 ], [ -3.982308, 48.682423 ], [ -3.984997, 48.682183 ], [ -3.98507, 48.682085 ], [ -3.986862, 48.679354 ], [ -3.987928, 48.677396 ], [ -3.987914, 48.677291 ], [ -3.989097, 48.670539 ], [ -3.992886, 48.667524 ], [ -3.99797, 48.667127 ], [ -3.99848, 48.667244 ], [ -3.999118, 48.667422 ], [ -3.999769, 48.667627 ], [ -4.001007, 48.668129 ], [ -4.00236, 48.664793 ] ] ] } },
{ "type": "Feature", "properties": { "fid": 8, "ID": null, "CENTER_LON": "-4.110093780584127", "CENTER_LAT": "47.968796898032636", "AA_MINS": 15, "AA_MODE": "driving-car", "TOTAL_POP": "64883" }, "geometry": { "type": "Polygon", "coordinates": [ [ [ -4.233457, 47.974622 ], [ -4.232479, 47.974329 ], [ -4.231693, 47.974104 ], [ -4.231265, 47.974017 ], [ -4.230823, 47.973972 ], [ -4.227066, 47.973032 ], [ -4.223611, 47.974047 ], [ -4.215487, 47.971727 ], [ -4.212203, 47.973203 ], [ -4.204393, 47.977316 ], [ -4.199989, 47.972076 ], [ -4.205572, 47.965521 ], [ -4.207537, 47.964992 ], [ -4.210514, 47.962968 ], [ -4.213627, 47.962019 ], [ -4.216476, 47.960047 ], [ -4.219821, 47.959713 ], [ -4.22033, 47.959676 ], [ -4.226914, 47.956014 ], [ -4.227339, 47.952439 ], [ -4.228312, 47.947125 ], [ -4.235816, 47.947606 ], [ -4.237313, 47.948795 ], [ -4.239551, 47.945975 ], [ -4.241053, 47.941346 ], [ -4.243147, 47.936582 ], [ -4.24526, 47.928877 ], [ -4.247643, 47.926797 ], [ -4.24783, 47.926682 ], [ -4.251769, 47.924949 ], [ -4.252564, 47.924638 ], [ -4.252899, 47.922988 ], [ -4.252858, 47.922826 ], [ -4.251254, 47.921285 ], [ -4.250459, 47.921596 ], [ -4.24767, 47.922571 ], [ -4.240281, 47.923127 ], [ -4.237352, 47.925219 ], [ -4.230568, 47.919653 ], [ -4.230227, 47.918967 ], [ -4.228539, 47.917929 ], [ -4.222959, 47.914557 ], [ -4.219159, 47.91321 ], [ -4.218062, 47.912573 ], [ -4.213541, 47.906494 ], [ -4.218038, 47.899918 ], [ -4.218675, 47.897923 ], [ -4.221173, 47.893277 ], [ -4.223074, 47.890421 ], [ -4.222907, 47.890257 ], [ -4.225654, 47.881735 ], [ -4.227435, 47.881414 ], [ -4.22949, 47.880983 ], [ -4.232098, 47.880428 ], [ -4.231349, 47.876907 ], [ -4.228741, 47.877462 ], [ -4.226696, 47.877891 ], [ -4.218587, 47.874807 ], [ -4.217075, 47.875484 ], [ -4.216194, 47.875901 ], [ -4.211493, 47.879766 ], [ -4.209056, 47.881537 ], [ -4.205874, 47.887644 ], [ -4.202295, 47.887826 ], [ -4.201618, 47.887665 ], [ -4.201089, 47.887572 ], [ -4.200675, 47.887557 ], [ -4.200204, 47.887596 ], [ -4.199655, 47.887703 ], [ -4.199314, 47.887787 ], [ -4.193927, 47.890417 ], [ -4.193817, 47.890501 ], [ -4.193134, 47.892283 ], [ -4.184224, 47.891849 ], [ -4.181356, 47.891071 ], [ -4.180737, 47.890888 ], [ -4.174586, 47.888663 ], [ -4.173897, 47.888385 ], [ -4.173341, 47.888367 ], [ -4.17166, 47.891205 ], [ -4.171858, 47.891362 ], [ -4.17502, 47.897683 ], [ -4.175149, 47.898085 ], [ -4.175472, 47.899239 ], [ -4.168321, 47.904699 ], [ -4.163549, 47.905146 ], [ -4.161642, 47.905443 ], [ -4.1607, 47.90567 ], [ -4.15229, 47.905726 ], [ -4.148378, 47.907005 ], [ -4.148093, 47.907095 ], [ -4.147465, 47.907444 ], [ -4.146798, 47.908285 ], [ -4.146659, 47.909586 ], [ -4.146446, 47.918427 ], [ -4.144548, 47.924832 ], [ -4.139495, 47.928454 ], [ -4.131311, 47.930298 ], [ -4.122586, 47.930908 ], [ -4.122133, 47.930872 ], [ -4.120953, 47.930836 ], [ -4.119995, 47.936732 ], [ -4.120017, 47.93679 ], [ -4.121444, 47.939958 ], [ -4.118113, 47.94693 ], [ -4.117629, 47.947202 ], [ -4.11707, 47.948701 ], [ -4.117266, 47.952313 ], [ -4.124077, 47.956389 ], [ -4.124224, 47.956894 ], [ -4.124362, 47.957219 ], [ -4.122934, 47.963491 ], [ -4.11827, 47.963983 ], [ -4.117928, 47.964232 ], [ -4.117336, 47.965188 ], [ -4.108855, 47.967437 ], [ -4.106671, 47.96768 ], [ -4.104039, 47.96927 ], [ -4.09586, 47.968777 ], [ -4.095135, 47.967195 ], [ -4.094997, 47.962874 ], [ -4.095579, 47.961682 ], [ -4.096246, 47.96082 ], [ -4.096469, 47.960501 ], [ -4.096849, 47.959776 ], [ -4.097016, 47.959153 ], [ -4.097074, 47.958535 ], [ -4.097335, 47.956854 ], [ -4.097378, 47.956569 ], [ -4.093947, 47.955481 ], [ -4.093848, 47.955792 ], [ -4.089604, 47.960077 ], [ -4.084473, 47.957598 ], [ -4.084116, 47.957137 ], [ -4.080469, 47.955384 ], [ -4.079859, 47.954764 ], [ -4.079446, 47.954349 ], [ -4.077882, 47.950325 ], [ -4.081473, 47.944764 ], [ -4.082246, 47.941248 ], [ -4.081788, 47.941147 ], [ -4.081207, 47.941035 ], [ -4.080628, 47.940943 ], [ -4.079991, 47.940894 ], [ -4.073314, 47.940047 ], [ -4.070891, 47.940135 ], [ -4.070181, 47.941821 ], [ -4.067193, 47.950138 ], [ -4.062465, 47.956694 ], [ -4.057781, 47.958385 ], [ -4.053335, 47.958035 ], [ -4.052425, 47.957773 ], [ -4.051669, 47.957514 ], [ -4.050171, 47.956991 ], [ -4.049126, 47.956585 ], [ -4.047825, 47.959942 ], [ -4.04887, 47.960347 ], [ -4.050478, 47.960912 ], [ -4.051258, 47.961179 ], [ -4.05521, 47.969092 ], [ -4.05441, 47.971351 ], [ -4.048373, 47.976728 ], [ -4.045681, 47.976373 ], [ -4.044418, 47.976248 ], [ -4.043396, 47.976203 ], [ -4.03801, 47.974233 ], [ -4.037434, 47.974172 ], [ -4.030147, 47.972423 ], [ -4.029549, 47.972132 ], [ -4.028875, 47.971967 ], [ -4.021251, 47.967289 ], [ -4.020875, 47.967339 ], [ -4.017264, 47.967764 ], [ -4.016397, 47.967912 ], [ -4.015831, 47.967992 ], [ -4.00867, 47.967666 ], [ -4.006856, 47.96682 ], [ -3.997879, 47.96671 ], [ -3.997496, 47.966565 ], [ -3.990639, 47.9674 ], [ -3.987177, 47.966698 ], [ -3.984923, 47.966245 ], [ -3.982692, 47.965797 ], [ -3.980686, 47.965367 ], [ -3.979318, 47.965054 ], [ -3.977952, 47.964721 ], [ -3.976603, 47.964373 ], [ -3.974697, 47.963849 ], [ -3.973159, 47.9634 ], [ -3.970862, 47.962677 ], [ -3.968984, 47.962037 ], [ -3.966432, 47.961109 ], [ -3.963841, 47.960081 ], [ -3.962513, 47.963428 ], [ -3.965104, 47.964456 ], [ -3.967753, 47.96542 ], [ -3.9697, 47.966084 ], [ -3.972081, 47.966835 ], [ -3.973686, 47.967304 ], [ -3.975648, 47.967844 ], [ -3.977053, 47.968207 ], [ -3.978465, 47.968551 ], [ -3.979883, 47.968876 ], [ -3.981937, 47.969317 ], [ -3.984214, 47.969775 ], [ -3.986468, 47.970227 ], [ -3.989923, 47.970928 ], [ -3.99338, 47.97163 ], [ -3.997287, 47.976956 ], [ -3.997462, 47.977026 ], [ -4.005341, 47.980492 ], [ -4.005679, 47.980612 ], [ -4.006125, 47.980721 ], [ -4.013969, 47.983674 ], [ -4.014508, 47.983999 ], [ -4.014958, 47.984234 ], [ -4.015593, 47.984527 ], [ -4.016603, 47.984923 ], [ -4.018687, 47.985634 ], [ -4.023171, 47.99114 ], [ -4.024396, 47.991149 ], [ -4.03098, 47.991121 ], [ -4.03185, 47.99115 ], [ -4.0351, 47.990984 ], [ -4.043437, 47.99155 ], [ -4.045662, 47.992279 ], [ -4.04586, 47.992276 ], [ -4.047592, 47.992105 ], [ -4.050256, 47.992148 ], [ -4.057731, 47.996327 ], [ -4.061006, 47.998639 ], [ -4.067785, 48.002423 ], [ -4.069361, 48.00268 ], [ -4.078039, 48.003603 ], [ -4.079809, 48.00483 ], [ -4.082346, 48.004882 ], [ -4.089654, 48.001746 ], [ -4.094798, 48.004183 ], [ -4.09846, 48.007224 ], [ -4.104754, 48.009636 ], [ -4.104893, 48.009752 ], [ -4.103258, 48.018436 ], [ -4.100744, 48.01837 ], [ -4.098795, 48.019227 ], [ -4.098424, 48.02036 ], [ -4.098426, 48.020459 ], [ -4.098773, 48.021382 ], [ -4.100379, 48.028436 ], [ -4.102364, 48.031439 ], [ -4.102798, 48.031152 ], [ -4.103272, 48.0308 ], [ -4.103749, 48.030374 ], [ -4.104243, 48.029829 ], [ -4.104642, 48.029291 ], [ -4.104921, 48.028822 ], [ -4.105144, 48.028347 ], [ -4.105418, 48.027475 ], [ -4.105524, 48.02689 ], [ -4.105585, 48.026218 ], [ -4.110036, 48.01945 ], [ -4.113119, 48.018581 ], [ -4.116209, 48.017741 ], [ -4.122883, 48.015357 ], [ -4.123955, 48.01263 ], [ -4.129691, 48.007705 ], [ -4.130419, 48.007407 ], [ -4.130694, 48.007281 ], [ -4.131128, 48.007041 ], [ -4.139565, 48.004636 ], [ -4.14029, 48.00456 ], [ -4.140884, 48.004454 ], [ -4.141383, 48.004338 ], [ -4.150334, 48.005217 ], [ -4.150864, 48.00504 ], [ -4.157721, 48.007903 ], [ -4.157744, 48.012456 ], [ -4.157448, 48.016044 ], [ -4.160902, 48.016458 ], [ -4.161474, 48.01654 ], [ -4.163651, 48.016701 ], [ -4.166959, 48.012543 ], [ -4.171259, 48.011596 ], [ -4.180041, 48.01064 ], [ -4.182407, 48.011325 ], [ -4.183168, 48.011516 ], [ -4.183519, 48.011579 ], [ -4.184571, 48.01174 ], [ -4.187296, 48.012009 ], [ -4.187571, 48.01203 ], [ -4.18774, 48.012004 ], [ -4.187629, 48.010192 ], [ -4.194831, 48.005812 ], [ -4.195869, 48.006158 ], [ -4.195991, 48.006212 ], [ -4.196283, 48.006286 ], [ -4.196527, 48.006313 ], [ -4.198336, 48.004992 ], [ -4.202193, 47.997079 ], [ -4.202361, 47.994703 ], [ -4.205028, 47.987087 ], [ -4.207277, 47.986868 ], [ -4.21101, 47.987455 ], [ -4.214285, 47.988584 ], [ -4.216733, 47.987349 ], [ -4.217142, 47.985294 ], [ -4.222372, 47.979925 ], [ -4.226244, 47.978995 ], [ -4.232796, 47.978185 ], [ -4.233208, 47.978213 ], [ -4.233457, 47.974622 ] ] ] } },
{ "type": "Feature", "properties": { "fid": 9, "ID": null, "CENTER_LON": "-3.90254259763715", "CENTER_LAT": "47.934364831352646", "AA_MINS": 15, "AA_MODE": "driving-car", "TOTAL_POP": "28946" }, "geometry": { "type": "Polygon", "coordinates": [ [ [ -4.083797, 48.018387 ], [ -4.083385, 48.017614 ], [ -4.083037, 48.017072 ], [ -4.082455, 48.016314 ], [ -4.082167, 48.015979 ], [ -4.081391, 48.015207 ], [ -4.080756, 48.014664 ], [ -4.080385, 48.014378 ], [ -4.079686, 48.013897 ], [ -4.078932, 48.013441 ], [ -4.078287, 48.013091 ], [ -4.07336, 48.0107 ], [ -4.069345, 48.008761 ], [ -4.068128, 48.008132 ], [ -4.067189, 48.00755 ], [ -4.066138, 48.006779 ], [ -4.065077, 48.005902 ], [ -4.061269, 47.998609 ], [ -4.059716, 47.995387 ], [ -4.059677, 47.99538 ], [ -4.057065, 47.995706 ], [ -4.053567, 47.995575 ], [ -4.047288, 47.992717 ], [ -4.046262, 47.991285 ], [ -4.044981, 47.985104 ], [ -4.050823, 47.980546 ], [ -4.052012, 47.980535 ], [ -4.054967, 47.980481 ], [ -4.057856, 47.980427 ], [ -4.059457, 47.980456 ], [ -4.060983, 47.980531 ], [ -4.064846, 47.98087 ], [ -4.068782, 47.981213 ], [ -4.069929, 47.981264 ], [ -4.070833, 47.981261 ], [ -4.076656, 47.982666 ], [ -4.076845, 47.982728 ], [ -4.077232, 47.982816 ], [ -4.077963, 47.982825 ], [ -4.078674, 47.982756 ], [ -4.083014, 47.981911 ], [ -4.085516, 47.981849 ], [ -4.085426, 47.97825 ], [ -4.080939, 47.977007 ], [ -4.080884, 47.976992 ], [ -4.075426, 47.977222 ], [ -4.074882, 47.977237 ], [ -4.068949, 47.977617 ], [ -4.06516, 47.977284 ], [ -4.061298, 47.976945 ], [ -4.059639, 47.97686 ], [ -4.057923, 47.976828 ], [ -4.054902, 47.976881 ], [ -4.051946, 47.976935 ], [ -4.045838, 47.976486 ], [ -4.03801, 47.974233 ], [ -4.037434, 47.974172 ], [ -4.035168, 47.974195 ], [ -4.028071, 47.969227 ], [ -4.026199, 47.966151 ], [ -4.021739, 47.967257 ], [ -4.014426, 47.962299 ], [ -4.011295, 47.960522 ], [ -4.009552, 47.961656 ], [ -4.007823, 47.963108 ], [ -4.007344, 47.963429 ], [ -4.006973, 47.96378 ], [ -4.006378, 47.964448 ], [ -4.000416, 47.967587 ], [ -3.996898, 47.966223 ], [ -3.995121, 47.964466 ], [ -3.994115, 47.962771 ], [ -3.993734, 47.961876 ], [ -3.993408, 47.961412 ], [ -3.992055, 47.961052 ], [ -3.991706, 47.961198 ], [ -3.991675, 47.961217 ], [ -3.990462, 47.963481 ], [ -3.982692, 47.965797 ], [ -3.977734, 47.961807 ], [ -3.975471, 47.961531 ], [ -3.971428, 47.957595 ], [ -3.977316, 47.951741 ], [ -3.97809, 47.95178 ], [ -3.981321, 47.951837 ], [ -3.984271, 47.952781 ], [ -3.987538, 47.951269 ], [ -3.986731, 47.948133 ], [ -3.983392, 47.946787 ], [ -3.983674, 47.939299 ], [ -3.984721, 47.938239 ], [ -3.99281, 47.938684 ], [ -3.993285, 47.938843 ], [ -3.993796, 47.938932 ], [ -3.997037, 47.939766 ], [ -3.998815, 47.940443 ], [ -4.004661, 47.94085 ], [ -4.008122, 47.94174 ], [ -4.009017, 47.941665 ], [ -4.009358, 47.941484 ], [ -4.009781, 47.941097 ], [ -4.009818, 47.941057 ], [ -4.009892, 47.938605 ], [ -4.007312, 47.93661 ], [ -4.004779, 47.930596 ], [ -4.004268, 47.929351 ], [ -4.004075, 47.929152 ], [ -4.003077, 47.928885 ], [ -3.997762, 47.928983 ], [ -3.994171, 47.929234 ], [ -3.988594, 47.931317 ], [ -3.98071, 47.927858 ], [ -3.979355, 47.926539 ], [ -3.97815, 47.91795 ], [ -3.983411, 47.916088 ], [ -3.985677, 47.916962 ], [ -3.986985, 47.916272 ], [ -3.98692, 47.915283 ], [ -3.987119, 47.90907 ], [ -3.986567, 47.907193 ], [ -3.986152, 47.905602 ], [ -3.979117, 47.90432 ], [ -3.971415, 47.90305 ], [ -3.970046, 47.903763 ], [ -3.969559, 47.9043 ], [ -3.964818, 47.906638 ], [ -3.958763, 47.90195 ], [ -3.958456, 47.900745 ], [ -3.958355, 47.900488 ], [ -3.958235, 47.900342 ], [ -3.955545, 47.898706 ], [ -3.954318, 47.89814 ], [ -3.953797, 47.898297 ], [ -3.950268, 47.900608 ], [ -3.944884, 47.896545 ], [ -3.944716, 47.895977 ], [ -3.94428, 47.89509 ], [ -3.943872, 47.894557 ], [ -3.943367, 47.894059 ], [ -3.939368, 47.888716 ], [ -3.937705, 47.888042 ], [ -3.932281, 47.887762 ], [ -3.928059, 47.88238 ], [ -3.924893, 47.878672 ], [ -3.920994, 47.875796 ], [ -3.919302, 47.87572 ], [ -3.912082, 47.876941 ], [ -3.906661, 47.876812 ], [ -3.906652, 47.876818 ], [ -3.905334, 47.877608 ], [ -3.904838, 47.879344 ], [ -3.904088, 47.880986 ], [ -3.903149, 47.882632 ], [ -3.897305, 47.885514 ], [ -3.896337, 47.886414 ], [ -3.892968, 47.888829 ], [ -3.888752, 47.881465 ], [ -3.890292, 47.879669 ], [ -3.888014, 47.876881 ], [ -3.880139, 47.880155 ], [ -3.877384, 47.880653 ], [ -3.876761, 47.880818 ], [ -3.876278, 47.881022 ], [ -3.875039, 47.881681 ], [ -3.874524, 47.882064 ], [ -3.874195, 47.882385 ], [ -3.872867, 47.883598 ], [ -3.872323, 47.884043 ], [ -3.87005, 47.886263 ], [ -3.86264, 47.887305 ], [ -3.861279, 47.887014 ], [ -3.860779, 47.886918 ], [ -3.860252, 47.886872 ], [ -3.859877, 47.886887 ], [ -3.85923, 47.887003 ], [ -3.858751, 47.887168 ], [ -3.85706, 47.887821 ], [ -3.84808, 47.88788 ], [ -3.847775, 47.887307 ], [ -3.846413, 47.883944 ], [ -3.84401, 47.881264 ], [ -3.837332, 47.880021 ], [ -3.828477, 47.878712 ], [ -3.828153, 47.878783 ], [ -3.826334, 47.880143 ], [ -3.818862, 47.881626 ], [ -3.816503, 47.878357 ], [ -3.814839, 47.875751 ], [ -3.811247, 47.875988 ], [ -3.810273, 47.880018 ], [ -3.808924, 47.882559 ], [ -3.804321, 47.885952 ], [ -3.796921, 47.883731 ], [ -3.796378, 47.883348 ], [ -3.79578, 47.88301 ], [ -3.795145, 47.882739 ], [ -3.794497, 47.882513 ], [ -3.792406, 47.881884 ], [ -3.790153, 47.881198 ], [ -3.788379, 47.88062 ], [ -3.786422, 47.879985 ], [ -3.785357, 47.87963 ], [ -3.779447, 47.876767 ], [ -3.772781, 47.872675 ], [ -3.771392, 47.871164 ], [ -3.768742, 47.8736 ], [ -3.769871, 47.875776 ], [ -3.770559, 47.877263 ], [ -3.767142, 47.885301 ], [ -3.764329, 47.884811 ], [ -3.761516, 47.884322 ], [ -3.758703, 47.883833 ], [ -3.755855, 47.883338 ], [ -3.753523, 47.882982 ], [ -3.751304, 47.882752 ], [ -3.750325, 47.882668 ], [ -3.748704, 47.882564 ], [ -3.74725, 47.882509 ], [ -3.745126, 47.882484 ], [ -3.743427, 47.882522 ], [ -3.741262, 47.882636 ], [ -3.739922, 47.882742 ], [ -3.737801, 47.882938 ], [ -3.733237, 47.883359 ], [ -3.729614, 47.883698 ], [ -3.725991, 47.884037 ], [ -3.722368, 47.884376 ], [ -3.718746, 47.884715 ], [ -3.711681, 47.885202 ], [ -3.709452, 47.885254 ], [ -3.7043, 47.885177 ], [ -3.700503, 47.884944 ], [ -3.694332, 47.884232 ], [ -3.69191, 47.88384 ], [ -3.691335, 47.887394 ], [ -3.693758, 47.887786 ], [ -3.698371, 47.888365 ], [ -3.700176, 47.888529 ], [ -3.701964, 47.888662 ], [ -3.704115, 47.888773 ], [ -3.709459, 47.888854 ], [ -3.711764, 47.888802 ], [ -3.71359, 47.888732 ], [ -3.716338, 47.888554 ], [ -3.71908, 47.8883 ], [ -3.722704, 47.88796 ], [ -3.726327, 47.887621 ], [ -3.72995, 47.887282 ], [ -3.733573, 47.886943 ], [ -3.738133, 47.886523 ], [ -3.740254, 47.886327 ], [ -3.741546, 47.886224 ], [ -3.747206, 47.886108 ], [ -3.750995, 47.886338 ], [ -3.755308, 47.886896 ], [ -3.758086, 47.887379 ], [ -3.760899, 47.887869 ], [ -3.763712, 47.888358 ], [ -3.766525, 47.888847 ], [ -3.768412, 47.889129 ], [ -3.770466, 47.889393 ], [ -3.772484, 47.889651 ], [ -3.775033, 47.889892 ], [ -3.777003, 47.890056 ], [ -3.780008, 47.890215 ], [ -3.782958, 47.89037 ], [ -3.785908, 47.890525 ], [ -3.788858, 47.89068 ], [ -3.794079, 47.89495 ], [ -3.795932, 47.897608 ], [ -3.79607, 47.897869 ], [ -3.799269, 47.899268 ], [ -3.804369, 47.905332 ], [ -3.805637, 47.907125 ], [ -3.808792, 47.905391 ], [ -3.81568, 47.908178 ], [ -3.817001, 47.916937 ], [ -3.815366, 47.918501 ], [ -3.815366, 47.918754 ], [ -3.816807, 47.920532 ], [ -3.817069, 47.920546 ], [ -3.821572, 47.919703 ], [ -3.82784, 47.925495 ], [ -3.828398, 47.926759 ], [ -3.828748, 47.926763 ], [ -3.829544, 47.926806 ], [ -3.831001, 47.927189 ], [ -3.833474, 47.928954 ], [ -3.829075, 47.936251 ], [ -3.821199, 47.939156 ], [ -3.820868, 47.93921 ], [ -3.819951, 47.939554 ], [ -3.817959, 47.940807 ], [ -3.818267, 47.942402 ], [ -3.818856, 47.944169 ], [ -3.821454, 47.945189 ], [ -3.821849, 47.945496 ], [ -3.822316, 47.945843 ], [ -3.822795, 47.946234 ], [ -3.824934, 47.950829 ], [ -3.819221, 47.95532 ], [ -3.818215, 47.955086 ], [ -3.816682, 47.957537 ], [ -3.817797, 47.960959 ], [ -3.818355, 47.960778 ], [ -3.819869, 47.96041 ], [ -3.821478, 47.960332 ], [ -3.821957, 47.960319 ], [ -3.822451, 47.960234 ], [ -3.825767, 47.960157 ], [ -3.829717, 47.967427 ], [ -3.829346, 47.969069 ], [ -3.829579, 47.970213 ], [ -3.829732, 47.970891 ], [ -3.830143, 47.971001 ], [ -3.831345, 47.970858 ], [ -3.833529, 47.970274 ], [ -3.835345, 47.968766 ], [ -3.842962, 47.970492 ], [ -3.843406, 47.970986 ], [ -3.847014, 47.972741 ], [ -3.847399, 47.972727 ], [ -3.84789, 47.972661 ], [ -3.853363, 47.970977 ], [ -3.85695, 47.970674 ], [ -3.863212, 47.97231 ], [ -3.8702, 47.975737 ], [ -3.873137, 47.979692 ], [ -3.877079, 47.981075 ], [ -3.882622, 47.982931 ], [ -3.883269, 47.982757 ], [ -3.888234, 47.981419 ], [ -3.889878, 47.980871 ], [ -3.888738, 47.977456 ], [ -3.894215, 47.972603 ], [ -3.896604, 47.97275 ], [ -3.898421, 47.972937 ], [ -3.902837, 47.971307 ], [ -3.910469, 47.969848 ], [ -3.916569, 47.972867 ], [ -3.917595, 47.973457 ], [ -3.918961, 47.973464 ], [ -3.925668, 47.973264 ], [ -3.927846, 47.97539 ], [ -3.92839, 47.975302 ], [ -3.928814, 47.975221 ], [ -3.929328, 47.97504 ], [ -3.930033, 47.974655 ], [ -3.930369, 47.974433 ], [ -3.930924, 47.973849 ], [ -3.931255, 47.973167 ], [ -3.939997, 47.973458 ], [ -3.941358, 47.975958 ], [ -3.94185, 47.976544 ], [ -3.948264, 47.976961 ], [ -3.950428, 47.974151 ], [ -3.95755, 47.971547 ], [ -3.958508, 47.971569 ], [ -3.960426, 47.971544 ], [ -3.964316, 47.971581 ], [ -3.970929, 47.974974 ], [ -3.971549, 47.975469 ], [ -3.973251, 47.975239 ], [ -3.974528, 47.974926 ], [ -3.982745, 47.973161 ], [ -3.987033, 47.974198 ], [ -3.991336, 47.980021 ], [ -3.991363, 47.980126 ], [ -3.993791, 47.983474 ], [ -4.001055, 47.985784 ], [ -4.009606, 47.987126 ], [ -4.010208, 47.987316 ], [ -4.010509, 47.987374 ], [ -4.011585, 47.987509 ], [ -4.012805, 47.987595 ], [ -4.020822, 47.986673 ], [ -4.022844, 47.988273 ], [ -4.023249, 47.988573 ], [ -4.023866, 47.98898 ], [ -4.024305, 47.989234 ], [ -4.025023, 47.989603 ], [ -4.025888, 47.98997 ], [ -4.026556, 47.990207 ], [ -4.02726, 47.990414 ], [ -4.028391, 47.990663 ], [ -4.029087, 47.990772 ], [ -4.029926, 47.990862 ], [ -4.035139, 47.995309 ], [ -4.034399, 47.998832 ], [ -4.034309, 48.00225 ], [ -4.035266, 48.00572 ], [ -4.039664, 48.00616 ], [ -4.043834, 48.006057 ], [ -4.044128, 48.006056 ], [ -4.047311, 48.006064 ], [ -4.047861, 48.00586 ], [ -4.053756, 48.00447 ], [ -4.057217, 48.005292 ], [ -4.058053, 48.005622 ], [ -4.058945, 48.006031 ], [ -4.060356, 48.00682 ], [ -4.061398, 48.007543 ], [ -4.062786, 48.008679 ], [ -4.063936, 48.009627 ], [ -4.064526, 48.01008 ], [ -4.065306, 48.010618 ], [ -4.066477, 48.011331 ], [ -4.067779, 48.012002 ], [ -4.075467, 48.016663 ], [ -4.076161, 48.017244 ], [ -4.082252, 48.023613 ], [ -4.082888, 48.024644 ], [ -4.083441, 48.025504 ], [ -4.086468, 48.023555 ], [ -4.083797, 48.018387 ] ] ] } },
{ "type": "Feature", "properties": { "fid": 10, "ID": null, "CENTER_LON": "-3.0880597", "CENTER_LAT": "48.0856334", "AA_MINS": 15, "AA_MODE": "driving-car", "TOTAL_POP": "11368" }, "geometry": { "type": "Polygon", "coordinates": [ [ [ -3.238564, 48.085364 ], [ -3.239052, 48.084638 ], [ -3.239092, 48.084351 ], [ -3.239159, 48.082841 ], [ -3.237099, 48.081808 ], [ -3.235294, 48.081483 ], [ -3.233517, 48.080869 ], [ -3.228777, 48.079875 ], [ -3.228213, 48.079596 ], [ -3.227747, 48.079393 ], [ -3.226958, 48.079163 ], [ -3.222603, 48.073496 ], [ -3.225884, 48.067231 ], [ -3.230519, 48.060981 ], [ -3.230921, 48.060657 ], [ -3.231555, 48.060079 ], [ -3.231295, 48.05724 ], [ -3.230871, 48.057084 ], [ -3.229649, 48.057024 ], [ -3.221589, 48.053367 ], [ -3.221545, 48.052915 ], [ -3.22615, 48.047326 ], [ -3.227496, 48.047205 ], [ -3.229622, 48.042803 ], [ -3.229429, 48.040731 ], [ -3.229102, 48.040144 ], [ -3.227993, 48.039592 ], [ -3.227094, 48.040048 ], [ -3.225411, 48.040899 ], [ -3.223725, 48.041751 ], [ -3.222734, 48.042305 ], [ -3.21787, 48.044257 ], [ -3.213211, 48.045828 ], [ -3.206233, 48.042663 ], [ -3.204777, 48.041486 ], [ -3.202746, 48.043019 ], [ -3.200098, 48.044914 ], [ -3.20123, 48.048331 ], [ -3.193372, 48.052704 ], [ -3.193114, 48.052492 ], [ -3.192393, 48.051984 ], [ -3.192103, 48.051728 ], [ -3.189371, 48.051567 ], [ -3.183343, 48.051832 ], [ -3.178987, 48.045867 ], [ -3.179228, 48.042977 ], [ -3.179699, 48.039982 ], [ -3.179391, 48.03938 ], [ -3.177919, 48.03621 ], [ -3.175762, 48.032311 ], [ -3.175187, 48.032202 ], [ -3.172979, 48.031733 ], [ -3.171647, 48.031638 ], [ -3.169469, 48.031351 ], [ -3.162995, 48.026385 ], [ -3.158773, 48.023218 ], [ -3.156303, 48.024471 ], [ -3.156136, 48.024576 ], [ -3.155602, 48.024922 ], [ -3.148479, 48.029771 ], [ -3.147291, 48.02938 ], [ -3.146714, 48.029408 ], [ -3.146015, 48.029535 ], [ -3.138787, 48.034723 ], [ -3.137318, 48.034331 ], [ -3.136663, 48.034481 ], [ -3.136152, 48.034693 ], [ -3.135724, 48.034908 ], [ -3.126846, 48.033728 ], [ -3.125647, 48.032095 ], [ -3.124861, 48.032443 ], [ -3.123989, 48.032931 ], [ -3.120964, 48.035864 ], [ -3.113954, 48.035314 ], [ -3.112566, 48.031992 ], [ -3.104453, 48.031768 ], [ -3.103555, 48.031453 ], [ -3.102978, 48.031314 ], [ -3.095694, 48.026208 ], [ -3.093768, 48.024593 ], [ -3.092831, 48.024026 ], [ -3.085809, 48.027871 ], [ -3.082796, 48.027492 ], [ -3.077501, 48.030232 ], [ -3.074463, 48.030778 ], [ -3.073033, 48.0346 ], [ -3.066782, 48.035943 ], [ -3.065511, 48.028793 ], [ -3.065509, 48.028779 ], [ -3.06486, 48.027857 ], [ -3.06434, 48.027327 ], [ -3.06422, 48.027292 ], [ -3.063086, 48.026951 ], [ -3.061718, 48.027071 ], [ -3.053426, 48.030257 ], [ -3.050209, 48.031872 ], [ -3.043371, 48.033542 ], [ -3.042214, 48.037552 ], [ -3.035363, 48.042561 ], [ -3.032749, 48.040824 ], [ -3.032369, 48.040456 ], [ -3.03179, 48.040048 ], [ -3.030165, 48.038794 ], [ -3.029679, 48.038413 ], [ -3.029393, 48.038249 ], [ -3.027839, 48.037463 ], [ -3.026453, 48.036612 ], [ -3.024335, 48.03521 ], [ -3.022953, 48.034014 ], [ -3.022464, 48.03374 ], [ -3.022093, 48.033609 ], [ -3.021673, 48.033526 ], [ -3.018693, 48.033332 ], [ -3.017135, 48.034303 ], [ -3.017055, 48.034521 ], [ -3.01676, 48.039152 ], [ -3.013207, 48.044093 ], [ -3.006873, 48.043078 ], [ -3.006416, 48.04273 ], [ -3.005926, 48.0425 ], [ -3.005442, 48.042366 ], [ -3.005428, 48.042374 ], [ -3.002344, 48.046565 ], [ -2.994194, 48.048338 ], [ -2.992551, 48.051541 ], [ -2.98879, 48.059261 ], [ -2.985531, 48.057731 ], [ -2.984783, 48.056737 ], [ -2.984301, 48.055959 ], [ -2.983999, 48.055771 ], [ -2.982885, 48.055301 ], [ -2.982857, 48.055304 ], [ -2.974524, 48.05731 ], [ -2.972074, 48.057196 ], [ -2.972043, 48.057202 ], [ -2.968027, 48.059766 ], [ -2.964266, 48.064821 ], [ -2.964151, 48.065159 ], [ -2.962989, 48.071408 ], [ -2.96412, 48.072645 ], [ -2.964121, 48.072646 ], [ -2.965892, 48.073536 ], [ -2.969797, 48.072838 ], [ -2.970093, 48.072808 ], [ -2.97479, 48.073554 ], [ -2.975099, 48.073719 ], [ -2.975226, 48.073773 ], [ -2.98022, 48.075536 ], [ -2.983773, 48.07599 ], [ -2.98944, 48.082117 ], [ -2.988848, 48.083687 ], [ -2.983563, 48.086775 ], [ -2.975247, 48.086078 ], [ -2.971817, 48.087172 ], [ -2.96413, 48.088777 ], [ -2.962616, 48.092043 ], [ -2.965839, 48.093537 ], [ -2.968109, 48.094589 ], [ -2.97038, 48.095641 ], [ -2.973869, 48.102976 ], [ -2.979632, 48.105788 ], [ -2.980758, 48.109207 ], [ -2.982761, 48.109867 ], [ -2.984126, 48.109423 ], [ -2.984422, 48.1093 ], [ -2.985641, 48.107707 ], [ -2.993954, 48.105425 ], [ -3.002179, 48.105739 ], [ -3.003315, 48.107397 ], [ -3.003451, 48.107706 ], [ -3.003764, 48.112688 ], [ -3.004417, 48.116228 ], [ -3.012023, 48.117646 ], [ -3.013334, 48.114294 ], [ -3.021255, 48.11157 ], [ -3.023459, 48.114416 ], [ -3.024818, 48.118005 ], [ -3.025735, 48.117988 ], [ -3.029764, 48.125826 ], [ -3.029508, 48.129417 ], [ -3.034787, 48.136622 ], [ -3.03295, 48.139717 ], [ -3.033183, 48.142564 ], [ -3.036768, 48.142899 ], [ -3.044267, 48.139622 ], [ -3.048696, 48.139781 ], [ -3.052612, 48.139714 ], [ -3.052691, 48.139657 ], [ -3.060528, 48.135808 ], [ -3.067619, 48.13923 ], [ -3.071208, 48.139514 ], [ -3.074149, 48.138942 ], [ -3.080184, 48.138781 ], [ -3.08557, 48.139182 ], [ -3.090886, 48.141219 ], [ -3.094574, 48.141404 ], [ -3.100702, 48.136244 ], [ -3.108895, 48.132869 ], [ -3.109589, 48.133426 ], [ -3.110863, 48.132881 ], [ -3.110221, 48.129338 ], [ -3.109854, 48.121794 ], [ -3.118671, 48.121877 ], [ -3.119432, 48.122623 ], [ -3.120022, 48.123039 ], [ -3.123011, 48.129576 ], [ -3.123647, 48.13312 ], [ -3.125017, 48.132873 ], [ -3.126107, 48.132709 ], [ -3.132959, 48.134652 ], [ -3.135303, 48.137385 ], [ -3.137587, 48.136695 ], [ -3.146253, 48.137168 ], [ -3.148675, 48.145435 ], [ -3.15138, 48.148863 ], [ -3.151457, 48.148937 ], [ -3.151875, 48.1492 ], [ -3.154362, 48.147724 ], [ -3.15537, 48.143313 ], [ -3.159597, 48.135447 ], [ -3.160124, 48.135443 ], [ -3.161375, 48.133385 ], [ -3.161333, 48.133217 ], [ -3.158962, 48.127649 ], [ -3.158094, 48.124155 ], [ -3.156493, 48.117784 ], [ -3.157528, 48.114336 ], [ -3.16254, 48.110016 ], [ -3.165759, 48.106538 ], [ -3.166768, 48.105072 ], [ -3.167241, 48.104413 ], [ -3.173204, 48.100284 ], [ -3.179492, 48.101091 ], [ -3.183312, 48.10406 ], [ -3.187802, 48.101263 ], [ -3.193946, 48.096399 ], [ -3.195342, 48.096098 ], [ -3.19576, 48.091751 ], [ -3.204167, 48.089424 ], [ -3.211843, 48.088602 ], [ -3.218146, 48.08515 ], [ -3.218855, 48.084812 ], [ -3.221408, 48.083613 ], [ -3.22836, 48.086354 ], [ -3.236716, 48.085802 ], [ -3.237973, 48.08624 ], [ -3.238564, 48.085364 ] ] ] } },
{ "type": "Feature", "properties": { "fid": 11, "ID": null, "CENTER_LON": "-3.4157034931763013", "CENTER_LAT": "48.58867039769412", "AA_MINS": 15, "AA_MODE": "driving-car", "TOTAL_POP": "6719" }, "geometry": { "type": "Polygon", "coordinates": [ [ [ -3.490585, 48.609624 ], [ -3.490444, 48.609385 ], [ -3.489224, 48.60833 ], [ -3.483988, 48.604437 ], [ -3.479666, 48.599568 ], [ -3.47708, 48.597179 ], [ -3.474884, 48.594326 ], [ -3.470067, 48.587534 ], [ -3.469811, 48.584022 ], [ -3.470277, 48.580452 ], [ -3.475105, 48.574488 ], [ -3.474296, 48.57098 ], [ -3.467571, 48.569575 ], [ -3.465273, 48.566803 ], [ -3.462539, 48.560314 ], [ -3.46287, 48.556729 ], [ -3.469556, 48.554316 ], [ -3.471059, 48.551045 ], [ -3.469967, 48.550543 ], [ -3.468775, 48.550041 ], [ -3.467346, 48.549498 ], [ -3.465833, 48.549 ], [ -3.464335, 48.548558 ], [ -3.46272, 48.548158 ], [ -3.460991, 48.547802 ], [ -3.459205, 48.547503 ], [ -3.458133, 48.547368 ], [ -3.456739, 48.54723 ], [ -3.450906, 48.545897 ], [ -3.447158, 48.540312 ], [ -3.446172, 48.538312 ], [ -3.444706, 48.537675 ], [ -3.438191, 48.538515 ], [ -3.437582, 48.539849 ], [ -3.437656, 48.541221 ], [ -3.437156, 48.544786 ], [ -3.429982, 48.54715 ], [ -3.425886, 48.546793 ], [ -3.424721, 48.546705 ], [ -3.423449, 48.546636 ], [ -3.4222, 48.546596 ], [ -3.415597, 48.54205 ], [ -3.414116, 48.538969 ], [ -3.412754, 48.537538 ], [ -3.412597, 48.537498 ], [ -3.411928, 48.537455 ], [ -3.411365, 48.53751 ], [ -3.402718, 48.535024 ], [ -3.40024, 48.535385 ], [ -3.39526, 48.529742 ], [ -3.396179, 48.526487 ], [ -3.394175, 48.523497 ], [ -3.392878, 48.524366 ], [ -3.392545, 48.524556 ], [ -3.391859, 48.524934 ], [ -3.383242, 48.522853 ], [ -3.379885, 48.524154 ], [ -3.380287, 48.525192 ], [ -3.380326, 48.529739 ], [ -3.372762, 48.533813 ], [ -3.372334, 48.533752 ], [ -3.371898, 48.533737 ], [ -3.367301, 48.532027 ], [ -3.365001, 48.534796 ], [ -3.36789, 48.54188 ], [ -3.364178, 48.547825 ], [ -3.358785, 48.546264 ], [ -3.357976, 48.546788 ], [ -3.357589, 48.547073 ], [ -3.352357, 48.549677 ], [ -3.350261, 48.551285 ], [ -3.342692, 48.552767 ], [ -3.339286, 48.552061 ], [ -3.331345, 48.550292 ], [ -3.329868, 48.547766 ], [ -3.321761, 48.544807 ], [ -3.314509, 48.540025 ], [ -3.311144, 48.541304 ], [ -3.311332, 48.547064 ], [ -3.313617, 48.554119 ], [ -3.309239, 48.561097 ], [ -3.303971, 48.563484 ], [ -3.296912, 48.565914 ], [ -3.292159, 48.566035 ], [ -3.290772, 48.566066 ], [ -3.284133, 48.566948 ], [ -3.283295, 48.566964 ], [ -3.281273, 48.56708 ], [ -3.279861, 48.567207 ], [ -3.278465, 48.567356 ], [ -3.277272, 48.567496 ], [ -3.27769, 48.571072 ], [ -3.278883, 48.570932 ], [ -3.280243, 48.570787 ], [ -3.281596, 48.570665 ], [ -3.285071, 48.570557 ], [ -3.288572, 48.570693 ], [ -3.289586, 48.570701 ], [ -3.29066, 48.570658 ], [ -3.291635, 48.570567 ], [ -3.292528, 48.570439 ], [ -3.293485, 48.570263 ], [ -3.296495, 48.569616 ], [ -3.304241, 48.570191 ], [ -3.311616, 48.571828 ], [ -3.317183, 48.577242 ], [ -3.318429, 48.579169 ], [ -3.319833, 48.582484 ], [ -3.323351, 48.589682 ], [ -3.320124, 48.591812 ], [ -3.320007, 48.591912 ], [ -3.3193, 48.593506 ], [ -3.319214, 48.594205 ], [ -3.321724, 48.595601 ], [ -3.322203, 48.595793 ], [ -3.322752, 48.5959 ], [ -3.323341, 48.595935 ], [ -3.325634, 48.596035 ], [ -3.329962, 48.599687 ], [ -3.328186, 48.605089 ], [ -3.321024, 48.609145 ], [ -3.320917, 48.610281 ], [ -3.320447, 48.612698 ], [ -3.316675, 48.620596 ], [ -3.312274, 48.621483 ], [ -3.311279, 48.624138 ], [ -3.311527, 48.625004 ], [ -3.311928, 48.625089 ], [ -3.312329, 48.625138 ], [ -3.316772, 48.625727 ], [ -3.32103, 48.627595 ], [ -3.328734, 48.629303 ], [ -3.331065, 48.631574 ], [ -3.332107, 48.632245 ], [ -3.33273, 48.632309 ], [ -3.332987, 48.6323 ], [ -3.334539, 48.63063 ], [ -3.338448, 48.623494 ], [ -3.344371, 48.623421 ], [ -3.346672, 48.62491 ], [ -3.347467, 48.632474 ], [ -3.3467, 48.635992 ], [ -3.347869, 48.636247 ], [ -3.348202, 48.636303 ], [ -3.348631, 48.636329 ], [ -3.351195, 48.636786 ], [ -3.351361, 48.64526 ], [ -3.351873, 48.647429 ], [ -3.352083, 48.648787 ], [ -3.35334, 48.648589 ], [ -3.35389, 48.648481 ], [ -3.361096, 48.647488 ], [ -3.363967, 48.647586 ], [ -3.368491, 48.653161 ], [ -3.368464, 48.654623 ], [ -3.371406, 48.657259 ], [ -3.372773, 48.657689 ], [ -3.373179, 48.657494 ], [ -3.373612, 48.657209 ], [ -3.374107, 48.65662 ], [ -3.374397, 48.65596 ], [ -3.374607, 48.655494 ], [ -3.376766, 48.652229 ], [ -3.384996, 48.64893 ], [ -3.387763, 48.65114 ], [ -3.388407, 48.651671 ], [ -3.388845, 48.651876 ], [ -3.389011, 48.651933 ], [ -3.390812, 48.651326 ], [ -3.390888, 48.651221 ], [ -3.390325, 48.64861 ], [ -3.38949, 48.647474 ], [ -3.394812, 48.640295 ], [ -3.397437, 48.642759 ], [ -3.403569, 48.64485 ], [ -3.404258, 48.645373 ], [ -3.407014, 48.648121 ], [ -3.407323, 48.648635 ], [ -3.407648, 48.649074 ], [ -3.41121, 48.647235 ], [ -3.411162, 48.643636 ], [ -3.41606, 48.6395 ], [ -3.417345, 48.636137 ], [ -3.423814, 48.631236 ], [ -3.427188, 48.630239 ], [ -3.433086, 48.630777 ], [ -3.440786, 48.627246 ], [ -3.44499, 48.633853 ], [ -3.445044, 48.634062 ], [ -3.446446, 48.635291 ], [ -3.452142, 48.637101 ], [ -3.453425, 48.636834 ], [ -3.453951, 48.636569 ], [ -3.454238, 48.634175 ], [ -3.455625, 48.630185 ], [ -3.458762, 48.62661 ], [ -3.466486, 48.62496 ], [ -3.46823, 48.625013 ], [ -3.472867, 48.620662 ], [ -3.481422, 48.618316 ], [ -3.481942, 48.618884 ], [ -3.482497, 48.619395 ], [ -3.483364, 48.618812 ], [ -3.484936, 48.616748 ], [ -3.490334, 48.611755 ], [ -3.490585, 48.609624 ] ] ] } },
{ "type": "Feature", "properties": { "fid": 12, "ID": null, "CENTER_LON": "-3.3997443589501475", "CENTER_LAT": "47.720819179802476", "AA_MINS": 15, "AA_MODE": "driving-car", "TOTAL_POP": "71336" }, "geometry": { "type": "Polygon", "coordinates": [ [ [ -3.46035, 47.804731 ], [ -3.459473, 47.802663 ], [ -3.459105, 47.793688 ], [ -3.460003, 47.791861 ], [ -3.460785, 47.790504 ], [ -3.45966, 47.789673 ], [ -3.457611, 47.786223 ], [ -3.462694, 47.781117 ], [ -3.462764, 47.781103 ], [ -3.463445, 47.778667 ], [ -3.463104, 47.777718 ], [ -3.462058, 47.777572 ], [ -3.458359, 47.776965 ], [ -3.455033, 47.775587 ], [ -3.452339, 47.773753 ], [ -3.447683, 47.773801 ], [ -3.446974, 47.773793 ], [ -3.444392, 47.774216 ], [ -3.436803, 47.777952 ], [ -3.435851, 47.777778 ], [ -3.431594, 47.777156 ], [ -3.429738, 47.776846 ], [ -3.426132, 47.768875 ], [ -3.426913, 47.767435 ], [ -3.427309, 47.766562 ], [ -3.427515, 47.765896 ], [ -3.427598, 47.765431 ], [ -3.427629, 47.76496 ], [ -3.427602, 47.764444 ], [ -3.427391, 47.763523 ], [ -3.426947, 47.762485 ], [ -3.426705, 47.761734 ], [ -3.426526, 47.761264 ], [ -3.426315, 47.760806 ], [ -3.425972, 47.760249 ], [ -3.425642, 47.759798 ], [ -3.427687, 47.751237 ], [ -3.43016, 47.750776 ], [ -3.432278, 47.750927 ], [ -3.434252, 47.751237 ], [ -3.4361, 47.750615 ], [ -3.441948, 47.749274 ], [ -3.445265, 47.749566 ], [ -3.445913, 47.749645 ], [ -3.446127, 47.746051 ], [ -3.450816, 47.742003 ], [ -3.457373, 47.741569 ], [ -3.459932, 47.743968 ], [ -3.459141, 47.751519 ], [ -3.458857, 47.752101 ], [ -3.458762, 47.752597 ], [ -3.458751, 47.752947 ], [ -3.458834, 47.753607 ], [ -3.458953, 47.753942 ], [ -3.459266, 47.75459 ], [ -3.460441, 47.758232 ], [ -3.460761, 47.75906 ], [ -3.461924, 47.761041 ], [ -3.462562, 47.761636 ], [ -3.463017, 47.761883 ], [ -3.463417, 47.762054 ], [ -3.465138, 47.76152 ], [ -3.465395, 47.761446 ], [ -3.473206, 47.757166 ], [ -3.474572, 47.760497 ], [ -3.474828, 47.760392 ], [ -3.475384, 47.760131 ], [ -3.484085, 47.762041 ], [ -3.485426, 47.763531 ], [ -3.488687, 47.765057 ], [ -3.488855, 47.764699 ], [ -3.495681, 47.759255 ], [ -3.495887, 47.755661 ], [ -3.496248, 47.749988 ], [ -3.49643, 47.748405 ], [ -3.496366, 47.748217 ], [ -3.495682, 47.745317 ], [ -3.500428, 47.737726 ], [ -3.501285, 47.737806 ], [ -3.502756, 47.735981 ], [ -3.502736, 47.735891 ], [ -3.501418, 47.731481 ], [ -3.501073, 47.730637 ], [ -3.50065, 47.730204 ], [ -3.494072, 47.725525 ], [ -3.493297, 47.725007 ], [ -3.492392, 47.724567 ], [ -3.487979, 47.722784 ], [ -3.481156, 47.717296 ], [ -3.480939, 47.716936 ], [ -3.480503, 47.716424 ], [ -3.474647, 47.710607 ], [ -3.468598, 47.707764 ], [ -3.466067, 47.706345 ], [ -3.459175, 47.700895 ], [ -3.451615, 47.697179 ], [ -3.451376, 47.697066 ], [ -3.447335, 47.697573 ], [ -3.440579, 47.698991 ], [ -3.437431, 47.699856 ], [ -3.431531, 47.700948 ], [ -3.431248, 47.701079 ], [ -3.426525, 47.70362 ], [ -3.420986, 47.70247 ], [ -3.417135, 47.699383 ], [ -3.416636, 47.699426 ], [ -3.41617, 47.69952 ], [ -3.414962, 47.699946 ], [ -3.41388, 47.700515 ], [ -3.411048, 47.702784 ], [ -3.403609, 47.703407 ], [ -3.402537, 47.703424 ], [ -3.398316, 47.703406 ], [ -3.393102, 47.702192 ], [ -3.390096, 47.702119 ], [ -3.384995, 47.703487 ], [ -3.380807, 47.70553 ], [ -3.375312, 47.710354 ], [ -3.369702, 47.715678 ], [ -3.367673, 47.716566 ], [ -3.367395, 47.717081 ], [ -3.367774, 47.7187 ], [ -3.365986, 47.727469 ], [ -3.360213, 47.730113 ], [ -3.3592, 47.733479 ], [ -3.35918, 47.733563 ], [ -3.358679, 47.73756 ], [ -3.351462, 47.738224 ], [ -3.348193, 47.736717 ], [ -3.347374, 47.738492 ], [ -3.347015, 47.740108 ], [ -3.348017, 47.74218 ], [ -3.349562, 47.742731 ], [ -3.350604, 47.742741 ], [ -3.355858, 47.747034 ], [ -3.355087, 47.750638 ], [ -3.355048, 47.750706 ], [ -3.355776, 47.753181 ], [ -3.359746, 47.758725 ], [ -3.362525, 47.7614 ], [ -3.362986, 47.76178 ], [ -3.363933, 47.762261 ], [ -3.36522, 47.7629 ], [ -3.367625, 47.765421 ], [ -3.364655, 47.773641 ], [ -3.363566, 47.774052 ], [ -3.359711, 47.775316 ], [ -3.359108, 47.775488 ], [ -3.357841, 47.775761 ], [ -3.356132, 47.77607 ], [ -3.354083, 47.776341 ], [ -3.353736, 47.776386 ], [ -3.351346, 47.776626 ], [ -3.346007, 47.775997 ], [ -3.345285, 47.776106 ], [ -3.345024, 47.776161 ], [ -3.344501, 47.776373 ], [ -3.343965, 47.776819 ], [ -3.339606, 47.780898 ], [ -3.335552, 47.78341 ], [ -3.336964, 47.786722 ], [ -3.337818, 47.786357 ], [ -3.3383, 47.786121 ], [ -3.339294, 47.78555 ], [ -3.340162, 47.784976 ], [ -3.341765, 47.783778 ], [ -3.349114, 47.780741 ], [ -3.350083, 47.780566 ], [ -3.350631, 47.780482 ], [ -3.35372, 47.780069 ], [ -3.354817, 47.779908 ], [ -3.356666, 47.779631 ], [ -3.35848, 47.779304 ], [ -3.359865, 47.779007 ], [ -3.36068, 47.778782 ], [ -3.365059, 47.777328 ], [ -3.365916, 47.777013 ], [ -3.366831, 47.77664 ], [ -3.367802, 47.776276 ], [ -3.370857, 47.775173 ], [ -3.378132, 47.775801 ], [ -3.378427, 47.775754 ], [ -3.386975, 47.774148 ], [ -3.387706, 47.774472 ], [ -3.388012, 47.774625 ], [ -3.389001, 47.775166 ], [ -3.392, 47.776997 ], [ -3.392507, 47.777282 ], [ -3.393401, 47.777739 ], [ -3.394039, 47.778035 ], [ -3.395177, 47.778499 ], [ -3.395736, 47.778705 ], [ -3.396799, 47.779044 ], [ -3.403511, 47.783781 ], [ -3.40973, 47.789095 ], [ -3.411347, 47.790961 ], [ -3.413653, 47.792058 ], [ -3.416703, 47.793529 ], [ -3.416719, 47.793527 ], [ -3.424135, 47.792656 ], [ -3.431284, 47.788999 ], [ -3.433518, 47.789629 ], [ -3.434242, 47.789985 ], [ -3.434673, 47.790138 ], [ -3.435284, 47.790296 ], [ -3.436507, 47.790691 ], [ -3.43711, 47.79092 ], [ -3.438659, 47.791523 ], [ -3.442924, 47.792625 ], [ -3.444226, 47.793096 ], [ -3.44508, 47.793441 ], [ -3.446175, 47.793928 ], [ -3.447297, 47.794496 ], [ -3.448066, 47.794918 ], [ -3.448804, 47.795362 ], [ -3.449424, 47.795765 ], [ -3.449984, 47.796151 ], [ -3.450962, 47.7969 ], [ -3.451489, 47.797339 ], [ -3.451985, 47.79778 ], [ -3.456304, 47.805015 ], [ -3.457911, 47.808204 ], [ -3.461226, 47.806799 ], [ -3.46035, 47.804731 ] ] ] } },
{ "type": "Feature", "properties": { "fid": 13, "ID": null, "CENTER_LON": "-4.043637598572162", "CENTER_LAT": "48.1687885849974", "AA_MINS": 15, "AA_MODE": "driving-car", "TOTAL_POP": "23038" }, "geometry": { "type": "Polygon", "coordinates": [ [ [ -4.161574, 48.286961 ], [ -4.161063, 48.286696 ], [ -4.160145, 48.286286 ], [ -4.159112, 48.28592 ], [ -4.158497, 48.285738 ], [ -4.15703, 48.285384 ], [ -4.155053, 48.284934 ], [ -4.153097, 48.28449 ], [ -4.151695, 48.284141 ], [ -4.150591, 48.283824 ], [ -4.148043, 48.283037 ], [ -4.145469, 48.282242 ], [ -4.142531, 48.281338 ], [ -4.141337, 48.280989 ], [ -4.140077, 48.280666 ], [ -4.138391, 48.280333 ], [ -4.137449, 48.280192 ], [ -4.136709, 48.280101 ], [ -4.135561, 48.27999 ], [ -4.131248, 48.279622 ], [ -4.126954, 48.279255 ], [ -4.126258, 48.279171 ], [ -4.120457, 48.273317 ], [ -4.12273, 48.267762 ], [ -4.128678, 48.263396 ], [ -4.129236, 48.25984 ], [ -4.127225, 48.25167 ], [ -4.128809, 48.250432 ], [ -4.129135, 48.248038 ], [ -4.128796, 48.247768 ], [ -4.128451, 48.247546 ], [ -4.128164, 48.247441 ], [ -4.127679, 48.247303 ], [ -4.127154, 48.247235 ], [ -4.127053, 48.247255 ], [ -4.126741, 48.247439 ], [ -4.12625, 48.247709 ], [ -4.12582, 48.248014 ], [ -4.121722, 48.249774 ], [ -4.114184, 48.249194 ], [ -4.112834, 48.247874 ], [ -4.111422, 48.246674 ], [ -4.108055, 48.240252 ], [ -4.107487, 48.237808 ], [ -4.107191, 48.236811 ], [ -4.106889, 48.236031 ], [ -4.106612, 48.235454 ], [ -4.10624, 48.234796 ], [ -4.105578, 48.234057 ], [ -4.107095, 48.225513 ], [ -4.107517, 48.225201 ], [ -4.108791, 48.224184 ], [ -4.109038, 48.222212 ], [ -4.109, 48.222126 ], [ -4.108091, 48.221182 ], [ -4.108026, 48.221161 ], [ -4.106908, 48.221116 ], [ -4.100894, 48.21708 ], [ -4.102041, 48.208543 ], [ -4.103005, 48.208039 ], [ -4.10368, 48.207747 ], [ -4.104466, 48.207499 ], [ -4.104774, 48.207356 ], [ -4.10499, 48.207208 ], [ -4.112887, 48.205697 ], [ -4.115412, 48.207883 ], [ -4.117233, 48.207741 ], [ -4.124142, 48.20904 ], [ -4.124411, 48.209089 ], [ -4.124859, 48.209154 ], [ -4.129688, 48.210411 ], [ -4.132204, 48.211339 ], [ -4.132619, 48.210695 ], [ -4.134126, 48.208295 ], [ -4.141048, 48.202714 ], [ -4.141915, 48.203142 ], [ -4.144058, 48.204187 ], [ -4.145021, 48.204608 ], [ -4.146563, 48.205631 ], [ -4.147341, 48.206011 ], [ -4.14813, 48.20637 ], [ -4.149912, 48.20702 ], [ -4.151146, 48.203638 ], [ -4.149364, 48.202988 ], [ -4.147991, 48.195039 ], [ -4.152143, 48.192926 ], [ -4.152794, 48.19287 ], [ -4.153264, 48.192779 ], [ -4.153745, 48.192628 ], [ -4.154262, 48.192429 ], [ -4.155, 48.192132 ], [ -4.154954, 48.189584 ], [ -4.154813, 48.18942 ], [ -4.153657, 48.188792 ], [ -4.152919, 48.189089 ], [ -4.149206, 48.188798 ], [ -4.148338, 48.188841 ], [ -4.148055, 48.188851 ], [ -4.147931, 48.188855 ], [ -4.145845, 48.189259 ], [ -4.145178, 48.189293 ], [ -4.144657, 48.189364 ], [ -4.143766, 48.189576 ], [ -4.142649, 48.189909 ], [ -4.141377, 48.190441 ], [ -4.137095, 48.182758 ], [ -4.141832, 48.179325 ], [ -4.150041, 48.178818 ], [ -4.150607, 48.179158 ], [ -4.150975, 48.179222 ], [ -4.151786, 48.17944 ], [ -4.152911, 48.178181 ], [ -4.158857, 48.176709 ], [ -4.159751, 48.176896 ], [ -4.160909, 48.174907 ], [ -4.1681, 48.170878 ], [ -4.175218, 48.172222 ], [ -4.180968, 48.170146 ], [ -4.181084, 48.166548 ], [ -4.179664, 48.166472 ], [ -4.178439, 48.166251 ], [ -4.177883, 48.166195 ], [ -4.177221, 48.166166 ], [ -4.176407, 48.157234 ], [ -4.177618, 48.157074 ], [ -4.177969, 48.155345 ], [ -4.177932, 48.154698 ], [ -4.177148, 48.153505 ], [ -4.175937, 48.153665 ], [ -4.175221, 48.15375 ], [ -4.174249, 48.153899 ], [ -4.172482, 48.154202 ], [ -4.170547, 48.154512 ], [ -4.163669, 48.151356 ], [ -4.165514, 48.142584 ], [ -4.167666, 48.142377 ], [ -4.167861, 48.14236 ], [ -4.169174, 48.139907 ], [ -4.168746, 48.138852 ], [ -4.167541, 48.138774 ], [ -4.167347, 48.138791 ], [ -4.165169, 48.139 ], [ -4.164647, 48.139083 ], [ -4.15797, 48.133581 ], [ -4.156567, 48.131787 ], [ -4.156309, 48.131766 ], [ -4.148174, 48.12997 ], [ -4.147637, 48.129764 ], [ -4.147001, 48.129958 ], [ -4.139437, 48.129107 ], [ -4.133606, 48.129854 ], [ -4.131944, 48.129222 ], [ -4.128821, 48.129984 ], [ -4.124957, 48.123409 ], [ -4.127078, 48.1205 ], [ -4.134085, 48.117161 ], [ -4.134468, 48.117186 ], [ -4.134876, 48.117185 ], [ -4.136428, 48.11683 ], [ -4.13811, 48.116674 ], [ -4.140122, 48.116879 ], [ -4.141702, 48.116426 ], [ -4.143195, 48.116332 ], [ -4.145458, 48.115948 ], [ -4.152561, 48.111382 ], [ -4.153621, 48.111448 ], [ -4.153846, 48.107855 ], [ -4.152786, 48.107789 ], [ -4.152076, 48.107784 ], [ -4.150503, 48.107831 ], [ -4.14977, 48.107852 ], [ -4.147629, 48.107879 ], [ -4.140575, 48.105396 ], [ -4.139473, 48.105593 ], [ -4.131311, 48.104131 ], [ -4.124147, 48.10138 ], [ -4.128401, 48.095498 ], [ -4.130893, 48.095106 ], [ -4.131608, 48.094936 ], [ -4.131895, 48.09483 ], [ -4.132736, 48.092854 ], [ -4.132479, 48.091716 ], [ -4.130639, 48.091456 ], [ -4.130157, 48.091582 ], [ -4.127846, 48.091941 ], [ -4.124175, 48.091109 ], [ -4.120908, 48.092623 ], [ -4.115378, 48.086499 ], [ -4.118053, 48.083277 ], [ -4.119121, 48.082534 ], [ -4.119788, 48.082122 ], [ -4.117894, 48.07906 ], [ -4.109935, 48.076529 ], [ -4.103523, 48.075852 ], [ -4.103519, 48.075852 ], [ -4.101211, 48.077565 ], [ -4.100961, 48.077916 ], [ -4.10067, 48.078524 ], [ -4.100539, 48.079257 ], [ -4.100614, 48.079995 ], [ -4.101163, 48.081722 ], [ -4.094169, 48.086816 ], [ -4.093043, 48.08612 ], [ -4.09243, 48.085742 ], [ -4.091914, 48.085584 ], [ -4.091413, 48.085545 ], [ -4.09095, 48.085594 ], [ -4.085406, 48.085236 ], [ -4.080233, 48.078859 ], [ -4.080601, 48.075092 ], [ -4.081103, 48.072775 ], [ -4.080836, 48.07242 ], [ -4.079864, 48.071568 ], [ -4.079031, 48.071743 ], [ -4.076788, 48.072166 ], [ -4.076338, 48.072267 ], [ -4.074605, 48.072963 ], [ -4.066948, 48.069387 ], [ -4.064672, 48.065466 ], [ -4.062485, 48.062607 ], [ -4.058986, 48.054426 ], [ -4.059575, 48.054089 ], [ -4.060907, 48.053402 ], [ -4.063731, 48.052039 ], [ -4.065063, 48.05137 ], [ -4.065844, 48.050912 ], [ -4.06629, 48.050615 ], [ -4.066817, 48.050246 ], [ -4.067378, 48.049799 ], [ -4.067919, 48.04932 ], [ -4.068392, 48.048847 ], [ -4.068938, 48.04823 ], [ -4.069177, 48.047923 ], [ -4.070538, 48.045984 ], [ -4.076051, 48.041005 ], [ -4.078502, 48.039852 ], [ -4.079223, 48.039496 ], [ -4.080093, 48.039035 ], [ -4.080938, 48.038529 ], [ -4.08131, 48.038278 ], [ -4.082157, 48.037639 ], [ -4.082744, 48.03711 ], [ -4.083405, 48.03643 ], [ -4.083828, 48.035948 ], [ -4.091321, 48.032375 ], [ -4.09432, 48.032823 ], [ -4.095491, 48.032968 ], [ -4.096252, 48.033016 ], [ -4.097209, 48.03302 ], [ -4.098092, 48.032952 ], [ -4.098543, 48.032891 ], [ -4.099354, 48.032743 ], [ -4.099835, 48.032627 ], [ -4.100552, 48.032411 ], [ -4.101255, 48.03214 ], [ -4.101641, 48.031968 ], [ -4.102181, 48.031688 ], [ -4.102849, 48.031276 ], [ -4.103441, 48.030827 ], [ -4.103725, 48.030574 ], [ -4.104312, 48.029975 ], [ -4.104712, 48.029451 ], [ -4.105286, 48.028429 ], [ -4.105474, 48.027885 ], [ -4.1056, 48.027357 ], [ -4.105686, 48.026745 ], [ -4.105989, 48.024153 ], [ -4.105917, 48.023417 ], [ -4.102324, 48.023181 ], [ -4.10226, 48.024166 ], [ -4.093498, 48.025976 ], [ -4.091928, 48.024195 ], [ -4.089201, 48.016571 ], [ -4.089198, 48.016482 ], [ -4.089206, 48.014613 ], [ -4.087209, 48.013913 ], [ -4.08713, 48.013894 ], [ -4.086881, 48.013849 ], [ -4.079261, 48.012845 ], [ -4.074521, 48.011143 ], [ -4.072004, 48.009929 ], [ -4.069525, 48.008734 ], [ -4.068179, 48.008029 ], [ -4.066424, 48.011172 ], [ -4.066794, 48.011379 ], [ -4.067885, 48.011938 ], [ -4.07044, 48.013171 ], [ -4.072957, 48.014386 ], [ -4.074684, 48.015221 ], [ -4.080216, 48.022016 ], [ -4.080608, 48.029596 ], [ -4.080244, 48.031524 ], [ -4.074518, 48.037748 ], [ -4.073672, 48.038163 ], [ -4.072936, 48.038547 ], [ -4.072136, 48.039019 ], [ -4.071554, 48.039425 ], [ -4.071068, 48.039792 ], [ -4.070411, 48.040349 ], [ -4.070141, 48.040599 ], [ -4.069391, 48.041402 ], [ -4.068598, 48.042421 ], [ -4.067548, 48.043977 ], [ -4.062124, 48.048817 ], [ -4.059342, 48.05016 ], [ -4.057926, 48.050889 ], [ -4.057206, 48.051297 ], [ -4.056204, 48.052005 ], [ -4.055659, 48.052436 ], [ -4.055249, 48.052804 ], [ -4.05456, 48.05349 ], [ -4.053843, 48.054381 ], [ -4.053302, 48.055202 ], [ -4.051838, 48.057847 ], [ -4.05044, 48.060381 ], [ -4.049043, 48.062916 ], [ -4.047646, 48.06545 ], [ -4.041647, 48.072145 ], [ -4.04156, 48.072299 ], [ -4.040448, 48.079845 ], [ -4.040169, 48.080437 ], [ -4.040014, 48.080934 ], [ -4.039899, 48.081475 ], [ -4.039532, 48.084483 ], [ -4.030752, 48.084846 ], [ -4.03019, 48.083778 ], [ -4.029451, 48.082832 ], [ -4.028737, 48.081892 ], [ -4.028427, 48.081496 ], [ -4.027927, 48.081033 ], [ -4.027443, 48.080712 ], [ -4.02686, 48.080394 ], [ -4.023596, 48.078333 ], [ -4.016576, 48.072719 ], [ -4.015273, 48.07218 ], [ -4.013165, 48.072701 ], [ -4.011703, 48.075514 ], [ -4.004953, 48.077986 ], [ -4.00082, 48.081755 ], [ -3.992514, 48.0828 ], [ -3.988965, 48.0822 ], [ -3.98844, 48.085301 ], [ -3.988437, 48.086015 ], [ -3.983462, 48.092173 ], [ -3.981614, 48.092374 ], [ -3.97905, 48.099978 ], [ -3.979057, 48.100012 ], [ -3.980995, 48.104665 ], [ -3.983473, 48.105073 ], [ -3.989245, 48.10519 ], [ -3.991877, 48.109944 ], [ -3.991647, 48.112873 ], [ -3.988152, 48.117277 ], [ -3.985552, 48.118321 ], [ -3.982665, 48.123363 ], [ -3.978427, 48.126613 ], [ -3.978967, 48.130172 ], [ -3.972056, 48.135266 ], [ -3.96996, 48.138193 ], [ -3.966187, 48.140348 ], [ -3.961736, 48.134157 ], [ -3.961769, 48.130575 ], [ -3.961787, 48.129705 ], [ -3.961699, 48.129221 ], [ -3.961053, 48.127931 ], [ -3.959154, 48.127355 ], [ -3.95439, 48.129372 ], [ -3.951674, 48.131605 ], [ -3.951198, 48.133637 ], [ -3.945882, 48.140085 ], [ -3.945125, 48.140468 ], [ -3.944782, 48.140673 ], [ -3.944502, 48.140878 ], [ -3.943783, 48.141484 ], [ -3.942047, 48.143152 ], [ -3.938537, 48.145888 ], [ -3.935111, 48.150447 ], [ -3.92836, 48.154256 ], [ -3.927781, 48.154401 ], [ -3.91895, 48.15297 ], [ -3.918476, 48.152688 ], [ -3.917235, 48.152048 ], [ -3.912775, 48.148552 ], [ -3.909294, 48.149469 ], [ -3.909584, 48.150675 ], [ -3.909718, 48.151151 ], [ -3.909961, 48.151641 ], [ -3.912205, 48.155336 ], [ -3.913228, 48.155252 ], [ -3.918192, 48.15691 ], [ -3.918743, 48.157183 ], [ -3.919661, 48.157486 ], [ -3.920758, 48.157803 ], [ -3.924149, 48.161611 ], [ -3.918336, 48.168162 ], [ -3.917301, 48.168205 ], [ -3.916778, 48.168258 ], [ -3.917135, 48.17184 ], [ -3.917657, 48.171788 ], [ -3.918839, 48.171789 ], [ -3.919698, 48.171883 ], [ -3.922048, 48.172557 ], [ -3.923868, 48.172267 ], [ -3.925885, 48.172361 ], [ -3.930079, 48.174445 ], [ -3.932012, 48.176479 ], [ -3.932871, 48.181557 ], [ -3.929193, 48.185472 ], [ -3.921726, 48.187517 ], [ -3.920047, 48.188026 ], [ -3.919968, 48.192418 ], [ -3.921638, 48.195607 ], [ -3.92226, 48.195282 ], [ -3.922507, 48.195174 ], [ -3.923255, 48.194768 ], [ -3.92378, 48.194383 ], [ -3.928731, 48.192862 ], [ -3.929794, 48.192947 ], [ -3.934919, 48.194579 ], [ -3.93501, 48.194646 ], [ -3.936276, 48.194906 ], [ -3.941654, 48.198051 ], [ -3.939322, 48.205629 ], [ -3.931279, 48.209329 ], [ -3.930117, 48.20876 ], [ -3.929004, 48.208289 ], [ -3.927814, 48.207842 ], [ -3.924326, 48.206707 ], [ -3.920792, 48.205557 ], [ -3.919685, 48.20523 ], [ -3.919195, 48.205102 ], [ -3.918034, 48.20484 ], [ -3.915622, 48.2044 ], [ -3.913131, 48.203947 ], [ -3.911867, 48.203773 ], [ -3.911318, 48.203715 ], [ -3.910004, 48.203625 ], [ -3.905663, 48.203537 ], [ -3.905099, 48.20343 ], [ -3.902556, 48.202938 ], [ -3.899127, 48.203331 ], [ -3.899033, 48.20693 ], [ -3.902123, 48.20701 ], [ -3.905212, 48.207091 ], [ -3.909896, 48.207223 ], [ -3.914975, 48.207941 ], [ -3.923211, 48.21013 ], [ -3.926699, 48.211265 ], [ -3.933462, 48.215025 ], [ -3.935557, 48.216483 ], [ -3.93777, 48.218038 ], [ -3.939768, 48.219441 ], [ -3.941766, 48.220843 ], [ -3.943764, 48.222246 ], [ -3.944565, 48.222797 ], [ -3.945233, 48.223211 ], [ -3.946183, 48.223699 ], [ -3.946895, 48.224006 ], [ -3.948269, 48.224497 ], [ -3.949137, 48.22475 ], [ -3.950324, 48.225031 ], [ -3.950868, 48.22513 ], [ -3.951676, 48.225245 ], [ -3.95922, 48.229303 ], [ -3.959263, 48.229327 ], [ -3.963921, 48.231897 ], [ -3.96709, 48.232826 ], [ -3.969336, 48.231911 ], [ -3.970842, 48.23165 ], [ -3.974613, 48.231233 ], [ -3.975044, 48.231275 ], [ -3.975768, 48.231392 ], [ -3.981704, 48.22709 ], [ -3.983617, 48.226174 ], [ -3.985422, 48.22596 ], [ -3.989875, 48.23365 ], [ -3.990789, 48.234267 ], [ -3.994262, 48.236058 ], [ -3.992345, 48.244133 ], [ -3.990299, 48.244637 ], [ -3.989858, 48.244744 ], [ -3.989168, 48.244842 ], [ -3.988523, 48.24491 ], [ -3.987812, 48.244945 ], [ -3.986725, 48.244896 ], [ -3.986314, 48.244921 ], [ -3.985815, 48.244987 ], [ -3.983165, 48.244945 ], [ -3.979615, 48.245546 ], [ -3.978641, 48.245673 ], [ -3.97894, 48.24926 ], [ -3.980785, 48.249965 ], [ -3.982904, 48.250467 ], [ -3.991834, 48.250993 ], [ -3.991969, 48.251067 ], [ -4.000088, 48.25154 ], [ -4.000513, 48.251491 ], [ -4.002202, 48.250744 ], [ -4.003918, 48.249126 ], [ -4.011872, 48.253181 ], [ -4.012129, 48.253406 ], [ -4.013197, 48.253797 ], [ -4.01378, 48.25352 ], [ -4.014509, 48.252889 ], [ -4.014588, 48.252781 ], [ -4.022763, 48.250738 ], [ -4.023874, 48.25241 ], [ -4.024217, 48.253161 ], [ -4.02624, 48.253753 ], [ -4.030319, 48.25027 ], [ -4.031938, 48.246991 ], [ -4.032361, 48.246354 ], [ -4.036881, 48.243206 ], [ -4.040899, 48.243404 ], [ -4.045737, 48.245885 ], [ -4.050636, 48.246656 ], [ -4.055295, 48.253586 ], [ -4.058606, 48.254999 ], [ -4.060231, 48.252597 ], [ -4.060662, 48.252124 ], [ -4.069147, 48.252274 ], [ -4.069418, 48.257961 ], [ -4.069679, 48.258872 ], [ -4.069699, 48.258966 ], [ -4.070693, 48.260218 ], [ -4.071953, 48.260516 ], [ -4.079648, 48.259118 ], [ -4.080912, 48.258336 ], [ -4.088771, 48.258703 ], [ -4.08927, 48.258944 ], [ -4.089669, 48.259107 ], [ -4.090119, 48.259243 ], [ -4.095436, 48.263674 ], [ -4.096235, 48.267184 ], [ -4.096994, 48.267011 ], [ -4.099189, 48.26638 ], [ -4.09996, 48.26612 ], [ -4.106601, 48.271657 ], [ -4.106616, 48.271886 ], [ -4.106958, 48.272623 ], [ -4.107018, 48.272695 ], [ -4.110059, 48.27226 ], [ -4.11554, 48.277245 ], [ -4.115687, 48.278004 ], [ -4.115868, 48.278465 ], [ -4.121224, 48.281339 ], [ -4.121891, 48.281666 ], [ -4.122595, 48.281946 ], [ -4.123101, 48.282125 ], [ -4.123752, 48.282329 ], [ -4.124734, 48.282568 ], [ -4.125833, 48.282746 ], [ -4.126647, 48.282841 ], [ -4.130942, 48.283209 ], [ -4.135218, 48.283574 ], [ -4.141473, 48.284779 ], [ -4.144407, 48.285681 ], [ -4.146981, 48.286476 ], [ -4.149582, 48.28728 ], [ -4.150827, 48.287635 ], [ -4.1523, 48.288 ], [ -4.160221, 48.290338 ], [ -4.16203, 48.287226 ], [ -4.161574, 48.286961 ] ] ] } }
]
}
