{
"type": "FeatureCollection",
"name": "Vison_refuge_globale_moins_15",
"crs": { "type": "name", "properties": { "name": "urn:ogc:def:crs:EPSG::2154" } },
"features": [
{ "type": "Feature", "properties": { "fid": 1, "ID": null, "CENTER_LON": "-4.4809806", "CENTER_LAT": "48.4256985", "AA_MINS": 15, "AA_MODE": "driving-car", "TOTAL_POP": "155994" }, "geometry": { "type": "Polygon", "coordinates": [ [ [ 143293.19787936587818, 6849227.677566606551409 ], [ 143252.222415045253001, 6848854.491616173647344 ], [ 143340.830727380583994, 6848609.812280085869133 ], [ 143392.6545095667243, 6848532.593660770915449 ], [ 143680.415663542342372, 6848105.128487730398774 ], [ 143869.34623160911724, 6847845.827392949722707 ], [ 143770.423629507655278, 6847001.925667999312282 ], [ 143507.187078970717266, 6846922.95181876514107 ], [ 143470.546394813572988, 6846918.645403795875609 ], [ 143373.588843915611506, 6846913.195354123599827 ], [ 143199.919385126326233, 6846325.039140618406236 ], [ 143021.763068439788185, 6846007.110019113868475 ], [ 142444.195105435093865, 6846081.718824623152614 ], [ 142441.707285454613157, 6846085.196020971052349 ], [ 142321.53039108030498, 6846096.396013335324824 ], [ 142283.093861272442155, 6846068.818107478320599 ], [ 142228.843126110965386, 6845984.801764967851341 ], [ 142076.865666782017797, 6845750.704516053199768 ], [ 141672.294146797270514, 6845324.683685023337603 ], [ 141550.733340605162084, 6845095.26874864846468 ], [ 141532.236453061108477, 6844966.950146000832319 ], [ 141483.38494093134068, 6844423.120174891315401 ], [ 140853.5387046613032, 6844059.562384657561779 ], [ 140594.784957529860549, 6843667.92988502047956 ], [ 140575.607615187298506, 6843558.216389299370348 ], [ 140564.196024798322469, 6843269.082210950553417 ], [ 140187.609486630302854, 6842554.687899457290769 ], [ 139947.216482229880057, 6842033.001048234291375 ], [ 139449.709253326407634, 6841415.50104249548167 ], [ 139169.412748982897028, 6841320.251238724216819 ], [ 139141.776085043908097, 6840921.235740832053125 ], [ 139227.330312086967751, 6840918.232740798033774 ], [ 139323.666728983051144, 6840913.744642063975334 ], [ 139448.525175073533319, 6840900.589942621067166 ], [ 139748.73280820203945, 6840889.970927258953452 ], [ 139923.949977691750973, 6840215.135916344821453 ], [ 139938.429372365237214, 6840189.509276954457164 ], [ 139951.233781396062113, 6840179.677641430869699 ], [ 140213.956791987991892, 6840207.871561753563583 ], [ 140615.665004346519709, 6839496.421378924511373 ], [ 140617.642885954119265, 6839098.808672486804426 ], [ 140681.044867899036035, 6838737.612329664640129 ], [ 140860.203846652642824, 6838383.939192985184491 ], [ 141110.460008424590342, 6837770.858294324949384 ], [ 141153.887911946862005, 6837708.95602179504931 ], [ 141197.319012138992548, 6837684.238109639845788 ], [ 141218.146983638871461, 6837679.669374229386449 ], [ 141262.755107488716021, 6837675.720163521356881 ], [ 141641.57409830042161, 6837624.947367480024695 ], [ 141988.275473049143329, 6836832.937496685422957 ], [ 141946.256807673838921, 6836718.94021181575954 ], [ 141926.223362801247276, 6836637.226572561077774 ], [ 141916.835004451335408, 6836585.087475349195302 ], [ 141889.125515060848556, 6836362.857727598398924 ], [ 141859.876871708547696, 6836124.584989785216749 ], [ 141855.723748036893085, 6836061.894429849460721 ], [ 141854.765439588227309, 6835976.676822346635163 ], [ 141869.997413307777606, 6835813.641752128489316 ], [ 141894.448708579177037, 6835699.412196172401309 ], [ 141913.639912389218807, 6835619.520667728967965 ], [ 141940.666604646015912, 6835510.404418374411762 ], [ 141962.744626341504045, 6835445.087398564442992 ], [ 141975.370797589770518, 6835415.403282456099987 ], [ 142205.07930901076179, 6835647.523548755794764 ], [ 142166.840218350640498, 6835780.156848087906837 ], [ 142678.104351712623611, 6836426.036604991182685 ], [ 142722.481254797778092, 6836407.159130955114961 ], [ 142920.753103568102233, 6836403.249110672622919 ], [ 143007.574438635143451, 6836389.578582533635199 ], [ 143050.503593875677325, 6836378.100182868540287 ], [ 143291.85725387011189, 6836515.125449686311185 ], [ 143851.061310666962527, 6836380.031576587818563 ], [ 144005.812940281117335, 6835926.874485161155462 ], [ 144057.565084736677818, 6835901.050488292239606 ], [ 144083.979649400571361, 6835891.827771842479706 ], [ 144400.882415703264996, 6835767.884785096161067 ], [ 145032.180150437750854, 6835540.949616865254939 ], [ 145539.632266751024872, 6835386.958934597671032 ], [ 146157.115913774352521, 6835174.42095532733947 ], [ 146243.516921227914281, 6835142.864604864269495 ], [ 146327.222216359223239, 6835130.658716951496899 ], [ 146363.856397086172365, 6835142.023857744410634 ], [ 146385.737632599775679, 6835153.117631937377155 ], [ 146621.118780692107975, 6835271.751343201845884 ], [ 147024.786564926966093, 6835386.349303584545851 ], [ 147471.028529868344776, 6835357.367607519030571 ], [ 148091.06069789652247, 6835592.515168560668826 ], [ 148164.507221594103612, 6835606.317701116204262 ], [ 148560.682869672193192, 6835635.533587774261832 ], [ 148746.26345874555409, 6835690.85994157474488 ], [ 148822.163637375459075, 6835719.622355227358639 ], [ 149136.086785635794513, 6836089.938489255495369 ], [ 149575.68916580255609, 6835912.91411473788321 ], [ 149585.227692723390646, 6835913.128454674966633 ], [ 149903.475270182243548, 6836137.929682232439518 ], [ 150319.274369261809625, 6835903.258342476561666 ], [ 150347.463771810173057, 6835895.460124812088907 ], [ 150408.471713479026221, 6835899.746656001545489 ], [ 150412.828944879467599, 6835901.791404416784644 ], [ 150471.265468596597202, 6835953.659576693549752 ], [ 150475.556040116818622, 6835960.511466672644019 ], [ 150511.256353173055686, 6836019.662647583521903 ], [ 150985.852394295390695, 6836516.688717351295054 ], [ 151213.639967271476053, 6836510.944209881126881 ], [ 151294.575508409412578, 6836480.647848312743008 ], [ 151664.587454395601526, 6836388.04957886133343 ], [ 151695.816057446529157, 6836370.704851532354951 ], [ 152126.80387585691642, 6835935.339136629365385 ], [ 152191.038220243877731, 6835847.569248679094017 ], [ 152195.002068470465019, 6835842.283819698728621 ], [ 152229.231054090196267, 6835798.312132821418345 ], [ 152819.482290479587391, 6835490.028744352981448 ], [ 152931.347196608781815, 6834608.15038725733757 ], [ 153037.849069323507138, 6834255.181538259610534 ], [ 153113.220339814084582, 6834304.590426501818001 ], [ 153168.439774818019941, 6834350.087849244475365 ], [ 153799.527126157423481, 6834646.188627774827182 ], [ 153875.587668061256409, 6834643.629339637234807 ], [ 154395.715596113703214, 6834445.37022330891341 ], [ 154447.877317558391951, 6834404.422261164523661 ], [ 154505.776508644106798, 6834372.31480825599283 ], [ 154509.830066850990988, 6834372.716428310610354 ], [ 155110.14154775312636, 6834484.061841056682169 ], [ 155247.313590474426746, 6834478.144906399771571 ], [ 155382.927130003925413, 6834472.265376463532448 ], [ 155515.743054951773956, 6834464.306311254389584 ], [ 155727.650865469593555, 6834442.479836272075772 ], [ 155766.512937882565893, 6834840.625606087967753 ], [ 155554.703700561774895, 6834862.554443997330964 ], [ 155414.367520256550051, 6834871.105407646857202 ], [ 155275.73054030619096, 6834877.156361213885248 ], [ 155138.567843900993466, 6834883.072611698880792 ], [ 155050.79865465441253, 6834888.386513918638229 ], [ 154761.51606979384087, 6834918.379645879380405 ], [ 154563.501892787055112, 6834948.653572517447174 ], [ 154369.638972854474559, 6834977.98703193757683 ], [ 154363.056589653482661, 6834979.162268222309649 ], [ 154279.454222695087083, 6834994.814659629948437 ], [ 154055.913540158653632, 6835046.25499411392957 ], [ 154006.38457311806269, 6835054.138363408856094 ], [ 153958.365263405372389, 6835059.089542346075177 ], [ 153801.389744433807209, 6835097.150754445232451 ], [ 153773.334687159978785, 6835109.607852140441537 ], [ 153709.180920453625731, 6835134.384308450855315 ], [ 153587.273350884090178, 6835153.084073403850198 ], [ 153493.743368826108053, 6836109.81021137163043 ], [ 153551.144870968768373, 6836164.483084656298161 ], [ 153562.584986938978545, 6836175.46614795923233 ], [ 153761.378037041518837, 6836732.091475048102438 ], [ 153834.89425445382949, 6836941.105702045373619 ], [ 153834.390427962061949, 6836948.409708444960415 ], [ 154305.384441593429074, 6837701.226552186533809 ], [ 154450.013333927141502, 6837595.670326145365834 ], [ 154503.916466446826234, 6837598.207734706811607 ], [ 154578.295352793531492, 6837604.296470135450363 ], [ 155039.15227910305839, 6838374.97123050224036 ], [ 155067.932472161250189, 6838375.177829090505838 ], [ 155198.220680917147547, 6838468.921616894192994 ], [ 155281.594114958308637, 6838533.903677220456302 ], [ 155301.006674698670395, 6838827.710911866277456 ], [ 155791.35055343597196, 6839307.864087673835456 ], [ 155962.361807592445984, 6839459.996194498613477 ], [ 156003.131142609054223, 6839493.917269390076399 ], [ 156024.356476432061754, 6839518.279181217774749 ], [ 156096.879720845608972, 6840118.93289377912879 ], [ 156157.342989116208628, 6840513.622648922726512 ], [ 156007.776071240659803, 6841069.186033306643367 ], [ 156377.810030691558495, 6841522.451721445657313 ], [ 156508.719875819515437, 6841561.791388065554202 ], [ 156542.920982659677975, 6841562.166932057589293 ], [ 156782.601884588249959, 6841518.444776239804924 ], [ 156882.346174358972348, 6841473.066441485658288 ], [ 157541.224073255201802, 6841480.214538688771427 ], [ 157574.738636096473783, 6841470.054431490600109 ], [ 157611.81262374157086, 6841469.386753771454096 ], [ 157639.66901136294473, 6841477.393912488594651 ], [ 157685.142797600710765, 6841508.653493250720203 ], [ 157801.9909288729541, 6841583.717817103490233 ], [ 158173.762830398278311, 6841726.90001870971173 ], [ 158495.119403402670287, 6841669.497081802226603 ], [ 158627.661985564627685, 6841762.540012408979237 ], [ 159004.453402480459772, 6842181.943086382932961 ], [ 159109.854381063021719, 6842319.497245469130576 ], [ 159345.024992718477733, 6842701.07898236066103 ], [ 159778.308208405971527, 6842804.361102000810206 ], [ 160009.640060147736222, 6842537.042868604883552 ], [ 160320.052726965979673, 6842617.396213544532657 ], [ 160767.754770931787789, 6842824.349043387919664 ], [ 161056.317227011313662, 6842630.135062845423818 ], [ 161098.86111824051477, 6842574.057426379993558 ], [ 161134.304378205095418, 6842533.485804727301002 ], [ 161152.648992164526135, 6842516.714651787653565 ], [ 161247.987452734610997, 6842692.967853262089193 ], [ 161305.02614062873181, 6842861.384931655600667 ], [ 161279.018488935078494, 6843091.864958805963397 ], [ 161167.356569613213651, 6843182.369156402535737 ], [ 160757.523178924573585, 6843379.904422803781927 ], [ 160360.542616347549483, 6844116.1547029921785 ], [ 160490.85366561030969, 6844369.975742041133344 ], [ 160741.275760018499568, 6844667.242289292626083 ], [ 160948.227526243543252, 6844761.798774619586766 ], [ 160986.025341190863401, 6844765.995476040989161 ], [ 161114.063211708678864, 6844814.850469718687236 ], [ 161611.49687523918692, 6844596.151701636612415 ], [ 161629.92024426034186, 6844597.124068085104227 ], [ 161656.482751703821123, 6844601.02643564902246 ], [ 162159.978339189663529, 6844311.151836112141609 ], [ 162195.515616031945683, 6844237.979823083616793 ], [ 162313.527867661672644, 6844070.213912909850478 ], [ 162395.01240571483504, 6843930.389469782821834 ], [ 162470.039845866616815, 6843784.91240338422358 ], [ 162572.522234254749492, 6843621.604269945062697 ], [ 162774.239293031510897, 6843906.15027295704931 ], [ 162671.684479235671461, 6844069.461909467354417 ], [ 162612.430398733355105, 6844187.244119849987328 ], [ 162508.169895763858221, 6844778.164647878147662 ], [ 162887.543823985266499, 6845204.133618463762105 ], [ 163166.328763876808807, 6845238.316819364205003 ], [ 163444.289661433082074, 6845272.477472548373044 ], [ 163805.05633154779207, 6845244.643772336654365 ], [ 163854.695299377315678, 6845231.690743875689805 ], [ 163885.888680767617188, 6845231.156780602410436 ], [ 164260.137406402267516, 6845124.188636980950832 ], [ 164270.219133455888368, 6845119.240347702987492 ], [ 164774.678077497170307, 6845334.079072456806898 ], [ 164967.822981184930541, 6845316.178751952014863 ], [ 165137.525925627793185, 6845293.521701672114432 ], [ 165348.89300206315238, 6845258.328584897331893 ], [ 165524.414908430422656, 6845230.347519545815885 ], [ 165572.665987292770296, 6845627.441596136428416 ], [ 165397.219523117179051, 6845655.303766586817801 ], [ 165186.89705424127169, 6845690.40033789537847 ], [ 165011.791539872298017, 6845713.889402747154236 ], [ 164811.533013195265085, 6845732.556391870602965 ], [ 164707.660285624791868, 6845739.111717416904867 ], [ 164454.032838574028574, 6845745.517192613333464 ], [ 164011.031167811132036, 6845767.950143753550947 ], [ 163976.795223832014017, 6845771.666857063770294 ], [ 163948.39880704053212, 6845768.70517438556999 ], [ 163848.406354686710984, 6845750.581871077418327 ], [ 163444.623102712095715, 6845670.643032125197351 ], [ 163164.873688198742457, 6845636.202641436830163 ], [ 162540.212250062264502, 6845884.292581198737025 ], [ 162084.548168146284297, 6846181.999617891386151 ], [ 161852.661436315975152, 6846610.503918923437595 ], [ 161831.931185618159361, 6846665.452098648063838 ], [ 161698.558752801385708, 6846979.678073957562447 ], [ 161469.480019498849288, 6846747.940093198791146 ], [ 161602.921892395475879, 6846433.702462432906032 ], [ 161655.942958698840812, 6846155.500816272571683 ], [ 161343.669747263891622, 6845303.62904557120055 ], [ 161240.725123022566549, 6845271.533067914657295 ], [ 161091.272809173678979, 6845220.531656336970627 ], [ 160978.907892767922021, 6845178.93150847312063 ], [ 160897.241911169607192, 6845146.653500836342573 ], [ 160668.162247571279295, 6845054.265135297551751 ], [ 160436.43929031281732, 6844960.679312072694302 ], [ 160193.938889255281538, 6844855.04157704859972 ], [ 159973.664609731175005, 6844741.877300999127328 ], [ 159416.020935417618603, 6845066.017502618953586 ], [ 159257.9846541112056, 6845072.237922050990164 ], [ 158797.148997528711334, 6845160.915560849942267 ], [ 158610.579748821561225, 6845290.272496274672449 ], [ 158599.086261883378029, 6845293.576267388649285 ], [ 158564.238731527933851, 6845297.158362843096256 ], [ 158558.290188517305069, 6845297.042833385057747 ], [ 158440.689931144821458, 6845184.415435983799398 ], [ 158020.461870522354729, 6844836.981127941980958 ], [ 157666.748146884725429, 6845168.516166005283594 ], [ 157620.759304657462053, 6845295.281273867934942 ], [ 157575.55391107860487, 6845282.531502638012171 ], [ 157502.486156049533747, 6845229.735707828775048 ], [ 157038.216599849052727, 6845050.372093821875751 ], [ 156824.348086319630966, 6845279.693955101072788 ], [ 156739.432247241726145, 6845582.933257691562176 ], [ 156474.523602309287526, 6845497.180487853474915 ], [ 155916.304809165303595, 6845426.951981493271887 ], [ 155817.647689709090628, 6845658.256139854900539 ], [ 155803.55670773377642, 6845688.492435643449426 ], [ 155737.387525740195997, 6845753.081909663975239 ], [ 155718.351699357968755, 6845755.088494633324444 ], [ 155663.713884839555249, 6845744.688440347090364 ], [ 155546.734197491779923, 6845547.428005492314696 ], [ 154893.61539526458364, 6845319.611405261792243 ], [ 154281.294885780196637, 6845364.808878476731479 ], [ 154172.208561778650619, 6845585.626050816848874 ], [ 154124.837962678051554, 6845971.806348329409957 ], [ 153628.688189320382662, 6846070.921880282461643 ], [ 153451.03835465782322, 6846196.826830772683024 ], [ 153299.843949435628019, 6846339.563975186087191 ], [ 153116.073669203324243, 6846028.940210525877774 ], [ 153121.56565624428913, 6846021.835786865092814 ], [ 153144.690757033531554, 6845992.304374975152314 ], [ 153178.227332569425926, 6845955.094033006578684 ], [ 153217.598973815096542, 6845915.994945148006082 ], [ 153247.774549248628318, 6845889.59663672465831 ], [ 153626.003493292373605, 6845193.04498572461307 ], [ 153735.558984901057556, 6844707.229215674102306 ], [ 153672.673219148302451, 6844096.726966767571867 ], [ 153241.121365370228887, 6843706.680942676961422 ], [ 152901.967654782347381, 6843034.201041618362069 ], [ 152488.474116964149289, 6843029.591770518571138 ], [ 152376.948072085622698, 6843097.597702158614993 ], [ 152145.755312875844538, 6843880.619184734299779 ], [ 152039.989671930088662, 6843950.435498977079988 ], [ 151881.924626669380814, 6844108.143634148873389 ], [ 151430.459041797439568, 6844668.922840001992881 ], [ 151796.983091978589073, 6845261.933804368600249 ], [ 151894.742507395218126, 6845731.591310809366405 ], [ 151920.766203072154894, 6845814.662745956331491 ], [ 151930.184600956970826, 6845879.091484327800572 ], [ 151935.461413796176203, 6845960.993939293548465 ], [ 151935.543947128229775, 6845963.442530211992562 ], [ 151823.883167373947799, 6846155.973016359843314 ], [ 151706.209578221081756, 6847105.645803105086088 ], [ 151693.875894129509106, 6847387.734374766238034 ], [ 151686.744685278390534, 6847439.545707877725363 ], [ 151685.935567995184101, 6847439.622091638855636 ], [ 151586.886106584570371, 6847410.787418984808028 ], [ 151534.786141239572316, 6847376.9624815126881 ], [ 151487.504890294396318, 6847309.29788392689079 ], [ 151319.028027657070197, 6847105.695411305874586 ], [ 151245.377749900333583, 6846949.858992932364345 ], [ 151255.863167811185122, 6846824.372491967864335 ], [ 151147.657351599540561, 6846144.118776081129909 ], [ 150913.793692819192074, 6845908.852379370480776 ], [ 150687.4230775332544, 6845831.548027169890702 ], [ 150457.236092460690998, 6845903.115281680598855 ], [ 150070.492268689558841, 6846663.136464702896774 ], [ 150096.737114281742834, 6846901.16208491101861 ], [ 150092.897294646012597, 6846915.482794101350009 ], [ 149905.9993256542366, 6847829.126001546159387 ], [ 149900.800337659427896, 6847866.689158950932324 ], [ 149731.142096562311053, 6848737.403532451018691 ], [ 149762.950844373204745, 6848997.12540422193706 ], [ 149521.464288913761266, 6849139.825702510774136 ], [ 149026.753841320285574, 6848552.846436053514481 ], [ 148764.453529106103815, 6847938.479251134209335 ], [ 148506.870023708674125, 6847747.092406706884503 ], [ 148369.914592010434717, 6847713.982672450132668 ], [ 147929.562816540244967, 6847611.444767186418176 ], [ 147864.244880576618016, 6847598.894598145969212 ], [ 147802.500327717512846, 6847595.05003113951534 ], [ 147776.030873608542606, 6847593.770160168409348 ], [ 147746.124887469341047, 6847589.132312620058656 ], [ 147460.302277816575952, 6847663.215147145092487 ], [ 147157.178297857986763, 6848498.831837428733706 ], [ 147214.726835009292699, 6848848.445783749222755 ], [ 147273.640762536553666, 6849207.757237053476274 ], [ 147282.998429204453714, 6849278.778523551300168 ], [ 147020.693098791060038, 6849325.416946251876652 ], [ 147011.332207154016942, 6849254.396074035204947 ], [ 146955.191894941264763, 6848914.251221615821123 ], [ 146422.192050306126475, 6848446.576477685943246 ], [ 146419.796168410102837, 6848445.576549992896616 ], [ 146023.117777656647377, 6848278.162209233269095 ], [ 145955.572944779880345, 6848241.502787347882986 ], [ 145870.703395923250355, 6848164.845670476555824 ], [ 145604.805318535421975, 6847868.065325085073709 ], [ 145128.218561369460076, 6848037.306324864737689 ], [ 145058.667779528303072, 6848034.906759615987539 ], [ 145019.587616687407717, 6848030.60112798307091 ], [ 144976.521818531793542, 6848021.093275871127844 ], [ 144855.861349460436031, 6848018.220756444148719 ], [ 144574.125935241114348, 6848814.443734277971089 ], [ 144581.227228963165544, 6848842.910101569257677 ], [ 144624.518632311490364, 6849030.95182466134429 ], [ 144636.350132334162481, 6849093.359935874119401 ], [ 144643.356031829840504, 6849165.833174582570791 ], [ 144639.707411921350285, 6849235.528754805214703 ], [ 144619.393967459676787, 6849329.598933410830796 ], [ 144600.775666237808764, 6849383.976157473400235 ], [ 144257.992343682213686, 6849279.756402732804418 ], [ 143711.996221600449644, 6849408.535948506556451 ], [ 143486.762874520383775, 6849525.263946219347417 ], [ 143293.19787936587818, 6849227.677566606551409 ] ] ] } },
{ "type": "Feature", "properties": { "fid": 2, "ID": null, "CENTER_LON": "-4.445993427423185", "CENTER_LAT": "48.252924844567794", "AA_MINS": 15, "AA_MODE": "driving-car", "TOTAL_POP": "9060" }, "geometry": { "type": "Polygon", "coordinates": [ [ [ 140161.832234298926778, 6821944.509014277718961 ], [ 140275.386082693934441, 6821956.166375466622412 ], [ 140387.884907828178257, 6821949.839550455100834 ], [ 140422.007994627580047, 6821949.580877064727247 ], [ 140455.742458596243523, 6821953.044172521680593 ], [ 140996.821846681763418, 6821490.968197816982865 ], [ 141213.437351383967325, 6821515.211793392896652 ], [ 141265.474340402870439, 6821513.577440740540624 ], [ 141655.537334671011195, 6821456.248928119428456 ], [ 141719.846292395493947, 6820500.414280742406845 ], [ 141691.201947545399889, 6820364.711562532000244 ], [ 141637.968205599114299, 6820063.220346549525857 ], [ 141233.27764504624065, 6819318.298877417109907 ], [ 141066.539870713837445, 6819391.205246946774423 ], [ 141025.110034298733808, 6819403.323434196412563 ], [ 140859.985073298099451, 6819514.042179683223367 ], [ 140551.340968375792727, 6819371.681259343400598 ], [ 140453.590394832543097, 6819362.741778803989291 ], [ 140449.113363019074313, 6818964.361035552807152 ], [ 140907.949131404282525, 6818892.70264201797545 ], [ 140949.383602310437709, 6818883.709682748652995 ], [ 141165.335762650007382, 6818848.626976219937205 ], [ 141639.580185084720142, 6818519.211931829340756 ], [ 141819.535663572954945, 6818542.86310572642833 ], [ 142202.42252518737223, 6818886.860882160253823 ], [ 142470.149535047239624, 6818954.170030973851681 ], [ 142654.477849425980821, 6819520.581241980195045 ], [ 143197.075392984668724, 6819368.978687505237758 ], [ 143205.744656319962814, 6819353.526206542737782 ], [ 143242.029438602621667, 6818482.033818602561951 ], [ 143242.012555041234009, 6818420.854828776791692 ], [ 143283.833557435311377, 6818023.212276985868812 ], [ 143286.231495735701174, 6818017.066514357924461 ], [ 143370.350614812108688, 6817922.075212145224214 ], [ 143516.381031555705704, 6817848.089267666451633 ], [ 143571.997370993485674, 6817848.481677869334817 ], [ 143656.397339873132296, 6818096.880023449659348 ], [ 143805.809539342415519, 6818430.296301942318678 ], [ 143876.540214638807811, 6818565.119700508192182 ], [ 144193.361406457726844, 6819058.098080584779382 ], [ 144653.325356443412602, 6819212.478426616638899 ], [ 144699.453008158248849, 6819225.393902615644038 ], [ 144802.993370150099508, 6819256.180996339768171 ], [ 145366.465294399065897, 6819127.584532676264644 ], [ 145435.562008413369767, 6819102.821422200649977 ], [ 145482.196184705244377, 6819088.119706653058529 ], [ 145514.499477648059838, 6819079.580356481485069 ], [ 145553.886163237621076, 6819074.945535104721785 ], [ 145591.961693108896725, 6819074.566204474307597 ], [ 145616.974858635570854, 6819076.432592231780291 ], [ 145659.943368871114217, 6819089.878835893236101 ], [ 146185.176105895196088, 6819234.827147187665105 ], [ 146244.322222414659336, 6819278.112911653704941 ], [ 146854.871874088537879, 6819017.481586097739637 ], [ 147062.04231682990212, 6818991.37639825604856 ], [ 147087.544569023768418, 6818987.397552510723472 ], [ 147116.496110536972992, 6818988.339027628302574 ], [ 147518.79555317631457, 6819083.873460113070905 ], [ 147832.164172713528387, 6818901.724034111946821 ], [ 147921.097285593044944, 6818818.515515212900937 ], [ 148111.595370824448764, 6818741.445143699645996 ], [ 148384.368911912082694, 6818980.123260465450585 ], [ 148922.602176092448644, 6818864.197672631591558 ], [ 149081.629793805070221, 6818077.464041261002421 ], [ 149218.892504942021333, 6817958.34878056216985 ], [ 149276.243267477955669, 6817998.595755709335208 ], [ 149317.129735630820505, 6818029.56799687165767 ], [ 149335.711975540383719, 6818042.327315820381045 ], [ 149991.514029022422619, 6817919.328000009059906 ], [ 150144.45091112900991, 6817772.414860005490482 ], [ 150199.837040937971324, 6817733.262647716328502 ], [ 150276.159308942733333, 6817690.688361985608935 ], [ 150585.577491392730735, 6817512.64609356969595 ], [ 150967.249276130809449, 6817479.307616396807134 ], [ 151015.305194540997036, 6817476.351323978044093 ], [ 151112.159029831294902, 6817475.951616954989731 ], [ 151760.794589644763619, 6817376.828070140443742 ], [ 151886.246463694260456, 6816851.563154847361147 ], [ 151881.167011179262772, 6816570.18182784691453 ], [ 151885.971852464601398, 6816564.149449726566672 ], [ 151937.229263634886593, 6816525.291961023584008 ], [ 152020.813741978956386, 6816522.470434820279479 ], [ 152621.036820590961725, 6816516.962231064215302 ], [ 152665.115298919030465, 6816528.011381182819605 ], [ 153171.267552592093125, 6816685.86638714838773 ], [ 153600.898310673539527, 6816546.859233858063817 ], [ 154019.13739237235859, 6816501.262863987125456 ], [ 154569.49012658954598, 6816642.600422916002572 ], [ 155171.611648566089571, 6816706.82569486182183 ], [ 155668.362394415424205, 6816591.513743880204856 ], [ 156003.960760397370905, 6816136.976256744936109 ], [ 156543.020579244475812, 6815955.520121776498854 ], [ 156947.235186772421002, 6815498.904681072570384 ], [ 156991.432911957846954, 6815481.624217240139842 ], [ 157101.217697213869542, 6815456.460915403440595 ], [ 157151.91693286166992, 6815509.119264725595713 ], [ 157210.6588276673574, 6815669.187316339462996 ], [ 157214.500214743195102, 6815683.228876696899533 ], [ 157221.320825411006808, 6815751.797506863251328 ], [ 157706.80764906690456, 6816490.131360879167914 ], [ 158046.924651802401058, 6816495.833714205771685 ], [ 158127.383219000301324, 6816884.604556189849973 ], [ 157846.970950173563324, 6817058.193226649425924 ], [ 157761.226853817352094, 6817981.755656040273607 ], [ 157875.231229541474022, 6818135.022420370951295 ], [ 157880.186421570018865, 6818158.671727040782571 ], [ 157881.483687362633646, 6818175.852046243846416 ], [ 157875.261361266486347, 6818197.972198337316513 ], [ 157858.586525256047025, 6818240.819529721513391 ], [ 157786.641475827782415, 6818883.839117559604347 ], [ 158419.407843749038875, 6819276.920964943245053 ], [ 158512.106841167784296, 6819267.650030222721398 ], [ 158547.936304773436859, 6819283.412588780745864 ], [ 158677.872023665695451, 6819348.487373911775649 ], [ 159106.904458434553817, 6820030.65036170464009 ], [ 159141.762629355187528, 6820429.243208024650812 ], [ 159548.386048757936805, 6820952.780178829096258 ], [ 159849.153900127392262, 6821058.869136264547706 ], [ 160113.552690167329274, 6821031.384033665060997 ], [ 160183.778631089022383, 6821029.239349454641342 ], [ 160234.152443485567346, 6821124.252592911012471 ], [ 160234.603797218762338, 6821125.103769915178418 ], [ 160238.671771756606176, 6821134.438078010454774 ], [ 160239.049235071521252, 6821135.296091073192656 ], [ 160209.673792155110277, 6821428.329089340753853 ], [ 160139.378732803743333, 6821430.480290197767317 ], [ 159888.106463482487015, 6821457.085520977154374 ], [ 159657.974663146771491, 6821482.636622687801719 ], [ 159600.646436922485009, 6821485.602520823478699 ], [ 159551.940467414096929, 6821484.310086661018431 ], [ 159495.427702595246956, 6821478.383638173341751 ], [ 159008.190369740477763, 6821850.142145598307252 ], [ 158735.054057935602032, 6822512.270510443486273 ], [ 159332.94863071187865, 6822886.55672850087285 ], [ 159436.252260643406771, 6822858.899514348246157 ], [ 159469.333381177624688, 6822895.905128797516227 ], [ 159559.411945245112292, 6822985.224997547455132 ], [ 159992.603581502102315, 6823435.555739608593285 ], [ 159929.284306916641071, 6823815.232097625732422 ], [ 159454.224173717433587, 6823655.650582080706954 ], [ 159231.094702405971475, 6823593.513618692755699 ], [ 158718.408006880199537, 6823686.393082600086927 ], [ 158675.918827767949551, 6823698.931667327880859 ], [ 158630.99726789817214, 6823701.315560655668378 ], [ 158571.668866584426723, 6823485.924055563285947 ], [ 158259.67816967878025, 6823047.20063746906817 ], [ 157829.24955214234069, 6823295.371736549772322 ], [ 157242.006847589509562, 6823071.714016535319388 ], [ 157152.956961319083348, 6823080.336277322843671 ], [ 156714.026995669235475, 6822470.548453856259584 ], [ 156327.71902290196158, 6823085.76193530485034 ], [ 156164.648886951501481, 6823383.265261637046933 ], [ 155712.773019421147183, 6823376.749725708737969 ], [ 155306.37151504389476, 6823408.886397120542824 ], [ 155149.324393691495061, 6823158.552908535115421 ], [ 154981.522420479799621, 6822915.255716409534216 ], [ 154606.260259473812766, 6822383.488439874723554 ], [ 154558.097866061958484, 6822357.740699020214379 ], [ 153998.06734908442013, 6822510.487736285664141 ], [ 154023.201044155401178, 6822909.55154282040894 ], [ 153979.867392525309697, 6822910.705651674419641 ], [ 153956.95472994830925, 6822908.720365565270185 ], [ 153904.71538769302424, 6822891.95510093588382 ], [ 153824.818181199021637, 6822852.775173742324114 ], [ 153687.564310876652598, 6822782.800245372578502 ], [ 153648.702350522740744, 6822759.314337641000748 ], [ 153615.227381812175736, 6822732.086793680675328 ], [ 153113.332607527612709, 6822440.995274332351983 ], [ 153049.902004371047951, 6822410.662785068154335 ], [ 152801.264105175039731, 6822143.40799776930362 ], [ 152713.175301007227972, 6822087.819159996695817 ], [ 152566.424703578348272, 6822010.721577912569046 ], [ 152527.270117311389185, 6821992.962974469177425 ], [ 152420.658383035333827, 6821929.069741430692375 ], [ 151892.799117445829324, 6822433.987443274818361 ], [ 151881.801747008576058, 6822534.261696859262884 ], [ 151850.313406233210117, 6822604.423225150443614 ], [ 151826.499790525529534, 6822634.12266553286463 ], [ 151775.529751634807326, 6822684.905511821620166 ], [ 151459.996244653826579, 6822534.283324682153761 ], [ 151046.65798725001514, 6823047.165220115333796 ], [ 151043.43899868009612, 6823056.510540949180722 ], [ 150935.090635115280747, 6823066.039432843215764 ], [ 150901.042749578598887, 6823066.118978114798665 ], [ 150780.724326301016845, 6823062.488465759903193 ], [ 150734.965857723494992, 6823061.662283142097294 ], [ 150233.070056255441159, 6822999.99264760222286 ], [ 150045.229904320905916, 6822958.422497532330453 ], [ 149589.615575659903698, 6823043.151883074082434 ], [ 149521.356219910900109, 6823079.51242782920599 ], [ 149488.875325952772982, 6823073.312244522385299 ], [ 149435.510821815463714, 6823059.036202219314873 ], [ 149404.639798544580117, 6823046.209568263031542 ], [ 149363.327435757382773, 6823017.51164729706943 ], [ 149159.341054672258906, 6822889.523548346944153 ], [ 149126.677366515854374, 6822885.351975843310356 ], [ 149056.266373130027205, 6822862.641790905036032 ], [ 149027.978769370005466, 6822849.572963912971318 ], [ 148981.817145457025617, 6822812.181282723322511 ], [ 148408.705168803106062, 6822978.547549925744534 ], [ 148355.867855305317789, 6823081.00510489474982 ], [ 148332.455169185297564, 6823121.065057186409831 ], [ 148304.396907646791078, 6823165.583567737601697 ], [ 148170.863642450422049, 6823707.609600646421313 ], [ 148398.782058583805338, 6824192.555531089194119 ], [ 148815.618861203198321, 6824163.635498673655093 ], [ 148830.834717686055228, 6824159.071440851315856 ], [ 148987.237199059920385, 6824073.958691822364926 ], [ 148998.626872431254014, 6824065.960929502733052 ], [ 149098.446396073559299, 6823980.504602144472301 ], [ 149245.712156380992383, 6824330.311382259242237 ], [ 149140.30558485374786, 6824551.376212657429278 ], [ 149052.736592065426521, 6824644.941545804962516 ], [ 148587.459646411705762, 6824693.834777855314314 ], [ 148221.240396683686413, 6824706.932059683836997 ], [ 147765.304709596908651, 6825114.045919142663479 ], [ 147505.678488218341954, 6825379.900675695389509 ], [ 147454.312417868291959, 6825361.435314401984215 ], [ 147259.237346642767079, 6825060.070709797553718 ], [ 146713.332890696823597, 6824801.592338154092431 ], [ 146696.371082649449818, 6824801.08065430726856 ], [ 146659.303703356301412, 6824800.690702356398106 ], [ 146604.974254040629603, 6824786.420875802636147 ], [ 146437.01525754109025, 6824744.644384464249015 ], [ 145861.103740723105147, 6824415.849961980246007 ], [ 145840.380133401253261, 6824396.941904153674841 ], [ 145448.547712339903228, 6824123.931584783829749 ], [ 145379.271646229550242, 6824101.492254029028118 ], [ 144727.489564512157813, 6824262.436707442626357 ], [ 144701.923584470292553, 6824292.894361750222743 ], [ 144654.266008505015634, 6824330.033514373935759 ], [ 144616.865749875665642, 6824344.201864656992257 ], [ 144050.943972074659541, 6824641.743836157955229 ], [ 143973.028216373641044, 6824731.122565609402955 ], [ 143798.839232488418929, 6824407.991196899674833 ], [ 143454.209224753314629, 6823876.492370648309588 ], [ 143402.928266638540663, 6823821.766557177528739 ], [ 142877.777365825721063, 6823744.297240160405636 ], [ 142610.195207981625572, 6824559.674850421957672 ], [ 142168.68485503399279, 6824641.754975590854883 ], [ 142054.528509775060229, 6824323.307129465974867 ], [ 142047.58059075451456, 6824272.500956811010838 ], [ 142053.15082015527878, 6823801.808003871701658 ], [ 142355.223424824420363, 6823227.284934815019369 ], [ 142391.814886339125223, 6822837.369461183436215 ], [ 142558.684239101246931, 6822776.201681746169925 ], [ 142578.553129471605644, 6822764.924390679225326 ], [ 142628.402101854211651, 6822749.889099474996328 ], [ 142650.267536640749313, 6822749.362818000838161 ], [ 142978.708682811935432, 6822970.312426742166281 ], [ 143173.150203105062246, 6823004.332390055991709 ], [ 143541.34552878071554, 6822793.907783747650683 ], [ 143628.499145254027098, 6822728.43083511851728 ], [ 143891.461079901200719, 6822094.884627993218601 ], [ 143719.875905040767975, 6821180.344957813620567 ], [ 143267.413543989416212, 6821130.836394531652331 ], [ 143191.941484419512562, 6821157.241606284864247 ], [ 143105.946707182214595, 6821196.821655856445432 ], [ 143048.304697320680134, 6821230.347060058265924 ], [ 142912.968962256913073, 6821317.736040033400059 ], [ 142708.946922189556062, 6821432.232209194451571 ], [ 142322.555297468556091, 6821675.367370437830687 ], [ 141845.492153768544085, 6821889.245222419500351 ], [ 141675.236524093546905, 6821922.284700222313404 ], [ 141549.292931174626574, 6821996.081911822780967 ], [ 141451.231845948495902, 6822055.824125599116087 ], [ 141213.583352771238424, 6822197.825704345479608 ], [ 141023.839207120123319, 6822290.363862263038754 ], [ 140992.140831792610697, 6822303.450002791360021 ], [ 140953.487454453599639, 6822316.309665364213288 ], [ 140825.664531102054752, 6822352.454594775103033 ], [ 140761.218494706670754, 6822366.113360577262938 ], [ 140731.8160346345976, 6822367.369159224443138 ], [ 140604.998699683696032, 6822363.451475416310132 ], [ 140528.94685803190805, 6822362.594602849334478 ], [ 140487.626165856258012, 6822358.518925843760371 ], [ 140322.867416067747399, 6822356.236937431618571 ], [ 140278.096435006475076, 6822354.280189426615834 ], [ 140164.486793331801891, 6822342.74045567959547 ], [ 140161.832234298926778, 6821944.509014277718961 ] ] ] } },
{ "type": "Feature", "properties": { "fid": 3, "ID": null, "CENTER_LON": "-4.517279602100955", "CENTER_LAT": "48.39264004019653", "AA_MINS": 15, "AA_MODE": "driving-car", "TOTAL_POP": "135052" }, "geometry": { "type": "Polygon", "coordinates": [ [ [ 136253.131792320171371, 6839619.258258341811597 ], [ 136412.85379188915249, 6838820.718860670924187 ], [ 136823.066083669778891, 6838743.800980614498258 ], [ 137069.817902979790233, 6838366.137984380125999 ], [ 137304.804643931100145, 6838068.690893828868866 ], [ 137343.041344829834998, 6838031.156157046556473 ], [ 137718.568917810567655, 6837441.632848372682929 ], [ 137733.533562682452612, 6837046.214699199423194 ], [ 137791.035174362361431, 6837057.855567807331681 ], [ 138118.578912911121733, 6836256.706651621498168 ], [ 138100.232098683598451, 6836169.925055848434567 ], [ 138098.802677004248835, 6836148.957746656611562 ], [ 138142.193837986793369, 6836032.094980215653777 ], [ 138193.934646783163771, 6835624.871971436776221 ], [ 137872.705154862138443, 6834898.445419177412987 ], [ 137231.413607490481809, 6835111.500922936014831 ], [ 136814.952796420315281, 6835381.040623007342219 ], [ 136762.221054906956851, 6835460.40396664198488 ], [ 136722.350106704165228, 6835467.38933012355119 ], [ 136563.193000618601218, 6835214.339312687516212 ], [ 136149.678122624289244, 6834694.466841432265937 ], [ 136133.600533222546801, 6834679.050321790389717 ], [ 135818.969217786216177, 6833977.758425234816968 ], [ 135751.258552830666304, 6833799.729481624439359 ], [ 135794.72973849112168, 6833578.652926997281611 ], [ 136097.950519296107814, 6832777.307234116829932 ], [ 136094.942960624583066, 6832682.456700946204364 ], [ 136152.732485764776357, 6832449.056750274263322 ], [ 136159.145907075144351, 6832446.87239521369338 ], [ 136261.311207457678393, 6832481.089869889430702 ], [ 136791.932612036471255, 6832386.08279469050467 ], [ 136927.393147666123696, 6832058.752511876635253 ], [ 136980.787341356743127, 6832111.321776270866394 ], [ 137341.437868228647858, 6832306.162282416597009 ], [ 137758.726696972735226, 6831976.198425155133009 ], [ 138032.3057722132653, 6831899.989877910353243 ], [ 138093.203379725338891, 6831910.081816504709423 ], [ 138305.137736193486489, 6831985.779801634140313 ], [ 138367.267706402344629, 6832503.381614483892918 ], [ 138840.663921261904761, 6832737.571973320096731 ], [ 139180.487781650619581, 6832643.976146571338177 ], [ 139366.556804638472386, 6832518.750527444295585 ], [ 139426.52273723250255, 6832472.89055981952697 ], [ 140060.229102464392781, 6832611.68321889732033 ], [ 140160.464226117939688, 6832609.191814948804677 ], [ 140648.794423485873267, 6833034.030020964331925 ], [ 141247.409052122151479, 6833468.97591498028487 ], [ 141709.939098457340151, 6833641.113353110849857 ], [ 142246.531373463920318, 6833408.460507078096271 ], [ 142309.875853675068356, 6833341.873730644583702 ], [ 142359.454608880914748, 6833314.123397968709469 ], [ 142503.930015067686327, 6833236.084478052332997 ], [ 142801.769432965666056, 6833310.410389001481235 ], [ 143216.164099187823012, 6833473.871230420656502 ], [ 143248.488935061264783, 6833491.324894548393786 ], [ 143349.501488080713898, 6833555.583028708584607 ], [ 143398.516907269717194, 6833588.86012432910502 ], [ 143467.332027808879502, 6833642.464544221758842 ], [ 143891.930923851556145, 6833965.444083119742572 ], [ 144484.261083492194302, 6834464.824805962853134 ], [ 144521.446405750117265, 6834499.015897304750979 ], [ 144934.338655770057812, 6834904.910889002494514 ], [ 145057.455542949493974, 6835032.963902169838548 ], [ 145443.081679702387191, 6835372.821720744483173 ], [ 145575.773763606557623, 6835416.565812087617815 ], [ 146144.39600219251588, 6835114.221971247345209 ], [ 146498.053509472054429, 6834992.821163953281939 ], [ 146537.235035833553411, 6835021.586293791420758 ], [ 147133.068911388982087, 6835414.470748576335609 ], [ 147317.183801023173146, 6835442.314961255528033 ], [ 147943.541393915889785, 6835437.578852659091353 ], [ 147954.407497560605407, 6835438.446247537620366 ], [ 148277.705602614441887, 6835635.444771802052855 ], [ 148513.554716410581023, 6836017.934068945236504 ], [ 148588.16724345437251, 6836265.426127448678017 ], [ 148802.712656273273751, 6837068.632525866851211 ], [ 148755.157490757061169, 6837225.094289546832442 ], [ 148525.107972704805434, 6837602.950389196164906 ], [ 148511.496030173962936, 6838309.433913054876029 ], [ 148480.671280826325528, 6838962.732418060302734 ], [ 148405.749180792132393, 6839195.487755708396435 ], [ 148334.429644724121317, 6839622.850606421008706 ], [ 148325.038008924690075, 6839882.666779468767345 ], [ 148758.758612689678557, 6840643.325118862092495 ], [ 148987.452869060332887, 6840611.043054680339992 ], [ 149218.936768525862135, 6840578.394265722483397 ], [ 149459.046403911779635, 6840552.083978943526745 ], [ 149578.768036521505564, 6840544.435104410164058 ], [ 149611.09035415109247, 6840943.213369320146739 ], [ 149259.236661369679496, 6840976.417254813015461 ], [ 149033.281004442484118, 6841008.430480827577412 ], [ 148804.602432855870575, 6841040.710764887742698 ], [ 148742.336311315186322, 6841049.293356322683394 ], [ 148650.300939210806973, 6841056.568123053759336 ], [ 148595.453178656054661, 6841056.409754255786538 ], [ 148539.028019620804116, 6841053.721787311136723 ], [ 148468.203014455153607, 6841044.919343195855618 ], [ 148395.096649506594986, 6841027.736727152951062 ], [ 148342.649852968985215, 6841011.386259076185524 ], [ 148304.498101311852224, 6840998.481061207130551 ], [ 148264.085076749208383, 6840982.10604452341795 ], [ 148227.385219004820101, 6840965.713896692730486 ], [ 148161.548744326806627, 6840931.207553896121681 ], [ 147613.534219003748149, 6841134.201929582282901 ], [ 147552.095017558778636, 6841514.312326980754733 ], [ 146931.155317745171487, 6841709.122863109223545 ], [ 146889.177341129747219, 6841723.947171448729932 ], [ 146818.52758969203569, 6841752.107352713122964 ], [ 146298.040028572431765, 6842125.243740079924464 ], [ 146172.279400438186713, 6842275.12310242280364 ], [ 146140.696659978711978, 6842282.040129814296961 ], [ 145784.300868407590315, 6842258.389507933519781 ], [ 145763.29667484597303, 6842257.04215934779495 ], [ 145370.888455823645927, 6841513.28660250082612 ], [ 145230.949525760603137, 6841383.711725980974734 ], [ 144986.757539532147348, 6841313.332932338118553 ], [ 144612.460769419791177, 6841744.804364295676351 ], [ 144467.874881580588408, 6841777.489147935993969 ], [ 144003.876309246523306, 6842153.596741633489728 ], [ 143960.795863275649026, 6842192.556181693449616 ], [ 143891.061324407230131, 6842245.678726174868643 ], [ 143867.615795108256862, 6842261.544588156975806 ], [ 143691.803008612128906, 6842386.234119677916169 ], [ 143392.785275083151646, 6842663.423442563042045 ], [ 143288.17532005906105, 6842628.439965376630425 ], [ 142841.127552184625529, 6842638.999742925167084 ], [ 142484.739193821442313, 6843268.69021737575531 ], [ 142282.394475410808809, 6843329.196245493367314 ], [ 142202.798280138755217, 6843320.307597931474447 ], [ 142169.617968780570664, 6843296.579983914270997 ], [ 142092.566060409881175, 6843142.391868943348527 ], [ 142067.191710726125166, 6843066.883251653052866 ], [ 142105.144014375982806, 6842746.327548885717988 ], [ 141777.284114909707569, 6841863.468375877477229 ], [ 141597.638758293935098, 6842002.214722444303334 ], [ 141460.762119413120672, 6842215.584308505058289 ], [ 141296.076847490039654, 6842509.799090135842562 ], [ 141165.089524533017538, 6842376.103665344417095 ], [ 140886.132069528684951, 6841899.857686555013061 ], [ 140483.200387962744571, 6842218.355066215619445 ], [ 140414.096750328666531, 6842318.697611832991242 ], [ 139897.558739053900354, 6842010.42572763748467 ], [ 139753.272354477318004, 6841932.758416282013059 ], [ 139615.85580992733594, 6841858.563997996039689 ], [ 139553.287710463511758, 6841820.03844646550715 ], [ 139529.364917847211473, 6841803.137199988588691 ], [ 139387.819875694578514, 6841690.819053715094924 ], [ 138734.861090596881695, 6841652.754569999873638 ], [ 138453.65442385408096, 6841766.678333286195993 ], [ 138387.854799077729695, 6841802.515862465836108 ], [ 138347.662594845285639, 6841818.794288128614426 ], [ 138318.905283434432931, 6841828.049566021189094 ], [ 138252.224259831942618, 6841843.98437984008342 ], [ 138248.280474715167657, 6841844.700464678928256 ], [ 137816.963311124476604, 6841388.996254921890795 ], [ 137605.3129674308002, 6841313.871762292459607 ], [ 137528.134908403153531, 6841289.733610621653497 ], [ 137167.341949199675582, 6841079.074862899258733 ], [ 136645.787179455859587, 6840598.790684044361115 ], [ 136522.293166925781406, 6840519.51729292050004 ], [ 136253.131792320171371, 6839619.258258341811597 ] ] ] } },
{ "type": "Feature", "properties": { "fid": 4, "ID": null, "CENTER_LON": "-4.4926", "CENTER_LAT": "48.0333179", "AA_MINS": 15, "AA_MODE": "driving-car", "TOTAL_POP": "12159" }, "geometry": { "type": "Polygon", "coordinates": [ [ [ 135610.77430008596275, 6800804.390505054965615 ], [ 135221.734379929839633, 6800267.060096919536591 ], [ 135024.666733439080417, 6799881.480265280231833 ], [ 134829.294330546050332, 6799466.380239462479949 ], [ 134794.606071760645136, 6799321.802357146516442 ], [ 134813.624481278122403, 6799067.433010338805616 ], [ 134841.02696390717756, 6799068.249488537199795 ], [ 134872.638969908002764, 6799073.125559254549444 ], [ 134895.774888166692108, 6799079.377864577807486 ], [ 134940.887656674603932, 6799101.595738215371966 ], [ 135359.858834444079548, 6799272.299758272245526 ], [ 135960.346265938831493, 6799037.597310150042176 ], [ 136327.995244715828449, 6798818.555045151151717 ], [ 136369.240684075281024, 6798779.642689689993858 ], [ 136617.714197715511546, 6798054.426109593361616 ], [ 136177.65125322714448, 6797569.165451687760651 ], [ 135868.434903098503128, 6797371.862106432206929 ], [ 135844.073976042098366, 6797363.044190055690706 ], [ 135749.837128430139273, 6797319.873162167146802 ], [ 135810.918893490801565, 6796939.443459626287222 ], [ 136090.127467439509928, 6796910.329686031676829 ], [ 136352.753099825349636, 6797031.860537721775472 ], [ 136661.35257415228989, 6796381.702761574648321 ], [ 136548.002389398519881, 6796097.770268563181162 ], [ 136449.922265317756683, 6795817.729486476629972 ], [ 136455.345384736778215, 6795802.471956514753401 ], [ 136856.177136405720375, 6795429.812812601216137 ], [ 136877.668866765336134, 6795432.882786298170686 ], [ 136939.450671661528759, 6795486.559439454227686 ], [ 137004.24878892803099, 6795568.525435376912355 ], [ 137262.497707877773792, 6795759.621690204367042 ], [ 137394.069309048587456, 6795911.537361219525337 ], [ 137559.702046414953656, 6796103.165254884399474 ], [ 138088.27835619461257, 6795919.72032308857888 ], [ 137851.522452348843217, 6795043.444160859100521 ], [ 137845.8251973814331, 6794991.07654688693583 ], [ 137840.964365698280744, 6794920.097630748525262 ], [ 137879.560741001856513, 6794748.499682473950088 ], [ 137891.754205998266116, 6794739.739177799783647 ], [ 137914.996276879566722, 6794726.681730312295258 ], [ 137987.957326760864817, 6794693.116334918886423 ], [ 138507.471501988708042, 6794712.310986546799541 ], [ 139036.269663048558868, 6794562.546468107961118 ], [ 139441.144698246032931, 6794312.829385661520064 ], [ 139737.675522963050753, 6794144.829454398714006 ], [ 139860.423483709921129, 6794092.799989954568446 ], [ 139969.783208935288712, 6794064.489781018346548 ], [ 140146.326659167185426, 6794022.73184772580862 ], [ 140298.418883940088563, 6794008.095537980087101 ], [ 140710.96447241527494, 6793919.60183388646692 ], [ 141056.83637668855954, 6793608.661041066981852 ], [ 141298.064830793067813, 6793514.447533089667559 ], [ 141698.171460096025839, 6793192.688889721408486 ], [ 142280.054818102740683, 6793303.064495571888983 ], [ 142431.711953527759761, 6793076.553390035405755 ], [ 142526.407889999216422, 6792754.333007169887424 ], [ 142657.209544985322282, 6792357.803210321813822 ], [ 142716.693640106124803, 6792230.034183049574494 ], [ 142928.279180245357566, 6791741.786001706495881 ], [ 142949.945290433242917, 6791677.219662784598768 ], [ 142972.425930474186316, 6791639.365256987512112 ], [ 143001.361412304686382, 6791607.929999052546918 ], [ 143036.837201179470867, 6791582.23613475356251 ], [ 143197.051062689628452, 6791493.128188446164131 ], [ 143436.468408250366338, 6791396.84232406783849 ], [ 143692.121042700135149, 6791282.841881548985839 ], [ 144118.662517079850659, 6791049.739948056638241 ], [ 144192.029632584773935, 6791006.286823809146881 ], [ 144554.16480658063665, 6790802.541012939997017 ], [ 144734.858657785924152, 6790692.676298279315233 ], [ 145055.736686876975, 6790153.109502972103655 ], [ 145106.149836251046509, 6790077.575106956996024 ], [ 145137.06645032367669, 6790047.081129709258676 ], [ 145318.819852995336987, 6789971.850317733362317 ], [ 145557.634308611624874, 6790085.554663218557835 ], [ 145963.757039804244414, 6789699.834243685938418 ], [ 146233.596128906239755, 6789712.749486829154193 ], [ 146788.599275753484108, 6789719.201500792056322 ], [ 146836.708914971910417, 6789719.129019098356366 ], [ 146900.44577907351777, 6789792.587481149472296 ], [ 146954.614167148130946, 6789870.297065421938896 ], [ 147066.248555219266564, 6790245.173041245900095 ], [ 147499.057979805977084, 6790536.658701407723129 ], [ 147898.023876298218966, 6790491.387832985259593 ], [ 148440.439214598271064, 6790470.265680296346545 ], [ 148460.353110094089061, 6790470.067172566428781 ], [ 148510.929539543576539, 6790531.385073398239911 ], [ 148557.941389552201144, 6790597.837760792113841 ], [ 148589.310863602324389, 6790643.774030423723161 ], [ 148604.209342992864549, 6790822.960019093938172 ], [ 148435.280808449257165, 6791202.586921046487987 ], [ 148219.968808087171055, 6792055.582011869177222 ], [ 148165.481097902404144, 6792056.91490342002362 ], [ 148116.663229405297898, 6792054.812708996236324 ], [ 147769.842073101899587, 6792653.348101542331278 ], [ 148184.936224721604958, 6793125.566683828830719 ], [ 148293.813393095391802, 6793338.546633899211884 ], [ 148293.88084437744692, 6793342.446764304302633 ], [ 148454.633893092279322, 6794156.945026655681431 ], [ 148499.759820851613767, 6794430.39480802975595 ], [ 148810.286869735224172, 6794894.405981190502644 ], [ 149421.990960619528778, 6794657.211836311966181 ], [ 149451.94701803883072, 6794541.669025741517544 ], [ 149462.356265755370259, 6794492.251391991041601 ], [ 149720.561207356047817, 6794636.761457329615951 ], [ 150331.174975840724073, 6794696.432357639074326 ], [ 150401.775633687851951, 6795088.37541229929775 ], [ 149982.98914632271044, 6795654.474796500988305 ], [ 149933.922546514659189, 6795676.491991568356752 ], [ 149390.240743539761752, 6796125.009256269782782 ], [ 149313.260195751790889, 6796212.382539117708802 ], [ 148917.413085014210083, 6796472.829170227982104 ], [ 148799.23803734104149, 6796449.232988707721233 ], [ 148595.564559818361886, 6796305.438366401009262 ], [ 148213.443030397873372, 6796934.652906865812838 ], [ 148259.836910245241597, 6797331.880761783570051 ], [ 148440.461122352164239, 6797894.833332356996834 ], [ 148989.000520767527632, 6798034.407589093782008 ], [ 149093.996724297991022, 6798020.067105766385794 ], [ 149139.011998963775113, 6798417.540132640860975 ], [ 149033.948766798246652, 6798431.886794227175415 ], [ 148712.708762801717967, 6798482.986089248210192 ], [ 148657.413788722013123, 6798489.418639780022204 ], [ 148124.148714011884294, 6798971.491769775748253 ], [ 148051.077258442644961, 6799064.770667116157711 ], [ 147879.838062560884282, 6799062.829310414381325 ], [ 147580.728434573975392, 6799126.865147618576884 ], [ 147331.255558192962781, 6798947.700497590005398 ], [ 146887.685212207958102, 6799419.427124680951238 ], [ 146881.679646662902087, 6799500.026640368625522 ], [ 147111.242012178059667, 6800127.647655691020191 ], [ 147071.079979846370406, 6800205.444913298822939 ], [ 147034.660386301926337, 6800257.104600673541427 ], [ 146960.596703665098175, 6800309.417831378057599 ], [ 146877.548411958268844, 6800331.550008715130389 ], [ 146762.891128854244016, 6800347.740162761881948 ], [ 146484.547683005686849, 6800345.024392672814429 ], [ 146143.818753927480429, 6801018.632188149727881 ], [ 146078.656315013999119, 6801397.285910579375923 ], [ 145574.873970833607018, 6801411.711056637577713 ], [ 145417.499180720304139, 6801329.72682183701545 ], [ 145439.870552512118593, 6800935.692543051205575 ], [ 145229.379123988444917, 6800167.674801897257566 ], [ 144594.785354460473172, 6800123.128912537358701 ], [ 144021.103363711968996, 6800414.555624154396355 ], [ 143911.696544922655448, 6800605.781169412657619 ], [ 143882.253357558976859, 6800616.391558922827244 ], [ 143806.213790804962628, 6800630.312067691236734 ], [ 143307.351533320732415, 6801115.306273747235537 ], [ 142832.414840336074121, 6801293.548883312381804 ], [ 142720.046530759544112, 6801310.049043451435864 ], [ 142233.9360489762621, 6801392.734605219215155 ], [ 141588.935295091359876, 6801585.279352692887187 ], [ 141571.005953189334832, 6801614.562751827761531 ], [ 141349.988390545477159, 6801381.463658355176449 ], [ 140885.171574181644246, 6801409.763063657097518 ], [ 140795.550153082469478, 6801360.497203154489398 ], [ 140566.837447369238362, 6801281.431883499957621 ], [ 140127.871889626840129, 6801336.121849271468818 ], [ 139971.554371327743866, 6801761.331069363281131 ], [ 139718.787719343905337, 6801784.290364689193666 ], [ 139367.938918472151272, 6801700.217073562555015 ], [ 138922.807975783711299, 6801718.416121105663478 ], [ 138682.231378902797587, 6801535.397571711800992 ], [ 138179.375641299295239, 6801928.37397032417357 ], [ 138155.115362465032376, 6801939.856792704202235 ], [ 138110.385638731066138, 6801959.444648327305913 ], [ 138072.785848326282576, 6801946.531473972834647 ], [ 138045.607302043586969, 6801934.627565979026258 ], [ 137398.284139337250963, 6801932.949013113975525 ], [ 136898.520801987498999, 6801825.041524128057063 ], [ 136357.49190338794142, 6801455.888549141585827 ], [ 135870.322878129780293, 6801264.347125450149179 ], [ 135720.874471708317287, 6801225.385167468339205 ], [ 135598.210301140556112, 6801200.367629896849394 ], [ 135610.77430008596275, 6800804.390505054965615 ] ] ] } },
{ "type": "Feature", "properties": { "fid": 5, "ID": null, "CENTER_LON": "-4.2631309874182195", "CENTER_LAT": "48.445795450285786", "AA_MINS": 15, "AA_MODE": "driving-car", "TOTAL_POP": "37042" }, "geometry": { "type": "Polygon", "coordinates": [ [ [ 154339.259353203116916, 6841805.63750680256635 ], [ 154211.991652970551513, 6841137.440315347164869 ], [ 154039.554103580652736, 6840818.358638350851834 ], [ 153916.113657092908397, 6840653.327337970025837 ], [ 153914.134537930367514, 6840636.208211131393909 ], [ 154005.397578062838875, 6840419.755770833231509 ], [ 153877.799867804744281, 6839613.941093911416829 ], [ 153741.484438191400841, 6839380.120453184470534 ], [ 153749.910315414774232, 6839299.726833299733698 ], [ 153813.9802419237094, 6839260.328392627649009 ], [ 153944.424897550139576, 6839236.134551613591611 ], [ 154315.991104654967785, 6839115.186229422688484 ], [ 154399.93703245872166, 6839121.266670051030815 ], [ 154985.18604357575532, 6838726.226700616069138 ], [ 155252.502718813717365, 6838781.121544500812888 ], [ 155488.016374438884668, 6838943.277615380473435 ], [ 156038.48847145808395, 6838493.442747249267995 ], [ 156052.085036860546097, 6838412.349190406501293 ], [ 156073.053085765452124, 6837831.428564745932817 ], [ 156090.220301504363306, 6837685.139852584339678 ], [ 156121.305571911390871, 6837686.922637077979743 ], [ 156179.630312441033311, 6837686.717551045119762 ], [ 156203.30616610578727, 6837688.746800114400685 ], [ 156405.07994146225974, 6837690.990286574698985 ], [ 156423.17790774255991, 6837699.346762678585947 ], [ 156797.608665678184479, 6837688.154018589295447 ], [ 156944.154882350354455, 6837621.892215713858604 ], [ 157037.429215530049987, 6837556.586767037399113 ], [ 157044.512209125095978, 6837562.400697502307594 ], [ 157149.092362768715248, 6837626.210540841333568 ], [ 157156.940707294968888, 6837639.43284238409251 ], [ 157751.670137303881347, 6838031.074257939122617 ], [ 157852.495357866515405, 6837946.32315413095057 ], [ 157725.01976657519117, 6836985.18800085131079 ], [ 157517.074609586270526, 6836710.412210355512798 ], [ 157564.331859626574442, 6836650.412412306293845 ], [ 157586.341053456068039, 6836628.154838087968528 ], [ 157644.764983370550908, 6835707.640828924253583 ], [ 157529.811974045238458, 6835622.125660425052047 ], [ 157135.51110915991012, 6835737.258922687731683 ], [ 157100.152433953247964, 6835775.833896803669631 ], [ 157060.03132907836698, 6835811.169469959102571 ], [ 156947.780054427101277, 6835921.221520215272903 ], [ 156918.002124414895661, 6835948.671722934581339 ], [ 156887.850362827419303, 6835979.282793863676488 ], [ 156755.74042118084617, 6836113.854720511473715 ], [ 156743.833428997430019, 6836126.464750203303993 ], [ 156671.32824280729983, 6836112.692600663751364 ], [ 156578.26838692498859, 6835794.399404349736869 ], [ 156178.813754988601431, 6835013.082643019966781 ], [ 155682.265396324801259, 6834862.122916612774134 ], [ 155547.777595946798101, 6834874.365975727327168 ], [ 155442.622050538077019, 6834881.411901910789311 ], [ 155246.386466301511973, 6834890.173200527206063 ], [ 155217.746261269785464, 6834491.18256532214582 ], [ 155413.995219238568097, 6834482.420281355269253 ], [ 155977.388766435091384, 6834417.237238737754524 ], [ 156101.850088288309053, 6834393.885254384018481 ], [ 156233.322507007746026, 6834365.973850734531879 ], [ 156366.913185747107491, 6834337.644421179778874 ], [ 156508.732194085023366, 6834307.433583348989487 ], [ 156650.699806682881899, 6834277.212439827620983 ], [ 156820.288376941229217, 6834247.320036859251559 ], [ 156987.34076127060689, 6834222.916059450246394 ], [ 156989.900437252246775, 6834222.454028561711311 ], [ 157211.077296993113123, 6834198.701498539187014 ], [ 157412.300514571019448, 6834185.859497137367725 ], [ 157744.572540246299468, 6834114.153686919249594 ], [ 158107.429613606072962, 6834022.652374424040318 ], [ 158321.894212490064092, 6833565.433856940828264 ], [ 158800.256213382468559, 6832967.932766177691519 ], [ 158837.519203892792575, 6832943.929546099156141 ], [ 158962.635345953633077, 6832960.098237217403948 ], [ 159476.741052300902084, 6832997.188384377397597 ], [ 159662.39120391511824, 6832843.435939243994653 ], [ 159664.517572857788764, 6832843.908386615104973 ], [ 160258.916136338724755, 6833263.419557895511389 ], [ 160307.552838667528704, 6833270.631935587152839 ], [ 160869.234536329982802, 6833196.493071616627276 ], [ 160916.410548099316657, 6833173.483382055535913 ], [ 161019.864483381737955, 6833139.013182679191232 ], [ 161472.080285078380257, 6833249.761561393737793 ], [ 161741.21411866042763, 6832860.420057268813252 ], [ 161854.118137493962422, 6832720.500038546510041 ], [ 161866.936483764788136, 6832724.003611756488681 ], [ 161891.050928144599311, 6832733.04912490490824 ], [ 162352.292394062620588, 6832711.986217715777457 ], [ 162563.480398444924504, 6832468.351542633026838 ], [ 162616.349697106285021, 6832392.480268390849233 ], [ 162634.853937320411205, 6832367.331920867785811 ], [ 162651.323000635718927, 6832346.724728931672871 ], [ 162683.274481740314513, 6832311.740799074061215 ], [ 163062.132271675392985, 6831654.171052385121584 ], [ 163348.282019398990087, 6831486.261636088602245 ], [ 163599.807004500878975, 6831652.175596353597939 ], [ 163626.640787715092301, 6832155.903294812887907 ], [ 163865.447763774544001, 6833013.595763072371483 ], [ 164016.983318415703252, 6833922.082940202206373 ], [ 164129.757881587836891, 6833999.43581160902977 ], [ 164674.469947354053147, 6833873.5312434816733 ], [ 164728.627101565594785, 6833489.712327668443322 ], [ 164776.737625168287195, 6833509.957396554760635 ], [ 164817.141585226985626, 6833532.920398869551718 ], [ 165250.452304960577749, 6833741.458518976345658 ], [ 165729.201298987143673, 6834089.844499138183892 ], [ 166160.377795996959321, 6833933.871577745303512 ], [ 166443.254769776947796, 6833951.581590148620307 ], [ 166673.820948552689515, 6834053.233788666315377 ], [ 166698.519529752200469, 6834107.784381556324661 ], [ 166715.008358567720279, 6834155.497143466025591 ], [ 167289.365011060726829, 6834652.511066038161516 ], [ 167417.941679058945738, 6834649.005315555259585 ], [ 167546.70839652500581, 6834879.991403445601463 ], [ 167546.723758672596887, 6834893.160765559412539 ], [ 167514.241740065510385, 6835031.300108090974391 ], [ 167460.960377826704644, 6835055.819292481057346 ], [ 167376.158982871682383, 6835051.858836255036294 ], [ 167238.340015275287442, 6835084.228198038414121 ], [ 167091.615586277097464, 6835066.407039033249021 ], [ 166634.45454357075505, 6835599.849603742361069 ], [ 167056.675441287923604, 6836388.487535807304084 ], [ 167151.832958570681512, 6836387.251940177753568 ], [ 167192.472801127936691, 6836392.013836982659996 ], [ 167223.892289985669777, 6836399.964159118011594 ], [ 167269.026498239138164, 6836416.481515442952514 ], [ 167438.949306335183792, 6836489.218122456222773 ], [ 167500.296400645398535, 6836515.63844745606184 ], [ 167544.25057164602913, 6836679.267013419419527 ], [ 167711.453924276749603, 6837316.155538152903318 ], [ 167735.559014875791036, 6837560.962505877949297 ], [ 168006.772415857645683, 6838307.888556011021137 ], [ 168631.749567578430288, 6838181.006966093555093 ], [ 168650.766313785454258, 6838154.155979823321104 ], [ 168673.35714046494104, 6838128.206440367735922 ], [ 168707.906700996332802, 6838094.914260697551072 ], [ 168840.893796374090016, 6837991.69077571015805 ], [ 168897.778355096466839, 6837011.524513890966773 ], [ 168783.476403813110664, 6836723.942875537090003 ], [ 168749.310136698186398, 6836661.431677792221308 ], [ 168665.58454988244921, 6836526.542042013257742 ], [ 168630.735694405040704, 6836463.089204690419137 ], [ 168630.07115098182112, 6836460.694328022189438 ], [ 168661.508090280229226, 6836228.787448992021382 ], [ 168719.093445030972362, 6836210.805691864341497 ], [ 168884.586283657234162, 6836315.016610338352621 ], [ 169400.145664332900196, 6836172.33169564511627 ], [ 169482.766934095998295, 6836096.379376895725727 ], [ 170084.419791224296205, 6835908.966242760419846 ], [ 170188.085061773541383, 6835980.782322628423572 ], [ 170198.921542001073249, 6835989.617759936489165 ], [ 170264.20204114948865, 6836061.023123294115067 ], [ 170297.199843202834018, 6836174.543725671246648 ], [ 170438.697331643663347, 6837113.61711454205215 ], [ 170205.018401559442282, 6837921.996380460448563 ], [ 170353.409002824104391, 6838270.005695343948901 ], [ 170865.582029737532139, 6838967.308032503351569 ], [ 171028.486965304124169, 6838874.472443968988955 ], [ 171190.56320697593037, 6838782.275310961529613 ], [ 171243.668823280953802, 6838751.218401926569641 ], [ 171294.664507393259555, 6838782.746021815575659 ], [ 171320.197322855237871, 6838810.337887473404408 ], [ 171357.008242412935942, 6839124.645984497852623 ], [ 171181.322453927481547, 6839415.857958579435945 ], [ 170871.428709541563876, 6840076.456462272442877 ], [ 170927.54130927787628, 6840329.184119350276887 ], [ 170920.004280680674128, 6840349.179421797394753 ], [ 170529.110024182125926, 6840846.516181831248105 ], [ 170289.90040720149409, 6840881.027088538743556 ], [ 170014.203215470421128, 6841530.988936181180179 ], [ 170006.396180072100833, 6841600.904213565401733 ], [ 169998.665360502549447, 6841631.746020136401057 ], [ 169892.018173360964283, 6841834.904824193567038 ], [ 169868.828012769576162, 6841828.089843487367034 ], [ 169846.958919929340482, 6841819.480194787494838 ], [ 169810.660409447853453, 6841795.10874440241605 ], [ 169491.623396734008566, 6841641.044047604314983 ], [ 169036.637768848799169, 6842061.865081047639251 ], [ 169072.969340148963965, 6842718.115810220129788 ], [ 169109.101045269751921, 6843004.808301514945924 ], [ 169482.865408939775079, 6843815.098156256601214 ], [ 169648.605598958209157, 6843871.409042620100081 ], [ 169825.1204219275387, 6843858.764111584983766 ], [ 169880.523257654276676, 6843861.635373760014772 ], [ 169925.055826898547821, 6843870.633162202313542 ], [ 170035.438868404366076, 6843907.558829203248024 ], [ 170110.853512606699951, 6843941.089040987193584 ], [ 170147.414550598245114, 6843967.669998538680375 ], [ 170186.215473371907137, 6844004.985792776569724 ], [ 170232.710187759017572, 6844061.580564917065203 ], [ 170271.7012283684453, 6844120.533933638595045 ], [ 170452.869340039789677, 6844334.965740175917745 ], [ 170901.736300868564285, 6844567.995952404104173 ], [ 170954.044028508127667, 6844580.981123132631183 ], [ 171124.930144345853478, 6844633.96040684916079 ], [ 171171.763721468276344, 6844646.329460403881967 ], [ 171285.484209779417142, 6844670.471849970519543 ], [ 171458.087137990398332, 6844691.827564757317305 ], [ 171635.842431827099063, 6844722.54224207252264 ], [ 171707.404710034490563, 6844736.796884812414646 ], [ 171717.013391075888649, 6845079.15182476863265 ], [ 171691.958205997245386, 6845132.439849673770368 ], [ 171599.817189471446909, 6845133.339850380085409 ], [ 171531.344386200536974, 6845112.220330979675055 ], [ 171443.233684422215447, 6845092.999530254863203 ], [ 171434.636515383608639, 6845090.656231752596796 ], [ 171261.969513211864978, 6845064.396707252599299 ], [ 171154.093613653909415, 6845041.620949330739677 ], [ 171098.076836957596242, 6845026.962787111289799 ], [ 170919.138781409710646, 6844971.816114295274019 ], [ 170837.876017554895952, 6844957.78482624143362 ], [ 170649.621972701512277, 6844943.78952167276293 ], [ 170605.651254585245624, 6844935.963594620116055 ], [ 170568.385842096526176, 6844925.1830003997311 ], [ 170511.983390881796367, 6844900.63110180106014 ], [ 170190.706460235873237, 6845714.394787565805018 ], [ 170348.391829731059261, 6845992.244370831176639 ], [ 170606.020623119547963, 6846173.588934659026563 ], [ 170591.960300137521699, 6846569.566594708710909 ], [ 170504.308808780275285, 6846552.775175902992487 ], [ 170414.005624686134979, 6846531.315369379706681 ], [ 170327.646969256806187, 6846508.38101077452302 ], [ 170323.406039659748785, 6846507.428224799223244 ], [ 170252.247695866273716, 6846487.685515015386045 ], [ 170077.315277675748803, 6846434.657516489736736 ], [ 169904.804271635133773, 6846382.194899375550449 ], [ 169804.73926156561356, 6846353.821225582621992 ], [ 169243.414492668118328, 6846695.861491354182363 ], [ 169140.294006697717123, 6846768.799110313877463 ], [ 168881.698708602576517, 6846718.429770516231656 ], [ 168396.725281251594424, 6846642.459135764278471 ], [ 168236.049828362534754, 6846528.236951635219157 ], [ 167765.042665172601119, 6845965.349805076606572 ], [ 167658.175320791546255, 6845948.015847692266107 ], [ 167537.657905781874433, 6845924.23255230858922 ], [ 167409.21855508023873, 6845893.363974106498063 ], [ 167282.170431399717927, 6845857.458932729437947 ], [ 166646.922390684718266, 6845937.621366602368653 ], [ 166188.770130665856414, 6846021.672542058862746 ], [ 165966.305260030319914, 6846206.213680477812886 ], [ 165763.269794653751887, 6846231.579248635098338 ], [ 165694.29329481406603, 6846205.215127314440906 ], [ 165158.044636868173257, 6846592.356894488446414 ], [ 164982.580517345224507, 6846872.63606325071305 ], [ 164767.73913064354565, 6847038.555225471965969 ], [ 164118.994781085872091, 6847130.409357821568847 ], [ 164047.794357179780491, 6847154.728434419259429 ], [ 164042.820873604970984, 6847156.303684827871621 ], [ 163857.71425509895198, 6847169.033058237284422 ], [ 163854.534837176790461, 6847167.540382823906839 ], [ 163260.981261517852545, 6847006.344373001717031 ], [ 162995.414948079269379, 6847021.95906253810972 ], [ 162639.78119926166255, 6847408.066081894561648 ], [ 162519.156143647036515, 6847517.914253888651729 ], [ 162491.020262525882572, 6847540.947581478394568 ], [ 162450.275234990986064, 6847569.613546547479928 ], [ 162410.02943888748996, 6847591.647035760805011 ], [ 162367.964484717114829, 6847610.053560612723231 ], [ 162301.274994404288009, 6847628.507335474714637 ], [ 162268.158311546896584, 6847634.587559129111469 ], [ 162239.051571394666098, 6847637.505756464786828 ], [ 162202.171074399608187, 6847635.785315736196935 ], [ 162169.692273805849254, 6847629.526906387880445 ], [ 162137.509953452739865, 6847617.659332484006882 ], [ 161722.710678403498605, 6848336.860570874065161 ], [ 161798.95426000864245, 6848557.649266666732728 ], [ 161847.526367081329226, 6848703.190738425590098 ], [ 161737.254660421633162, 6848810.649105998687446 ], [ 161290.019253726350144, 6849043.474630698561668 ], [ 161180.476202680380084, 6849328.051655581220984 ], [ 161161.803543096990325, 6849388.172722239047289 ], [ 160917.768189374008216, 6849197.701948191970587 ], [ 160936.376149776391685, 6849137.697680295445025 ], [ 160987.081423091702163, 6848747.494614410214126 ], [ 160541.248463594121858, 6848012.320105515420437 ], [ 160375.960286847315729, 6848155.951444301754236 ], [ 160359.230989270261489, 6848174.698683879338205 ], [ 160238.782362978556193, 6848330.579670798033476 ], [ 160173.566506561008282, 6848440.580002583563328 ], [ 160157.961847462225705, 6848470.610912947915494 ], [ 160140.697969439905137, 6848505.931662745773792 ], [ 160093.508509649662301, 6848611.913071754388511 ], [ 159867.47168244747445, 6848373.253216984681785 ], [ 159914.670272157643922, 6848267.380802664905787 ], [ 159937.313311072299257, 6848220.50660318415612 ], [ 159957.357365481439047, 6848181.577515085227787 ], [ 160032.355940722976811, 6848053.91909190826118 ], [ 160233.061663050320931, 6847232.898534125648439 ], [ 160428.649412655155174, 6846557.279011070728302 ], [ 160468.4876931051258, 6846468.509547300636768 ], [ 160515.095971671049483, 6846323.180581054650247 ], [ 160538.198688709759153, 6845715.282836354337633 ], [ 160447.150208560866304, 6845431.69109695032239 ], [ 160353.913623189320788, 6845211.71447632741183 ], [ 159791.117658111499622, 6845096.888091934844851 ], [ 159697.237137255375274, 6845204.752844082191586 ], [ 159672.653525240719318, 6845231.711237591691315 ], [ 159128.427456921199337, 6845232.108178266324103 ], [ 159108.652572887367569, 6845240.535790366120636 ], [ 158644.87225529178977, 6845420.935388347133994 ], [ 158641.758412005961873, 6845422.565214424394071 ], [ 158484.419515761430375, 6845335.856557679362595 ], [ 158478.675232713459991, 6845321.208656491711736 ], [ 158360.984686109703034, 6845042.80324390809983 ], [ 158089.331703412230127, 6844157.805921562947333 ], [ 157530.044192199711688, 6843641.058413825929165 ], [ 157340.800113421748392, 6843566.396996638737619 ], [ 157147.674160719499923, 6843489.982669507153332 ], [ 156989.931898224400356, 6843420.427903263829648 ], [ 156351.528084617806599, 6843590.299063037149608 ], [ 155995.587182790506631, 6843902.938667645677924 ], [ 155811.388625563820824, 6843592.952738402411342 ], [ 155808.211079227738082, 6843195.796146881766617 ], [ 155435.523942145635374, 6842682.97271370049566 ], [ 155317.319047832512297, 6842628.512191093526781 ], [ 155153.126623860909604, 6842550.117915602400899 ], [ 155022.260696050478145, 6842491.3790252674371 ], [ 154893.557135877083056, 6842433.556533057242632 ], [ 154695.41411661717575, 6842349.649509367533028 ], [ 154492.958317782147788, 6842270.507607161067426 ], [ 154290.570280705927871, 6842191.365896604955196 ], [ 154339.259353203116916, 6841805.63750680256635 ] ] ] } },
{ "type": "Feature", "properties": { "fid": 6, "ID": null, "CENTER_LON": "-4.324840216100055", "CENTER_LAT": "48.57246251931615", "AA_MINS": 15, "AA_MODE": "driving-car", "TOTAL_POP": "32521" }, "geometry": { "type": "Polygon", "coordinates": [ [ [ 152499.973051943117753, 6861763.506130366586149 ], [ 152473.802380032138899, 6861648.727931911125779 ], [ 152627.291381791466847, 6861428.75722233671695 ], [ 152778.220128529355861, 6861499.033084124326706 ], [ 153083.617767205927521, 6861578.403099343180656 ], [ 153199.021556751686148, 6860743.526752486824989 ], [ 152830.831568218534812, 6860179.862323557026684 ], [ 152483.140688415151089, 6860050.225187230855227 ], [ 151903.814399479422718, 6859614.65433388017118 ], [ 151850.608887020964175, 6859617.452600231394172 ], [ 151475.220094706630334, 6859673.960329026915133 ], [ 151407.16769683000166, 6859670.127747042104602 ], [ 151399.093703933758661, 6859669.328617456369102 ], [ 151318.196619839873165, 6859657.332758347503841 ], [ 150978.978096259525046, 6858997.894546133466065 ], [ 150836.786973866634071, 6858840.176803779788315 ], [ 150184.608693522051908, 6858628.744699648581445 ], [ 150043.868500650743954, 6858492.123481792397797 ], [ 150028.706908601452596, 6858430.692239089868963 ], [ 150097.787122545298189, 6858242.119172231294215 ], [ 150124.353810327476822, 6858231.670818652957678 ], [ 150365.44077789504081, 6858153.086663369089365 ], [ 150298.810126723372377, 6857278.345783174969256 ], [ 150268.576226710574701, 6857229.845174129121006 ], [ 150247.678558038547635, 6857189.951234551146626 ], [ 149984.953131871996447, 6856790.083049966022372 ], [ 149569.742827435024083, 6856240.097808316349983 ], [ 149543.197908253176138, 6855840.94976201094687 ], [ 149616.427721957326867, 6855838.68999607115984 ], [ 149790.860710386652499, 6855823.591068383306265 ], [ 150264.229349874192849, 6855674.51924310810864 ], [ 150819.906834342167713, 6855214.971673651598394 ], [ 150852.03624866635073, 6855019.644009561277926 ], [ 150871.878941786359064, 6854830.72835536301136 ], [ 151024.85980260418728, 6854703.803336289711297 ], [ 151166.532902370556258, 6854629.652911366894841 ], [ 151227.352782671223395, 6854664.544401779770851 ], [ 151245.288375830627047, 6854709.969540795311332 ], [ 151261.866965524735861, 6854768.476019284687936 ], [ 151760.60538529639598, 6855434.061174919828773 ], [ 151801.426553084515035, 6855426.071330894716084 ], [ 151835.027101850835606, 6855422.449056805111468 ], [ 151970.934069917071611, 6855427.807349658571184 ], [ 152298.14983727876097, 6855249.059396835044026 ], [ 152333.2040632533608, 6855207.449513367377222 ], [ 152381.638358931057155, 6855165.469969425350428 ], [ 152428.859880042495206, 6855139.684646137990057 ], [ 152716.847944980370812, 6854302.072981224395335 ], [ 152636.926618123659864, 6853912.996345018036664 ], [ 152766.26454495487269, 6853174.786259516142309 ], [ 152300.918031571316533, 6853009.218708900734782 ], [ 152248.109749684343114, 6852976.015823082998395 ], [ 152215.03350528224837, 6852949.213407248258591 ], [ 152188.351005874457769, 6852920.244306121952832 ], [ 152135.748705302830786, 6852797.360093480907381 ], [ 151927.085077890777029, 6851988.437936946749687 ], [ 151833.889749333960935, 6851795.471240744926035 ], [ 151845.971228302805685, 6851730.237776757217944 ], [ 151935.291872159927152, 6851591.608136186376214 ], [ 151979.052868121420033, 6851598.753560303710401 ], [ 152510.928933321498334, 6851106.72854215092957 ], [ 152519.478476891294122, 6851066.060451586730778 ], [ 152557.355094478814863, 6850937.655273439362645 ], [ 152618.78979395434726, 6850771.187227432616055 ], [ 152801.956029517576098, 6850104.413468617014587 ], [ 152711.741317117121071, 6849474.692676595412195 ], [ 152573.866082006949, 6849113.867585772648454 ], [ 152640.444417504360899, 6848535.694115841761231 ], [ 152649.004537802306004, 6848522.605249299667776 ], [ 152771.415711542125791, 6848488.626056103035808 ], [ 152779.642080320278183, 6848487.739203730598092 ], [ 153303.468524711905047, 6848438.959784488193691 ], [ 153499.557386035216041, 6848432.561547175049782 ], [ 153992.453403046238236, 6848357.056089304387569 ], [ 154107.359066431992687, 6848348.933267875574529 ], [ 154168.842084104311652, 6848366.042734494432807 ], [ 154245.095738685689867, 6848516.640164927579463 ], [ 154300.518456244142726, 6848741.658128490671515 ], [ 154959.659761692280881, 6848857.613200213760138 ], [ 154987.334366616327316, 6848593.640917562879622 ], [ 154991.58274320338387, 6848540.096445273607969 ], [ 155062.022490726551041, 6848351.495632794685662 ], [ 155141.418140566558577, 6848373.744874622672796 ], [ 155591.05212203215342, 6848499.161938251927495 ], [ 155669.756686799228191, 6848515.677024259231985 ], [ 155701.787506137276068, 6848523.393041651695967 ], [ 155728.575049008941278, 6848532.158900570124388 ], [ 155848.343336741905659, 6848582.341889458708465 ], [ 155969.005539563833736, 6848612.793175341561437 ], [ 156532.980637789238244, 6848255.409005319699645 ], [ 156623.633437539916486, 6848214.101804625242949 ], [ 156731.503838837496005, 6848212.494990644045174 ], [ 157306.902511277818121, 6848596.574466277845204 ], [ 157913.15571005444508, 6848428.415149441920221 ], [ 158342.425471896654926, 6847785.367672314867377 ], [ 158405.696393006946892, 6847217.898485771380365 ], [ 158318.267787586781196, 6846649.524326605722308 ], [ 158290.134455133811571, 6846284.953694644384086 ], [ 158299.117054652189836, 6846218.135156069882214 ], [ 158323.535674168961123, 6846109.127817992120981 ], [ 158577.959025949705392, 6846261.471007328480482 ], [ 158711.401056197122671, 6846377.089601620100439 ], [ 159213.678668821463361, 6846955.392425238154829 ], [ 159497.935565134743229, 6846732.892847198061645 ], [ 159744.816229826654308, 6846914.117771944031119 ], [ 159873.920274092117324, 6847281.132662018761039 ], [ 160415.342065127100796, 6847204.798263277858496 ], [ 160459.507181317661889, 6847160.281910196878016 ], [ 160480.364965825458057, 6847153.990531340241432 ], [ 160536.385746597778052, 6847154.034380035474896 ], [ 161110.703995515475981, 6847113.896296855993569 ], [ 161547.010048007941805, 6846565.370054002851248 ], [ 161776.09117825247813, 6846797.110846758820117 ], [ 161960.178809334640391, 6847252.952821508981287 ], [ 161959.761830076575279, 6847320.532216482795775 ], [ 162114.147824895684607, 6847955.741177465766668 ], [ 162769.873308321344666, 6848190.438858764246106 ], [ 162814.969508950132877, 6848185.59747573826462 ], [ 162850.142382081714459, 6848188.14922727830708 ], [ 162991.318456340581179, 6848301.46592235006392 ], [ 162991.25521076307632, 6848366.556077348999679 ], [ 162977.497245480306447, 6848456.803002131171525 ], [ 162953.202925680088811, 6848517.324261710047722 ], [ 162947.325745895621367, 6848528.361684622243047 ], [ 162919.24285293801222, 6848570.366862687282264 ], [ 162752.882269383757375, 6848784.470574840903282 ], [ 162746.38023890228942, 6849515.743404096923769 ], [ 163194.625369218410924, 6849619.524189658463001 ], [ 163254.910582200158387, 6849569.74219957087189 ], [ 163424.211802984704264, 6849462.215994688682258 ], [ 163627.194758441182785, 6849352.365231872536242 ], [ 163909.558639994356781, 6848767.214650576002896 ], [ 163939.675433712778613, 6848773.700097289867699 ], [ 164051.019155370653607, 6848810.086091973818839 ], [ 164088.87353390455246, 6848821.663172003813088 ], [ 164170.769199898117222, 6848840.339880948886275 ], [ 164206.580365523463115, 6848857.911265749484301 ], [ 164262.975452417857014, 6848920.1356301587075 ], [ 164851.037413664977066, 6848564.721038615331054 ], [ 164883.691159987007268, 6848568.968127039261162 ], [ 164944.661659768316895, 6848592.374842086806893 ], [ 165241.389204189646989, 6848693.755473030731082 ], [ 165664.352874530595727, 6848146.557780783623457 ], [ 165890.490680918563157, 6847960.205789733678102 ], [ 166080.118974166805856, 6848160.78561616782099 ], [ 166037.173434930853546, 6848548.747385780327022 ], [ 165928.167645546142012, 6848849.685323193669319 ], [ 165914.361121535650454, 6848956.782800812274218 ], [ 165911.640177077031694, 6848986.057539257220924 ], [ 165899.50684561196249, 6849103.27154067158699 ], [ 166339.749453077442013, 6849806.48789849691093 ], [ 166572.640021681087092, 6849696.672979560680687 ], [ 166708.451058878330514, 6849675.377813069149852 ], [ 166743.130264634382911, 6849680.788188208825886 ], [ 166793.72686969593633, 6849787.661460660398006 ], [ 166838.374479053309187, 6849885.481078869663179 ], [ 166838.41277819359675, 6849886.705512581393123 ], [ 166735.855888569378294, 6850077.861776122823358 ], [ 166622.986079140566289, 6850838.514604252763093 ], [ 167228.642123301280662, 6850848.088364236056805 ], [ 167247.944386638584547, 6850839.507241437211633 ], [ 167304.298102134722285, 6850817.032507503405213 ], [ 167356.832101052510552, 6850811.095476545393467 ], [ 167495.782433517859317, 6850869.568226323463023 ], [ 167984.237490912317298, 6850948.913607410155237 ], [ 168010.471370263840072, 6850952.872213332913816 ], [ 168111.898605521768332, 6851106.781741589307785 ], [ 168240.522515079937875, 6851469.406892179511487 ], [ 168626.311891864053905, 6851873.229640833102167 ], [ 168982.486420197994448, 6851899.682724579237401 ], [ 169050.338234169757925, 6851877.400206520222127 ], [ 169342.607022814336233, 6851714.035130590200424 ], [ 169521.299147198209539, 6852030.243567509576678 ], [ 170159.249878516653553, 6852325.717545379884541 ], [ 170317.618826713995077, 6852507.615154048427939 ], [ 170639.691208078409545, 6852871.716263432055712 ], [ 170789.502177709480748, 6853079.522026987746358 ], [ 170786.946437795879319, 6853142.490278243087232 ], [ 170785.307500642957166, 6853222.007597870193422 ], [ 171272.154448100598529, 6853932.341691289097071 ], [ 171308.660693025914952, 6853923.210189898498356 ], [ 171434.312775526195765, 6853902.942627417854965 ], [ 171518.09941200655885, 6853905.356356525793672 ], [ 171604.91269306675531, 6853909.281670039519668 ], [ 171633.834456184878945, 6853964.917370988987386 ], [ 171648.030849864473566, 6854027.252353912219405 ], [ 171656.638803305337206, 6854094.114918236620724 ], [ 171617.256163729354739, 6854308.343791253864765 ], [ 171857.796288322308101, 6855245.661678483709693 ], [ 171918.907300646766089, 6855283.967684742994606 ], [ 172003.169013952370733, 6855325.190115936100483 ], [ 172010.214815584942698, 6855723.956226808018982 ], [ 171809.810562121798284, 6856350.919295731931925 ], [ 171747.342617341433652, 6856730.904966258443892 ], [ 171111.435031674103811, 6856948.724832158535719 ], [ 171099.911226273747161, 6856966.074130309745669 ], [ 171036.796205761609599, 6857023.4051294606179 ], [ 170972.7180074948119, 6857029.585771615616977 ], [ 170938.50805498752743, 6857020.650730356574059 ], [ 170535.889425492146984, 6856478.585790283977985 ], [ 170483.806458002422005, 6856444.26997528783977 ], [ 169926.232859996613115, 6856401.994874130934477 ], [ 169717.358231363468803, 6856625.938205875456333 ], [ 169197.448344875709154, 6856896.438695139251649 ], [ 169115.799158391077071, 6856936.39902644045651 ], [ 168675.917103433050215, 6857526.160361028276384 ], [ 168375.798558361944743, 6858353.662146507762372 ], [ 168283.418422428076155, 6858484.601012696512043 ], [ 168256.899524554959498, 6858485.24719993956387 ], [ 168109.767435031593777, 6858292.102843618951738 ], [ 167974.819636413711123, 6858124.525001225993037 ], [ 167600.405069861095399, 6857890.740857884287834 ], [ 167569.002289411961101, 6857885.809943035244942 ], [ 167144.049005390377715, 6858207.856664799153805 ], [ 167272.591600096318871, 6858886.31082421168685 ], [ 167266.932188912527636, 6858900.451005535200238 ], [ 167179.675910156453028, 6859240.60048459097743 ], [ 167125.231002337532118, 6860100.886639391072094 ], [ 167140.461507551837713, 6860810.643742304295301 ], [ 167192.458423010772094, 6861207.10443967487663 ], [ 167112.757042819866911, 6861221.578818000853062 ], [ 166915.483006863389164, 6861276.455216660164297 ], [ 166829.304513411130756, 6861303.363683034665883 ], [ 166811.839778525172733, 6861308.989899944514036 ], [ 166632.859634357970208, 6861267.519424641504884 ], [ 166038.713633756618947, 6861611.512028530240059 ], [ 165705.505723770824261, 6862292.899829002097249 ], [ 165701.776091042091139, 6862690.480680445209146 ], [ 165568.266690493794158, 6862706.927119866944849 ], [ 164920.39743852650281, 6862590.44205575902015 ], [ 164672.270219330093823, 6862552.406215033493936 ], [ 164425.79708192369435, 6862522.712993118911982 ], [ 164250.065017926506698, 6862414.697366496548057 ], [ 164080.178319638827816, 6862348.349022733978927 ], [ 163889.974175853887573, 6862274.395280851982534 ], [ 163699.691499201697297, 6862200.454625369049609 ], [ 163509.955027481657453, 6862128.478901523165405 ], [ 163438.450363786309026, 6862099.484632845968008 ], [ 163245.350881492486224, 6861857.897579966112971 ], [ 163082.656650377670303, 6861733.745102840475738 ], [ 162588.941477240179665, 6861964.077497533522546 ], [ 162372.672587777371518, 6862174.284605503082275 ], [ 162139.000642469502054, 6862929.305697579868138 ], [ 162569.166905971127562, 6863657.100565461441875 ], [ 162627.708404525066726, 6863670.09150446113199 ], [ 162675.891037491499446, 6863681.47599814273417 ], [ 162703.093809566111304, 6863695.588634194806218 ], [ 162748.962497184518725, 6863722.708033029921353 ], [ 162789.990642067277804, 6863799.738708633929491 ], [ 162759.511671233223751, 6864141.877967741340399 ], [ 162768.112350234296173, 6864540.797599173150957 ], [ 162667.974977182922885, 6864560.136913863010705 ], [ 162151.051260478561744, 6864871.40477844607085 ], [ 161800.583792900433764, 6865554.91849510371685 ], [ 161701.452392565784976, 6865892.737822488881648 ], [ 161091.408613446867093, 6866199.713477083481848 ], [ 161043.720233846106566, 6866238.766656652092934 ], [ 161016.759528048336506, 6866248.646017003804445 ], [ 160839.359701286768541, 6866202.747605666518211 ], [ 160829.952078390400857, 6866197.81751356087625 ], [ 160500.206300650490448, 6865994.053355235606432 ], [ 160051.877711443114094, 6865975.88692161347717 ], [ 159441.022234157542698, 6865795.833988740108907 ], [ 159062.421456014388241, 6864959.908856567926705 ], [ 158883.102587769040838, 6864858.52644944563508 ], [ 158754.139902861905284, 6864832.16768342256546 ], [ 158739.816572982934304, 6864826.136879893951118 ], [ 158334.645491517730989, 6864703.565465384162962 ], [ 158329.275446883868426, 6864699.936315695755184 ], [ 157697.687294698436745, 6864378.951867140829563 ], [ 157430.537449219962582, 6864555.94670797418803 ], [ 157332.77996427344624, 6864572.252924940548837 ], [ 157014.516033462015912, 6864275.695203717797995 ], [ 156557.118636137689464, 6864127.43046578578651 ], [ 156242.776500991079956, 6864153.920382997021079 ], [ 156192.281413117656484, 6864162.234811299480498 ], [ 156138.398373368312605, 6864077.740055609494448 ], [ 156124.165505728102289, 6864056.185512925498188 ], [ 155565.120840409770608, 6863468.649884769693017 ], [ 155155.749633302330039, 6863177.620316100306809 ], [ 154716.816912949900143, 6863138.301203367300332 ], [ 154194.151966001372784, 6863320.298290797509253 ], [ 154188.661117482115515, 6863320.145694999024272 ], [ 153740.248496816842817, 6863263.591827899217606 ], [ 153282.180990143446252, 6862761.423415982164443 ], [ 153157.180015538819134, 6862529.451598768122494 ], [ 152654.785288201761432, 6862013.643237092532218 ], [ 152499.973051943117753, 6861763.506130366586149 ] ] ] } },
{ "type": "Feature", "properties": { "fid": 7, "ID": null, "CENTER_LON": "-3.857758279926775", "CENTER_LAT": "48.572839238833424", "AA_MINS": 15, "AA_MODE": "driving-car", "TOTAL_POP": "50339" }, "geometry": { "type": "Polygon", "coordinates": [ [ [ 184995.068173369683791, 6863364.299386504106224 ], [ 185081.012488295673393, 6863300.627816237509251 ], [ 185144.055157048918772, 6863262.097518009133637 ], [ 185316.559226691490039, 6863145.756005264818668 ], [ 185753.13997392723104, 6862624.25306773558259 ], [ 185896.103722141939215, 6862218.017700740136206 ], [ 185800.831657213915605, 6861286.921859376132488 ], [ 185799.078404173487797, 6861282.166532505303621 ], [ 185761.833310257585254, 6861092.495318315923214 ], [ 185657.433924003969878, 6860215.344330022111535 ], [ 185539.337934895185754, 6860053.276010684669018 ], [ 185324.184031028475147, 6859888.778457805514336 ], [ 185239.372400619031396, 6859756.79663557652384 ], [ 185126.109359464317095, 6859600.22171669639647 ], [ 185130.565283824456856, 6859529.62251917924732 ], [ 185310.295665959652979, 6859372.4722765609622 ], [ 185580.862224813026842, 6859049.115102387964725 ], [ 185706.72820025391411, 6858885.822613064199686 ], [ 185709.94846657209564, 6858885.425298174843192 ], [ 185988.486915709509049, 6858865.072648086585104 ], [ 186048.035682151385117, 6858868.274900623597205 ], [ 186069.908928301359992, 6858872.139273918233812 ], [ 186602.825090516649652, 6858749.13464589882642 ], [ 186706.492072097840719, 6858695.757701897062361 ], [ 186896.194813451147638, 6858694.030412572436035 ], [ 187282.225950424559414, 6858862.552474242635071 ], [ 187632.464608902693726, 6858530.136568129993975 ], [ 187643.152726732892916, 6858065.023521524854004 ], [ 187585.672385185956955, 6857671.672169874422252 ], [ 187554.835508768737782, 6857580.649155674502254 ], [ 187088.239353595941793, 6857122.024836502969265 ], [ 186978.406116412603296, 6857109.420163760893047 ], [ 186903.448811996728182, 6856718.959679494611919 ], [ 186945.675508216605522, 6856705.179058129899204 ], [ 186987.163421111297794, 6856698.941671576350927 ], [ 187308.824268001597375, 6856482.105643674731255 ], [ 187330.869707768899389, 6855775.264772114343941 ], [ 187328.833172872546129, 6855763.949595622718334 ], [ 187325.940455700154416, 6855735.411512388847768 ], [ 187087.06720402877545, 6855074.966582741588354 ], [ 187059.339856696082279, 6855019.272987280972302 ], [ 187033.047294615767896, 6854947.1585104893893 ], [ 186975.739543382253032, 6854798.10218738950789 ], [ 186961.6387084571179, 6854524.805053256452084 ], [ 186960.439000702055637, 6854512.076784484088421 ], [ 186893.692809943284374, 6854119.891748130321503 ], [ 186840.618880058580544, 6853980.283436886034906 ], [ 186552.02729709551204, 6853714.755611035041511 ], [ 186126.2508084254805, 6854123.869220264256001 ], [ 185844.036244656250346, 6854751.093935552053154 ], [ 185784.000093459151685, 6854772.933110081590712 ], [ 185533.85924886126304, 6854883.615728580392897 ], [ 185348.802911754930392, 6855670.116587614640594 ], [ 185231.297920617042109, 6855940.142938425764441 ], [ 184969.217965420684777, 6855985.732231929898262 ], [ 184619.608280116226524, 6855621.919617741368711 ], [ 184577.510722724953666, 6855223.983517716638744 ], [ 184463.958561339532025, 6854607.732796086929739 ], [ 183943.055358357378282, 6854422.239044385030866 ], [ 183870.268032221938483, 6854447.241404381580651 ], [ 183255.667289093718864, 6854275.277191130444407 ], [ 182890.397757565428037, 6854426.019188397563994 ], [ 182764.910242302285042, 6854323.364256681874394 ], [ 182736.065289323218167, 6853924.252852608449757 ], [ 183138.557835138402879, 6853451.099244287237525 ], [ 183479.80505619145697, 6853006.423371720127761 ], [ 183488.246046182350256, 6853005.560393976047635 ], [ 183562.017289497773163, 6853011.382617744617164 ], [ 183573.339419382915366, 6853011.267804575152695 ], [ 183654.872339334397111, 6853010.262017901055515 ], [ 183743.091571088763885, 6853006.988381869159639 ], [ 183808.155919383978471, 6853001.534804728813469 ], [ 183911.65721259341808, 6852968.556189169175923 ], [ 184222.523478339484427, 6852728.641412776894867 ], [ 184383.934479409363121, 6852299.45954024977982 ], [ 184399.344016846851446, 6852227.779176897369325 ], [ 184422.766229615546763, 6852172.909075029194355 ], [ 184103.462200894893613, 6851277.417309536598623 ], [ 184057.729846682865173, 6851292.196301676332951 ], [ 183996.249976053659339, 6851327.34844820573926 ], [ 183953.822750847844873, 6851345.963874091394246 ], [ 183744.78942143911263, 6851352.27582836151123 ], [ 183637.981260415690485, 6851398.383414763025939 ], [ 183518.17551397922216, 6851396.65473257843405 ], [ 183507.64819515979616, 6851394.912964908406138 ], [ 183395.491967955662403, 6851161.147114253602922 ], [ 183097.768959882552736, 6850373.710867300629616 ], [ 182929.279864736716263, 6850272.422541050240397 ], [ 182753.652362270688172, 6850239.965865881182253 ], [ 182729.680840316752438, 6850235.405369541607797 ], [ 182744.498154054628685, 6849839.447203941643238 ], [ 182841.173822426062543, 6849801.594249567016959 ], [ 183026.506249232334085, 6849671.586262755095959 ], [ 183082.574355374439619, 6849657.888932418078184 ], [ 183118.701474662113469, 6849746.523333256132901 ], [ 183389.204414324136451, 6850112.170722970739007 ], [ 183669.541036301176064, 6850209.661360016092658 ], [ 184121.405082034412771, 6849904.320509604178369 ], [ 184020.996484567178413, 6848994.526519238948822 ], [ 183907.043558652570937, 6848851.534512048587203 ], [ 183874.841929020360112, 6848819.4649493182078 ], [ 183677.395261306723114, 6848644.502808717079461 ], [ 183511.390695178590249, 6848522.328345851972699 ], [ 183476.714990171720274, 6848492.489626932889223 ], [ 183408.488678157795221, 6848428.806541957892478 ], [ 182834.795688883459661, 6848614.910366900265217 ], [ 182449.435657063149847, 6848491.991808892227709 ], [ 182401.078726433333941, 6848094.97141014970839 ], [ 182060.973760586581193, 6847589.702130947262049 ], [ 181667.408203543280251, 6848115.987938397563994 ], [ 181572.369058380427305, 6848087.752871410921216 ], [ 181403.31611617130693, 6848094.922382052056491 ], [ 181365.327126280404627, 6848099.542496335692704 ], [ 181320.496376272989437, 6848095.622198150493205 ], [ 181014.399749204982072, 6848920.178087657317519 ], [ 180939.430432623717934, 6848985.361536269076169 ], [ 180867.158177215489559, 6849031.778089174069464 ], [ 180836.925072504847776, 6849045.976750967092812 ], [ 180792.956441605871078, 6849056.604618736542761 ], [ 180233.79189463739749, 6849314.446863454766572 ], [ 179986.732438564707991, 6849267.147206658497453 ], [ 179977.773772742890287, 6849265.605746948160231 ], [ 179925.107236376090441, 6849253.58141353726387 ], [ 179448.03921100590378, 6849178.248327003791928 ], [ 179022.954440175031777, 6849047.171012974344194 ], [ 178798.812667412683368, 6848878.104881530627608 ], [ 178571.6406904059113, 6848643.244686054997146 ], [ 178474.659831594210118, 6848017.33298899140209 ], [ 178091.713265162659809, 6847807.752118358388543 ], [ 177977.670893483154941, 6847800.255250673741102 ], [ 177900.843489158316515, 6847791.870442888699472 ], [ 177833.086426762747578, 6847782.113068915903568 ], [ 177757.649209502036683, 6847768.582586982287467 ], [ 177697.459017225191928, 6847755.579260112717748 ], [ 177578.204012386035174, 6847724.785465751774609 ], [ 177504.174964242789429, 6847702.20250933803618 ], [ 177430.361303538200445, 6847676.252698780968785 ], [ 177296.130053444998339, 6847620.806231359951198 ], [ 177245.621932683570776, 6847596.779265062883496 ], [ 177044.626523094833829, 6847491.653059734962881 ], [ 176906.685936840251088, 6847417.351506593637168 ], [ 176370.554866463935468, 6847697.817906450480223 ], [ 176162.976089670730289, 6847800.247288916260004 ], [ 176110.937660936091561, 6847763.420558596029878 ], [ 175926.584959244879428, 6847578.365068598650396 ], [ 175463.281787112005986, 6847347.735859694890678 ], [ 175457.101529703009874, 6847341.708700927905738 ], [ 175061.46403239457868, 6846795.935187364928424 ], [ 174869.22689774481114, 6846800.028469976037741 ], [ 174676.989464636310004, 6846804.128115497529507 ], [ 174461.890215511084534, 6846808.85141081828624 ], [ 174301.876378741580993, 6846811.722396067343652 ], [ 174278.574597789207473, 6846412.458724928088486 ], [ 174438.525764044257812, 6846409.593727541156113 ], [ 174653.051117436727509, 6846404.922758950851858 ], [ 174845.301649295142852, 6846400.822291391901672 ], [ 175037.625452046631835, 6846396.721538919955492 ], [ 175229.865385899203829, 6846392.523089270107448 ], [ 175331.722563945106231, 6846393.591349738650024 ], [ 175424.372614124091342, 6846397.836680858395994 ], [ 175523.741972964606248, 6846407.503982965834439 ], [ 175638.393438315484673, 6846424.611001876182854 ], [ 176266.056751377647743, 6846523.131667135283351 ], [ 176844.639616718632169, 6846969.680600130930543 ], [ 176980.337630805501249, 6847042.843966095708311 ], [ 177118.285014149616472, 6847117.147087675519288 ], [ 177316.639957533043344, 6847220.839912669733167 ], [ 177359.396320571773686, 6847241.100696433335543 ], [ 177483.039466282702051, 6847291.697821894660592 ], [ 177546.42526085395366, 6847313.787280973047018 ], [ 177612.362880502187181, 6847333.750484679825604 ], [ 177723.402248325524852, 6847362.159166857600212 ], [ 177776.252142014272977, 6847373.479190576821566 ], [ 177845.051973617693875, 6847385.709602768532932 ], [ 177906.264719262428116, 6847394.381565917283297 ], [ 177977.019684699713252, 6847401.973300630226731 ], [ 178083.373953273519874, 6847408.822304729372263 ], [ 178253.447792984137777, 6847414.301798745989799 ], [ 178668.247255257971119, 6846705.500806641764939 ], [ 178670.428594364377204, 6846700.05940406024456 ], [ 178798.986083366267849, 6846617.874764398671687 ], [ 179369.727065923681948, 6846243.25492134783417 ], [ 179528.809284990711603, 6846155.562675495631993 ], [ 179892.203246572695207, 6846329.490109547972679 ], [ 179939.155305056308862, 6846346.157136128284037 ], [ 180014.003682554932311, 6846375.394360429607332 ], [ 180295.739920386986341, 6847181.094425863586366 ], [ 180451.251913941989187, 6847181.356285498477519 ], [ 180680.185530898568686, 6847078.964267551898956 ], [ 180720.953687371802516, 6847076.323935348540545 ], [ 181004.855410679941997, 6847180.747874692082405 ], [ 181145.325630680832546, 6847196.099699018523097 ], [ 181253.72181981720496, 6847178.605511538684368 ], [ 181342.60812372592045, 6847194.216560259461403 ], [ 181496.820183803676628, 6847176.653825551271439 ], [ 181630.988042618788313, 6846227.313262145966291 ], [ 181422.858075312222354, 6845841.323433549143374 ], [ 181502.168049971049186, 6845531.687310980632901 ], [ 181585.885609982302412, 6845480.803172118961811 ], [ 182241.976495603332296, 6845657.446290789172053 ], [ 182318.088030808081385, 6845614.393322969786823 ], [ 182582.356133187364321, 6844780.96103963535279 ], [ 182593.285536528157536, 6844683.787809462286532 ], [ 182616.876900767732877, 6844593.857402691617608 ], [ 182666.13982156990096, 6844455.662296333350241 ], [ 182695.468291695171501, 6844387.653518761508167 ], [ 182721.245096947008278, 6844344.736415896564722 ], [ 182860.471709919511341, 6844137.937765201553702 ], [ 182899.606003806518856, 6844091.712732430547476 ], [ 182941.848313621419948, 6844049.563900360837579 ], [ 182986.65384925325634, 6844011.204996875487268 ], [ 183014.458628847729415, 6843990.20595143083483 ], [ 183042.431578683026601, 6843972.763284876942635 ], [ 183087.537471912917681, 6843949.444491292349994 ], [ 183142.340811444388237, 6843930.062409115023911 ], [ 183465.073750019539148, 6843714.330002847127616 ], [ 183687.835250452510081, 6843413.532260864041746 ], [ 183726.911425498547032, 6843413.29749792534858 ], [ 183777.46832309855381, 6843483.019537414424121 ], [ 183867.846660587878432, 6843619.4005664922297 ], [ 184228.056908404571004, 6844242.612751270644367 ], [ 184869.683411235921085, 6844348.968868725933135 ], [ 185108.026714941079263, 6844022.741721420548856 ], [ 185405.332118680002168, 6843462.312905184924603 ], [ 185511.113005810009781, 6843466.451275723986328 ], [ 185668.3139480004902, 6843544.49220141209662 ], [ 186250.806301720789634, 6843593.409231217578053 ], [ 186421.609279075288214, 6843071.679430324584246 ], [ 186389.46881075645797, 6842626.473164354451001 ], [ 186496.723133215331472, 6842273.404249505139887 ], [ 186668.022184826724697, 6842383.258808397687972 ], [ 186827.073628489975818, 6842483.039917557500303 ], [ 186854.746268386079464, 6842502.357529184781015 ], [ 186888.873827918956522, 6842530.925584411248565 ], [ 186930.405341877136379, 6842576.137077543884516 ], [ 187511.138378601404838, 6843002.408386973664165 ], [ 187521.553771385573782, 6843401.545883261598647 ], [ 188022.328275312844198, 6843755.123648629523814 ], [ 188094.199817758286372, 6843702.036105607636273 ], [ 188138.725604264531285, 6843652.585364225320518 ], [ 188308.176611487462651, 6843979.020730237476528 ], [ 188782.634019880730193, 6844584.268023883923888 ], [ 188940.325335980684031, 6844485.03074262291193 ], [ 188980.828910170064773, 6844433.708106243051589 ], [ 189010.91445362981176, 6844408.967661501839757 ], [ 189173.399556002870668, 6844628.240520474500954 ], [ 189152.4815571559011, 6844762.313959740102291 ], [ 189127.122745560773183, 6844835.738106628879905 ], [ 189094.036147803941276, 6844898.013315224088728 ], [ 189214.496558531071059, 6845834.606418159790337 ], [ 189842.970977242919616, 6845689.667768249288201 ], [ 189950.496176426066086, 6845413.639027453958988 ], [ 190099.701862372283358, 6845181.492944626137614 ], [ 190110.077494030701928, 6845162.839738134294748 ], [ 190144.942205280880444, 6845119.050280283205211 ], [ 190334.876390923163854, 6844479.388384528458118 ], [ 190422.880968803190626, 6844112.91541743837297 ], [ 190492.502388009394053, 6844156.690822364762425 ], [ 190536.787265462684445, 6844190.636614980176091 ], [ 190622.129676564945839, 6844281.799031555652618 ], [ 191182.955863739363849, 6844142.283299491740763 ], [ 191241.057073352683801, 6843918.152547664009035 ], [ 191354.895982120477129, 6843757.10068957041949 ], [ 191384.89340495201759, 6843761.728519817814231 ], [ 191981.233238651591819, 6843576.450881516560912 ], [ 192150.749081305402797, 6843698.327396639622748 ], [ 192330.659354998031631, 6843855.230568795464933 ], [ 192376.701729629479814, 6843880.555553009733558 ], [ 192809.144348554837052, 6843263.570658365264535 ], [ 192566.61215947882738, 6842883.820253198966384 ], [ 192585.825660642934963, 6842488.701421375386417 ], [ 192458.760620750894304, 6841981.492073873989284 ], [ 192413.063458247983363, 6841856.603865602985024 ], [ 192371.994556835968979, 6841749.053479042835534 ], [ 192341.971298070915509, 6841660.958449034951627 ], [ 192578.546813682478387, 6841500.940318481065333 ], [ 192642.71681066340534, 6841642.851505689322948 ], [ 192725.763679528143257, 6841835.336557147093117 ], [ 193315.604532489785925, 6842290.479554202407598 ], [ 193347.377294009726029, 6842295.855795783922076 ], [ 193382.170661833020858, 6842306.101707227528095 ], [ 193857.844895822985563, 6843028.884974053129554 ], [ 193895.895922483759932, 6843051.904899361543357 ], [ 194426.434621759864967, 6843091.205456431955099 ], [ 194994.752835854364093, 6842799.785439258441329 ], [ 195067.517053296382073, 6842777.620056002400815 ], [ 195113.749559410032816, 6842766.797928429208696 ], [ 195185.140878617821727, 6842763.833323498256505 ], [ 195577.437446434167214, 6843056.25623984914273 ], [ 196100.982458597747609, 6842696.1972626876086 ], [ 195949.151486949704122, 6842116.996577756479383 ], [ 195777.709741031692829, 6841802.04141741245985 ], [ 195789.509240370476618, 6841785.843597841449082 ], [ 196163.136088390368968, 6841123.828329002484679 ], [ 196413.272386855096556, 6841291.391031662002206 ], [ 196492.639843839337118, 6842158.93762853462249 ], [ 196493.169984839682002, 6842171.053528310731053 ], [ 196503.566779370768927, 6842499.1919578704983 ], [ 196353.518211522838101, 6842957.159434081055224 ], [ 196338.230731970572378, 6843056.337368070147932 ], [ 196275.13836490304675, 6843277.372567043639719 ], [ 196251.550199742254335, 6843332.081567859277129 ], [ 196577.406746722757816, 6844230.054907400161028 ], [ 196786.246843137603719, 6844464.245003994554281 ], [ 196792.509804785775486, 6844489.477178705856204 ], [ 196794.492835346842185, 6844619.405447686091065 ], [ 196797.989345520210918, 6844711.154625069350004 ], [ 197126.662378073204309, 6845597.75377793982625 ], [ 197399.427943774207961, 6845971.816348493099213 ], [ 197402.672167967073619, 6846083.002556384541094 ], [ 197408.317547569109593, 6846156.825460915453732 ], [ 197395.015087651554495, 6846244.67289827670902 ], [ 197624.217140050313901, 6847089.024680227041245 ], [ 197642.225444009585772, 6847139.574614898301661 ], [ 197716.162339547823649, 6847320.968092237599194 ], [ 197840.750990643457044, 6847566.269368981011212 ], [ 198451.403115831839386, 6847923.66731306258589 ], [ 198510.272835368115921, 6847891.470092499628663 ], [ 198891.351605310919695, 6847192.236136599443853 ], [ 198880.832160427933559, 6847041.95666688401252 ], [ 198954.636005847074557, 6846755.755259177647531 ], [ 198481.084402762178797, 6846165.42904597800225 ], [ 198402.618994600314181, 6846211.255313309840858 ], [ 198355.418293436116073, 6846225.149713415652514 ], [ 198299.60478389885975, 6846235.436802707612514 ], [ 198221.587285401648842, 6845962.897162097506225 ], [ 198248.243342128931545, 6845838.976021784357727 ], [ 198368.42168538243277, 6845646.058861301280558 ], [ 198723.580384570232127, 6845165.085652302950621 ], [ 199050.017849540803581, 6844562.657384412363172 ], [ 199127.749520068056881, 6844238.751472637988627 ], [ 199276.731867160415277, 6844038.580583393573761 ], [ 199299.380070668645203, 6844044.99728624150157 ], [ 199393.339925138454419, 6844224.234828935936093 ], [ 199393.533460121660028, 6844227.342218921519816 ], [ 199402.269762143027037, 6844327.898543580435216 ], [ 199456.499751570285298, 6844720.764759947545826 ], [ 199910.201677762262989, 6845357.167531813494861 ], [ 200174.026714981533587, 6845447.713179825805128 ], [ 200679.553665430168621, 6845369.993990663439035 ], [ 201288.171075058227871, 6845787.663541801273823 ], [ 201365.265249249059707, 6846177.239096661098301 ], [ 201212.800447274523322, 6846352.330980602651834 ], [ 201131.73568285012152, 6846343.002188752405345 ], [ 200693.639416550577153, 6846517.875742057338357 ], [ 200567.087886203837115, 6847191.393981526605785 ], [ 200557.498346301203128, 6847239.303016781806946 ], [ 200960.169938668841496, 6848061.137414981611073 ], [ 200990.176694499095902, 6848064.584062322042882 ], [ 201017.194705425819848, 6848071.188593773171306 ], [ 201053.870627062569838, 6848084.996864624321461 ], [ 201101.396432810928673, 6848111.262224402278662 ], [ 201349.086516929033678, 6848196.766034031286836 ], [ 201704.989048600837123, 6847552.34079977683723 ], [ 201763.72841428295942, 6847572.851852698251605 ], [ 201815.594572115223855, 6847605.66817516554147 ], [ 202061.2359147068928, 6847865.989786569960415 ], [ 202175.005575733841397, 6847953.751180240884423 ], [ 202655.548035468615126, 6847995.254574476741254 ], [ 202832.688458442338742, 6847761.518752066418529 ], [ 203067.07412253349321, 6847600.879917064681649 ], [ 203210.764591494982596, 6847951.974163204431534 ], [ 203554.956863996456377, 6848751.625842249952257 ], [ 203989.431815642397851, 6848696.31170248053968 ], [ 204177.843861544446554, 6848393.932103287428617 ], [ 204378.989882421912625, 6848677.107716681435704 ], [ 204821.37313549418468, 6848967.269853218458593 ], [ 205087.34886592294788, 6849027.936301409266889 ], [ 205519.369155498337932, 6848715.333079473115504 ], [ 205585.57877102663042, 6848750.86409352812916 ], [ 205586.195379769604187, 6848751.146298074163496 ], [ 205695.865951153158676, 6848809.085174690000713 ], [ 205709.203553461877163, 6848907.468556324951351 ], [ 205805.845891883189324, 6849228.36874261777848 ], [ 205822.734057513764128, 6849306.702706780284643 ], [ 206458.867984176089521, 6849582.835799095220864 ], [ 206506.415211643034127, 6849437.326711035333574 ], [ 206640.177992339886259, 6849310.152479505166411 ], [ 206749.388166229764465, 6849138.878951730206609 ], [ 206805.817312021332327, 6849058.555071508511901 ], [ 206885.873736904875841, 6848948.556924486532807 ], [ 207006.71669109276263, 6849060.684074314311147 ], [ 207073.914171700540464, 6849251.112654254771769 ], [ 207069.194302492192946, 6849379.591574622318149 ], [ 207015.052450789837167, 6850093.86525871604681 ], [ 207459.391900605638511, 6850418.853818817995489 ], [ 207696.844523821142502, 6850114.775805964134634 ], [ 207703.908127569593489, 6850102.01610828563571 ], [ 207719.308317841030657, 6850094.127820541150868 ], [ 208000.722992888302542, 6849896.899121105670929 ], [ 208046.655803242232651, 6849855.186100673861802 ], [ 208168.209440960723441, 6849705.207936126738787 ], [ 208282.850900988269132, 6849670.283872852101922 ], [ 208309.169325294089504, 6849665.377415962517262 ], [ 208351.89360242721159, 6849664.436917931772768 ], [ 208394.315539268660359, 6849669.546825966797769 ], [ 208650.091392004629597, 6850187.421255808323622 ], [ 209128.490210292977281, 6850895.547985735349357 ], [ 209269.382292742433492, 6850962.957644432783127 ], [ 209511.837193849030882, 6851082.813168904744089 ], [ 209751.743753347371239, 6851201.554536937735975 ], [ 209809.927571738720872, 6851228.659402642399073 ], [ 209869.981966691790149, 6851253.375577152706683 ], [ 210106.965025119716302, 6851305.216119059361517 ], [ 210679.712609047768638, 6851117.004254360683262 ], [ 210719.359132896177471, 6851084.09813167154789 ], [ 210851.119190590921789, 6850969.686629173345864 ], [ 210987.107488690526225, 6850851.798690909519792 ], [ 211081.010836829082109, 6850778.290486165322363 ], [ 211209.323540960089304, 6850688.722319412976503 ], [ 211277.830836075008847, 6850645.915912159718573 ], [ 211349.21881288010627, 6850605.656940420158207 ], [ 211482.22431964171119, 6850537.454855563119054 ], [ 211606.911891112104058, 6850482.115971632301807 ], [ 211761.462467602046672, 6850427.057298528030515 ], [ 211893.029471337387804, 6850388.326630388386548 ], [ 212074.584707253263332, 6850347.963283699005842 ], [ 212228.849550256563816, 6850320.273734604008496 ], [ 212412.198794118419755, 6850287.133420038037002 ], [ 212526.749198883480858, 6850265.242020837962627 ], [ 213084.244642389588989, 6849869.614965277723968 ], [ 213150.177536103408784, 6849862.970109784044325 ], [ 213228.950397973472718, 6849855.807244036346674 ], [ 213248.498900636739563, 6849854.056717954576015 ], [ 213695.060050919244532, 6849970.025088720023632 ], [ 213988.404377030441537, 6849909.874333689920604 ], [ 214281.8363706569653, 6849849.843037471175194 ], [ 214546.581738921755459, 6849795.572206202894449 ], [ 214811.331076770613436, 6849741.313453714363277 ], [ 214865.437726898293477, 6850137.162943436764181 ], [ 214600.706514759280253, 6850191.419305603019893 ], [ 214335.89648384595057, 6850245.58311552554369 ], [ 214042.567367967450991, 6850305.716390394605696 ], [ 213749.24312583723804, 6850365.864493901841342 ], [ 213566.026786143076606, 6850405.867898056283593 ], [ 213386.831988876918331, 6850449.667793063446879 ], [ 213250.267921953636687, 6850487.109792132861912 ], [ 213114.41510328365257, 6850526.838203347288072 ], [ 212990.35109360323986, 6850562.345714625902474 ], [ 212907.254619468469173, 6850584.043354412540793 ], [ 212703.040539448265918, 6850633.98065192066133 ], [ 212583.631042502878699, 6850660.51643446739763 ], [ 212464.135956672020257, 6850683.380479048006237 ], [ 212278.759482168301474, 6850716.913696205243468 ], [ 212124.50522519601509, 6850744.601954377256334 ], [ 211950.165823965740856, 6850783.465680710040033 ], [ 211830.634026775311213, 6850819.06408351380378 ], [ 211574.609120955807157, 6850920.924722703173757 ], [ 210996.834326009557117, 6851318.75876042060554 ], [ 210865.080693759315182, 6851433.16717985086143 ], [ 210821.434244345175102, 6851469.533406067639589 ], [ 210774.792137457174249, 6851505.483138578943908 ], [ 210721.021905063011218, 6851542.926695068366826 ], [ 210661.150338963605464, 6851579.99271116964519 ], [ 210587.559990206907969, 6851616.765890808776021 ], [ 210396.272350328508765, 6851681.652320989407599 ], [ 210343.570651631336659, 6851692.234330511651933 ], [ 210290.773095301527064, 6851699.924264186993241 ], [ 210234.700315841124393, 6851704.767281522974372 ], [ 210125.058400777343195, 6851704.649135430343449 ], [ 210067.299463311617728, 6851700.041587505489588 ], [ 210005.830647889175452, 6851690.95055097900331 ], [ 209946.286066314845812, 6851678.350748054683208 ], [ 209887.434797056834213, 6851662.569186514243484 ], [ 209828.144806907570455, 6851642.474236994981766 ], [ 209756.849150697293226, 6851613.464691235683858 ], [ 209689.528578266326804, 6851582.446690887212753 ], [ 209444.622842168377247, 6851461.342054619453847 ], [ 209202.254093935072888, 6851341.482807466760278 ], [ 209063.834084168367554, 6851275.204917664639652 ], [ 208931.864038543193601, 6851221.325977952219546 ], [ 208800.031083144247532, 6851179.598881751298904 ], [ 208673.62865014950512, 6851149.575601655058563 ], [ 208546.443751833867282, 6851130.443092344328761 ], [ 208472.460995247471146, 6851123.208056422881782 ], [ 208398.465389551478438, 6851119.322012243792415 ], [ 208332.901272482005879, 6851117.958124041557312 ], [ 207777.84441569406772, 6851555.374460141174495 ], [ 207719.060837001597974, 6851699.373203322291374 ], [ 207804.817178927187342, 6852614.432320444844663 ], [ 207856.447309277020395, 6852724.857258259318769 ], [ 207858.970339029678144, 6852732.787774440832436 ], [ 207788.133072286029346, 6853010.242456087842584 ], [ 207650.021696827956475, 6853636.483307749032974 ], [ 207658.144124857266434, 6853908.358875569887459 ], [ 207684.660536257666536, 6854035.083478470332921 ], [ 208292.036897027632222, 6854395.37590108346194 ], [ 208521.629167739825789, 6854622.264882025308907 ], [ 208798.982741031737532, 6855217.646740031428635 ], [ 208766.294375824159943, 6855313.017646522261202 ], [ 208747.721490107476711, 6855367.139884855598211 ], [ 208691.311451065703295, 6855445.33066787943244 ], [ 208606.474453619273845, 6855519.794136711396277 ], [ 208135.204607766179834, 6856087.582336047664285 ], [ 207915.636273944575805, 6856063.922769663855433 ], [ 207911.847242838121019, 6856051.525112431496382 ], [ 207897.254661461396609, 6855961.497820056974888 ], [ 207456.452602185425349, 6855292.778830897063017 ], [ 207190.364898257830646, 6855279.342522907070816 ], [ 206768.479628572647925, 6854879.846935594454408 ], [ 206329.611663576448336, 6854791.883966759778559 ], [ 206069.8820662581129, 6854854.383233824744821 ], [ 205723.496659742842894, 6855002.714252742007375 ], [ 205082.028601479367353, 6855081.510393546894193 ], [ 204986.469251890084706, 6855238.059611185453832 ], [ 204948.965471689996775, 6855307.536139103583992 ], [ 204501.298714636825025, 6855947.381618669256568 ], [ 204429.804960147594102, 6856176.532494232058525 ], [ 204350.452280503697693, 6856192.463172104209661 ], [ 204272.996702036645729, 6856128.455042674206197 ], [ 204142.5957146207802, 6855995.556490929797292 ], [ 204014.376133898738772, 6855859.684532081708312 ], [ 203523.731340757920407, 6856172.13047950156033 ], [ 203801.232966129493434, 6856869.734967965632677 ], [ 203925.322538559034001, 6856955.744971510022879 ], [ 204005.754837520478759, 6857147.139645955525339 ], [ 204408.088690572767518, 6857965.866965815424919 ], [ 204469.688891351222992, 6857988.273137372918427 ], [ 204688.697802674898412, 6858087.162003995850682 ], [ 204958.676402992103249, 6858162.068293957971036 ], [ 205125.206493570061866, 6858381.048767939209938 ], [ 205163.30016019399045, 6858425.329318670555949 ], [ 205009.614299393899273, 6858734.355818141251802 ], [ 204801.356713283981662, 6858564.466861248016357 ], [ 204679.825069991580676, 6858495.740219219587743 ], [ 204091.951878042134922, 6858550.797540845349431 ], [ 203835.042509862862062, 6858416.902947645634413 ], [ 203404.306231392198242, 6858157.649311914108694 ], [ 203103.774247813969851, 6858711.179637617431581 ], [ 202991.622238006442785, 6858796.111841841600835 ], [ 202798.084219519398175, 6858952.967545887455344 ], [ 202730.701403376937378, 6859005.389079424552619 ], [ 202681.246061411802657, 6858989.212280479259789 ], [ 202533.11881941271713, 6858882.306049541570246 ], [ 202079.042882717389148, 6858282.925308186560869 ], [ 202036.421163160528522, 6858264.604342791251838 ], [ 201997.421264705772046, 6858241.955565502867103 ], [ 201976.869595162395854, 6858227.429919822141528 ], [ 201501.375554525235202, 6858184.497481913305819 ], [ 201309.701891181583051, 6858806.549365934915841 ], [ 201265.516923539107665, 6858795.844708934426308 ], [ 201179.005467485578265, 6858778.851408918388188 ], [ 201029.931491346214898, 6858754.188721503131092 ], [ 200771.30433824355714, 6858797.992078015580773 ], [ 200546.952318739145994, 6858558.885739554651082 ], [ 200085.605779887002427, 6858643.175082570873201 ], [ 200200.084834333276376, 6859573.643482813611627 ], [ 200146.262684081157204, 6859957.904725747182965 ], [ 200164.568797327578068, 6860516.496084407903254 ], [ 200163.940386767266318, 6860534.069596333429217 ], [ 200123.030656428833026, 6860692.370999837294221 ], [ 199947.968320601270534, 6860754.230342758819461 ], [ 199914.588831271452364, 6860712.69858664367348 ], [ 199899.772240697522648, 6860649.813832984305918 ], [ 199747.202504735148977, 6860064.310379784554243 ], [ 199629.286884883476887, 6859811.922551691532135 ], [ 199456.131885673559736, 6859568.212586845271289 ], [ 198956.983409081003629, 6859525.640186623670161 ], [ 198598.78133093501674, 6859965.257581089623272 ], [ 197997.513639281853102, 6859758.63933399040252 ], [ 197878.968128569016699, 6859811.535972798243165 ], [ 197748.245053452556022, 6859590.753448874689639 ], [ 197729.487761169322766, 6859465.611691305413842 ], [ 197667.770379271241836, 6859233.048690513707697 ], [ 197123.301257114449982, 6858658.584963852539659 ], [ 196873.824088502151426, 6858877.749021084979177 ], [ 196839.442285004886799, 6858881.291242371313274 ], [ 196352.624594820372295, 6858913.859436109662056 ], [ 196320.795650878222659, 6858915.285879120230675 ], [ 196296.690718227589969, 6858908.564616403542459 ], [ 196285.041627660568338, 6858897.078511175699532 ], [ 196235.045850733760744, 6858816.278072230517864 ], [ 196155.453126258333214, 6858617.084116550162435 ], [ 196106.733375307987444, 6858514.413196640089154 ], [ 195933.790491255931556, 6858230.268599667586386 ], [ 195365.512294105195906, 6858415.516087560914457 ], [ 195247.989872928534169, 6858803.157909422181547 ], [ 195221.321787629567552, 6858892.746703102253377 ], [ 195177.869578096084297, 6858978.998886371962726 ], [ 195141.083650177519303, 6859030.523040570318699 ], [ 195027.292585855233483, 6859132.054157030768692 ], [ 194915.219677253451664, 6859224.398997825570405 ], [ 194734.597412538947538, 6859369.479912895709276 ], [ 194176.483751099964138, 6859685.766851639375091 ], [ 193942.915449317486491, 6859872.100532014854252 ], [ 193789.283329975558445, 6859918.438279945403337 ], [ 193193.516051547368988, 6859673.653383270837367 ], [ 192900.112438782933168, 6860159.773695589974523 ], [ 192896.80124572844943, 6860164.192593215964735 ], [ 192809.513088855077513, 6860256.088493637740612 ], [ 192425.23270508897258, 6860909.560534455813468 ], [ 192305.823402780166361, 6861320.780496787279844 ], [ 192292.481499977351632, 6861378.642977312207222 ], [ 192213.993282047682442, 6861640.642061907798052 ], [ 191806.601223374367692, 6861967.085075529292226 ], [ 191853.071186770976055, 6862569.347607372328639 ], [ 191815.975529785442632, 6862891.452569696120918 ], [ 191811.54806791304145, 6862910.925196231342852 ], [ 191744.782071389257908, 6863025.373359740711749 ], [ 191466.566743889299687, 6863258.156745517626405 ], [ 191233.195988494670019, 6863313.693953712470829 ], [ 190786.53248471848201, 6863147.701374227181077 ], [ 190596.031763835519087, 6863025.837072569876909 ], [ 190438.579133020539302, 6862653.64149622246623 ], [ 189815.864219370763749, 6862288.587367931380868 ], [ 189787.947832014877349, 6862299.862761258147657 ], [ 189556.63052339135902, 6862470.573564382269979 ], [ 189507.28350475494517, 6862504.609253833070397 ], [ 189464.608467233018018, 6862512.834245338104665 ], [ 189414.531860136601608, 6862504.189599997363985 ], [ 189376.541776475205552, 6862152.851220656186342 ], [ 188824.440047120850068, 6861666.046383360400796 ], [ 188588.686195129994303, 6862324.35500656068325 ], [ 188596.74825991212856, 6862386.367136543616652 ], [ 188599.556626035831869, 6862460.896770285442472 ], [ 188592.172873930539936, 6862523.82605102378875 ], [ 188578.578679044556338, 6862570.004346558824182 ], [ 188609.604071181500331, 6863237.141056737862527 ], [ 188592.603873681102414, 6863494.22708625625819 ], [ 188589.188421869708691, 6863616.2945178411901 ], [ 188569.206952410226222, 6863671.296585767529905 ], [ 188530.189224297297187, 6863722.510929462499917 ], [ 188495.514388923707884, 6863749.234362686984241 ], [ 188458.531743958941661, 6863769.911712073720992 ], [ 188020.980619387060869, 6864029.897332338616252 ], [ 187873.946259544230998, 6864279.736027757637203 ], [ 187827.4401001027436, 6864269.562490194104612 ], [ 187238.847714647767134, 6864329.794047870673239 ], [ 186810.519163054472301, 6864764.63115696515888 ], [ 186645.857133272686042, 6865171.660692763514817 ], [ 186639.081450016645249, 6865186.101556084118783 ], [ 186439.536422058823518, 6865177.008571858517826 ], [ 186433.220661773171742, 6865166.630506087094545 ], [ 186274.979653941525612, 6864875.847892162390053 ], [ 186177.564887269574683, 6864665.949628881178796 ], [ 186177.559887561365031, 6864654.230559511110187 ], [ 186024.444730712042656, 6863914.198570040054619 ], [ 185716.885489481559489, 6863604.983642585575581 ], [ 185340.061575919738971, 6863594.143846921622753 ], [ 185303.803672818350606, 6863610.424650185741484 ], [ 185258.757356239366345, 6863634.295236945152283 ], [ 185213.02358171826927, 6863661.240913290530443 ], [ 185127.15733704570448, 6863724.904132097959518 ], [ 184995.068173369683791, 6863364.299386504106224 ] ] ] } },
{ "type": "Feature", "properties": { "fid": 8, "ID": null, "CENTER_LON": "-4.110093780584127", "CENTER_LAT": "47.968796898032636", "AA_MINS": 15, "AA_MODE": "driving-car", "TOTAL_POP": "64883" }, "geometry": { "type": "Polygon", "coordinates": [ [ [ 161027.97235525585711, 6788507.541202259249985 ], [ 161097.662219387828372, 6788468.44435662496835 ], [ 161153.777769464417361, 6788438.183066194877028 ], [ 161184.695505038369447, 6788425.635487927123904 ], [ 161217.080390475224704, 6788417.640045972540975 ], [ 161486.692808825289831, 6788287.995748523622751 ], [ 161753.721438672975637, 6788376.754207696765661 ], [ 162333.846255121869035, 6788064.684756835922599 ], [ 162592.834064369206317, 6788205.658406683243811 ], [ 163214.810172512894496, 6788607.670652041211724 ], [ 163489.014080869150348, 6787997.889624720439315 ], [ 163007.77304995211307, 6787310.477262453176081 ], [ 162856.381032952223904, 6787265.304636614397168 ], [ 162614.627263875794597, 6787061.590815791860223 ], [ 162373.646933850483038, 6786977.768447956070304 ], [ 162141.905955139314756, 6786778.957025459036231 ], [ 161889.902801296673715, 6786764.788148319348693 ], [ 161851.69620901660528, 6786764.162742943502963 ], [ 161325.154808355378918, 6786403.839246067218482 ], [ 161257.255862463265657, 6786011.151181898079813 ], [ 161130.950711848447099, 6785429.777977148070931 ], [ 160577.986016621347517, 6785534.238297794945538 ], [ 160478.791502639767714, 6785676.031312519684434 ], [ 160283.733436312060803, 6785379.28702508751303 ], [ 160124.969175680074841, 6784877.349303943105042 ], [ 159920.793657100293785, 6784364.528044123202562 ], [ 159685.234474110300653, 6783526.423645249567926 ], [ 159486.837537257815711, 6783312.581604961305857 ], [ 159471.759411290055141, 6783301.136998812668025 ], [ 159161.162985246512108, 6783136.35395844746381 ], [ 159098.868916919105686, 6783107.387749810703099 ], [ 159057.137863337760791, 6782927.112591722048819 ], [ 159058.536064670421183, 6782908.906671438366175 ], [ 159162.128698165761307, 6782727.41004007961601 ], [ 159224.426014788099565, 6782756.376868174411356 ], [ 159441.789072056068107, 6782845.16284042596817 ], [ 159996.999005604302511, 6782856.126646897755563 ], [ 160236.117002757498994, 6783067.58091598469764 ], [ 160684.099613147904165, 6782405.344231564551592 ], [ 160702.493194320122711, 6782327.108590707182884 ], [ 160817.504120897618122, 6782200.725228616036475 ], [ 161198.332945541245863, 6781789.519787373021245 ], [ 161467.341285957256332, 6781614.54876612033695 ], [ 161542.485708152526058, 6781536.582198539748788 ], [ 161817.185606527258642, 6780833.10530343092978 ], [ 161415.910678431508131, 6780136.120056471787393 ], [ 161348.275410518283024, 6779919.71587341837585 ], [ 161115.251730814925395, 6779422.6761241145432 ], [ 160944.795740471105091, 6779119.634377358481288 ], [ 160955.559540269197896, 6779100.347708133980632 ], [ 160664.594735058955848, 6778176.149073304608464 ], [ 160528.769089651294053, 6778152.796974082477391 ], [ 160371.429753111326136, 6778119.149140033870935 ], [ 160171.66590938786976, 6778075.565581145696342 ], [ 160191.638622215948999, 6777680.852764858864248 ], [ 160391.414908359060064, 6777724.436908826231956 ], [ 160547.999359943903983, 6777757.932224848307669 ], [ 161120.341659078141674, 6777361.320711859501898 ], [ 161239.7662981483154, 6777425.913098792545497 ], [ 161309.57892772264313, 6777466.043465345166624 ], [ 161698.699842615169473, 6777861.648337945342064 ], [ 161898.044513900065795, 6778041.001045980490744 ], [ 162196.735871197422966, 6778695.072883417829871 ], [ 162464.951633916585706, 6778690.841580290347338 ], [ 162513.709265512530692, 6778668.418054513633251 ], [ 162552.140102740959264, 6778654.526654116809368 ], [ 162582.801203081617132, 6778650.049105451442301 ], [ 162618.251063687959686, 6778651.159053112380207 ], [ 162660.194186775246635, 6778659.262819718569517 ], [ 162686.423659357242286, 6778666.237218248657882 ], [ 163113.950694190571085, 6778920.613501235842705 ], [ 163122.986476827063598, 6778929.160512594506145 ], [ 163191.830497815855779, 6779121.702354313805699 ], [ 163850.546310062753037, 6779013.142828498966992 ], [ 164056.139689245377667, 6778907.583200883120298 ], [ 164100.361578662530519, 6778883.132059849798679 ], [ 164535.71467241004575, 6778595.19430591724813 ], [ 164584.193026004475541, 6778559.759803698398173 ], [ 164625.393799366429448, 6778553.99810133036226 ], [ 164779.109500485472381, 6778856.645612930878997 ], [ 164765.955703747808002, 6778875.360813246108592 ], [ 164594.358855995116755, 6779596.258528917096555 ], [ 164588.812610769993626, 6779641.617229138500988 ], [ 164576.412858951603994, 6779771.505287416279316 ], [ 165163.543553867028095, 6780327.232348443008959 ], [ 165523.10998294595629, 6780344.385321720503271 ], [ 165667.991064600413665, 6780364.344744200818241 ], [ 165740.365386771853082, 6780383.09034448582679 ], [ 166366.680147129460238, 6780332.418621772900224 ], [ 166670.60510563745629, 6780447.523337134160101 ], [ 166692.714451423380524, 6780455.557895632460713 ], [ 166742.945856963400729, 6780489.937259995378554 ], [ 166801.019692823872901, 6780578.498929405584931 ], [ 166824.427694086916745, 6780721.530422255396843 ], [ 166929.063320770743303, 6781698.450222101993859 ], [ 167134.560439864872023, 6782394.430132637731731 ], [ 167546.742922365781851, 6782761.164901151321828 ], [ 168173.912523314938881, 6782910.075954081490636 ], [ 168828.928867280599661, 6782918.853418737649918 ], [ 168862.259628981817514, 6782911.822273896075785 ], [ 168949.659938962315209, 6782899.901738923974335 ], [ 169079.904118016944267, 6783545.946916102431715 ], [ 169078.84842272172682, 6783552.513486091978848 ], [ 169004.434357484336942, 6783912.699957433156669 ], [ 169321.872766703832895, 6784661.875981098040938 ], [ 169360.579438173794188, 6784688.724822478368878 ], [ 169417.134275050950237, 6784850.858963971026242 ], [ 169438.6895271318499, 6785251.907477370463312 ], [ 168973.144308849354275, 6785748.772320169024169 ], [ 168967.272721533081494, 6785805.647833490744233 ], [ 168960.268192462273873, 6785842.542743535712361 ], [ 169129.203781461110339, 6786527.04719499964267 ], [ 169480.790066177840345, 6786550.149856373667717 ], [ 169508.70076196140144, 6786575.408592643216252 ], [ 169562.264501762343571, 6786677.230716836638749 ], [ 170215.091637762612663, 6786869.188991024158895 ], [ 170379.840627131285146, 6786881.430912550538778 ], [ 170591.333211616030894, 6787039.7468705708161 ], [ 171194.291491714306176, 6786930.380647383630276 ], [ 171232.400836137239821, 6786750.443110360763967 ], [ 171199.573021294781938, 6786271.307710565626621 ], [ 171144.426163891563192, 6786143.285395736806095 ], [ 171086.250002496875823, 6786052.35445202793926 ], [ 171066.492231715004891, 6786018.544159838929772 ], [ 171031.014506370876916, 6785940.8532918933779 ], [ 171012.386905768769793, 6785873.024125266820192 ], [ 171001.911585057270713, 6785805.018155371770263 ], [ 170965.743059383472428, 6785620.729368736967444 ], [ 170959.703815186046995, 6785589.476349094882607 ], [ 171203.916031705914065, 6785446.084546573460102 ], [ 171214.376269975327887, 6785479.840231081470847 ], [ 171572.572438405593857, 6785925.656000955030322 ], [ 171929.305767955142073, 6785616.974309323355556 ], [ 171951.255243819672614, 6785563.566964792087674 ], [ 172204.929454806959257, 6785345.175305699929595 ], [ 172244.109575017006136, 6785272.481109076179564 ], [ 172270.684526595869102, 6785223.791685596108437 ], [ 172346.932297818246298, 6784767.993094270117581 ], [ 172024.60005508584436, 6784176.54867348074913 ], [ 171932.127221389906481, 6783792.596390073187649 ], [ 171965.179913683910854, 6783778.355757198296487 ], [ 172007.269877267302945, 6783762.075461577624083 ], [ 172049.410340365138836, 6783748.022272702306509 ], [ 172096.291871150257066, 6783738.340508214198053 ], [ 172584.394916960969567, 6783599.982798619195819 ], [ 172765.455043696099892, 6783593.540774863213301 ], [ 172835.006176076713018, 6783775.394881062209606 ], [ 173139.804925947566517, 6784675.92346044164151 ], [ 173556.407636026036926, 6785369.971045058220625 ], [ 173921.399990969803184, 6785525.905562109313905 ], [ 174248.44799120479729, 6785457.557212861254811 ], [ 174313.501648646779358, 6785422.501404616050422 ], [ 174367.137114453245886, 6785388.803477328270674 ], [ 174473.319498835597187, 6785320.948896162211895 ], [ 174546.985677017830312, 6785269.059798739850521 ], [ 174676.957091053831391, 6785631.945538631640375 ], [ 174603.285077027743682, 6785683.722398538142443 ], [ 174489.347683574422263, 6785756.955209909006953 ], [ 174434.010508322506212, 6785791.697220783680677 ], [ 174218.691105453064665, 6786693.791492726653814 ], [ 174300.547484181937762, 6786938.484032137319446 ], [ 174802.495752933667973, 6787493.424560617655516 ], [ 174999.037630954990163, 6787436.232014345936477 ], [ 175091.661303285742179, 6787414.000582889653742 ], [ 175167.167158278054558, 6787402.226718644611537 ], [ 175547.951137288007885, 6787148.403481026180089 ], [ 175590.155962838791311, 6787137.826528671197593 ], [ 176114.446160757739563, 6786895.877093521878123 ], [ 176156.016369235876482, 6786859.701833828352392 ], [ 176204.480375040031504, 6786836.968433350324631 ], [ 176724.965107053285465, 6786268.656360645778477 ], [ 176753.406849224527832, 6786271.69876463431865 ], [ 177026.007146736548748, 6786294.816113023087382 ], [ 177091.911098176205996, 6786305.455127337016165 ], [ 177134.770884030964226, 6786310.561619234271348 ], [ 177663.840992936166003, 6786227.085325827822089 ], [ 177790.347209626401309, 6786121.449751924723387 ], [ 178456.553076511365362, 6786049.944062469527125 ], [ 178483.596861812169664, 6786031.365286217071116 ], [ 179001.509374319226481, 6786078.521286149509251 ], [ 179251.957892750040628, 6785977.983535981737077 ], [ 179415.061057610088028, 6785912.980610963888466 ], [ 179576.50684740912402, 6785848.687244262546301 ], [ 179721.406641824985854, 6785787.873159863054752 ], [ 179820.029416293138638, 6785744.215677228756249 ], [ 179918.308733414334711, 6785698.359308041632175 ], [ 180015.17865038610762, 6785650.956245301291347 ], [ 180151.731781354523264, 6785580.40684068761766 ], [ 180261.665766558959149, 6785520.584270654246211 ], [ 180425.342382046743296, 6785425.441098233684897 ], [ 180558.687449093675241, 6785342.245781077072024 ], [ 180739.324040422507096, 6785222.743136951699853 ], [ 180921.888584052736405, 6785091.920969062484801 ], [ 181053.371032791503239, 6785453.663917512632906 ], [ 180870.816466163494624, 6785584.482175952754915 ], [ 180683.331611063738819, 6785708.603623158298433 ], [ 180545.10001307685161, 6785794.906629438512027 ], [ 180375.463156645186245, 6785893.698597684502602 ], [ 180260.751358074019663, 6785956.173851883970201 ], [ 180120.200728930416517, 6786028.860496404580772 ], [ 180019.321233733964618, 6786078.29095328040421 ], [ 179917.736660029389895, 6786125.666216653771698 ], [ 179815.521239545138087, 6786170.979734404943883 ], [ 179667.170740104105789, 6786233.325420077890158 ], [ 179502.414310776104685, 6786299.026449585333467 ], [ 179339.311906287271995, 6786363.916345399804413 ], [ 179089.390100414864719, 6786464.293633944354951 ], [ 178839.337259230087511, 6786564.80547499936074 ], [ 178601.318456415145192, 6787180.104027477093041 ], [ 178589.000991995737422, 6787189.007502724416554 ], [ 178037.567214416223578, 6787624.693417137488723 ], [ 178013.630719789071009, 6787640.209784992039204 ], [ 177981.560208078240976, 6787655.22270985506475 ], [ 177427.758978027151898, 6788033.954408311285079 ], [ 177390.910681091423612, 6788073.493562132120132 ], [ 177359.788960412435699, 6788102.482419424690306 ], [ 177315.492590170761105, 6788139.115619537420571 ], [ 177244.347494976245798, 6788189.632025212049484 ], [ 177096.506399286154192, 6788282.125987660139799 ], [ 176817.668997274071444, 6788921.244813974946737 ], [ 176726.743831094005145, 6788930.358152527362108 ], [ 176237.296918522391934, 6788970.910719732753932 ], [ 176172.945523730537388, 6788979.891591442748904 ], [ 175929.841183911659755, 6788983.083642794750631 ], [ 175316.037584368488751, 6789101.093349712900817 ], [ 175157.950134037528187, 6789196.565554831176996 ], [ 175143.210272184223868, 6789197.549586911685765 ], [ 175012.83999087382108, 6789190.137296877801418 ], [ 174815.34766446868889, 6789212.61160945892334 ], [ 174301.457199634984136, 6789724.878626193851233 ], [ 174081.110863245092332, 6790002.574693149887025 ], [ 173615.131585271912627, 6790466.549939990974963 ], [ 173500.623502725269645, 6790505.501203476451337 ], [ 172865.231129413703457, 6790665.553221823647618 ], [ 172745.972883099806495, 6790813.170338528230786 ], [ 172558.05950865522027, 6790835.868751116096973 ], [ 171984.028705042088404, 6790537.632704130373895 ], [ 171626.249477678444237, 6790841.755452148616314 ], [ 171384.60003629559651, 6791202.824963450431824 ], [ 170941.240609721513465, 6791511.922673909924924 ], [ 170932.076134728384204, 6791525.69210269395262 ], [ 171140.189499600441195, 6792475.829792970791459 ], [ 171326.201137317228131, 6792451.690460846759379 ], [ 171479.469399155816063, 6792533.491415482014418 ], [ 171518.319653485668823, 6792656.402830430306494 ], [ 171519.158791320165619, 6792667.373027390800416 ], [ 171502.60255495691672, 6792771.848379516974092 ], [ 171453.750853528967127, 6793563.299558829516172 ], [ 171336.362858109292574, 6793908.945422936230898 ], [ 171301.28036179963965, 6793880.087448256090283 ], [ 171262.579247211688198, 6793844.303655188530684 ], [ 171222.916187799652107, 6793800.35027165338397 ], [ 171180.802429862436838, 6793743.340715692378581 ], [ 171145.810336334747262, 6793686.469930707477033 ], [ 171120.415151894907467, 6793636.432168805040419 ], [ 171099.117030255962163, 6793585.355384593829513 ], [ 171070.068003624677658, 6793490.682536482810974 ], [ 171056.356748378835618, 6793426.648033329285681 ], [ 171045.117365556303412, 6793352.683463340625167 ], [ 170647.042392118717544, 6792633.470510232262313 ], [ 170409.442293445114046, 6792557.968210361897945 ], [ 170171.605762401944958, 6792485.732049259357154 ], [ 169652.184594645397738, 6792266.693863752298057 ], [ 169545.281063582515344, 6791972.094138671644032 ], [ 169069.987328886636533, 6791465.592309216968715 ], [ 169012.936215088353492, 6791437.507872637361288 ], [ 168991.250568217481486, 6791425.412757465615869 ], [ 168956.614098759135231, 6791401.770670538768172 ], [ 168305.905574266333133, 6791192.387148146517575 ], [ 168251.298335938947275, 6791188.858383868820965 ], [ 168206.119100415031426, 6791181.127815378829837 ], [ 168167.894881631946191, 6791171.651059599593282 ], [ 167511.951986179221421, 6791329.252430165186524 ], [ 167470.811873160069808, 6791313.238564949482679 ], [ 166990.365009102853946, 6791676.342619052156806 ], [ 167034.456561141880229, 6792180.362978260032833 ], [ 167092.527373002259992, 6792575.438117568381131 ], [ 166840.231533545302227, 6792644.57031497079879 ], [ 166798.585803816094995, 6792657.507310388609767 ], [ 166638.564867732464336, 6792690.027210799045861 ], [ 166351.068046010332182, 6792252.2284323759377 ], [ 166022.228218145319261, 6792176.497867229394615 ], [ 165360.469003877253272, 6792130.127118992619216 ], [ 165191.692440969171003, 6792221.953992686234415 ], [ 165137.112217988003977, 6792248.24519545212388 ], [ 165111.684699136763811, 6792257.59459472168237 ], [ 165035.194121728069149, 6792282.538108004257083 ], [ 164835.567620733636431, 6792330.771607531234622 ], [ 164815.35988775244914, 6792334.959364435635507 ], [ 164802.548334394814447, 6792333.227574891410768 ], [ 164792.487335876794532, 6792131.95412383787334 ], [ 164213.406979899154976, 6791696.095295878127217 ], [ 164139.821966633317061, 6791741.427840266376734 ], [ 164131.308155790902674, 6791748.231489875353873 ], [ 164110.372205595253035, 6791758.402095593512058 ], [ 164092.525522179086693, 6791763.045920635573566 ], [ 163944.823790828115307, 6791629.141564344987273 ], [ 163578.301369906286709, 6790779.677781278267503 ], [ 163541.774357224814594, 6790517.891121725551784 ], [ 163266.5632402083138, 6789693.232966572977602 ], [ 163097.272889180574566, 6789684.288278646767139 ], [ 162825.906578114605509, 6789774.633608857169747 ], [ 162594.065231966320425, 6789921.850864823907614 ], [ 162399.691899938625284, 6789801.852342534810305 ], [ 162348.466480255010538, 6789577.236154328100383 ], [ 161905.44347199157346, 6789018.74548795633018 ], [ 161608.325950974831358, 6788942.228712181560695 ], [ 161113.301250570337288, 6788897.292173250578344 ], [ 161082.975296968827024, 6788903.202317730523646 ], [ 161027.97235525585711, 6788507.541202259249985 ] ] ] } },
{ "type": "Feature", "properties": { "fid": 9, "ID": null, "CENTER_LON": "-3.90254259763715", "CENTER_LAT": "47.934364831352646", "AA_MINS": 15, "AA_MODE": "driving-car", "TOTAL_POP": "28946" }, "geometry": { "type": "Polygon", "coordinates": [ [ [ 172584.739612283068709, 6792340.242523748427629 ], [ 172607.636983192758635, 6792251.937721192836761 ], [ 172628.08237211976666, 6792189.626766559667885 ], [ 172663.754344652988948, 6792101.847009017132223 ], [ 172681.805980436969548, 6792062.847027825191617 ], [ 172731.746642749989405, 6791972.222724968567491 ], [ 172773.497275393106975, 6791907.885279955342412 ], [ 172798.201579824788496, 6791873.754662465304136 ], [ 172845.323342816554941, 6791815.852406715974212 ], [ 172896.779181015794165, 6791760.350316127762198 ], [ 172941.195953389513306, 6791717.307987079955637 ], [ 173283.316040977952071, 6791419.802934632636607 ], [ 173562.228399835526943, 6791178.42437300644815 ], [ 173646.365143473725766, 6791100.69504617806524 ], [ 173710.323756499798037, 6791030.021660866215825 ], [ 173780.725454483763315, 6790937.684462673030794 ], [ 173850.819743254571222, 6790833.549635346978903 ], [ 174061.276584648177959, 6790001.006061337888241 ], [ 174144.671189324348234, 6789634.058429408818483 ], [ 174147.498976730159484, 6789633.023961339145899 ], [ 174344.773295336053707, 6789651.713627348653972 ], [ 174603.334465626510791, 6789613.934185500256717 ], [ 175041.486732639372349, 6789255.851931063458323 ], [ 175103.530491506215185, 6789090.538414879702032 ], [ 175137.504303513560444, 6788397.914881399832666 ], [ 174658.25669596879743, 6787932.291269796900451 ], [ 174569.793465538881719, 6787938.984961839392781 ], [ 174349.673418633523397, 6787952.675574954599142 ], [ 174134.458074560970999, 6787965.934904242865741 ], [ 174015.77670129481703, 6787979.807906163856387 ], [ 173903.125322893843986, 6787998.274741544388235 ], [ 173619.436558181303553, 6788061.538734884001315 ], [ 173330.368030210142024, 6788125.746051707305014 ], [ 173245.644367203465663, 6788139.041476724669337 ], [ 173178.440959710278548, 6788144.740369601175189 ], [ 172759.725755426799878, 6788339.104462732560933 ], [ 172746.298821841250174, 6788347.228298204019666 ], [ 172718.418260870617814, 6788359.551863725297153 ], [ 172664.191350061446428, 6788365.429530837573111 ], [ 172610.674625453073531, 6788362.541490860283375 ], [ 172279.783454320393503, 6788298.017505078576505 ], [ 172093.254975621239282, 6788307.879986004903913 ], [ 172064.10479431564454, 6787908.963703117333353 ], [ 172385.165198337286711, 6787741.405617444775999 ], [ 172389.10309748898726, 6787739.378006799146533 ], [ 172796.987241529743187, 6787728.377986269071698 ], [ 172837.562295849784277, 6787726.406162212602794 ], [ 173282.234020414296538, 6787728.870061041787267 ], [ 173560.497523218509741, 6787666.747231234796345 ], [ 173844.13114642072469, 6787603.487115708179772 ], [ 173966.574687880580314, 6787583.026365079917014 ], [ 174093.7804906074889, 6787568.054412993602455 ], [ 174318.80999732692726, 6787553.804125448688865 ], [ 174539.019279732834548, 6787540.10569005459547 ], [ 174988.488961113267578, 6787449.782538786530495 ], [ 175547.951137288007885, 6787148.403481026180089 ], [ 175590.155962838791311, 6787137.826528671197593 ], [ 175758.792234598658979, 6787125.325493015348911 ], [ 176237.173013823863585, 6786528.371579173021019 ], [ 176345.940079088904895, 6786175.503630246967077 ], [ 176688.375900358427316, 6786268.348606100305915 ], [ 177183.083093468449079, 6785671.14891504123807 ], [ 177398.327009342610836, 6785453.741542228497565 ], [ 177539.074967645865399, 6785567.720448896288872 ], [ 177681.90882570220856, 6785716.992356240749359 ], [ 177720.67788028618088, 6785749.353017220273614 ], [ 177751.713559682480991, 6785785.748705609701574 ], [ 177802.521679756406229, 6785855.749523106962442 ], [ 178276.597380145220086, 6786163.77324597351253 ], [ 178524.685437935288064, 6785989.562024707905948 ], [ 178639.504624225664884, 6785783.35627753380686 ], [ 178697.626505509426352, 6785589.105132942087948 ], [ 178717.152841151342727, 6785487.527740275487304 ], [ 178736.827454206068069, 6785434.018300442956388 ], [ 178833.873802654561587, 6785385.241191222332418 ], [ 178861.25378423393704, 6785399.097669200971723 ], [ 178863.745077116996981, 6785400.996073464863002 ], [ 178976.16427454946097, 6785643.580604956485331 ], [ 179576.50684740912402, 6785848.687244262546301 ], [ 179905.937961365270894, 6785374.384465804323554 ], [ 180071.468658697558567, 6785328.932019449770451 ], [ 180333.472942539490759, 6784866.656371095217764 ], [ 179838.305930066213477, 6784257.469966237433255 ], [ 179781.136676315334626, 6784266.885660221800208 ], [ 179541.451646916742902, 6784294.486013763584197 ], [ 179331.368423064006492, 6784418.420308810658753 ], [ 179073.605321572569665, 6784272.613287125714123 ], [ 179102.817881864204537, 6783920.18480184674263 ], [ 179337.897952642466407, 6783749.182474285364151 ], [ 179243.434341049753129, 6782922.241007264703512 ], [ 179155.160435449914075, 6782811.822000347077847 ], [ 178557.920483305351809, 6782914.462406576611102 ], [ 178524.155878868012223, 6782935.197758076712489 ], [ 178487.026057638751809, 6782948.423303838819265 ], [ 178254.185253584291786, 6783062.142422103323042 ], [ 178128.612007547402754, 6783148.823657129891217 ], [ 177697.851199222088326, 6783232.523803048767149 ], [ 177449.225399719376583, 6783353.92828902695328 ], [ 177381.927555336791556, 6783351.550469317473471 ], [ 177354.785163689637557, 6783333.774267290718853 ], [ 177319.51502943498781, 6783293.740788661874831 ], [ 177316.369337949552573, 6783289.558485430665314 ], [ 177286.710078452248126, 6783018.659969466738403 ], [ 177458.943420483497903, 6782780.776350220665336 ], [ 177588.131626731541473, 6782098.383763819001615 ], [ 177613.886378775991034, 6781957.205987308174372 ], [ 177626.283940573222935, 6781933.90378640498966 ], [ 177697.893112837802619, 6781897.750317960977554 ], [ 178094.220485516183544, 6781873.453984693624079 ], [ 178363.810001384699717, 6781877.506283387541771 ], [ 178799.122779816447292, 6782071.230021302588284 ], [ 179351.633704289677553, 6781636.366351991891861 ], [ 179439.49387575261062, 6781481.441520793363452 ], [ 179444.903738032793626, 6780522.840486804954708 ], [ 179035.193520941480529, 6780351.446145139634609 ], [ 178875.170798092789482, 6780463.134722204878926 ], [ 178771.07470003189519, 6780395.397504094056785 ], [ 178766.19984666001983, 6780285.504294504411519 ], [ 178690.38464111922076, 6779599.154497778043151 ], [ 178713.032252394361421, 6779387.761767151765525 ], [ 178728.295156867126934, 6779208.928485252894461 ], [ 179239.269264371483587, 6779020.615979355759919 ], [ 179800.031844587356318, 6778829.281814347021282 ], [ 179908.903941708093043, 6778899.180728043429554 ], [ 179950.408308455662336, 6778955.409965872764587 ], [ 180326.135383423708845, 6779182.974661966785789 ], [ 180730.906178660457954, 6778624.253959137946367 ], [ 180741.971501570369583, 6778488.860644141212106 ], [ 180746.975642362725921, 6778459.750637446530163 ], [ 180754.479486476629972, 6778442.801639966666698 ], [ 180938.704135045933072, 6778244.036237647756934 ], [ 181024.50103981315624, 6778173.323792431503534 ], [ 181064.815120631072205, 6778187.277162926271558 ], [ 181350.063429337635171, 6778419.88399566244334 ], [ 181711.141226209292654, 6777934.817830700427294 ], [ 181718.102893640694674, 6777870.845727240666747 ], [ 181741.900989474554081, 6777769.805952234193683 ], [ 181767.070469894330017, 6777708.13276644423604 ], [ 181799.80278611194808, 6777649.697120185010135 ], [ 182045.38173182803439, 6777032.065907750278711 ], [ 182162.616959227714688, 6776946.556443546898663 ], [ 182563.700898614362814, 6776880.007378716953099 ], [ 182825.626354921027087, 6776256.632394401356578 ], [ 183025.273075996025, 6775825.47366513684392 ], [ 183287.6315571248997, 6775481.617176281288266 ], [ 183412.891495327465236, 6775462.134224716573954 ], [ 183962.411011566233356, 6775550.074627553112805 ], [ 184364.843222084222361, 6775500.382143185473979 ], [ 184365.571665388881229, 6775500.987505990080535 ], [ 184471.386104599980172, 6775579.826076188124716 ], [ 184525.167347233218607, 6775768.744578282348812 ], [ 184596.947335474425927, 6775945.600967508740723 ], [ 184682.835547519091051, 6776121.667675952427089 ], [ 185145.913503972929902, 6776402.555584884248674 ], [ 185226.709552093583625, 6776495.866208055056632 ], [ 185500.942373055382632, 6776741.228007837198675 ], [ 185743.536520154040772, 6775898.632087888196111 ], [ 185611.473290235968307, 6775709.861243028193712 ], [ 185754.114891770994291, 6775386.416471143253148 ], [ 186372.215090521844104, 6775697.566261856816709 ], [ 186582.178977493720595, 6775734.774392247200012 ], [ 186630.164848080195952, 6775748.98812944162637 ], [ 186668.102417480607983, 6775768.429412120953202 ], [ 186766.730470462993253, 6775833.32224078476429 ], [ 186808.779238938644994, 6775872.370533446781337 ], [ 186836.37857117614476, 6775905.764911805279553 ], [ 186946.980759602156468, 6776031.406558868475258 ], [ 186991.785232219204772, 6776077.130775245837867 ], [ 187182.467262087040581, 6776308.106579572893679 ], [ 187744.245368309202604, 6776375.352846684865654 ], [ 187842.774097319052089, 6776334.312149382196367 ], [ 187879.076760983036365, 6776320.442478477954865 ], [ 187917.871991383726709, 6776311.932699757628143 ], [ 187945.937946828897111, 6776311.161271788179874 ], [ 187995.229825678397901, 6776319.806491761468351 ], [ 188032.485135619004723, 6776334.965453196316957 ], [ 188164.684329570736736, 6776396.287230455316603 ], [ 188833.868798966112081, 6776344.647937325760722 ], [ 188851.06348641612567, 6776279.244227219372988 ], [ 188920.115417585358955, 6775898.154634032398462 ], [ 189073.270108893979341, 6775585.936028565280139 ], [ 189558.612111494701821, 6775405.149786082096398 ], [ 190205.47049007791793, 6775203.040286676026881 ], [ 190230.280424453725573, 6775208.808147948235273 ], [ 190378.790738785814028, 6775347.617130952887237 ], [ 190949.438387160480488, 6775463.587481202557683 ], [ 191093.790426138846669, 6775086.503266992047429 ], [ 191192.753017884911969, 6774787.295475147664547 ], [ 191462.540797253255732, 6774790.391971228644252 ], [ 191573.653178592387121, 6775230.243974789045751 ], [ 191698.430137189105153, 6775502.850621514953673 ], [ 192073.65066507976735, 6775848.841690070927143 ], [ 192603.460823588364292, 6775555.395846330560744 ], [ 192640.237751882465091, 6775509.507576853968203 ], [ 192681.540806237142533, 6775468.247809930704534 ], [ 192726.239638460683636, 6775434.167740255594254 ], [ 192772.336793008551467, 6775404.986143054440618 ], [ 192922.045712958846707, 6775321.923984636552632 ], [ 193083.278937673079781, 6775231.515553953126073 ], [ 193209.875358660763595, 6775156.141736772842705 ], [ 193349.559716915537138, 6775073.28633672837168 ], [ 193425.487628012197092, 6775027.153556473553181 ], [ 193838.346392790554091, 6774672.307918996550143 ], [ 194295.865451554651372, 6774176.59331326186657 ], [ 194384.943818108236883, 6774000.423110527917743 ], [ 194605.50635408499511, 6774253.136410797946155 ], [ 194542.119108022248838, 6774501.258270184509456 ], [ 194505.026806058362126, 6774670.281677780672908 ], [ 194835.966179211682174, 6775538.269444125704467 ], [ 195040.782884527987335, 6775466.030594548210502 ], [ 195245.613600083626807, 6775393.90959854517132 ], [ 195450.448814701230731, 6775321.795749822631478 ], [ 195657.838019781163894, 6775248.801252599805593 ], [ 195828.124027192185167, 6775194.497015150263906 ], [ 195991.193074679351412, 6775154.868218068964779 ], [ 196063.303822769841645, 6775139.320316364988685 ], [ 196183.036181006813422, 6775117.462679116986692 ], [ 196290.797019719961099, 6775102.09750503860414 ], [ 196448.739188203820959, 6775085.782706741243601 ], [ 196575.628102423564997, 6775079.156330564059317 ], [ 196737.941376389353536, 6775077.976484348066151 ], [ 196838.738739411754068, 6775081.172149900346994 ], [ 196998.551129855972249, 6775089.358063756488264 ], [ 197342.427983863570262, 6775106.903699556365609 ], [ 197615.447496112319641, 6775121.377674140036106 ], [ 197888.464622595463879, 6775135.864330187439919 ], [ 198161.479362723301165, 6775150.363667507655919 ], [ 198434.417244485579431, 6775164.882037863135338 ], [ 198965.153793690609746, 6775173.94636029843241 ], [ 199131.640897382167168, 6775165.562289148569107 ], [ 199514.593123656348325, 6775124.370072732679546 ], [ 199795.169360368221533, 6775074.513984443619847 ], [ 200248.041996724554338, 6774956.611186156049371 ], [ 200424.731469800404739, 6774897.884703460149467 ], [ 200500.978592653176747, 6775287.730310158804059 ], [ 200324.226299841597211, 6775346.460900671780109 ], [ 199986.15210257540457, 6775439.766028646379709 ], [ 199853.281998474674765, 6775469.354582383297384 ], [ 199721.386921791534405, 6775495.406282384879887 ], [ 199562.253990479919594, 6775521.32573663443327 ], [ 199165.06782129505882, 6775564.175497538410127 ], [ 198992.932532926497515, 6775573.040820486843586 ], [ 198856.296780019183643, 6775576.87821395881474 ], [ 198649.983686728752218, 6775574.615363597869873 ], [ 198443.398916251724586, 6775563.907493407838047 ], [ 198170.320790402707644, 6775549.290642607025802 ], [ 197897.324187514022924, 6775534.790832738392055 ], [ 197624.325198246689979, 6775520.303703334182501 ], [ 197351.323823189886753, 6775505.829254581592977 ], [ 197007.777159641205799, 6775488.36825150065124 ], [ 196847.975391756335739, 6775480.182051201350987 ], [ 196750.78761220612796, 6775477.012418902479112 ], [ 196328.203009185846895, 6775500.257997852750123 ], [ 196048.229774932260625, 6775549.896330498158932 ], [ 195732.354160669900011, 6775639.206477697938681 ], [ 195530.077202502463479, 6775710.422729320824146 ], [ 195325.264921475143638, 6775782.644599127583206 ], [ 195120.447641179605853, 6775854.762908030301332 ], [ 194915.634860108082648, 6775926.888363549485803 ], [ 194777.808232098876033, 6775970.179525531828403 ], [ 194627.377172700420488, 6776012.550020880065858 ], [ 194479.571430937969126, 6776054.029657705686986 ], [ 194292.067550362320617, 6776097.031620758585632 ], [ 194146.944327613455243, 6776127.805861649103463 ], [ 193924.709828330844175, 6776164.663032168522477 ], [ 193706.534475565422326, 6776200.733132487162948 ], [ 193488.361111712118145, 6776236.811330081894994 ], [ 193270.189737070759293, 6776272.897624850273132 ], [ 192922.221917984134052, 6776779.120554433204234 ], [ 192809.651892126537859, 6777085.272319878451526 ], [ 192801.871148844773415, 6777115.052433940581977 ], [ 192577.085402491327841, 6777290.479561754502356 ], [ 192255.410843512159772, 6777994.56899119541049 ], [ 192178.176661338307895, 6778201.214190328493714 ], [ 191926.747643022972625, 6778029.550460214726627 ], [ 191440.737267179822084, 6778382.419417601078749 ], [ 191426.334265910205431, 6779360.569654483348131 ], [ 191562.989394639676902, 6779523.179622824303806 ], [ 191565.412812797469087, 6779551.187458933331072 ], [ 191475.21420669008512, 6779757.296533269807696 ], [ 191455.852070694847498, 6779760.533706801943481 ], [ 191112.687955409637652, 6779696.222053329460323 ], [ 190701.843803305062465, 6780377.819802057929337 ], [ 190672.456261967658065, 6780521.346094061620533 ], [ 190646.453402158920653, 6780524.046546104364097 ], [ 190587.640943184029311, 6780533.941679264418781 ], [ 190482.912304781668354, 6780585.740959077142179 ], [ 190315.865863559418358, 6780797.089114744216204 ], [ 190713.189482385932934, 6781576.497567840851843 ], [ 191326.939694300584961, 6781847.322322078049183 ], [ 191352.079401607159525, 6781851.168080779723823 ], [ 191423.589415819675196, 6781883.343582157976925 ], [ 191583.774019465781748, 6782009.227677085436881 ], [ 191576.148294562764931, 6782187.783894554711878 ], [ 191549.271539529552683, 6782387.190746116451919 ], [ 191365.811852515034843, 6782516.840829753316939 ], [ 191339.375932503608055, 6782553.371388323605061 ], [ 191307.968739232514054, 6782594.79406323377043 ], [ 191276.091426614439115, 6782641.165193935856223 ], [ 191161.076463369419798, 6783163.63189453445375 ], [ 191628.99755258805817, 6783624.007476550526917 ], [ 191701.565665219386574, 6783591.626210421323776 ], [ 191839.04937568429159, 6783853.097757950425148 ], [ 191788.927359627559781, 6784239.107661576010287 ], [ 191745.701890589611139, 6784222.661478018388152 ], [ 191629.598537533544004, 6784191.668139342218637 ], [ 191509.210234920319635, 6784193.393315060064197 ], [ 191473.468555283499882, 6784195.038852108642459 ], [ 191435.921120130224153, 6784188.810464457608759 ], [ 191188.614589004893787, 6784201.648360903374851 ], [ 190964.690716817101929, 6785031.928121859207749 ], [ 191008.034193072759081, 6785211.313439796678722 ], [ 191001.69320265884744, 6785339.461501153185964 ], [ 190996.82703092583688, 6785415.505543970502913 ], [ 190967.328611082106363, 6785430.332500997930765 ], [ 190876.59728121291846, 6785422.251144510693848 ], [ 190708.6265710691805, 6785371.683814994990826 ], [ 190559.133931145479437, 6785216.45664681121707 ], [ 190009.457277387089562, 6785456.699845783412457 ], [ 189981.201307550712954, 6785514.254879544489086 ], [ 189729.870928762247786, 6785731.848292069509625 ], [ 189701.116224012803286, 6785732.786465646699071 ], [ 189663.981252319877967, 6785728.653317536227405 ], [ 189240.911767062556464, 6785577.617522973567247 ], [ 188971.33620964223519, 6785567.283128486014903 ], [ 188521.603773212991655, 6785788.934256746433675 ], [ 188035.230561414733529, 6786213.590817898511887 ], [ 187855.124881578667555, 6786670.45542773976922 ], [ 187575.501105370291043, 6786849.12780974432826 ], [ 187181.481306934030727, 6787090.570794707164168 ], [ 187131.712701948184986, 6787075.511279424652457 ], [ 186749.758499504474457, 6786959.656611314043403 ], [ 186622.266571096959524, 6786909.681214721873403 ], [ 186673.930624768079724, 6786524.236116693355143 ], [ 186219.816152505460195, 6786022.642442565411329 ], [ 186043.657524594746064, 6786054.461897403933108 ], [ 185910.406723668798804, 6786086.990303759463131 ], [ 185566.338828411302529, 6785935.315837303176522 ], [ 184984.846009993285406, 6785823.561330625787377 ], [ 184560.74273292790167, 6786197.550303553231061 ], [ 184490.214648173423484, 6786269.557699183933437 ], [ 184388.746937756892294, 6786279.251423640176654 ], [ 183888.266283864912111, 6786300.929517534561455 ], [ 183747.075206732319202, 6786550.500708652660251 ], [ 183705.784304184140638, 6786544.316515523940325 ], [ 183673.480745820386801, 6786538.122790358960629 ], [ 183633.51375179272145, 6786521.448502659797668 ], [ 183577.362986924592406, 6786483.442315677180886 ], [ 183550.226413870987017, 6786461.066076344810426 ], [ 183503.28540673351381, 6786400.051721190102398 ], [ 183472.038751479645725, 6786326.724597386084497 ], [ 182825.086839043884538, 6786416.156992954201996 ], [ 182748.31446053244872, 6786701.800157057121396 ], [ 182717.463658860826399, 6786769.888294814154506 ], [ 182244.820491705148015, 6786858.083696881309152 ], [ 182056.535760852275416, 6786561.235639171674848 ], [ 181501.717408634140156, 6786319.740700566209853 ], [ 181430.724313559185248, 6786328.466890370473266 ], [ 181287.914884497760795, 6786338.297462412156165 ], [ 180999.134282403858379, 6786367.953835682943463 ], [ 180540.836507439613342, 6786787.002859056927264 ], [ 180499.605513904883992, 6786845.872105800546706 ], [ 180370.852962184406351, 6786831.612962797284126 ], [ 180272.873617510718759, 6786805.37219893746078 ], [ 179644.834917617728934, 6786664.126860983669758 ], [ 179336.309727394662332, 6786807.173959569074214 ], [ 179073.709823019744363, 6787480.076160441152751 ], [ 179072.735016519436613, 6787491.876257739961147 ], [ 178925.205959944985807, 6787878.471250796690583 ], [ 178408.146410719316918, 6788182.11272438801825 ], [ 177785.974626778450329, 6788387.168772091157734 ], [ 177743.115584175975528, 6788412.180124195292592 ], [ 177721.321644676325377, 6788420.590625527314842 ], [ 177642.70139412174467, 6788442.650386326014996 ], [ 177552.899078290152829, 6788460.240469597280025 ], [ 176948.116739783494268, 6788411.265304733999074 ], [ 176813.666884747100994, 6788601.752360093407333 ], [ 176786.53605338500347, 6788637.640491132624447 ], [ 176744.71014911972452, 6788686.776557315140963 ], [ 176714.59988012741087, 6788717.798964339308441 ], [ 176664.89581521472428, 6788763.399030889384449 ], [ 176604.250891094270628, 6788809.752528355456889 ], [ 176556.959857047826517, 6788840.412097527645528 ], [ 176506.698296378133819, 6788867.990266170352697 ], [ 176425.127014451369178, 6788903.048711041919887 ], [ 176374.492803226516116, 6788919.728175893425941 ], [ 176313.046654281846713, 6788935.253511966206133 ], [ 175969.706023105187342, 6789462.037426983937621 ], [ 176059.510160307574552, 6789847.056854019872844 ], [ 176099.986689789860975, 6790224.76915302593261 ], [ 176063.209743781597354, 6790615.184417926706374 ], [ 175740.89900752453832, 6790693.075149369426072 ], [ 175430.154303344315849, 6790709.369283393025398 ], [ 175408.307685819570906, 6790711.211767921224236 ], [ 175171.971490815398283, 6790733.248418719507754 ], [ 175129.100005639716983, 6790714.3254005452618 ], [ 174677.473627944011241, 6790599.681971679441631 ], [ 174428.557891750591807, 6790713.691097696311772 ], [ 174369.737853294704109, 6790755.779849421232939 ], [ 174307.543071229476482, 6790806.98564279358834 ], [ 174210.572494237800129, 6790903.705783639103174 ], [ 174140.356174541637301, 6790990.665312741883099 ], [ 174048.544164471910335, 6791125.640527317300439 ], [ 173972.546019027358852, 6791238.224182961508632 ], [ 173933.225629370193928, 6791292.292084936983883 ], [ 173880.639407636481337, 6791357.033857639878988 ], [ 173800.75457312061917, 6791443.750337889418006 ], [ 173710.726401993539184, 6791526.692565403878689 ], [ 173186.134249516297132, 6792093.82834461145103 ], [ 173140.377883740467951, 6792162.762315574102104 ], [ 172751.478844245779328, 6792908.321815476752818 ], [ 172714.520920139155351, 6793026.676782469265163 ], [ 172682.024770269519649, 6793125.551969875581563 ], [ 172437.877805065480061, 6792930.062022510915995 ], [ 172584.739612283068709, 6792340.242523748427629 ] ] ] } },
{ "type": "Feature", "properties": { "fid": 10, "ID": null, "CENTER_LON": "-3.0880597", "CENTER_LAT": "48.0856334", "AA_MINS": 15, "AA_MODE": "driving-car", "TOTAL_POP": "11368" }, "geometry": { "type": "Polygon", "coordinates": [ [ [ 235963.035547890351154, 6794450.334860923700035 ], [ 235920.444633974053431, 6794372.775414218194783 ], [ 235914.958092403539922, 6794341.216221728362143 ], [ 235896.739708787994459, 6794174.330092184245586 ], [ 236040.597031156590674, 6794047.787077286280692 ], [ 236171.737429862259887, 6794001.178931127302349 ], [ 236298.268488944799174, 6793922.722201556898654 ], [ 236641.433411831909325, 6793784.779813130386174 ], [ 236680.859332985710353, 6793750.562091582454741 ], [ 236713.675965592439752, 6793725.339077959768474 ], [ 236770.234964087721892, 6793695.230211849324405 ], [ 237043.960090960958041, 6793041.885121113620698 ], [ 236745.525847413286101, 6792367.077980157919228 ], [ 236346.615505931025837, 6791701.899649271741509 ], [ 236313.9239894732018, 6791668.367262131534517 ], [ 236261.777908008778468, 6791608.059283801354468 ], [ 236256.215579672192689, 6791292.026620646007359 ], [ 236286.338344675605185, 6791272.254824947565794 ], [ 236376.567719360638876, 6791258.432398516684771 ], [ 236943.180167849175632, 6790806.011950480751693 ], [ 236942.494693805871066, 6790755.680843836627901 ], [ 236551.542596944258548, 6790163.54401003010571 ], [ 236450.500444766832516, 6790158.040450071915984 ], [ 236254.025469506508671, 6789682.871150183491409 ], [ 236250.217057010682765, 6789452.202633563429117 ], [ 236269.369564375665504, 6789385.254689365625381 ], [ 236346.925574587367009, 6789317.592058283276856 ], [ 236417.706284810206853, 6789362.829165678471327 ], [ 236550.187160474481061, 6789447.223363856784999 ], [ 236682.89585018355865, 6789531.713773479685187 ], [ 236761.363309547188692, 6789587.271726151928306 ], [ 237139.768131001561414, 6789774.992093624547124 ], [ 237499.591851008241065, 6789921.730018869042397 ], [ 237990.336050815240014, 6789530.255566988140345 ], [ 238088.234549158834852, 6789391.346838224679232 ], [ 238252.488378138572443, 6789549.297405280172825 ], [ 238465.724428496439941, 6789743.749567408114672 ], [ 238411.421731726673897, 6790128.91196256596595 ], [ 239033.207623956957832, 6790567.464490310288966 ], [ 239050.525087066809647, 6790542.472108476795256 ], [ 239099.656053736980539, 6790481.98503203690052 ], [ 239118.967940241796896, 6790451.93157094810158 ], [ 239320.494279144390021, 6790418.152869183570147 ], [ 239770.548577979207039, 6790412.359751167707145 ], [ 240042.287991583230905, 6789726.1441604886204 ], [ 239999.278629386331886, 6789407.378795886412263 ], [ 239938.267266101727728, 6789078.321857370436192 ], [ 239955.920341883436777, 6789009.834916554391384 ], [ 240037.751570635125972, 6788650.071866495534778 ], [ 240164.165763516502921, 6788205.559221727773547 ], [ 240205.945595009310637, 6788190.135339522734284 ], [ 240365.944269582396373, 6788125.32240838278085 ], [ 240464.09736830519978, 6788107.045193508267403 ], [ 240623.450023695244454, 6788062.576777872629464 ], [ 241061.494664463214576, 6787474.770336634479463 ], [ 241347.834138355916366, 6787099.380580735392869 ], [ 241542.250150791485794, 6787223.851672438904643 ], [ 241555.570124578487594, 6787234.514643498696387 ], [ 241598.250537061598152, 6787269.746544525958598 ], [ 242169.535276369424537, 6787765.627079913392663 ], [ 242254.438628827920184, 6787715.421659268438816 ], [ 242297.558904644160066, 6787715.179001399315894 ], [ 242350.600700853159651, 6787725.197556557133794 ], [ 242932.507118980982341, 6788258.102283613756299 ], [ 243038.279796481539961, 6788206.170795709826052 ], [ 243088.244537781924009, 6788218.998836033977568 ], [ 243128.043840522062965, 6788239.529401397332549 ], [ 243161.701374233351089, 6788260.872801491990685 ], [ 243811.224931282456964, 6788078.813656855374575 ], [ 243886.256692132446915, 6787890.966893999837339 ], [ 243947.661174391512759, 6787924.982004450634122 ], [ 244016.660900669870898, 6787974.011796264909208 ], [ 244266.686393481679261, 6788281.497282511554658 ], [ 244782.8408079041983, 6788180.126620083115995 ], [ 244857.430243344220798, 6787804.075622836127877 ], [ 245458.398239414324053, 6787732.525448286905885 ], [ 245522.427658392349258, 6787692.456900919787586 ], [ 245564.113489146868233, 6787673.735895397141576 ], [ 246061.653069146850612, 6787066.130670404061675 ], [ 246190.958759756584186, 6786876.129264824092388 ], [ 246255.742659181065392, 6786807.924851624295115 ], [ 246810.545537872065324, 6787193.600592941977084 ], [ 247031.228116402460728, 6787134.321219919249415 ], [ 247448.164459508727305, 6787407.538428230211139 ], [ 247678.600894127739593, 6787450.625720153562725 ], [ 247817.505605452461168, 6787865.897301835939288 ], [ 248293.477451130573172, 6787978.919133858755231 ], [ 248326.951779479626566, 6787179.452456147409976 ], [ 248326.981031320523471, 6787177.889865221455693 ], [ 248367.352638489217497, 6787072.023330758325756 ], [ 248401.48060771310702, 6787010.327116248197854 ], [ 248410.100773999001831, 6787005.762946493923664 ], [ 248491.474606035742909, 6786961.496505781076849 ], [ 248594.169880298373755, 6786966.970754529349506 ], [ 249237.565013334911782, 6787272.601835457608104 ], [ 249490.384126234625001, 6787433.18149250280112 ], [ 250012.748267787159421, 6787579.224790343083441 ], [ 250132.794681520725135, 6788016.937850848771632 ], [ 250684.388279607519507, 6788532.928078536875546 ], [ 250863.881527576479129, 6788325.595787957310677 ], [ 250888.996262308734003, 6788282.659698786213994 ], [ 250928.559049115050584, 6788234.159927800297737 ], [ 251038.674727514851838, 6788085.975042889826 ], [ 251071.55843092041323, 6788040.996681596152484 ], [ 251091.420396108005662, 6788021.199341087602079 ], [ 251200.234853697940707, 6787925.276122289709747 ], [ 251296.017927520500962, 6787823.10752213280648 ], [ 251441.53425045160111, 6787655.730515639297664 ], [ 251534.107554051675834, 6787515.362187092192471 ], [ 251568.127577300765552, 6787482.225429027341306 ], [ 251594.58946607314283, 6787465.60356942564249 ], [ 251625.099352629622445, 6787454.022064208053052 ], [ 251844.919102420739364, 6787415.60926319565624 ], [ 251968.918382975680288, 6787514.356687746942043 ], [ 251976.707791309978347, 6787538.057628861628473 ], [ 252037.80547333258437, 6788049.509310976602137 ], [ 252343.595829012105241, 6788576.83642887417227 ], [ 252805.651301366626285, 6788428.480507094413042 ], [ 252836.669201581506059, 6788387.332706340588629 ], [ 252871.136014389281627, 6788359.073066643439233 ], [ 252905.96790009806864, 6788341.484779505059123 ], [ 252907.075710909964982, 6788342.291941313073039 ], [ 253171.599405198125169, 6788789.215688686817884 ], [ 253792.079878128424753, 6788939.586266743019223 ], [ 253941.136334209120832, 6789285.214173735119402 ], [ 254285.554569454223383, 6790119.402001239359379 ], [ 254514.764295162865892, 6789931.47613522876054 ], [ 254561.965043778065592, 6789817.114052066579461 ], [ 254591.224886727577541, 6789728.187163189984858 ], [ 254612.077842646685895, 6789705.651949251070619 ], [ 254690.8803507835255, 6789647.289605556055903 ], [ 254692.985650517977774, 6789647.464121541008353 ], [ 255328.880714876460843, 6789822.784269607625902 ], [ 255509.923894322884735, 6789796.357932736165822 ], [ 255512.277143947139848, 6789796.848281281068921 ], [ 255832.125275332131423, 6790058.363789550960064 ], [ 256153.893307607329916, 6790597.35775838419795 ], [ 256165.26937489467673, 6790634.165107355453074 ], [ 256303.969038340088446, 6791320.087820868007839 ], [ 256230.346269050380215, 6791463.516107927076519 ], [ 256230.280389627907425, 6791463.632538419216871 ], [ 256106.2225569417933, 6791572.208238787017763 ], [ 255810.364903326903004, 6791516.82235371414572 ], [ 255788.130843824415933, 6791515.163195637054741 ], [ 255445.578764665639028, 6791624.260852792300284 ], [ 255424.017673594586086, 6791644.284099913202226 ], [ 255415.039972125552595, 6791650.982851929031312 ], [ 255058.996893773903139, 6791874.468580324202776 ], [ 254798.971835948992521, 6791944.802221460267901 ], [ 254429.744118982576765, 6792655.69079783000052 ], [ 254486.920021913596429, 6792826.319914294406772 ], [ 254905.29955407831585, 6793138.693825980648398 ], [ 255516.857741505256854, 6793014.616027347743511 ], [ 255780.705505676218309, 6793116.540824860334396 ], [ 256364.880854860064574, 6793251.17644643317908 ], [ 256504.66464166919468, 6793604.583190796896815 ], [ 256277.928108735359274, 6793788.242939868010581 ], [ 256118.241198420408182, 6793917.575233456678689 ], [ 255958.487131278438028, 6794046.917568276636302 ], [ 255761.100803308538161, 6794879.345055681653321 ], [ 255357.004006054368801, 6795223.38396730273962 ], [ 255302.186075826990418, 6795608.588839269243181 ], [ 255159.09043504454894, 6795693.006532830186188 ], [ 255054.056117917469237, 6795651.497127135284245 ], [ 255031.054420255997684, 6795639.535346250981092 ], [ 254927.183225372456945, 6795469.883723299019039 ], [ 254291.010556879453361, 6795263.904588767327368 ], [ 253683.229021807841491, 6795345.156923474743962 ], [ 253612.914669520687312, 6795535.299465978518128 ], [ 253605.429902873584069, 6795570.30823581200093 ], [ 253624.25643595616566, 6796124.128202229738235 ], [ 253605.685928276390769, 6796520.084556019864976 ], [ 253053.301829051517416, 6796720.236951505765319 ], [ 252927.686942210246343, 6796356.228561880066991 ], [ 252316.865487857081462, 6796099.26624920591712 ], [ 252177.417979858175386, 6796427.121268820948899 ], [ 252106.97977057879325, 6796832.516493740491569 ], [ 252038.797107065445744, 6796835.834597902372479 ], [ 251806.30849253712222, 6797727.205024332739413 ], [ 251855.743286456272472, 6798123.661848448216915 ], [ 251525.279648608411662, 6798952.002519335597754 ], [ 251687.783856794354506, 6799284.521300374530256 ], [ 251694.653972273343243, 6799601.314990251325071 ], [ 251431.627291755983606, 6799658.795319275930524 ], [ 250847.644896512443665, 6799338.307466939091682 ], [ 250520.519804101029877, 6799381.127820557914674 ], [ 250229.521052664029412, 6799396.002140866592526 ], [ 250223.176968699786812, 6799390.136189454235137 ], [ 249609.152747391897719, 6799008.316990335471928 ], [ 249112.412643568066414, 6799427.958537712693214 ], [ 248848.662275079404935, 6799479.926630411297083 ], [ 248625.662677341431845, 6799433.354415765963495 ], [ 248176.707415885117371, 6799450.030212404206395 ], [ 247780.69298553961562, 6799525.29426733404398 ], [ 247403.888528191950172, 6799781.455722475424409 ], [ 247131.97342765762005, 6799823.099226609803736 ], [ 246633.267034470802173, 6799286.530843690037727 ], [ 245996.639750997535884, 6798959.654645345173776 ], [ 245949.950396894651931, 6799025.360305989161134 ], [ 245850.776279978512321, 6798972.301285597495735 ], [ 245867.95570397330448, 6798576.047935360111296 ], [ 245830.372031869424973, 6797738.071910129860044 ], [ 245176.994908267515711, 6797798.017490996979177 ], [ 245126.958744815608952, 6797885.05598300229758 ], [ 245086.769911650626455, 6797934.54662802349776 ], [ 244921.313139761739876, 6798676.052936479449272 ], [ 244904.651740373810753, 6799072.385327399708331 ], [ 244800.91366601124173, 6799052.915112873539329 ], [ 244718.657040919410065, 6799041.028466793708503 ], [ 244227.206645474012475, 6799295.835890493355691 ], [ 244076.937448165728711, 6799612.17546899151057 ], [ 243901.597790776286274, 6799548.915949621237814 ], [ 243262.994752362486906, 6799651.413567058742046 ], [ 243154.844059612718411, 6800581.373237743973732 ], [ 242983.917838347144425, 6800976.834639895707369 ], [ 242978.848728049430065, 6800985.479197023436427 ], [ 242950.131180474534631, 6801017.037903849035501 ], [ 242752.963435248471797, 6800867.901810216717422 ], [ 242640.049971959553659, 6800385.021598380059004 ], [ 242258.488371337996796, 6799538.005352708511055 ], [ 242219.369966269528959, 6799540.617300252430141 ], [ 242108.76456184964627, 6799319.85714671947062 ], [ 242110.424185988202225, 6799301.000262768939137 ], [ 242238.056299523916095, 6798670.354584484361112 ], [ 242272.187815284938551, 6798278.210629208944738 ], [ 242335.801908469526097, 6797563.067304502241313 ], [ 242229.167497181566432, 6797187.053105968050659 ], [ 241819.88597692141775, 6796737.499855108559132 ], [ 241550.892445303499699, 6796370.850809614174068 ], [ 241463.311381280131172, 6796214.289820955134928 ], [ 241422.498447529273108, 6796144.025452016852796 ], [ 240944.17477617203258, 6795721.220363236032426 ], [ 240484.548073180427309, 6795847.201749135740101 ], [ 240226.878820781363174, 6796198.371201504953206 ], [ 239869.366047847666778, 6795914.649144917726517 ], [ 239371.072752564272378, 6795411.598770471289754 ], [ 239264.846907814615406, 6795386.396337970159948 ], [ 239195.959318505541887, 6794907.244498107582331 ], [ 238551.685334364941809, 6794698.540222092531621 ], [ 237974.765014726668596, 6794652.360525472089648 ], [ 237476.750908370187972, 6794306.833062239922583 ], [ 237421.167399162077345, 6794273.541363893076777 ], [ 237221.172664620855357, 6794155.671131305396557 ], [ 236729.122488307009917, 6794500.093114570714533 ], [ 236104.047964897821657, 6794487.998800070025027 ], [ 236014.586275832843967, 6794543.906668755225837 ], [ 235963.035547890351154, 6794450.334860923700035 ] ] ] } },
{ "type": "Feature", "properties": { "fid": 11, "ID": null, "CENTER_LON": "-3.4157034931763013", "CENTER_LAT": "48.58867039769412", "AA_MINS": 15, "AA_MODE": "driving-car", "TOTAL_POP": "6719" }, "geometry": { "type": "Polygon", "coordinates": [ [ [ 222043.007745983893983, 6854035.461647816002369 ], [ 222051.185880678356625, 6854008.127943383529782 ], [ 222131.195088433276396, 6853883.854271627962589 ], [ 222480.410188785812352, 6853420.848900063894689 ], [ 222753.624596054316498, 6852855.25212399661541 ], [ 222921.902727033710107, 6852574.932612484320998 ], [ 223057.310817026009317, 6852245.564421053044498 ], [ 223349.538698249147274, 6851463.948965715244412 ], [ 223336.40212565677939, 6851073.287290268577635 ], [ 223269.662581232842058, 6850680.55920719448477 ], [ 222860.425379991065711, 6850048.938118326477706 ], [ 222887.966332139796577, 6849655.382685821503401 ], [ 223369.665433112997562, 6849459.10240572411567 ], [ 223513.435817008721642, 6849138.109531595371664 ], [ 223655.5068950545392, 6848402.665866985917091 ], [ 223598.581413475272711, 6848007.464091002941132 ], [ 223084.88175724260509, 6847780.478476096875966 ], [ 222944.567400780681055, 6847427.15299370046705 ], [ 223020.323475601384416, 6847364.938053135760128 ], [ 223103.436967184068635, 6847302.120161385275424 ], [ 223203.61276610364439, 6847233.32985963858664 ], [ 223310.379076123354025, 6847169.019906021654606 ], [ 223416.553341799590271, 6847111.006904629059136 ], [ 223531.717984492424875, 6847056.943195286206901 ], [ 223655.670445465832017, 6847007.068994230590761 ], [ 223784.335659620061051, 6846963.168943358585238 ], [ 223861.968282520014327, 6846941.747131777927279 ], [ 223963.261350834858604, 6846918.052704164758325 ], [ 224380.261461283895187, 6846735.213863047771156 ], [ 224605.347964487154968, 6846093.854640697129071 ], [ 224659.761177631211467, 6845866.329270274378359 ], [ 224761.850659731542692, 6845786.928888835012913 ], [ 225248.811902028042823, 6845840.806236092932522 ], [ 225305.696524548460729, 6845984.946438560262322 ], [ 225312.672778726788238, 6846137.403255190700293 ], [ 225381.730739693914074, 6846529.385904015041888 ], [ 225930.882995970721822, 6846748.213935607112944 ], [ 226228.979295000783168, 6846684.075668171979487 ], [ 226313.888294895819854, 6846667.336139532737434 ], [ 226406.84088954073377, 6846652.061256150715053 ], [ 226498.363739401975181, 6846640.138928303495049 ], [ 226943.108752445783466, 6846096.872988020069897 ], [ 227024.279981520783622, 6845746.631064248271286 ], [ 227111.587809851684142, 6845579.921014009043574 ], [ 227122.779104422021192, 6845574.548848549835384 ], [ 227171.616237313661259, 6845565.778323822654784 ], [ 227213.537590151827317, 6845568.501143619418144 ], [ 227827.401157047541346, 6845241.31465420126915 ], [ 228012.991613093297929, 6845266.498483325354755 ], [ 228328.688784410478547, 6844611.498264824040234 ], [ 228231.779917853709776, 6844256.335724140517414 ], [ 228352.381486490892712, 6843913.074083407409489 ], [ 228455.654145183274522, 6844001.612600582651794 ], [ 228481.870863586489577, 6844020.675985626876354 ], [ 228535.757794961042237, 6844058.462104128673673 ], [ 229151.282396529393736, 6843776.470755548216403 ], [ 229410.038820425979793, 6843900.610471332445741 ], [ 229389.764628988399636, 6844018.017800780944526 ], [ 229427.692211911256891, 6844522.06361788418144 ], [ 230020.863165267859586, 6844928.422483125701547 ], [ 230051.812160124303773, 6844919.116175188682973 ], [ 230083.762140403501689, 6844914.859351112507284 ], [ 230406.735599163279403, 6844698.038314464502037 ], [ 230600.780148341378663, 6844991.177568639628589 ], [ 230451.625388957269024, 6845793.288384675979614 ], [ 230777.951151917921379, 6846429.955091686919332 ], [ 231160.750231025798712, 6846224.954279920086265 ], [ 231224.954826385248452, 6846278.213230594061315 ], [ 231255.974850509897806, 6846307.495393203571439 ], [ 231664.159074820228852, 6846564.989073917269707 ], [ 231832.716282798268367, 6846730.736698830500245 ], [ 232402.751869086467195, 6846850.103928784839809 ], [ 232647.015810884535313, 6846751.709256721660495 ], [ 233215.4454080426367, 6846508.717477481812239 ], [ 233301.619214977021329, 6846220.083983113989234 ], [ 233871.759466185059864, 6845844.31363566685468 ], [ 234362.871552707219962, 6845271.63482098095119 ], [ 234621.832477677729912, 6845393.523204849101603 ], [ 234659.123680813238025, 6846032.8999914675951 ], [ 234553.649175182101317, 6846828.138995661400259 ], [ 234937.627993420232087, 6847575.587682506069541 ], [ 235346.275768696970772, 6847809.084467393346131 ], [ 235886.996601820341311, 6848036.847085777670145 ], [ 236237.644448973529506, 6848022.329753165133297 ], [ 236339.930878485494759, 6848017.619779864326119 ], [ 236836.017907514353283, 6848076.396084723062813 ], [ 236897.792587004136294, 6848073.254072182811797 ], [ 237047.531698931416031, 6848074.251921633258462 ], [ 237152.503299313597381, 6848080.048022294417024 ], [ 237256.492034130147658, 6848088.377744835801423 ], [ 237345.470675592659973, 6848096.901375175453722 ], [ 237346.299384549784008, 6848495.630612717941403 ], [ 237257.326681559323333, 6848487.10693144146353 ], [ 237156.027780691860244, 6848479.009401775896549 ], [ 237055.446453165379353, 6848473.421374512836337 ], [ 236798.930266676819883, 6848481.832265236414969 ], [ 236542.659759240050334, 6848517.446063001640141 ], [ 236468.158500370511319, 6848524.284572494216263 ], [ 236388.793607194384094, 6848525.824735921807587 ], [ 236316.28464150900254, 6848521.465506292879581 ], [ 236249.478545134246815, 6848512.525434567593038 ], [ 236177.540613157034386, 6848498.64294951595366 ], [ 235950.448117957101204, 6848444.630800669081509 ], [ 235385.881234625645448, 6848553.898565643467009 ], [ 234858.041632654378191, 6848778.719034902751446 ], [ 234496.749525501043536, 6849411.466269017197192 ], [ 234422.25311132601928, 6849632.348722316324711 ], [ 234348.483090163848829, 6850007.972560057416558 ], [ 234153.839163554890547, 6850826.356017360463738 ], [ 234409.999184838728979, 6851043.356142985634506 ], [ 234419.488743170630187, 6851053.747661759145558 ], [ 234485.626985851384234, 6851226.216786473058164 ], [ 234498.160855527035892, 6851303.168855163268745 ], [ 234326.069539196556434, 6851472.665059735998511 ], [ 234292.567787636187859, 6851496.766303341835737 ], [ 234253.165164563630242, 6851511.86144117731601 ], [ 234210.182256873638835, 6851519.21420450694859 ], [ 234042.526371245097835, 6851543.824133600108325 ], [ 233756.912477587989997, 6851974.062441512942314 ], [ 233935.523391133348923, 6852562.193900206126273 ], [ 234497.926850493240636, 6852969.411228810437024 ], [ 234515.888591418857686, 6853094.66670146305114 ], [ 234571.911220530571882, 6853359.737413982860744 ], [ 234919.247062993410509, 6854212.739292017184198 ], [ 235250.465252509864513, 6854285.121879579499364 ], [ 235347.13393236749107, 6854573.486922609619796 ], [ 235336.601608704018872, 6854670.9145004497841 ], [ 235307.896899239683989, 6854682.693815533071756 ], [ 235278.872697144281119, 6854690.483834403567016 ], [ 234957.704285280196927, 6854781.91296423599124 ], [ 234661.505484777095262, 6855014.004480060189962 ], [ 234110.773003855545539, 6855248.707066484726965 ], [ 233959.7656845881138, 6855514.126217629760504 ], [ 233889.202457770588808, 6855594.634284594096243 ], [ 233844.01136763865361, 6855605.404227931983769 ], [ 233825.053864025569055, 6855605.924116934649646 ], [ 233696.177333914325573, 6855430.025439006276429 ], [ 233345.429044645046815, 6854662.34102136362344 ], [ 232909.647900023090187, 6854689.271829615347087 ], [ 232753.897512425261084, 6854867.887226957827806 ], [ 232763.019992841698695, 6855710.789701553061604 ], [ 232850.759200867265463, 6856096.097607837989926 ], [ 232767.1768820657162, 6856131.271915226243436 ], [ 232743.219333863758948, 6856139.448002418503165 ], [ 232711.943181948794518, 6856144.867857445031404 ], [ 232527.710329678491689, 6856210.686467920430005 ], [ 232591.214003163797315, 6857150.713864583522081 ], [ 232572.992881127342116, 6857394.102954251691699 ], [ 232569.704602224344853, 6857545.833371672779322 ], [ 232475.636271471681539, 6857531.333681718446314 ], [ 232434.285592038126197, 6857522.622243308462203 ], [ 231896.278555326687638, 6857455.277111884206533 ], [ 231686.340556228824425, 6857483.160518887452781 ], [ 231404.082994444470387, 6858127.787669343873858 ], [ 231419.160167632857338, 6858289.637588120996952 ], [ 231226.783647725940682, 6858599.205562581308186 ], [ 231130.279729436326306, 6858654.971819685772061 ], [ 231098.725750392128248, 6858635.773972731083632 ], [ 231064.382605797436554, 6858606.763404848985374 ], [ 231022.762120761326514, 6858544.433916877023876 ], [ 230995.554651996237226, 6858473.019357980228961 ], [ 230975.959329141245689, 6858422.627587971277535 ], [ 230788.170221666339785, 6858073.649057137779891 ], [ 230154.289410972211044, 6857757.016603954136372 ], [ 229970.975742592825554, 6858018.377906181849539 ], [ 229928.462798950262368, 6858081.052486785687506 ], [ 229898.14625473722117, 6858106.376400422304869 ], [ 229886.470544039446395, 6858113.680949265137315 ], [ 229748.783766094653402, 6858057.142487357370555 ], [ 229742.259956564928871, 6858045.95991594530642 ], [ 229760.130261375976261, 6857753.279090830124915 ], [ 229811.23220895207487, 6857622.425358863547444 ], [ 229355.888304672960658, 6856858.622880517505109 ], [ 229185.286344226275105, 6857147.306906109675765 ], [ 228753.827012264693622, 6857415.588405589573085 ], [ 228707.944545701378956, 6857477.653758510947227 ], [ 228530.336279164417647, 6857798.609787419438362 ], [ 228512.279773708141875, 6857857.410700300708413 ], [ 228492.373068249260541, 6857907.996543988585472 ], [ 228214.257134853396565, 6857725.495047732256353 ], [ 228185.330700786958914, 6857326.408781210891902 ], [ 227788.345906823466066, 6856897.3865464059636 ], [ 227663.628335666959174, 6856532.427923330105841 ], [ 227144.263215800223406, 6856028.083905545063317 ], [ 226887.440391049487516, 6855937.821118332445621 ], [ 226459.10994210653007, 6856032.788668385706842 ], [ 225861.583965845580678, 6855687.746240394189954 ], [ 225612.679672008380294, 6856445.07435305416584 ], [ 225610.608196459710598, 6856468.556699646636844 ], [ 225518.785106031980831, 6856613.157880631275475 ], [ 225116.896513266547117, 6856847.953113250434399 ], [ 225020.253687839140184, 6856826.085541740059853 ], [ 224979.220405132567976, 6856799.886980227194726 ], [ 224936.413466945115943, 6856536.35224393196404 ], [ 224798.326062341278885, 6856102.597411746159196 ], [ 224535.452250760339666, 6855725.365711753256619 ], [ 223953.112283156602643, 6855589.082319870591164 ], [ 223825.492643116798718, 6855605.470315990038216 ], [ 223445.28589780459879, 6855151.355682028457522 ], [ 222795.467763977008872, 6854943.088891729712486 ], [ 222762.445756688714027, 6855009.164765139110386 ], [ 222726.333879030542448, 6855069.136925127357244 ], [ 222657.328875180624891, 6855009.782632036134601 ], [ 222523.025884727889206, 6854790.600980122573674 ], [ 222080.900009684322868, 6854270.048931702040136 ], [ 222043.007745983893983, 6854035.461647816002369 ] ] ] } },
{ "type": "Feature", "properties": { "fid": 12, "ID": null, "CENTER_LON": "-3.3997443589501475", "CENTER_LAT": "47.720819179802476", "AA_MINS": 15, "AA_MODE": "driving-car", "TOTAL_POP": "71336" }, "geometry": { "type": "Polygon", "coordinates": [ [ [ 216953.889968592964578, 6764697.623750082217157 ], [ 217000.542176905204542, 6764463.254039190709591 ], [ 216946.51779079134576, 6763467.136999502778053 ], [ 216862.920740833913442, 6763270.314898952841759 ], [ 216792.243611367768608, 6763124.830423328094184 ], [ 216868.650681894156151, 6763025.924513137899339 ], [ 216990.244284473767038, 6762631.348084203898907 ], [ 216564.519978649623226, 6762097.035521882586181 ], [ 216559.168224808527157, 6762095.913788815028965 ], [ 216486.21061263961019, 6761830.331627259030938 ], [ 216503.042213463515509, 6761723.155671924352646 ], [ 216579.791368596779648, 6761700.584011740982533 ], [ 216850.382457728206646, 6761610.727918261662126 ], [ 217086.143569750071038, 6761437.787688160315156 ], [ 217270.605803997139446, 6761218.224614093080163 ], [ 217618.60293496272061, 6761195.086230146698654 ], [ 217671.456135012034792, 6761189.869293269701302 ], [ 217868.030007453344297, 6761220.942644241265953 ], [ 218468.336078168649692, 6761588.35114227142185 ], [ 218537.822619100275915, 6761563.277540100738406 ], [ 218849.95866617577849, 6761468.44998842664063 ], [ 218985.69814773258986, 6761422.813106094487011 ], [ 219182.874870637140702, 6760518.149118795059621 ], [ 219111.56000440340722, 6760363.440915714018047 ], [ 219074.10861371899955, 6760269.177628858014941 ], [ 219052.71195930900285, 6760196.680262865498662 ], [ 219042.314208124007564, 6760145.692283139564097 ], [ 219035.744583367311861, 6760093.723164071328938 ], [ 219033.098832022980787, 6760036.417538142763078 ], [ 219040.532532061333768, 6759933.14201895147562 ], [ 219064.306988730386365, 6759815.49097627773881 ], [ 219075.592407783202361, 6759730.852338873781264 ], [ 219084.712436464556959, 6759677.714993772096932 ], [ 219096.330476192175411, 6759625.711647047661245 ], [ 219116.910928594297729, 6759561.9413210907951 ], [ 219137.478548028331716, 6759509.988542062230408 ], [ 218907.4370390746044, 6758574.415016301907599 ], [ 218718.583483355992939, 6758538.435074729844928 ], [ 218561.772357240144629, 6758568.067878820933402 ], [ 218417.154478323995136, 6758614.433801595121622 ], [ 218273.517459946568124, 6758556.827814702875912 ], [ 217824.638204086979385, 6758444.02371980715543 ], [ 217579.559716516640037, 6758496.61864198744297 ], [ 217531.881187223421875, 6758509.325908388011158 ], [ 217483.337283198314253, 6758112.649963076226413 ], [ 217096.427339175250381, 6757693.059138014912605 ], [ 216602.730144738394301, 6757685.121017847210169 ], [ 216433.373036175093148, 6757966.43996749818325 ], [ 216561.002613759890664, 6758797.748895162716508 ], [ 216587.494728125340771, 6758860.457548628561199 ], [ 216599.091722703014966, 6758914.800202078185976 ], [ 216603.090400614368264, 6758953.48989792726934 ], [ 216602.883656330930535, 6759027.082727358676493 ], [ 216597.038395549927372, 6759064.907269055955112 ], [ 216579.54791024181759, 6759138.579386794939637 ], [ 216524.875595283287112, 6759549.068329119123518 ], [ 216508.500233845959883, 6759642.715871744789183 ], [ 216439.653406041732524, 6759869.20261553581804 ], [ 216397.421563413925469, 6759938.996888312511146 ], [ 216365.693044178595301, 6759969.135025983676314 ], [ 216337.38093479978852, 6759990.520632685162127 ], [ 216204.032655923336279, 6759941.931471044197679 ], [ 216184.171507322054822, 6759935.311790244653821 ], [ 215562.031221878598444, 6759509.262106627225876 ], [ 215490.344644436845556, 6759886.494885025545955 ], [ 215470.274889997323044, 6759876.438752641901374 ], [ 215426.385738517972641, 6759850.94933118391782 ], [ 214794.131906678550877, 6760115.879152016714215 ], [ 214707.591956066607963, 6760289.110714640468359 ], [ 214478.043592388101388, 6760478.13389572314918 ], [ 214462.236161036300473, 6760439.524965397082269 ], [ 213902.921394120785408, 6759878.701927785761654 ], [ 213854.727554647426587, 6759482.005047300830483 ], [ 213775.975034297909588, 6758856.055972599424422 ], [ 213747.929880938143469, 6758681.891365712508559 ], [ 213750.992873520532157, 6758660.680055941455066 ], [ 213775.59859850408975, 6758335.351902349852026 ], [ 213351.79380705289077, 6757524.043781293556094 ], [ 213288.511356587230694, 6757538.184132463298738 ], [ 213161.956159370485693, 6757345.172925462014973 ], [ 213162.627555932616815, 6757335.084070928394794 ], [ 213220.78204117459245, 6756838.647034764289856 ], [ 213238.843097876699176, 6756743.065684170462191 ], [ 213266.487122766906396, 6756692.51289251819253 ], [ 213715.194485599407926, 6756133.885767738334835 ], [ 213768.369324238970876, 6756071.755784569308162 ], [ 213831.969895422866102, 6756017.462726286612451 ], [ 214145.42460274224868, 6755792.871058409102261 ], [ 214605.228345699375495, 6755143.22603608854115 ], [ 214618.164524374878965, 6755102.029443894512951 ], [ 214646.081493502133526, 6755042.655841015279293 ], [ 215030.745699825114571, 6754362.55988725181669 ], [ 215456.971516042598523, 6754010.618498316034675 ], [ 215633.241365535533987, 6753837.96339669637382 ], [ 216098.885801223281305, 6753192.223434800282121 ], [ 216630.300747778324876, 6752734.441000524908304 ], [ 216647.142719964263961, 6752720.465284057892859 ], [ 216953.825172621000092, 6752751.878148279152811 ], [ 217471.7093063305947, 6752867.590155153535306 ], [ 217714.860853643564042, 6752944.142446126788855 ], [ 218165.77488267084118, 6753029.044946699403226 ], [ 218188.113737511273939, 6753041.824308337643743 ], [ 218564.11758323101094, 6753294.39387068990618 ], [ 218967.77184626593953, 6753133.290920856408775 ], [ 219227.794138548080809, 6752767.995886853896081 ], [ 219265.484717748768162, 6752769.719432562589645 ], [ 219301.168249171110801, 6752777.291650925762951 ], [ 219395.313145962485578, 6752817.112037144601345 ], [ 219481.326807018078398, 6752873.535989488475025 ], [ 219713.474817513371818, 6753107.567631191574037 ], [ 220275.154991618474014, 6753131.335945619270205 ], [ 220355.44050648791017, 6753126.706254654563963 ], [ 220670.801257785293274, 6753099.081625843420625 ], [ 221049.644950698770117, 6752933.006733445450664 ], [ 221273.697096421034075, 6752906.694023886695504 ], [ 221667.291288059321232, 6753027.272516740486026 ], [ 221998.67453594179824, 6753228.153665997087955 ], [ 222452.648465644102544, 6753729.119408598169684 ], [ 222919.621535283862613, 6754284.7974609490484 ], [ 223079.208233750716317, 6754370.879865088500082 ], [ 223104.593492187268566, 6754426.233283110894263 ], [ 223090.759395967936143, 6754607.814690790139139 ], [ 223302.840999007981736, 6755568.124109177850187 ], [ 223757.834515887603629, 6755826.095811073668301 ], [ 223863.607771149429027, 6756192.752522396855056 ], [ 223865.852801870089024, 6756201.934468725696206 ], [ 223939.005961299699266, 6756641.560405916534364 ], [ 224484.088885015284177, 6756671.609245751053095 ], [ 224714.85551718872739, 6756485.03391145542264 ], [ 224791.877083596482407, 6756676.67899427190423 ], [ 224833.112761856173165, 6756853.484562652185559 ], [ 224776.747367709758691, 6757088.981038360856473 ], [ 224666.252897123922594, 6757159.301667916588485 ], [ 224588.50537421082845, 6757166.682214576750994 ], [ 224234.387340994318947, 6757673.759219035506248 ], [ 224324.167961363855284, 6758068.242543652653694 ], [ 224327.688190630287863, 6758075.53833946492523 ], [ 224295.425563547003549, 6758354.020642604678869 ], [ 224048.48703369917348, 6758991.920284006744623 ], [ 223864.884265807224438, 6759304.919609356671572 ], [ 223833.858898259582929, 6759349.782917114906013 ], [ 223767.447305890673306, 6759408.762740965932608 ], [ 223677.062767267809249, 6759487.292065332643688 ], [ 223520.044806902471464, 6759780.991800843738019 ], [ 223815.339322948537301, 6760673.407682910561562 ], [ 223900.31475553981727, 6760712.357841967605054 ], [ 224199.407138572423719, 6760829.105626510456204 ], [ 224245.960259559273254, 6760844.520839092321694 ], [ 224342.985024476132821, 6760867.121856236830354 ], [ 224473.326847960765008, 6760891.049484737217426 ], [ 224628.709676166821737, 6760908.724656753242016 ], [ 224655.015791089099366, 6760911.619349956512451 ], [ 224835.576664884982165, 6760923.814069094136357 ], [ 225228.533018444955815, 6760822.038657205179334 ], [ 225283.404696527693886, 6760829.769405249506235 ], [ 225303.379635721968953, 6760834.29150811303407 ], [ 225344.313665371912066, 6760854.626290308311582 ], [ 225388.304448509879876, 6760900.798474607989192 ], [ 225750.060799244092777, 6761326.354771418496966 ], [ 226075.048810982028954, 6761580.218741663731635 ], [ 225999.152820193325169, 6761955.499228962697089 ], [ 225932.159839518426452, 6761920.202175137586892 ], [ 225894.081243251974229, 6761896.959030670113862 ], [ 225814.801813963975292, 6761839.689390174113214 ], [ 225744.898888409603387, 6761781.331808552145958 ], [ 225614.570766012882814, 6761658.282662957906723 ], [ 225038.92255132633727, 6761366.115179751068354 ], [ 224965.028477900545113, 6761352.563193080015481 ], [ 224923.372483625425957, 6761346.557212225161493 ], [ 224689.101705031003803, 6761319.407697366550565 ], [ 224605.77617181732785, 6761308.181190516799688 ], [ 224465.279244180361275, 6761288.63761328253895 ], [ 224326.946934854262508, 6761263.349173387512565 ], [ 224220.905301111284643, 6761238.801426311023533 ], [ 224158.055794915184379, 6761218.7943084994331 ], [ 223818.164521732775029, 6761084.166385471820831 ], [ 223751.37118760321755, 6761054.44971109367907 ], [ 223679.728382034169044, 6761018.660377306863666 ], [ 223603.984779731952585, 6760984.206494591198862 ], [ 223366.049331167072523, 6760880.489652888849378 ], [ 222828.585634866030887, 6760993.975953579880297 ], [ 222806.142259794578422, 6760990.553669828921556 ], [ 222153.611463563574944, 6760864.39152573235333 ], [ 222101.949446550221182, 6760904.696476419456303 ], [ 222080.479674313624855, 6760923.492304254323244 ], [ 222011.50733130320441, 6760989.391038017347455 ], [ 221804.079751065874007, 6761210.320609509944916 ], [ 221768.793880987737793, 6761244.953007736243308 ], [ 221706.165588295029011, 6761300.977571280673146 ], [ 221661.20102173043415, 6761337.622306589968503 ], [ 221580.424104618665297, 6761395.901557522825897 ], [ 221540.548965035937726, 6761422.10168544575572 ], [ 221464.248845218680799, 6761466.085192942991853 ], [ 221005.86919511895394, 6762031.370333404280245 ], [ 220589.573517256125342, 6762657.597148314118385 ], [ 220485.712671557557769, 6762874.060605870559812 ], [ 220323.512017097731587, 6763009.550663180649281 ], [ 220109.172022392915096, 6763190.984046269208193 ], [ 220107.9600153057836, 6763190.859802193008363 ], [ 219546.692841644864529, 6763139.501017831265926 ], [ 218980.152545144024771, 6762778.047996998764575 ], [ 218819.129969893605448, 6762861.425248734652996 ], [ 218768.319397827493958, 6762905.260663637891412 ], [ 218737.53907126467675, 6762924.83059143088758 ], [ 218693.371457572851796, 6762946.051532266661525 ], [ 218605.677200381993316, 6762997.248911340720952 ], [ 218562.749938295339234, 6763026.28455426171422 ], [ 218452.612715566239785, 6763102.505667772144079 ], [ 218144.320773004496004, 6763250.558071620762348 ], [ 218051.428738287650049, 6763310.661972105503082 ], [ 217990.827262435457669, 6763354.079491574317217 ], [ 217913.529716950259171, 6763414.693835165351629 ], [ 217834.953053220116999, 6763484.443874972872436 ], [ 217781.39539603702724, 6763535.871394702233374 ], [ 217730.351264458906371, 6763589.546314312145114 ], [ 217687.741278756526299, 6763637.960658066906035 ], [ 217649.454914575326256, 6763684.126252433285117 ], [ 217583.270959582121577, 6763773.043684626929462 ], [ 217547.929282188415527, 6763824.877465724013746 ], [ 217514.919458988530096, 6763876.743524128571153 ], [ 217258.315504947910085, 6764704.329993951134384 ], [ 217167.373354456736706, 6765067.298675733618438 ], [ 216907.317529931024183, 6764931.98792256321758 ], [ 216953.889968592964578, 6764697.623750082217157 ] ] ] } }
]
}
