{
"type": "FeatureCollection",
"name": "Vison_refuge_globale_30_45",
"crs": { "type": "name", "properties": { "name": "urn:ogc:def:crs:OGC:1.3:CRS84" } },
"features": [
{ "type": "Feature", "properties": { "fid": 1, "ID": null, "CENTER_LON": "-4.4809806", "CENTER_LAT": "48.4256985", "AA_MINS": 45, "AA_MODE": "driving-car", "TOTAL_POP": "476438" }, "geometry": { "type": "MultiPolygon", "coordinates": [ [ [ [ -4.785069, 48.410337 ], [ -4.786156, 48.410417 ], [ -4.786909, 48.410539 ], [ -4.789095, 48.41094 ], [ -4.789861, 48.411259 ], [ -4.793811, 48.413095 ], [ -4.7932, 48.416643 ], [ -4.788081, 48.423802 ], [ -4.786163, 48.427052 ], [ -4.786756, 48.433435 ], [ -4.786963, 48.434118 ], [ -4.786982, 48.434808 ], [ -4.786808, 48.435506 ], [ -4.786593, 48.435913 ], [ -4.785656, 48.43713 ], [ -4.781972, 48.443853 ], [ -4.781251, 48.445756 ], [ -4.77884, 48.451692 ], [ -4.777983, 48.452574 ], [ -4.772349, 48.457167 ], [ -4.768352, 48.460889 ], [ -4.766225, 48.464438 ], [ -4.763811, 48.464691 ], [ -4.760723, 48.472301 ], [ -4.764009, 48.47501 ], [ -4.76593, 48.476174 ], [ -4.771243, 48.481633 ], [ -4.771774, 48.482044 ], [ -4.772082, 48.482414 ], [ -4.773519, 48.484476 ], [ -4.773578, 48.484555 ], [ -4.775442, 48.49212 ], [ -4.776598, 48.494292 ], [ -4.777017, 48.50203 ], [ -4.77663, 48.502734 ], [ -4.776228, 48.503189 ], [ -4.775779, 48.503568 ], [ -4.775029, 48.503999 ], [ -4.774458, 48.504237 ], [ -4.772627, 48.505174 ], [ -4.76944, 48.507868 ], [ -4.770442, 48.516584 ], [ -4.766567, 48.521275 ], [ -4.762199, 48.527704 ], [ -4.760477, 48.530192 ], [ -4.756697, 48.531509 ], [ -4.751196, 48.534963 ], [ -4.750394, 48.539902 ], [ -4.750558, 48.541386 ], [ -4.75059, 48.542203 ], [ -4.75048, 48.542887 ], [ -4.750226, 48.543547 ], [ -4.749978, 48.543934 ], [ -4.74975, 48.544197 ], [ -4.749462, 48.544466 ], [ -4.746215, 48.546819 ], [ -4.74578, 48.54708 ], [ -4.745482, 48.547221 ], [ -4.744949, 48.54744 ], [ -4.744532, 48.547581 ], [ -4.74411, 48.547697 ], [ -4.742038, 48.548197 ], [ -4.734773, 48.552774 ], [ -4.734533, 48.553232 ], [ -4.734318, 48.55357 ], [ -4.734091, 48.553869 ], [ -4.733281, 48.554778 ], [ -4.732082, 48.556076 ], [ -4.731725, 48.556449 ], [ -4.731273, 48.55684 ], [ -4.730639, 48.557249 ], [ -4.730205, 48.55747 ], [ -4.729543, 48.557732 ], [ -4.727794, 48.558239 ], [ -4.725495, 48.558829 ], [ -4.717445, 48.560481 ], [ -4.716915, 48.560537 ], [ -4.716536, 48.560522 ], [ -4.7146, 48.558155 ], [ -4.706153, 48.557394 ], [ -4.705598, 48.557948 ], [ -4.704323, 48.563818 ], [ -4.70278, 48.568521 ], [ -4.702756, 48.568538 ], [ -4.70224, 48.568814 ], [ -4.700959, 48.569416 ], [ -4.699866, 48.569831 ], [ -4.697684, 48.570148 ], [ -4.696605, 48.570246 ], [ -4.689717, 48.570966 ], [ -4.687364, 48.572311 ], [ -4.686656, 48.572774 ], [ -4.684723, 48.570908 ], [ -4.678102, 48.567171 ], [ -4.676524, 48.567129 ], [ -4.672046, 48.565982 ], [ -4.669759, 48.573672 ], [ -4.669356, 48.57373 ], [ -4.667653, 48.573921 ], [ -4.658918, 48.571853 ], [ -4.658501, 48.571948 ], [ -4.655251, 48.572444 ], [ -4.654326, 48.572506 ], [ -4.651368, 48.570574 ], [ -4.644393, 48.572515 ], [ -4.642303, 48.573292 ], [ -4.641893, 48.572875 ], [ -4.640848, 48.571575 ], [ -4.632815, 48.573812 ], [ -4.632823, 48.576551 ], [ -4.628308, 48.576579 ], [ -4.626718, 48.576465 ], [ -4.626677, 48.576451 ], [ -4.621811, 48.57489 ], [ -4.619575, 48.574669 ], [ -4.614817, 48.573615 ], [ -4.609237, 48.577068 ], [ -4.60748, 48.579546 ], [ -4.606715, 48.588198 ], [ -4.60672, 48.58893 ], [ -4.605487, 48.594968 ], [ -4.603034, 48.603288 ], [ -4.598126, 48.60737 ], [ -4.596455, 48.608727 ], [ -4.596032, 48.608568 ], [ -4.595565, 48.608277 ], [ -4.595186, 48.607892 ], [ -4.594519, 48.607121 ], [ -4.590993, 48.603908 ], [ -4.587921, 48.602152 ], [ -4.584535204688933, 48.59547232481949 ], [ -4.588571, 48.594276 ], [ -4.589268, 48.593694 ], [ -4.589373, 48.593577 ], [ -4.58944, 48.592785 ], [ -4.589104, 48.590715 ], [ -4.58986, 48.58267 ], [ -4.59866, 48.581196 ], [ -4.599296, 48.581235 ], [ -4.599741, 48.580792 ], [ -4.603159, 48.576816 ], [ -4.605036, 48.573785 ], [ -4.604742, 48.573602 ], [ -4.604359, 48.573419 ], [ -4.604026, 48.573322 ], [ -4.603571, 48.573184 ], [ -4.6032, 48.573116 ], [ -4.602163, 48.573015 ], [ -4.601078, 48.572807 ], [ -4.59254, 48.573228 ], [ -4.588969, 48.56796 ], [ -4.588736, 48.564543 ], [ -4.590197858584848, 48.558192937429247 ], [ -4.594146, 48.560784 ], [ -4.596109, 48.564702 ], [ -4.596328, 48.564826 ], [ -4.5965, 48.564919 ], [ -4.596728, 48.565043 ], [ -4.598481, 48.566112 ], [ -4.599956, 48.566971 ], [ -4.600042, 48.567015 ], [ -4.606002, 48.567014 ], [ -4.606886, 48.566837 ], [ -4.607171, 48.566762 ], [ -4.607657, 48.566519 ], [ -4.607828, 48.566418 ], [ -4.608487, 48.565574 ], [ -4.612802, 48.563363 ], [ -4.6175, 48.565498 ], [ -4.618697, 48.565112 ], [ -4.619753, 48.564749 ], [ -4.620872, 48.564389 ], [ -4.621805, 48.564025 ], [ -4.622977, 48.563459 ], [ -4.623972, 48.562997 ], [ -4.632006, 48.562437 ], [ -4.633644, 48.559231 ], [ -4.640659, 48.559378 ], [ -4.646369, 48.564031 ], [ -4.654322, 48.566857 ], [ -4.654373, 48.566791 ], [ -4.660313, 48.560618 ], [ -4.666507, 48.554791 ], [ -4.667449, 48.554762 ], [ -4.675661, 48.557661 ], [ -4.677779, 48.559036 ], [ -4.678445, 48.559253 ], [ -4.678523, 48.559262 ], [ -4.678869, 48.559216 ], [ -4.678943, 48.559201 ], [ -4.682785, 48.556245 ], [ -4.683355, 48.548055 ], [ -4.684104, 48.544534 ], [ -4.686381, 48.536589 ], [ -4.688175, 48.533467 ], [ -4.685817, 48.530295 ], [ -4.681466, 48.522723 ], [ -4.682647, 48.518776 ], [ -4.682363319501625, 48.517234106701558 ], [ -4.682663, 48.517334 ], [ -4.684055, 48.517353 ], [ -4.6874, 48.517315 ], [ -4.693019, 48.513897 ], [ -4.69619, 48.512347 ], [ -4.696958, 48.512032 ], [ -4.698259, 48.51122 ], [ -4.702183, 48.509826 ], [ -4.708267, 48.510966 ], [ -4.710323, 48.511793 ], [ -4.711083, 48.512086 ], [ -4.715385, 48.511527 ], [ -4.717985, 48.511032 ], [ -4.724222, 48.512111 ], [ -4.727006, 48.514925 ], [ -4.727614, 48.515197 ], [ -4.729314, 48.514159 ], [ -4.729423, 48.513969 ], [ -4.729484, 48.513736 ], [ -4.729086, 48.511912 ], [ -4.728478, 48.51164 ], [ -4.725515, 48.51066 ], [ -4.71851, 48.506061 ], [ -4.719696, 48.500742 ], [ -4.719965, 48.500289 ], [ -4.720203, 48.499784 ], [ -4.719455, 48.498237 ], [ -4.718414, 48.492795 ], [ -4.719697, 48.48751 ], [ -4.719725, 48.487209 ], [ -4.718507, 48.485565 ], [ -4.722441, 48.478516 ], [ -4.725821, 48.478656 ], [ -4.726816, 48.478855 ], [ -4.727736, 48.478831 ], [ -4.727757, 48.475231 ], [ -4.730221, 48.468092 ], [ -4.732812, 48.465058 ], [ -4.73598, 48.460942 ], [ -4.741421, 48.460634 ], [ -4.744505, 48.459936 ], [ -4.75004, 48.45401 ], [ -4.756366, 48.449601 ], [ -4.761521, 48.449801 ], [ -4.76212, 48.449976 ], [ -4.763584, 48.448976 ], [ -4.7638, 48.448068 ], [ -4.763783, 48.447922 ], [ -4.763129, 48.44652 ], [ -4.759881, 48.444216 ], [ -4.759103, 48.443139 ], [ -4.755623, 48.436695 ], [ -4.762648, 48.432007 ], [ -4.763933, 48.428644 ], [ -4.763277, 48.424392 ], [ -4.762887, 48.420813 ], [ -4.769436, 48.415019 ], [ -4.769567, 48.414687 ], [ -4.777947, 48.411829 ], [ -4.779379, 48.411304 ], [ -4.780415, 48.409208 ], [ -4.780054, 48.408869 ], [ -4.779122309163943, 48.407863647337081 ], [ -4.785069, 48.410337 ] ] ], [ [ [ -4.771651, 48.330622 ], [ -4.771771, 48.33118 ], [ -4.772102, 48.335728 ], [ -4.773328, 48.341873 ], [ -4.773201, 48.344008 ], [ -4.773017, 48.345028 ], [ -4.772724, 48.350477 ], [ -4.777257, 48.353656 ], [ -4.77983, 48.354197 ], [ -4.781358, 48.359098 ], [ -4.77657, 48.360812 ], [ -4.775704, 48.361105 ], [ -4.769873, 48.364052 ], [ -4.769098, 48.364444 ], [ -4.766414, 48.365368 ], [ -4.760927, 48.368906 ], [ -4.761659, 48.374071 ], [ -4.761969, 48.374567 ], [ -4.762278, 48.375408 ], [ -4.762458, 48.377685 ], [ -4.763656, 48.384111 ], [ -4.768291, 48.38634 ], [ -4.769007, 48.386431 ], [ -4.769347, 48.386537 ], [ -4.769714, 48.386681 ], [ -4.771884, 48.387578 ], [ -4.774278, 48.388321 ], [ -4.774519, 48.388746 ], [ -4.775084, 48.389674 ], [ -4.775357, 48.390284 ], [ -4.775757, 48.392017 ], [ -4.775428, 48.393038 ], [ -4.775174, 48.393731 ], [ -4.77481, 48.39421 ], [ -4.772889059860195, 48.400569385659892 ], [ -4.772201, 48.399496 ], [ -4.77134, 48.398942 ], [ -4.767577, 48.396257 ], [ -4.763737, 48.39189 ], [ -4.762828, 48.390554 ], [ -4.759916, 48.384222 ], [ -4.759396, 48.382673 ], [ -4.758784, 48.380804 ], [ -4.758369, 48.37278 ], [ -4.758978, 48.370283 ], [ -4.75689, 48.36735 ], [ -4.762673, 48.360697 ], [ -4.763471, 48.36094 ], [ -4.765262, 48.361774 ], [ -4.768224, 48.3623 ], [ -4.769608, 48.362942 ], [ -4.770494, 48.36278 ], [ -4.771383, 48.362581 ], [ -4.772157, 48.36079 ], [ -4.770926, 48.355727 ], [ -4.770707, 48.355288 ], [ -4.770271, 48.354602 ], [ -4.769625, 48.354609 ], [ -4.769175, 48.354631 ], [ -4.767072, 48.354545 ], [ -4.762184, 48.350888 ], [ -4.762039, 48.350605 ], [ -4.76105, 48.348126 ], [ -4.765278, 48.34195 ], [ -4.766215, 48.34038 ], [ -4.766256, 48.340313 ], [ -4.770523, 48.333288 ], [ -4.770947, 48.332901 ], [ -4.771062, 48.332598 ], [ -4.771438337837382, 48.330491881936318 ], [ -4.771651, 48.330622 ] ] ], [ [ [ -4.75958, 48.330247 ], [ -4.763243, 48.3281 ], [ -4.764264, 48.32757 ], [ -4.765519, 48.327381 ], [ -4.766195, 48.32745 ], [ -4.76665, 48.32757 ], [ -4.76683, 48.327672 ], [ -4.769377453628714, 48.329230869217092 ], [ -4.764993, 48.329805 ], [ -4.761479, 48.330286 ], [ -4.754049, 48.330837 ], [ -4.75958, 48.330247 ] ] ], [ [ [ -4.750465, 48.330495 ], [ -4.743499, 48.332243 ], [ -4.743349464039827, 48.33223009212459 ], [ -4.750465, 48.330495 ] ] ], [ [ [ -4.700741, 48.339164 ], [ -4.701849, 48.337774 ], [ -4.704801, 48.334721 ], [ -4.710363, 48.332912 ], [ -4.711025, 48.332805 ], [ -4.713707, 48.333548 ], [ -4.719201, 48.334442 ], [ -4.721947295760773, 48.333909120875575 ], [ -4.721402, 48.334551 ], [ -4.714306, 48.33527 ], [ -4.713835, 48.335228 ], [ -4.712963, 48.335388 ], [ -4.712248, 48.335522 ], [ -4.711637, 48.335638 ], [ -4.708464, 48.33861 ], [ -4.702422, 48.34135 ], [ -4.70223, 48.341724 ], [ -4.701975199136288, 48.342262233482018 ], [ -4.700741, 48.339164 ] ] ], [ [ [ -4.419983466716726, 48.366367678869942 ], [ -4.419983466716727, 48.366367678869942 ], [ -4.424644, 48.366669 ], [ -4.419983466716726, 48.366367678869942 ] ] ], [ [ [ -4.323675, 48.322882 ], [ -4.318288, 48.329233 ], [ -4.321462, 48.323493 ], [ -4.324394303183957, 48.322531807809369 ], [ -4.323675, 48.322882 ] ] ], [ [ [ -4.332688, 48.314817 ], [ -4.334295, 48.315258 ], [ -4.331848416889224, 48.31659893723166 ], [ -4.331593, 48.315994 ], [ -4.331209421253706, 48.314919592108886 ], [ -4.332688, 48.314817 ] ] ], [ [ [ -4.298929879010687, 48.313373919886338 ], [ -4.2976, 48.313038 ], [ -4.297231, 48.312759 ], [ -4.297099741202418, 48.312673271906959 ], [ -4.298929879010687, 48.313373919886338 ] ] ], [ [ [ -4.283212, 48.317977 ], [ -4.283053, 48.318081 ], [ -4.278624, 48.320169 ], [ -4.283212, 48.317977 ] ] ], [ [ [ -4.270045, 48.308971 ], [ -4.270439, 48.308873 ], [ -4.271184, 48.308753 ], [ -4.272069, 48.31042 ], [ -4.272092, 48.31051 ], [ -4.272075, 48.311409 ], [ -4.271332, 48.313279 ], [ -4.27123, 48.315008 ], [ -4.274855, 48.321183 ], [ -4.272656, 48.32179 ], [ -4.266963, 48.323912 ], [ -4.263394, 48.318774 ], [ -4.264383, 48.31503 ], [ -4.264581, 48.314755 ], [ -4.263727, 48.312367 ], [ -4.261963, 48.309561 ], [ -4.261789001023456, 48.309368477754745 ], [ -4.270045, 48.308971 ] ] ], [ [ [ -4.236788, 48.299822 ], [ -4.232859, 48.297984 ], [ -4.232343, 48.297706 ], [ -4.231934, 48.297539 ], [ -4.231508, 48.297408 ], [ -4.230913, 48.297281 ], [ -4.230970155965403, 48.290041758239063 ], [ -4.234812, 48.291005 ], [ -4.239574, 48.291603 ], [ -4.236788, 48.299822 ] ] ], [ [ [ -4.24987, 48.284676 ], [ -4.24514, 48.285487 ], [ -4.249759, 48.284672 ], [ -4.249892227810939, 48.284673781256153 ], [ -4.24987, 48.284676 ] ] ], [ [ [ -4.251593, 48.284504 ], [ -4.250496358166546, 48.28461347627691 ], [ -4.252836776470756, 48.284204284536649 ], [ -4.251593, 48.284504 ] ] ], [ [ [ -4.25295, 48.284177 ], [ -4.252908693212695, 48.284186954100164 ], [ -4.253600232999304, 48.283987153175133 ], [ -4.25295, 48.284177 ] ] ], [ [ [ -4.254183, 48.283817 ], [ -4.254150566100901, 48.283826469980305 ], [ -4.254788975878483, 48.283613528251308 ], [ -4.254183, 48.283817 ] ] ], [ [ [ -4.255681, 48.283314 ], [ -4.255658298048361, 48.283321623099525 ], [ -4.255744964699019, 48.283288842533707 ], [ -4.255681, 48.283314 ] ] ], [ [ [ -4.261334495490075, 48.281119639793864 ], [ -4.261871, 48.280909 ], [ -4.262253, 48.280846 ], [ -4.264015150452988, 48.280688136761704 ], [ -4.261334495490075, 48.281119639793864 ] ] ], [ [ [ -4.26401696431588, 48.280687974251762 ], [ -4.264039, 48.280686 ], [ -4.265253, 48.280586 ], [ -4.26637, 48.280624 ], [ -4.266409645984004, 48.280624062902469 ], [ -4.26401696431588, 48.280687974251762 ] ] ], [ [ [ -4.268846472650079, 48.280627903674173 ], [ -4.268908, 48.280628 ], [ -4.268909171946554, 48.280633510160833 ], [ -4.268846472650079, 48.280627903674173 ] ] ], [ [ [ -4.182389, 48.252112 ], [ -4.182478, 48.248513 ], [ -4.182785, 48.248534 ], [ -4.183247, 48.248591 ], [ -4.183359804345205, 48.248602397558734 ], [ -4.183368, 48.24861 ], [ -4.182785, 48.252162 ], [ -4.177939, 48.257084 ], [ -4.182389, 48.252112 ] ] ], [ [ [ -4.15585, 48.2527 ], [ -4.159657419177841, 48.252980217942145 ], [ -4.159643, 48.252981 ], [ -4.155271, 48.252817 ], [ -4.152646, 48.252462 ], [ -4.151866, 48.255976 ], [ -4.154036, 48.263065 ], [ -4.153547, 48.267426 ], [ -4.147228, 48.273018 ], [ -4.139609, 48.272187 ], [ -4.138635, 48.269656 ], [ -4.138876, 48.262945 ], [ -4.138265, 48.259397 ], [ -4.140023, 48.253216 ], [ -4.145088, 48.253278 ], [ -4.145946, 48.253838 ], [ -4.146376, 48.2542 ], [ -4.146738, 48.254409 ], [ -4.147153, 48.254581 ], [ -4.148111, 48.254878 ], [ -4.148575, 48.253734 ], [ -4.148681, 48.253508 ], [ -4.14933, 48.251625 ], [ -4.150339, 48.249757 ], [ -4.150657, 48.248871 ], [ -4.150337, 48.247611 ], [ -4.15585, 48.2527 ] ] ], [ [ [ -4.070967, 48.136567 ], [ -4.070934, 48.136637 ], [ -4.069838, 48.138788 ], [ -4.069656, 48.146064 ], [ -4.069588, 48.149663 ], [ -4.077572, 48.151063 ], [ -4.080693, 48.149676 ], [ -4.081242, 48.149471 ], [ -4.081648, 48.149391 ], [ -4.083863, 48.149165 ], [ -4.084215, 48.149151 ], [ -4.084358, 48.152748 ], [ -4.082258, 48.155811 ], [ -4.086955, 48.16246 ], [ -4.088332, 48.162507 ], [ -4.088208, 48.166105 ], [ -4.089455, 48.174673 ], [ -4.092223, 48.176975 ], [ -4.097447, 48.178544 ], [ -4.098551, 48.178932 ], [ -4.09891, 48.179988 ], [ -4.099215, 48.180965 ], [ -4.107094, 48.183948 ], [ -4.108342, 48.18318 ], [ -4.110742, 48.183498 ], [ -4.111543, 48.183571 ], [ -4.118346, 48.189336 ], [ -4.119419, 48.189205 ], [ -4.120146, 48.189149 ], [ -4.120457, 48.189154 ], [ -4.121048, 48.18922 ], [ -4.124344, 48.18987 ], [ -4.125166, 48.190335 ], [ -4.125226, 48.190399 ], [ -4.125686, 48.191313 ], [ -4.125715, 48.191473 ], [ -4.123918, 48.193445 ], [ -4.123702, 48.193419 ], [ -4.123005, 48.193328 ], [ -4.122508, 48.193243 ], [ -4.115908, 48.198929 ], [ -4.114343, 48.202171 ], [ -4.112062, 48.201201 ], [ -4.110845, 48.201109 ], [ -4.10914, 48.20118 ], [ -4.105286, 48.201341 ], [ -4.10384, 48.209762 ], [ -4.107009, 48.210603 ], [ -4.109846, 48.210955 ], [ -4.112754, 48.211891 ], [ -4.113044, 48.212102 ], [ -4.113494, 48.212553 ], [ -4.113824, 48.213068 ], [ -4.114171, 48.213906 ], [ -4.114255, 48.214135 ], [ -4.114444, 48.214826 ], [ -4.11452, 48.215233 ], [ -4.114544, 48.21582 ], [ -4.114441, 48.216451 ], [ -4.114039, 48.217289 ], [ -4.112123, 48.221151 ], [ -4.115182, 48.228496 ], [ -4.112926, 48.231224 ], [ -4.11016, 48.235153 ], [ -4.108596, 48.242597 ], [ -4.108055, 48.240252 ], [ -4.107487, 48.237808 ], [ -4.107191, 48.236811 ], [ -4.106889, 48.236031 ], [ -4.106612, 48.235454 ], [ -4.10609, 48.234558 ], [ -4.105578, 48.233874 ], [ -4.105209, 48.233455 ], [ -4.104798, 48.233043 ], [ -4.104341, 48.232643 ], [ -4.103678, 48.232145 ], [ -4.102983, 48.23168 ], [ -4.102605, 48.23146 ], [ -4.101862, 48.231079 ], [ -4.101329, 48.230826 ], [ -4.100444, 48.230452 ], [ -4.099055, 48.229918 ], [ -4.095512, 48.22865 ], [ -4.092857, 48.227729 ], [ -4.091285, 48.227258 ], [ -4.090594, 48.227074 ], [ -4.089116, 48.226714 ], [ -4.083671, 48.222406 ], [ -4.082911, 48.218888 ], [ -4.081967, 48.219061 ], [ -4.080037, 48.219363 ], [ -4.079577, 48.219472 ], [ -4.071127, 48.217805 ], [ -4.070339, 48.216592 ], [ -4.067181, 48.218321 ], [ -4.060466, 48.216956 ], [ -4.054491, 48.212034 ], [ -4.048541276977345, 48.20822841618488 ], [ -4.046952, 48.2069 ], [ -4.046391435253013, 48.205500775753066 ], [ -4.046163, 48.196898 ], [ -4.048198, 48.188203 ], [ -4.048625, 48.187088 ], [ -4.048847, 48.186259 ], [ -4.048924, 48.185764 ], [ -4.048966, 48.184924 ], [ -4.048821, 48.18378 ], [ -4.048692, 48.183283 ], [ -4.048312, 48.182331 ], [ -4.048035, 48.181806 ], [ -4.047416, 48.180862 ], [ -4.047788, 48.172121 ], [ -4.048326, 48.171375 ], [ -4.048696, 48.170765 ], [ -4.048976, 48.170149 ], [ -4.049145, 48.16964 ], [ -4.053022764029533, 48.164728700052123 ], [ -4.059399, 48.169654 ], [ -4.059387, 48.170126 ], [ -4.059445, 48.170685 ], [ -4.059626, 48.171797 ], [ -4.062113, 48.171533 ], [ -4.067171, 48.171932 ], [ -4.069457, 48.172657 ], [ -4.070547, 48.169226 ], [ -4.070446, 48.165619 ], [ -4.07057, 48.162021 ], [ -4.0674, 48.155541 ], [ -4.065595, 48.152426 ], [ -4.063503, 48.15132 ], [ -4.061561, 48.149795 ], [ -4.060901, 48.149834 ], [ -4.05992, 48.150966 ], [ -4.051791, 48.147694 ], [ -4.052587695036167, 48.140082462270492 ], [ -4.053318, 48.140372 ], [ -4.060658, 48.139523 ], [ -4.062611, 48.137871 ], [ -4.062992, 48.137415 ], [ -4.06474, 48.13448 ], [ -4.064912, 48.134263 ], [ -4.06584207972286, 48.132948123855066 ], [ -4.066033, 48.132897 ], [ -4.069359, 48.134275 ], [ -4.069847091304985, 48.133522378853193 ], [ -4.070967, 48.136567 ] ] ], [ [ [ -4.044702, 48.359641 ], [ -4.044732, 48.358177 ], [ -4.040833, 48.350238 ], [ -4.037838, 48.349607 ], [ -4.037213, 48.34943 ], [ -4.035052, 48.348654 ], [ -4.032891, 48.347879 ], [ -4.034108, 48.34449 ], [ -4.029122, 48.339548 ], [ -4.02832, 48.339489 ], [ -4.027485, 48.339147 ], [ -4.025543, 48.337747 ], [ -4.02707, 48.334487 ], [ -4.028843, 48.331225 ], [ -4.02921, 48.330574 ], [ -4.024535, 48.323295 ], [ -4.021896, 48.322266 ], [ -4.020537, 48.318932 ], [ -4.011856, 48.316869 ], [ -4.011508, 48.316957 ], [ -4.008827, 48.317 ], [ -4.007262, 48.314181 ], [ -4.007284, 48.313748 ], [ -4.007513, 48.312382 ], [ -4.007564, 48.308785 ], [ -4.001906, 48.303036 ], [ -4.001342, 48.301722 ], [ -3.993683, 48.298527 ], [ -3.993198, 48.298636 ], [ -3.992623, 48.298699 ], [ -3.985962, 48.301326 ], [ -3.982273, 48.301369 ], [ -3.97793, 48.298889 ], [ -3.977499, 48.298622 ], [ -3.975955, 48.297627 ], [ -3.976888, 48.29415 ], [ -3.977182, 48.294229 ], [ -3.977655, 48.294414 ], [ -3.978257, 48.294757 ], [ -3.985054, 48.296283 ], [ -3.991416, 48.291635 ], [ -3.991833, 48.290963 ], [ -3.99226, 48.290516 ], [ -3.99238, 48.290413 ], [ -4.000712, 48.289703 ], [ -4.001482, 48.289325 ], [ -4.009864, 48.28978 ], [ -4.010316, 48.287542 ], [ -4.01055, 48.286859 ], [ -4.009046, 48.280958 ], [ -4.009049, 48.280921 ], [ -4.009308, 48.280111 ], [ -4.010051, 48.279321 ], [ -4.013368, 48.272762 ], [ -4.011463, 48.269707 ], [ -4.01204, 48.269348 ], [ -4.012798, 48.268773 ], [ -4.013306, 48.268417 ], [ -4.014267, 48.267835 ], [ -4.014626, 48.267645 ], [ -4.016128, 48.258868 ], [ -4.01452, 48.258209 ], [ -4.014387, 48.257983 ], [ -4.013933, 48.257244 ], [ -4.013618, 48.256597 ], [ -4.012694, 48.254514 ], [ -4.011872, 48.253181 ], [ -4.011802, 48.253024 ], [ -4.004685, 48.248687 ], [ -4.002193, 48.251333 ], [ -4.001911, 48.252303 ], [ -4.00124, 48.253232 ], [ -4.00033, 48.253942 ], [ -3.997498, 48.256945 ], [ -3.991049, 48.262888 ], [ -3.990567, 48.262711 ], [ -3.989851, 48.262317 ], [ -3.986546, 48.260804 ], [ -3.984418, 48.256146 ], [ -3.979472, 48.253157 ], [ -3.972449, 48.249947 ], [ -3.968759, 48.251635 ], [ -3.965261, 48.252105 ], [ -3.959053, 48.250223 ], [ -3.958458, 48.248772 ], [ -3.958427, 48.248251 ], [ -3.958787, 48.246633 ], [ -3.961458, 48.238912 ], [ -3.961202, 48.237434 ], [ -3.953534, 48.232913 ], [ -3.951524, 48.230623 ], [ -3.945147, 48.224826 ], [ -3.944226, 48.224841 ], [ -3.939768, 48.219441 ], [ -3.93777, 48.218038 ], [ -3.935557, 48.216483 ], [ -3.933462, 48.215025 ], [ -3.926699, 48.211265 ], [ -3.923211, 48.21013 ], [ -3.919769, 48.209009 ], [ -3.917387, 48.208382 ], [ -3.914975, 48.207941 ], [ -3.912564, 48.207592 ], [ -3.911863, 48.207491 ], [ -3.910722, 48.207365 ], [ -3.902759, 48.209905 ], [ -3.902178, 48.209883 ], [ -3.900809, 48.209753 ], [ -3.900155, 48.209612 ], [ -3.892146, 48.206997 ], [ -3.890539, 48.206971 ], [ -3.889288, 48.206871 ], [ -3.888035, 48.206699 ], [ -3.887226, 48.206553 ], [ -3.885485, 48.206184 ], [ -3.881941, 48.205435 ], [ -3.878454, 48.204651 ], [ -3.875911, 48.204118 ], [ -3.873896, 48.20366 ], [ -3.871831, 48.203189 ], [ -3.869028, 48.202465 ], [ -3.869928, 48.19898 ], [ -3.872731, 48.199704 ], [ -3.874695, 48.20015 ], [ -3.876709, 48.200608 ], [ -3.879192, 48.201127 ], [ -3.88273, 48.201922 ], [ -3.886227, 48.202661 ], [ -3.887972, 48.203031 ], [ -3.88867, 48.203155 ], [ -3.889776, 48.203304 ], [ -3.896243, 48.197635 ], [ -3.89748, 48.197061 ], [ -3.900762, 48.195582 ], [ -3.906815, 48.196831 ], [ -3.907344, 48.196928 ], [ -3.908418, 48.197187 ], [ -3.913131, 48.203947 ], [ -3.915622, 48.2044 ], [ -3.918034, 48.20484 ], [ -3.919195, 48.205102 ], [ -3.919685, 48.20523 ], [ -3.920792, 48.205557 ], [ -3.924326, 48.206707 ], [ -3.927814, 48.207842 ], [ -3.929004, 48.208289 ], [ -3.93511, 48.2018 ], [ -3.93494, 48.200733 ], [ -3.935048, 48.200267 ], [ -3.938479, 48.193364 ], [ -3.939912, 48.190061 ], [ -3.942063, 48.190289 ], [ -3.942661, 48.190341 ], [ -3.943249, 48.190502 ], [ -3.943724, 48.19076 ], [ -3.943953, 48.190934 ], [ -3.944387, 48.191379 ], [ -3.944753, 48.19196 ], [ -3.944967, 48.192832 ], [ -3.9523, 48.197311 ], [ -3.959401, 48.198851 ], [ -3.960168, 48.198868 ], [ -3.960297, 48.19891 ], [ -3.962881, 48.201577 ], [ -3.968117, 48.207019 ], [ -3.972988, 48.205302 ], [ -3.972684, 48.199077 ], [ -3.973194, 48.198522 ], [ -3.973906, 48.19796 ], [ -3.976163, 48.196017 ], [ -3.976877, 48.195548 ], [ -3.982099, 48.189709 ], [ -3.983182, 48.186981 ], [ -3.984843, 48.178577 ], [ -3.983206, 48.172251 ], [ -3.983422, 48.169717 ], [ -3.984277, 48.168814 ], [ -3.986611, 48.168351 ], [ -3.994461, 48.16887 ], [ -3.996048176749628, 48.167747287194068 ], [ -3.995113, 48.169082 ], [ -3.992119, 48.17034 ], [ -3.99028, 48.170277 ], [ -3.989568, 48.170224 ], [ -3.988575, 48.170086 ], [ -3.987906, 48.169928 ], [ -3.987811, 48.169898 ], [ -3.985642, 48.1711 ], [ -3.985601, 48.171317 ], [ -3.985653, 48.172183 ], [ -3.985761, 48.172531 ], [ -3.988673, 48.178707 ], [ -3.991586, 48.178369 ], [ -3.994307, 48.178097 ], [ -4.000999, 48.177373 ], [ -4.007454, 48.182484 ], [ -4.008188, 48.183798 ], [ -4.008721, 48.183904 ], [ -4.014289, 48.185993 ], [ -4.018959, 48.190519 ], [ -4.022433, 48.189577 ], [ -4.023413, 48.18906 ], [ -4.029951, 48.183705 ], [ -4.030857, 48.183465 ], [ -4.033822, 48.181424 ], [ -4.042411, 48.17974 ], [ -4.04422, 48.188341 ], [ -4.043783, 48.189478 ], [ -4.043458, 48.190508 ], [ -4.043252, 48.191396 ], [ -4.043118, 48.192175 ], [ -4.04283, 48.194439 ], [ -4.042588, 48.196473 ], [ -4.042343, 48.198534 ], [ -4.042171, 48.20021 ], [ -4.042119, 48.201036 ], [ -4.042103, 48.201986 ], [ -4.042131, 48.20278 ], [ -4.042197, 48.203467 ], [ -4.042272, 48.204027 ], [ -4.04244, 48.204926 ], [ -4.042756, 48.206087 ], [ -4.042974, 48.206753 ], [ -4.042975478578001, 48.206752516825091 ], [ -4.043004, 48.206839 ], [ -4.043228, 48.207415 ], [ -4.043805, 48.208648 ], [ -4.037915, 48.215149 ], [ -4.036848, 48.214809 ], [ -4.036365, 48.214687 ], [ -4.035788, 48.214573 ], [ -4.03509, 48.218104 ], [ -4.037499, 48.218777 ], [ -4.038129, 48.218922 ], [ -4.038614, 48.219006 ], [ -4.039445, 48.21909 ], [ -4.040407, 48.2191 ], [ -4.043222, 48.218843 ], [ -4.05154, 48.220817 ], [ -4.051673, 48.220876 ], [ -4.059288, 48.220493 ], [ -4.062382, 48.221921 ], [ -4.065476, 48.22335 ], [ -4.068586, 48.224785 ], [ -4.068807497302404, 48.224884548223955 ], [ -4.073417, 48.230098 ], [ -4.075522, 48.233019 ], [ -4.082609, 48.233824 ], [ -4.082832, 48.233712 ], [ -4.091072, 48.231041 ], [ -4.091919, 48.231312 ], [ -4.094317, 48.232151 ], [ -4.097844, 48.233308 ], [ -4.099152, 48.233812 ], [ -4.104031, 48.238815 ], [ -4.104547, 48.241062 ], [ -4.105088, 48.243407 ], [ -4.105276, 48.24414 ], [ -4.105492, 48.244801 ], [ -4.105853, 48.245627 ], [ -4.106152, 48.246134 ], [ -4.106505, 48.246624 ], [ -4.103874, 48.254179 ], [ -4.099683, 48.253257 ], [ -4.098387, 48.253535 ], [ -4.097236, 48.253873 ], [ -4.096787, 48.254041 ], [ -4.096208, 48.254313 ], [ -4.091044, 48.255764 ], [ -4.090171, 48.259257 ], [ -4.096658, 48.265158 ], [ -4.097237, 48.266944 ], [ -4.101274, 48.273299 ], [ -4.10429, 48.27454 ], [ -4.104253, 48.283238 ], [ -4.101299, 48.28954 ], [ -4.102507, 48.292931 ], [ -4.10996, 48.294179 ], [ -4.116595, 48.298165 ], [ -4.116707, 48.298211 ], [ -4.117457, 48.298521 ], [ -4.122167, 48.303751 ], [ -4.121277, 48.30724 ], [ -4.115566, 48.312324 ], [ -4.113679, 48.31251 ], [ -4.111885, 48.31266 ], [ -4.111528, 48.312713 ], [ -4.11094, 48.312863 ], [ -4.103733, 48.312533 ], [ -4.102915, 48.312191 ], [ -4.102409, 48.312158 ], [ -4.100671, 48.311848 ], [ -4.100147, 48.311761 ], [ -4.099229, 48.31164 ], [ -4.097494, 48.314795 ], [ -4.097892, 48.315014 ], [ -4.098515, 48.315233 ], [ -4.102174, 48.316576 ], [ -4.106519, 48.318085 ], [ -4.107256, 48.318468 ], [ -4.107598, 48.318592 ], [ -4.108379, 48.318701 ], [ -4.109811, 48.318706 ], [ -4.110233, 48.318682 ], [ -4.11077, 48.31857 ], [ -4.111145, 48.318419 ], [ -4.111568, 48.318158 ], [ -4.1181, 48.315701 ], [ -4.118372, 48.315659 ], [ -4.119114, 48.315416 ], [ -4.127601, 48.31835 ], [ -4.127923, 48.318709 ], [ -4.129348, 48.320102 ], [ -4.130078, 48.320208 ], [ -4.130369, 48.320223 ], [ -4.13315, 48.31958 ], [ -4.138751, 48.322766 ], [ -4.141356, 48.331203 ], [ -4.137936, 48.332335 ], [ -4.13758, 48.332312 ], [ -4.137101, 48.332312 ], [ -4.135683, 48.332163 ], [ -4.135156, 48.332165 ], [ -4.133908, 48.33225 ], [ -4.132361, 48.332212 ], [ -4.132214, 48.332206 ], [ -4.128488, 48.33585 ], [ -4.126781, 48.337974 ], [ -4.121883, 48.345298 ], [ -4.121302, 48.345346 ], [ -4.120611, 48.345444 ], [ -4.120131, 48.345543 ], [ -4.116474, 48.345481 ], [ -4.112296, 48.345738 ], [ -4.111693, 48.349288 ], [ -4.112904, 48.350712 ], [ -4.110754, 48.358539 ], [ -4.10381, 48.361765 ], [ -4.101814, 48.361771 ], [ -4.100255, 48.361701 ], [ -4.096159, 48.362062 ], [ -4.090023, 48.35824 ], [ -4.089442, 48.358151 ], [ -4.083777, 48.356519 ], [ -4.081086, 48.35891 ], [ -4.081336, 48.359192 ], [ -4.081882, 48.359712 ], [ -4.082437, 48.360162 ], [ -4.083102, 48.360632 ], [ -4.078252, 48.368171 ], [ -4.077943, 48.368211 ], [ -4.072428, 48.364932 ], [ -4.071674, 48.364848 ], [ -4.07131, 48.364846 ], [ -4.070942, 48.364837 ], [ -4.069662, 48.364738 ], [ -4.069323, 48.365314 ], [ -4.069259, 48.365419 ], [ -4.061188, 48.367734 ], [ -4.059496, 48.364207 ], [ -4.059121, 48.363821 ], [ -4.058802, 48.363578 ], [ -4.058118, 48.363131 ], [ -4.057012, 48.362319 ], [ -4.052982, 48.360971 ], [ -4.049402, 48.361344 ], [ -4.04311, 48.366288 ], [ -4.04254780488468, 48.366441127668807 ], [ -4.044702, 48.359641 ] ] ], [ [ [ -4.021502537424801, 48.383841671780495 ], [ -4.020447761674923, 48.386778721127314 ], [ -4.019866, 48.386559 ], [ -4.01938, 48.386399 ], [ -4.018824, 48.38631 ], [ -4.021502537424801, 48.383841671780495 ] ] ], [ [ [ -4.007457, 48.380277 ], [ -4.008909, 48.378903 ], [ -4.010894, 48.379615 ], [ -4.011217, 48.379988 ], [ -4.011585, 48.380836 ], [ -4.011709, 48.381166 ], [ -4.016343652713925, 48.385578893467716 ], [ -4.011049, 48.384018 ], [ -4.007955, 48.382179 ], [ -4.007341, 48.383212 ], [ -4.007144, 48.383666 ], [ -4.007457, 48.380277 ] ] ], [ [ [ -3.947395, 48.392313 ], [ -3.951967, 48.399313 ], [ -3.947458, 48.392586 ], [ -3.947373838048361, 48.392263989802338 ], [ -3.947395, 48.392313 ] ] ], [ [ [ -3.947126, 48.39169 ], [ -3.947249327714609, 48.391975627097608 ], [ -3.947018385528393, 48.391555580010092 ], [ -3.947126, 48.39169 ] ] ], [ [ [ -3.946568, 48.390993 ], [ -3.946744355605242, 48.391213288802071 ], [ -3.946255, 48.390737 ], [ -3.946251894635818, 48.390492548664795 ], [ -3.946568, 48.390993 ] ] ], [ [ [ -4.21283, 48.650944 ], [ -4.215839, 48.64835 ], [ -4.217354, 48.648032 ], [ -4.219784, 48.64787 ], [ -4.221244, 48.64804 ], [ -4.221281, 48.648041 ], [ -4.21283, 48.650944 ] ] ], [ [ [ -4.248008, 48.647048 ], [ -4.247872, 48.648232 ], [ -4.248023, 48.646878 ], [ -4.248008, 48.647048 ] ] ], [ [ [ -4.248023, 48.646878 ], [ -4.250475, 48.643513 ], [ -4.250857704012288, 48.643722876552907 ], [ -4.248023, 48.646878 ] ] ], [ [ [ -4.303454, 48.634011 ], [ -4.302586, 48.633975 ], [ -4.301398, 48.633951 ], [ -4.300789, 48.633876 ], [ -4.292244, 48.635936 ], [ -4.294551, 48.633612 ], [ -4.296594, 48.632365 ], [ -4.303554, 48.634018 ], [ -4.303963503835102, 48.634062032939362 ], [ -4.303454, 48.634011 ] ] ], [ [ [ -4.305722, 48.634273 ], [ -4.305677269748665, 48.63426757518517 ], [ -4.30640606475682, 48.634319404656551 ], [ -4.305722, 48.634273 ] ] ], [ [ [ -4.30683, 48.649864 ], [ -4.310845, 48.642289 ], [ -4.307458, 48.649488 ], [ -4.305847, 48.650673 ], [ -4.303742, 48.651791 ], [ -4.30683, 48.649864 ] ] ], [ [ [ -4.297575, 48.658817 ], [ -4.300695, 48.655005 ], [ -4.297692875105372, 48.659464832598779 ], [ -4.297575, 48.658817 ] ] ], [ [ [ -4.322407, 48.665818 ], [ -4.322502, 48.665793 ], [ -4.322697, 48.665742 ], [ -4.328393, 48.671162 ], [ -4.328359786421478, 48.671203474756865 ], [ -4.322407, 48.665818 ] ] ], [ [ [ -4.361241, 48.671925 ], [ -4.361047, 48.672087 ], [ -4.356402, 48.673665 ], [ -4.352653, 48.676224 ], [ -4.35178, 48.676884 ], [ -4.350061951423769, 48.675927765917997 ], [ -4.350315, 48.675821 ], [ -4.354618, 48.673421 ], [ -4.355365, 48.672905 ], [ -4.361997261030691, 48.671264359122517 ], [ -4.361241, 48.671925 ] ] ], [ [ [ -4.372563, 48.670645 ], [ -4.372479, 48.670649 ], [ -4.369735358271003, 48.669382450757219 ], [ -4.372672, 48.668886 ], [ -4.375222, 48.666065 ], [ -4.372563, 48.670645 ] ] ], [ [ [ -4.387923, 48.659816 ], [ -4.38757, 48.659926 ], [ -4.380756, 48.662147 ], [ -4.386381, 48.659989 ], [ -4.38866, 48.659505 ], [ -4.387923, 48.659816 ] ] ], [ [ [ -4.391202, 48.658099 ], [ -4.390561, 48.658476 ], [ -4.389655, 48.659026 ], [ -4.389077, 48.659304 ], [ -4.390103, 48.658719 ], [ -4.391999, 48.657559 ], [ -4.393686963817119, 48.656783375714795 ], [ -4.391202, 48.658099 ] ] ], [ [ [ -4.395884164418908, 48.655773684622687 ], [ -4.396199, 48.655629 ], [ -4.401353, 48.654283 ], [ -4.395884164418908, 48.655773684622687 ] ] ], [ [ [ -4.431478, 48.656003 ], [ -4.430586, 48.655518 ], [ -4.431984187911951, 48.655445979723346 ], [ -4.431478, 48.656003 ] ] ], [ [ [ -4.435347, 48.651163 ], [ -4.435150173101994, 48.651433757134207 ], [ -4.434644, 48.650619 ], [ -4.434456, 48.650191 ], [ -4.434197, 48.649819 ], [ -4.435347, 48.651163 ] ] ], [ [ [ -4.450406, 48.635697 ], [ -4.44745, 48.639348 ], [ -4.447461, 48.639289 ], [ -4.45219, 48.63326 ], [ -4.454131843405714, 48.633251279653017 ], [ -4.450406, 48.635697 ] ] ], [ [ [ -4.460527, 48.629676 ], [ -4.457421, 48.631195 ], [ -4.45741654015877, 48.631197567529824 ], [ -4.457419, 48.631196 ], [ -4.461135854306558, 48.629156151364882 ], [ -4.460527, 48.629676 ] ] ], [ [ [ -4.56419, 48.60862 ], [ -4.564475818451127, 48.609787318969133 ], [ -4.563323935968112, 48.607654199590968 ], [ -4.56419, 48.60862 ] ] ] ] } },
{ "type": "Feature", "properties": { "fid": 2, "ID": null, "CENTER_LON": "-4.445993427423185", "CENTER_LAT": "48.252924844567794", "AA_MINS": 45, "AA_MODE": "driving-car", "TOTAL_POP": "55125" }, "geometry": { "type": "MultiPolygon", "coordinates": [ [ [ [ -4.292661, 48.098193 ], [ -4.28853, 48.102983 ], [ -4.28802, 48.103688 ], [ -4.287562, 48.104044 ], [ -4.283896, 48.108298 ], [ -4.283154, 48.113002 ], [ -4.283077, 48.114941 ], [ -4.282935, 48.115662 ], [ -4.282834, 48.116026 ], [ -4.282261, 48.123748 ], [ -4.283286, 48.12711 ], [ -4.282725, 48.127603 ], [ -4.281822, 48.12788 ], [ -4.279055, 48.127814 ], [ -4.272216, 48.130705 ], [ -4.268617, 48.138625 ], [ -4.269396, 48.140669 ], [ -4.270107, 48.141908 ], [ -4.270864, 48.143115 ], [ -4.270749, 48.147466 ], [ -4.274087, 48.15539 ], [ -4.270339, 48.15618 ], [ -4.269992, 48.157256 ], [ -4.268075, 48.159515 ], [ -4.261908, 48.159713 ], [ -4.261026, 48.153552 ], [ -4.262542, 48.151442 ], [ -4.261595, 48.147969 ], [ -4.260891, 48.148161 ], [ -4.259358, 48.148703 ], [ -4.25315, 48.149682 ], [ -4.247146, 48.147532 ], [ -4.245391, 48.144388 ], [ -4.245196, 48.144497 ], [ -4.243621, 48.145106 ], [ -4.243242, 48.145202 ], [ -4.242676, 48.145348 ], [ -4.235492, 48.140469 ], [ -4.235441, 48.140326 ], [ -4.229057, 48.135126 ], [ -4.225525, 48.135821 ], [ -4.225872, 48.137589 ], [ -4.226015, 48.138235 ], [ -4.225723, 48.147003 ], [ -4.220604, 48.153513 ], [ -4.219791, 48.15702 ], [ -4.222821, 48.160094 ], [ -4.223734, 48.160618 ], [ -4.226388, 48.167055 ], [ -4.222768, 48.170733 ], [ -4.222701, 48.170804 ], [ -4.222212, 48.171942 ], [ -4.218924, 48.175932 ], [ -4.21257, 48.173319 ], [ -4.212196, 48.172838 ], [ -4.210515, 48.171833 ], [ -4.209639, 48.171694 ], [ -4.209541, 48.171678 ], [ -4.207612, 48.173945 ], [ -4.205138, 48.179246 ], [ -4.205733, 48.182796 ], [ -4.199606, 48.188914 ], [ -4.199075, 48.188909 ], [ -4.197471, 48.188703 ], [ -4.19662, 48.188561 ], [ -4.195512, 48.188353 ], [ -4.194473, 48.188169 ], [ -4.188552, 48.185054 ], [ -4.185981, 48.1855 ], [ -4.178601, 48.183042 ], [ -4.177907, 48.182875 ], [ -4.177027, 48.183134 ], [ -4.169693, 48.185654 ], [ -4.167057, 48.184458 ], [ -4.159943, 48.18465 ], [ -4.153769, 48.188467 ], [ -4.148524, 48.189298 ], [ -4.148288, 48.19289 ], [ -4.150081, 48.193007 ], [ -4.150788, 48.192999 ], [ -4.152104, 48.192928 ], [ -4.152651, 48.192887 ], [ -4.153021, 48.192835 ], [ -4.15362, 48.192671 ], [ -4.158448, 48.192608 ], [ -4.163048, 48.19528 ], [ -4.167615, 48.199817 ], [ -4.169951, 48.20254 ], [ -4.17093, 48.211376 ], [ -4.169914, 48.211879 ], [ -4.164901, 48.211863 ], [ -4.164804, 48.211875 ], [ -4.158399, 48.208665 ], [ -4.158111, 48.208376 ], [ -4.157662, 48.208043 ], [ -4.156139, 48.207202 ], [ -4.155444, 48.206741 ], [ -4.153456, 48.209742 ], [ -4.151602, 48.214068 ], [ -4.150809, 48.21758 ], [ -4.153206, 48.221667 ], [ -4.155666, 48.22232 ], [ -4.163588, 48.22473 ], [ -4.165165, 48.226515 ], [ -4.17264, 48.22775 ], [ -4.174177, 48.229488 ], [ -4.174933, 48.230679 ], [ -4.17537, 48.231512 ], [ -4.177046, 48.239729 ], [ -4.176379, 48.240814 ], [ -4.176684, 48.241842 ], [ -4.176788, 48.242319 ], [ -4.177625, 48.243282 ], [ -4.183368, 48.24861 ], [ -4.182785, 48.252162 ], [ -4.177939, 48.257084 ], [ -4.177201, 48.257344 ], [ -4.171167, 48.257715 ], [ -4.165178, 48.252547 ], [ -4.163855, 48.252698 ], [ -4.163311, 48.252782 ], [ -4.159643, 48.252981 ], [ -4.155271, 48.252817 ], [ -4.152646, 48.252462 ], [ -4.151866, 48.255976 ], [ -4.154036, 48.263065 ], [ -4.153547, 48.267426 ], [ -4.147228, 48.273018 ], [ -4.139609, 48.272187 ], [ -4.138635, 48.269656 ], [ -4.138876, 48.262945 ], [ -4.138265, 48.259397 ], [ -4.140023, 48.253216 ], [ -4.145088, 48.253278 ], [ -4.145946, 48.253838 ], [ -4.146376, 48.2542 ], [ -4.146738, 48.254409 ], [ -4.147153, 48.254581 ], [ -4.148111, 48.254878 ], [ -4.148575, 48.253734 ], [ -4.148681, 48.253508 ], [ -4.14933, 48.251625 ], [ -4.150339, 48.249757 ], [ -4.150657, 48.248871 ], [ -4.150337, 48.247611 ], [ -4.149502, 48.245852 ], [ -4.140903, 48.243737 ], [ -4.136001, 48.240919 ], [ -4.127713, 48.242819 ], [ -4.126002, 48.243599 ], [ -4.12521, 48.244119 ], [ -4.124754, 48.244568 ], [ -4.124458, 48.245094 ], [ -4.123775, 48.248158 ], [ -4.114989, 48.250039 ], [ -4.114707, 48.249728 ], [ -4.114184, 48.249194 ], [ -4.112834, 48.247874 ], [ -4.110105, 48.245216 ], [ -4.108596, 48.242597 ], [ -4.108055, 48.240252 ], [ -4.107487, 48.237808 ], [ -4.107191, 48.236811 ], [ -4.106889, 48.236031 ], [ -4.106612, 48.235454 ], [ -4.10609, 48.234558 ], [ -4.105578, 48.233874 ], [ -4.105209, 48.233455 ], [ -4.104798, 48.233043 ], [ -4.104341, 48.232643 ], [ -4.103678, 48.232145 ], [ -4.102983, 48.23168 ], [ -4.102605, 48.23146 ], [ -4.101862, 48.231079 ], [ -4.101329, 48.230826 ], [ -4.100444, 48.230452 ], [ -4.099055, 48.229918 ], [ -4.095512, 48.22865 ], [ -4.092857, 48.227729 ], [ -4.091285, 48.227258 ], [ -4.090594, 48.227074 ], [ -4.089116, 48.226714 ], [ -4.083671, 48.222406 ], [ -4.082911, 48.218888 ], [ -4.081967, 48.219061 ], [ -4.080037, 48.219363 ], [ -4.079577, 48.219472 ], [ -4.071127, 48.217805 ], [ -4.070339, 48.216592 ], [ -4.067181, 48.218321 ], [ -4.060466, 48.216956 ], [ -4.054491, 48.212034 ], [ -4.048541276977345, 48.20822841618488 ], [ -4.046952, 48.2069 ], [ -4.046391435253013, 48.205500775753066 ], [ -4.046163, 48.196898 ], [ -4.048198, 48.188203 ], [ -4.048625, 48.187088 ], [ -4.048847, 48.186259 ], [ -4.048924, 48.185764 ], [ -4.048966, 48.184924 ], [ -4.048821, 48.18378 ], [ -4.048692, 48.183283 ], [ -4.048312, 48.182331 ], [ -4.048035, 48.181806 ], [ -4.047416, 48.180862 ], [ -4.047788, 48.172121 ], [ -4.048326, 48.171375 ], [ -4.048696, 48.170765 ], [ -4.048976, 48.170149 ], [ -4.049145, 48.16964 ], [ -4.053022764029533, 48.164728700052123 ], [ -4.059399, 48.169654 ], [ -4.059387, 48.170126 ], [ -4.059445, 48.170685 ], [ -4.059626, 48.171797 ], [ -4.062113, 48.171533 ], [ -4.067171, 48.171932 ], [ -4.069457, 48.172657 ], [ -4.070547, 48.169226 ], [ -4.070446, 48.165619 ], [ -4.07057, 48.162021 ], [ -4.0674, 48.155541 ], [ -4.065595, 48.152426 ], [ -4.063503, 48.15132 ], [ -4.061561, 48.149795 ], [ -4.060901, 48.149834 ], [ -4.0601641842438, 48.150684235179689 ], [ -4.061357, 48.146372 ], [ -4.060202, 48.143576 ], [ -4.059979, 48.141699 ], [ -4.059725, 48.140091 ], [ -4.056338830431487, 48.136607222505738 ], [ -4.059127, 48.134746 ], [ -4.066033, 48.132897 ], [ -4.069359, 48.134275 ], [ -4.071689, 48.130682 ], [ -4.072272, 48.129847 ], [ -4.075349, 48.124601 ], [ -4.075602, 48.124345 ], [ -4.083386, 48.128859 ], [ -4.083363, 48.129024 ], [ -4.084992, 48.1309 ], [ -4.085054, 48.130904 ], [ -4.086929, 48.129522 ], [ -4.090628, 48.125358 ], [ -4.095333, 48.126179 ], [ -4.096052, 48.126492 ], [ -4.096578, 48.126348 ], [ -4.097067, 48.126015 ], [ -4.097713, 48.125498 ], [ -4.098298, 48.124921 ], [ -4.098853, 48.124071 ], [ -4.099134, 48.123425 ], [ -4.106686, 48.118841 ], [ -4.107356, 48.115304 ], [ -4.107824972211145, 48.10679350437033 ], [ -4.109691, 48.106179 ], [ -4.112620625573879, 48.107198790956232 ], [ -4.116022, 48.112679 ], [ -4.118728, 48.116544 ], [ -4.121768, 48.118062 ], [ -4.126389, 48.115116 ], [ -4.127346, 48.113118 ], [ -4.127305, 48.112715 ], [ -4.126452, 48.111517 ], [ -4.124366, 48.104311 ], [ -4.12501, 48.09989 ], [ -4.130893, 48.095106 ], [ -4.131608, 48.094936 ], [ -4.132028, 48.094776 ], [ -4.134383, 48.093715 ], [ -4.134413, 48.091719 ], [ -4.134413, 48.0891088223567 ], [ -4.134771, 48.088666 ], [ -4.135321152550112, 48.088118622030038 ], [ -4.141554, 48.088124 ], [ -4.147964, 48.092643 ], [ -4.156061, 48.091675 ], [ -4.158119, 48.090612 ], [ -4.160449993609646, 48.086329913136773 ], [ -4.160637, 48.086314 ], [ -4.167235, 48.083375 ], [ -4.169203, 48.08364 ], [ -4.174689, 48.089531 ], [ -4.176441, 48.092248 ], [ -4.176481, 48.092245 ], [ -4.177217, 48.092094 ], [ -4.179791, 48.091325 ], [ -4.186054, 48.088777 ], [ -4.192916, 48.087778 ], [ -4.198444, 48.089869 ], [ -4.198933, 48.090131 ], [ -4.202365, 48.092252 ], [ -4.203603, 48.09315 ], [ -4.210605, 48.09592 ], [ -4.213165, 48.097428 ], [ -4.216604, 48.096361 ], [ -4.216486, 48.095982 ], [ -4.216232, 48.095328 ], [ -4.216071, 48.094986 ], [ -4.215721, 48.094408 ], [ -4.215243, 48.093799 ], [ -4.214898, 48.093423 ], [ -4.214095, 48.092648 ], [ -4.212244, 48.089464 ], [ -4.214004, 48.08273 ], [ -4.219311, 48.078522 ], [ -4.226986, 48.077157 ], [ -4.228879, 48.077414 ], [ -4.232514, 48.076741 ], [ -4.236124, 48.07486 ], [ -4.237089, 48.071392 ], [ -4.241933, 48.06558 ], [ -4.245533, 48.065594 ], [ -4.247631, 48.065985 ], [ -4.254421, 48.071436 ], [ -4.257886, 48.070459 ], [ -4.262958, 48.067263 ], [ -4.26537675575368, 48.06833689930729 ], [ -4.266862, 48.075564 ], [ -4.269991, 48.075686 ], [ -4.272641, 48.073991 ], [ -4.276058867025315, 48.071651133640756 ], [ -4.278808, 48.075858 ], [ -4.285036, 48.082159 ], [ -4.288543, 48.082969 ], [ -4.291345893173768, 48.081920432881162 ], [ -4.295606, 48.086257 ], [ -4.297601, 48.091 ], [ -4.297689, 48.091268 ], [ -4.298084, 48.09158 ], [ -4.292661, 48.098193 ] ] ], [ [ [ -4.042505, 48.180529 ], [ -4.042218, 48.180216 ], [ -4.041937470912714, 48.179832861477145 ], [ -4.042411, 48.17974 ], [ -4.043017887095637, 48.182625802524228 ], [ -4.042505, 48.180529 ] ] ], [ [ [ -4.042105, 48.205133 ], [ -4.041735, 48.20452 ], [ -4.041335, 48.203785 ], [ -4.040642, 48.202594 ], [ -4.040093, 48.201368 ], [ -4.039787, 48.200416 ], [ -4.039822, 48.19942 ], [ -4.039968, 48.19903 ], [ -4.040168, 48.198634 ], [ -4.0409, 48.197079 ], [ -4.04311845443398, 48.192172358218407 ], [ -4.043118, 48.192175 ], [ -4.04283, 48.194439 ], [ -4.042588, 48.196473 ], [ -4.042343, 48.198534 ], [ -4.042171, 48.20021 ], [ -4.042119, 48.201036 ], [ -4.042103, 48.201986 ], [ -4.042131, 48.20278 ], [ -4.042197, 48.203467 ], [ -4.042272, 48.204027 ], [ -4.04244, 48.204926 ], [ -4.042756, 48.206087 ], [ -4.042849353244831, 48.206372200589833 ], [ -4.042105, 48.205133 ] ] ], [ [ [ -4.120719, 48.33698 ], [ -4.116683, 48.336312 ], [ -4.116373, 48.336388 ], [ -4.113983, 48.337104 ], [ -4.113207, 48.337221 ], [ -4.112813, 48.337257 ], [ -4.112167, 48.337266 ], [ -4.110363, 48.337126 ], [ -4.110642, 48.333537 ], [ -4.103523, 48.330293 ], [ -4.10246, 48.330598 ], [ -4.10199, 48.330756 ], [ -4.100874, 48.331149 ], [ -4.100236, 48.331255 ], [ -4.099679, 48.331317 ], [ -4.098058, 48.3316 ], [ -4.09438, 48.334126 ], [ -4.097618, 48.341448 ], [ -4.098278, 48.341963 ], [ -4.098886, 48.342412 ], [ -4.098013, 48.345026 ], [ -4.096749, 48.345309 ], [ -4.091711, 48.343578 ], [ -4.091396, 48.343475 ], [ -4.090975, 48.34328 ], [ -4.082899, 48.339695 ], [ -4.079942, 48.337806 ], [ -4.07237, 48.333158 ], [ -4.072013, 48.333117 ], [ -4.068201, 48.332678 ], [ -4.067615, 48.332606 ], [ -4.066433, 48.332354 ], [ -4.065323, 48.332091 ], [ -4.061378, 48.331198 ], [ -4.057463, 48.330312 ], [ -4.051148, 48.334927 ], [ -4.04765, 48.335775 ], [ -4.047085, 48.333444 ], [ -4.046851, 48.331537 ], [ -4.039329, 48.327718 ], [ -4.037094, 48.329072 ], [ -4.033306, 48.334681 ], [ -4.03304, 48.335313 ], [ -4.030968, 48.338381 ], [ -4.030556, 48.338919 ], [ -4.03009, 48.339251 ], [ -4.029122, 48.339548 ], [ -4.02832, 48.339489 ], [ -4.027485, 48.339147 ], [ -4.025576, 48.337779 ], [ -4.02651, 48.334302 ], [ -4.028843, 48.331225 ], [ -4.02921, 48.330574 ], [ -4.022949, 48.324421 ], [ -4.021767, 48.32513 ], [ -4.020755, 48.325528 ], [ -4.01915, 48.32658 ], [ -4.017513, 48.327384 ], [ -4.01692, 48.327727 ], [ -4.015458, 48.328513 ], [ -4.014988, 48.328755 ], [ -4.014516, 48.328927 ], [ -4.014295, 48.328989 ], [ -4.013327, 48.325521 ], [ -4.007524, 48.319835 ], [ -4.006167, 48.317958 ], [ -4.001177, 48.313122 ], [ -3.998093, 48.309539 ], [ -3.998274, 48.309187 ], [ -3.998523, 48.308775 ], [ -3.993325, 48.301583 ], [ -3.992326, 48.30181 ], [ -3.991805, 48.301891 ], [ -3.986468, 48.307611 ], [ -3.985841, 48.308345 ], [ -3.984522, 48.31011 ], [ -3.984223, 48.310083 ], [ -3.98039, 48.30958 ], [ -3.979817, 48.309317 ], [ -3.979171, 48.308784 ], [ -3.980063, 48.305995 ], [ -3.977499, 48.298622 ], [ -3.971678, 48.298367 ], [ -3.968671, 48.303492 ], [ -3.968546, 48.304083 ], [ -3.968325, 48.304547 ], [ -3.967743, 48.305433 ], [ -3.961382, 48.304842 ], [ -3.960187, 48.304729 ], [ -3.959549, 48.30451 ], [ -3.958884, 48.304231 ], [ -3.959346, 48.30066 ], [ -3.960202, 48.299978 ], [ -3.960558, 48.299758 ], [ -3.961461, 48.299343 ], [ -3.965074, 48.297645 ], [ -3.967458, 48.290172 ], [ -3.967724, 48.289563 ], [ -3.970551, 48.287334 ], [ -3.97286, 48.289188 ], [ -3.981525, 48.289049 ], [ -3.982176, 48.288804 ], [ -3.983011, 48.288562 ], [ -3.983925, 48.288973 ], [ -3.984161, 48.28944 ], [ -3.98451, 48.290001 ], [ -3.99226, 48.290516 ], [ -3.993345, 48.286326 ], [ -3.994028, 48.283271 ], [ -3.994314, 48.283218 ], [ -3.994924, 48.28309 ], [ -4.002324, 48.279579 ], [ -4.002937, 48.279207 ], [ -4.003286, 48.279006 ], [ -4.003833, 48.27878 ], [ -4.006885, 48.27232 ], [ -4.00131, 48.269114 ], [ -3.997714, 48.268939 ], [ -3.991125, 48.262916 ], [ -3.99026, 48.262563 ], [ -3.98986, 48.262323 ], [ -3.989481, 48.261619 ], [ -3.990166, 48.260364 ], [ -3.990376, 48.260058 ], [ -3.990868, 48.259482 ], [ -3.991719, 48.25924 ], [ -3.994908, 48.260204 ], [ -3.995307, 48.260318 ], [ -4.002309, 48.261039 ], [ -4.010667, 48.26371 ], [ -4.011794, 48.264644 ], [ -4.014626, 48.267645 ], [ -4.018444, 48.269252 ], [ -4.018758, 48.269306 ], [ -4.019123, 48.269412 ], [ -4.022406, 48.269751 ], [ -4.027823, 48.265426 ], [ -4.028668, 48.264371 ], [ -4.034896, 48.260352 ], [ -4.037238, 48.256307 ], [ -4.039138, 48.256227 ], [ -4.039779, 48.256201 ], [ -4.040166, 48.256227 ], [ -4.041042, 48.256348 ], [ -4.041977, 48.256507 ], [ -4.044954, 48.256609 ], [ -4.050745, 48.258525 ], [ -4.055069, 48.254181 ], [ -4.052651, 48.247445 ], [ -4.049708, 48.245729 ], [ -4.049554, 48.245611 ], [ -4.049077, 48.243786 ], [ -4.042202, 48.239773 ], [ -4.038539, 48.241829 ], [ -4.038232, 48.24192 ], [ -4.037217, 48.241899 ], [ -4.036951, 48.241642 ], [ -4.036568, 48.241162 ], [ -4.030408, 48.238461 ], [ -4.027476, 48.239532 ], [ -4.026626, 48.239819 ], [ -4.024833, 48.240329 ], [ -4.024083, 48.240497 ], [ -4.019642, 48.242378 ], [ -4.016714, 48.2431 ], [ -4.015505, 48.239709 ], [ -4.009541, 48.233126 ], [ -4.01058, 48.229679 ], [ -4.010287, 48.224882 ], [ -4.003512, 48.222071 ], [ -4.000996, 48.222855 ], [ -3.994033, 48.223048 ], [ -3.993334, 48.223247 ], [ -3.992791, 48.223301 ], [ -3.9926, 48.223295 ], [ -3.989907, 48.222459 ], [ -3.985699, 48.221548 ], [ -3.984823, 48.221472 ], [ -3.982967, 48.221193 ], [ -3.974857, 48.222234 ], [ -3.974835, 48.222232 ], [ -3.965904, 48.223238 ], [ -3.965047, 48.223616 ], [ -3.964569, 48.223784 ], [ -3.964121, 48.223919 ], [ -3.963633, 48.224054 ], [ -3.962892, 48.224219 ], [ -3.960013, 48.224701 ], [ -3.957047, 48.225195 ], [ -3.955889, 48.225329 ], [ -3.955028, 48.225386 ], [ -3.953912, 48.225401 ], [ -3.953116, 48.225374 ], [ -3.952589, 48.225337 ], [ -3.951676, 48.225245 ], [ -3.950868, 48.22513 ], [ -3.950324, 48.225031 ], [ -3.949137, 48.22475 ], [ -3.948373, 48.22453 ], [ -3.949369, 48.221071 ], [ -3.956625, 48.22162 ], [ -3.959419, 48.22115 ], [ -3.966562, 48.21854 ], [ -3.969819, 48.215675 ], [ -3.975717, 48.209517 ], [ -3.98091, 48.206258 ], [ -3.982849, 48.205979 ], [ -3.982932, 48.205987 ], [ -3.991015, 48.208302 ], [ -3.992577, 48.207913 ], [ -3.999931, 48.208274 ], [ -4.007378, 48.208773 ], [ -4.011412, 48.213298 ], [ -4.016291, 48.211871 ], [ -4.01651, 48.21171 ], [ -4.017261, 48.211219 ], [ -4.01793, 48.210646 ], [ -4.019538, 48.209145 ], [ -4.020856, 48.207258 ], [ -4.024164, 48.204308 ], [ -4.026813, 48.206747 ], [ -4.030287, 48.214827 ], [ -4.032185, 48.214586 ], [ -4.033699, 48.214159 ], [ -4.034214, 48.214046 ], [ -4.034734, 48.213969 ], [ -4.036222, 48.213981 ], [ -4.037117, 48.21413 ], [ -4.038055, 48.214453 ], [ -4.043425810907608, 48.207837712037211 ], [ -4.043805, 48.208648 ], [ -4.037915, 48.215149 ], [ -4.036848, 48.214809 ], [ -4.036365, 48.214687 ], [ -4.035788, 48.214573 ], [ -4.03509, 48.218104 ], [ -4.037499, 48.218777 ], [ -4.038129, 48.218922 ], [ -4.038614, 48.219006 ], [ -4.039445, 48.21909 ], [ -4.040407, 48.2191 ], [ -4.043222, 48.218843 ], [ -4.05154, 48.220817 ], [ -4.051673, 48.220876 ], [ -4.059288, 48.220493 ], [ -4.062382, 48.221921 ], [ -4.065476, 48.22335 ], [ -4.068586, 48.224785 ], [ -4.068807497302404, 48.224884548223955 ], [ -4.073417, 48.230098 ], [ -4.075522, 48.233019 ], [ -4.082609, 48.233824 ], [ -4.082832, 48.233712 ], [ -4.091072, 48.231041 ], [ -4.091919, 48.231312 ], [ -4.094317, 48.232151 ], [ -4.097844, 48.233308 ], [ -4.099152, 48.233812 ], [ -4.104031, 48.238815 ], [ -4.104547, 48.241062 ], [ -4.105088, 48.243407 ], [ -4.105276, 48.24414 ], [ -4.105492, 48.244801 ], [ -4.105853, 48.245627 ], [ -4.106152, 48.246134 ], [ -4.106505, 48.246624 ], [ -4.103874, 48.254179 ], [ -4.099683, 48.253257 ], [ -4.098387, 48.253535 ], [ -4.097236, 48.253873 ], [ -4.096787, 48.254041 ], [ -4.096208, 48.254313 ], [ -4.091044, 48.255764 ], [ -4.090171, 48.259257 ], [ -4.096658, 48.265158 ], [ -4.097237, 48.266944 ], [ -4.101274, 48.273299 ], [ -4.10429, 48.27454 ], [ -4.104253, 48.283238 ], [ -4.101299, 48.28954 ], [ -4.102507, 48.292931 ], [ -4.10996, 48.294179 ], [ -4.116595, 48.298165 ], [ -4.116707, 48.298211 ], [ -4.117457, 48.298521 ], [ -4.122167, 48.303751 ], [ -4.121277, 48.30724 ], [ -4.115566, 48.312324 ], [ -4.113679, 48.31251 ], [ -4.111885, 48.31266 ], [ -4.111528, 48.312713 ], [ -4.11094, 48.312863 ], [ -4.103733, 48.312533 ], [ -4.102915, 48.312191 ], [ -4.102409, 48.312158 ], [ -4.100671, 48.311848 ], [ -4.100147, 48.311761 ], [ -4.099229, 48.31164 ], [ -4.097494, 48.314795 ], [ -4.097892, 48.315014 ], [ -4.098515, 48.315233 ], [ -4.102174, 48.316576 ], [ -4.106519, 48.318085 ], [ -4.107256, 48.318468 ], [ -4.107598, 48.318592 ], [ -4.108379, 48.318701 ], [ -4.109811, 48.318706 ], [ -4.110233, 48.318682 ], [ -4.11077, 48.31857 ], [ -4.111145, 48.318419 ], [ -4.111568, 48.318158 ], [ -4.1181, 48.315701 ], [ -4.118372, 48.315659 ], [ -4.119114, 48.315416 ], [ -4.127601, 48.31835 ], [ -4.127923, 48.318709 ], [ -4.129348, 48.320102 ], [ -4.130078, 48.320208 ], [ -4.130369, 48.320223 ], [ -4.13315, 48.31958 ], [ -4.138751, 48.322766 ], [ -4.141356, 48.331203 ], [ -4.137936, 48.332335 ], [ -4.13758, 48.332312 ], [ -4.137101, 48.332312 ], [ -4.135683, 48.332163 ], [ -4.135156, 48.332165 ], [ -4.133908, 48.33225 ], [ -4.132361, 48.332212 ], [ -4.132214, 48.332206 ], [ -4.128488, 48.33585 ], [ -4.126781, 48.337974 ], [ -4.121883, 48.345298 ], [ -4.121302, 48.345346 ], [ -4.120611, 48.345444 ], [ -4.120131, 48.345543 ], [ -4.120719, 48.33698 ] ] ], [ [ [ -4.252545, 48.302349 ], [ -4.252667, 48.302419 ], [ -4.253014, 48.302708 ], [ -4.253115, 48.302862 ], [ -4.253735678740957, 48.303685130844542 ], [ -4.252048890104229, 48.302376272941984 ], [ -4.252545, 48.302349 ] ] ], [ [ [ -4.248415, 48.302887 ], [ -4.24848, 48.302749 ], [ -4.250562, 48.302458 ], [ -4.25061255719551, 48.302455221429909 ], [ -4.250427, 48.302582 ], [ -4.24649, 48.30561 ], [ -4.248415, 48.302887 ] ] ], [ [ [ -4.242279267901554, 48.307208461749525 ], [ -4.238455, 48.30866 ], [ -4.236897, 48.305411 ], [ -4.242279267901554, 48.307208461749525 ] ] ], [ [ [ -4.236824, 48.300681 ], [ -4.236807, 48.300767 ], [ -4.236897, 48.305411 ], [ -4.236242, 48.301406 ], [ -4.236788, 48.299822 ], [ -4.236824, 48.300681 ] ] ], [ [ [ -4.236788, 48.299822 ], [ -4.232859, 48.297984 ], [ -4.232343, 48.297706 ], [ -4.231934, 48.297539 ], [ -4.231508, 48.297408 ], [ -4.230913, 48.297281 ], [ -4.230970155965403, 48.290041758239063 ], [ -4.234812, 48.291005 ], [ -4.239574, 48.291603 ], [ -4.236788, 48.299822 ] ] ] ] } },
{ "type": "Feature", "properties": { "fid": 3, "ID": null, "CENTER_LON": "-4.517279602100955", "CENTER_LAT": "48.39264004019653", "AA_MINS": 45, "AA_MODE": "driving-car", "TOTAL_POP": "395997" }, "geometry": { "type": "MultiPolygon", "coordinates": [ [ [ [ -4.785069, 48.410337 ], [ -4.786156, 48.410417 ], [ -4.786909, 48.410539 ], [ -4.789095, 48.41094 ], [ -4.789861, 48.411259 ], [ -4.793811, 48.413095 ], [ -4.7932, 48.416643 ], [ -4.788081, 48.423802 ], [ -4.786163, 48.427052 ], [ -4.786756, 48.433435 ], [ -4.786963, 48.434118 ], [ -4.786982, 48.434808 ], [ -4.786808, 48.435506 ], [ -4.786593, 48.435913 ], [ -4.785656, 48.43713 ], [ -4.781972, 48.443853 ], [ -4.781251, 48.445756 ], [ -4.77884, 48.451692 ], [ -4.777983, 48.452574 ], [ -4.772349, 48.457167 ], [ -4.768352, 48.460889 ], [ -4.766225, 48.464438 ], [ -4.763811, 48.464691 ], [ -4.760723, 48.472301 ], [ -4.764009, 48.47501 ], [ -4.76593, 48.476174 ], [ -4.771243, 48.481633 ], [ -4.771774, 48.482044 ], [ -4.772082, 48.482414 ], [ -4.773578, 48.484555 ], [ -4.775442, 48.49212 ], [ -4.776598, 48.494292 ], [ -4.777017, 48.50203 ], [ -4.77663, 48.502734 ], [ -4.776228, 48.503189 ], [ -4.775779, 48.503568 ], [ -4.775029, 48.503999 ], [ -4.774458, 48.504237 ], [ -4.772627, 48.505174 ], [ -4.76944, 48.507868 ], [ -4.770442, 48.516584 ], [ -4.766567, 48.521275 ], [ -4.762199, 48.527704 ], [ -4.760477, 48.530192 ], [ -4.756697, 48.531509 ], [ -4.751196, 48.534963 ], [ -4.750394, 48.539902 ], [ -4.750558, 48.541386 ], [ -4.75059, 48.542203 ], [ -4.75048, 48.542887 ], [ -4.750226, 48.543547 ], [ -4.749978, 48.543934 ], [ -4.74975, 48.544197 ], [ -4.749462, 48.544466 ], [ -4.746215, 48.546819 ], [ -4.74578, 48.54708 ], [ -4.745482, 48.547221 ], [ -4.744949, 48.54744 ], [ -4.744532, 48.547581 ], [ -4.74411, 48.547697 ], [ -4.74024, 48.54894 ], [ -4.734247, 48.553668 ], [ -4.734009, 48.553967 ], [ -4.733251, 48.55481 ], [ -4.732495, 48.555611 ], [ -4.732034, 48.556128 ], [ -4.731577, 48.556587 ], [ -4.731059, 48.556993 ], [ -4.730495, 48.557328 ], [ -4.730058, 48.557534 ], [ -4.729391, 48.557783 ], [ -4.727746, 48.558252 ], [ -4.723698, 48.557429 ], [ -4.718704, 48.559727 ], [ -4.718092, 48.560253 ], [ -4.717445, 48.560481 ], [ -4.716915, 48.560537 ], [ -4.716536, 48.560522 ], [ -4.7146, 48.558155 ], [ -4.706153, 48.557394 ], [ -4.705598, 48.557948 ], [ -4.704323, 48.563818 ], [ -4.70278, 48.568521 ], [ -4.702756, 48.568538 ], [ -4.70224, 48.568814 ], [ -4.702142, 48.568864 ], [ -4.700959, 48.569416 ], [ -4.699866, 48.569831 ], [ -4.697684, 48.570148 ], [ -4.696605, 48.570246 ], [ -4.689717, 48.570966 ], [ -4.687364, 48.572311 ], [ -4.686656, 48.572774 ], [ -4.684723, 48.570908 ], [ -4.678102, 48.567171 ], [ -4.676524, 48.567129 ], [ -4.67253, 48.565891 ], [ -4.669759, 48.573672 ], [ -4.669356, 48.57373 ], [ -4.667653, 48.573921 ], [ -4.658918, 48.571853 ], [ -4.658501, 48.571948 ], [ -4.655251, 48.572444 ], [ -4.654326, 48.572506 ], [ -4.651368, 48.570574 ], [ -4.644393, 48.572515 ], [ -4.642303, 48.573292 ], [ -4.63881, 48.573222 ], [ -4.632823, 48.576551 ], [ -4.628308, 48.576579 ], [ -4.626718, 48.576465 ], [ -4.626677, 48.576451 ], [ -4.621811, 48.57489 ], [ -4.619575, 48.574669 ], [ -4.614817, 48.573615 ], [ -4.609237, 48.577068 ], [ -4.60748, 48.579546 ], [ -4.606689, 48.580976 ], [ -4.601777, 48.587338 ], [ -4.598918, 48.593082 ], [ -4.597666, 48.594798 ], [ -4.595721, 48.595903 ], [ -4.595606, 48.595878 ], [ -4.586636, 48.595244 ], [ -4.585346832532648, 48.595231750656566 ], [ -4.588571, 48.594276 ], [ -4.589268, 48.593694 ], [ -4.589373, 48.593577 ], [ -4.58944, 48.592785 ], [ -4.589104, 48.590715 ], [ -4.58986, 48.58267 ], [ -4.59866, 48.581196 ], [ -4.599296, 48.581235 ], [ -4.599741, 48.580792 ], [ -4.603159, 48.576816 ], [ -4.605036, 48.573785 ], [ -4.604742, 48.573602 ], [ -4.604359, 48.573419 ], [ -4.604026, 48.573322 ], [ -4.603571, 48.573184 ], [ -4.6032, 48.573116 ], [ -4.602163, 48.573015 ], [ -4.601078, 48.572807 ], [ -4.59254, 48.573228 ], [ -4.588969, 48.56796 ], [ -4.588736, 48.564543 ], [ -4.590197858584848, 48.558192937429247 ], [ -4.594146, 48.560784 ], [ -4.596109, 48.564702 ], [ -4.596328, 48.564826 ], [ -4.5965, 48.564919 ], [ -4.596728, 48.565043 ], [ -4.598481, 48.566112 ], [ -4.599956, 48.566971 ], [ -4.600042, 48.567015 ], [ -4.606002, 48.567014 ], [ -4.606886, 48.566837 ], [ -4.607171, 48.566762 ], [ -4.607657, 48.566519 ], [ -4.607828, 48.566418 ], [ -4.608487, 48.565574 ], [ -4.612802, 48.563363 ], [ -4.6175, 48.565498 ], [ -4.618697, 48.565112 ], [ -4.619753, 48.564749 ], [ -4.620872, 48.564389 ], [ -4.621805, 48.564025 ], [ -4.622977, 48.563459 ], [ -4.623972, 48.562997 ], [ -4.632006, 48.562437 ], [ -4.633644, 48.559231 ], [ -4.640659, 48.559378 ], [ -4.646369, 48.564031 ], [ -4.654322, 48.566857 ], [ -4.654373, 48.566791 ], [ -4.660313, 48.560618 ], [ -4.666507, 48.554791 ], [ -4.667449, 48.554762 ], [ -4.675661, 48.557661 ], [ -4.677779, 48.559036 ], [ -4.678445, 48.559253 ], [ -4.678523, 48.559262 ], [ -4.678869, 48.559216 ], [ -4.678943, 48.559201 ], [ -4.682785, 48.556245 ], [ -4.683355, 48.548055 ], [ -4.684104, 48.544534 ], [ -4.686381, 48.536589 ], [ -4.688175, 48.533467 ], [ -4.685817, 48.530295 ], [ -4.681466, 48.522723 ], [ -4.682647, 48.518776 ], [ -4.682363319501625, 48.517234106701558 ], [ -4.682663, 48.517334 ], [ -4.684055, 48.517353 ], [ -4.6874, 48.517315 ], [ -4.693019, 48.513897 ], [ -4.69619, 48.512347 ], [ -4.696958, 48.512032 ], [ -4.698259, 48.51122 ], [ -4.702183, 48.509826 ], [ -4.708267, 48.510966 ], [ -4.710323, 48.511793 ], [ -4.711083, 48.512086 ], [ -4.715385, 48.511527 ], [ -4.717985, 48.511032 ], [ -4.724222, 48.512111 ], [ -4.727006, 48.514925 ], [ -4.727614, 48.515197 ], [ -4.729314, 48.514159 ], [ -4.729423, 48.513969 ], [ -4.729484, 48.513736 ], [ -4.729086, 48.511912 ], [ -4.728478, 48.51164 ], [ -4.725515, 48.51066 ], [ -4.71851, 48.506061 ], [ -4.719696, 48.500742 ], [ -4.719965, 48.500289 ], [ -4.720203, 48.499784 ], [ -4.719455, 48.498237 ], [ -4.718414, 48.492795 ], [ -4.719697, 48.48751 ], [ -4.719725, 48.487209 ], [ -4.718507, 48.485565 ], [ -4.722441, 48.478516 ], [ -4.725821, 48.478656 ], [ -4.726816, 48.478855 ], [ -4.727736, 48.478831 ], [ -4.727757, 48.475231 ], [ -4.730221, 48.468092 ], [ -4.732812, 48.465058 ], [ -4.73598, 48.460942 ], [ -4.741421, 48.460634 ], [ -4.744505, 48.459936 ], [ -4.75004, 48.45401 ], [ -4.756366, 48.449601 ], [ -4.761521, 48.449801 ], [ -4.76212, 48.449976 ], [ -4.763584, 48.448976 ], [ -4.7638, 48.448068 ], [ -4.763783, 48.447922 ], [ -4.763129, 48.44652 ], [ -4.759881, 48.444216 ], [ -4.759103, 48.443139 ], [ -4.755623, 48.436695 ], [ -4.762648, 48.432007 ], [ -4.763933, 48.428644 ], [ -4.763277, 48.424392 ], [ -4.762887, 48.420813 ], [ -4.769436, 48.415019 ], [ -4.769567, 48.414687 ], [ -4.777947, 48.411829 ], [ -4.779379, 48.411304 ], [ -4.780415, 48.409208 ], [ -4.780054, 48.408869 ], [ -4.779122309163943, 48.407863647337081 ], [ -4.785069, 48.410337 ] ] ], [ [ [ -4.771651, 48.330622 ], [ -4.771771, 48.33118 ], [ -4.772794, 48.335829 ], [ -4.773378, 48.341563 ], [ -4.773293, 48.342042 ], [ -4.773118, 48.342614 ], [ -4.772911, 48.343046 ], [ -4.772743, 48.343317 ], [ -4.772724, 48.350477 ], [ -4.777257, 48.353656 ], [ -4.77983, 48.354197 ], [ -4.781358, 48.359098 ], [ -4.77657, 48.360812 ], [ -4.775704, 48.361105 ], [ -4.769873, 48.364052 ], [ -4.769098, 48.364444 ], [ -4.766414, 48.365368 ], [ -4.760927, 48.368906 ], [ -4.761659, 48.374071 ], [ -4.761969, 48.374567 ], [ -4.762278, 48.375408 ], [ -4.762458, 48.377685 ], [ -4.763656, 48.384111 ], [ -4.768291, 48.38634 ], [ -4.769007, 48.386431 ], [ -4.769347, 48.386537 ], [ -4.769714, 48.386681 ], [ -4.771884, 48.387578 ], [ -4.774278, 48.388321 ], [ -4.774519, 48.388746 ], [ -4.775084, 48.389674 ], [ -4.775357, 48.390284 ], [ -4.775757, 48.392017 ], [ -4.775428, 48.393038 ], [ -4.775174, 48.393731 ], [ -4.77481, 48.39421 ], [ -4.772889059860195, 48.400569385659892 ], [ -4.772201, 48.399496 ], [ -4.77134, 48.398942 ], [ -4.767577, 48.396257 ], [ -4.763737, 48.39189 ], [ -4.762828, 48.390554 ], [ -4.759916, 48.384222 ], [ -4.759396, 48.382673 ], [ -4.758784, 48.380804 ], [ -4.758369, 48.37278 ], [ -4.758978, 48.370283 ], [ -4.75689, 48.36735 ], [ -4.762673, 48.360697 ], [ -4.763471, 48.36094 ], [ -4.765262, 48.361774 ], [ -4.768224, 48.3623 ], [ -4.769608, 48.362942 ], [ -4.770494, 48.36278 ], [ -4.771383, 48.362581 ], [ -4.772157, 48.36079 ], [ -4.770926, 48.355727 ], [ -4.770707, 48.355288 ], [ -4.770271, 48.354602 ], [ -4.769625, 48.354609 ], [ -4.769175, 48.354631 ], [ -4.767072, 48.354545 ], [ -4.762184, 48.350888 ], [ -4.762039, 48.350605 ], [ -4.76105, 48.348126 ], [ -4.765278, 48.34195 ], [ -4.766215, 48.34038 ], [ -4.766256, 48.340313 ], [ -4.770523, 48.333288 ], [ -4.770947, 48.332901 ], [ -4.771062, 48.332598 ], [ -4.771438337837382, 48.330491881936318 ], [ -4.771651, 48.330622 ] ] ], [ [ [ -4.75958, 48.330247 ], [ -4.763243, 48.3281 ], [ -4.764264, 48.32757 ], [ -4.765519, 48.327381 ], [ -4.766195, 48.32745 ], [ -4.76665, 48.32757 ], [ -4.76683, 48.327672 ], [ -4.769377453628714, 48.329230869217092 ], [ -4.764993, 48.329805 ], [ -4.761479, 48.330286 ], [ -4.754049, 48.330837 ], [ -4.75958, 48.330247 ] ] ], [ [ [ -4.750465, 48.330495 ], [ -4.743499, 48.332243 ], [ -4.743349464039827, 48.33223009212459 ], [ -4.750465, 48.330495 ] ] ], [ [ [ -4.700741, 48.339164 ], [ -4.701849, 48.337774 ], [ -4.704801, 48.334721 ], [ -4.710363, 48.332912 ], [ -4.711025, 48.332805 ], [ -4.713707, 48.333548 ], [ -4.719201, 48.334442 ], [ -4.721947295760773, 48.333909120875575 ], [ -4.721402, 48.334551 ], [ -4.714306, 48.33527 ], [ -4.713835, 48.335228 ], [ -4.712963, 48.335388 ], [ -4.712248, 48.335522 ], [ -4.711637, 48.335638 ], [ -4.708464, 48.33861 ], [ -4.702422, 48.34135 ], [ -4.70223, 48.341724 ], [ -4.701975199136288, 48.342262233482018 ], [ -4.700741, 48.339164 ] ] ], [ [ [ -4.475852, 48.383638 ], [ -4.47537552499252, 48.383767781491272 ], [ -4.475375524992504, 48.383767781491272 ], [ -4.475375524992489, 48.383767781491272 ], [ -4.475852, 48.383638 ] ] ], [ [ [ -4.465627, 48.384382 ], [ -4.463970245847516, 48.384594287086365 ], [ -4.463970245847502, 48.384594287086365 ], [ -4.465627, 48.384382 ] ] ], [ [ [ -4.463348312630132, 48.384712013976447 ], [ -4.463348312630096, 48.384712013976461 ], [ -4.463271, 48.384728 ], [ -4.463348312630132, 48.384712013976447 ] ] ], [ [ [ -4.463271, 48.384728 ], [ -4.463184286240645, 48.384756381926188 ], [ -4.463184286240574, 48.384756381926223 ], [ -4.463271, 48.384728 ] ] ], [ [ [ -4.419983466716726, 48.366367678869942 ], [ -4.419983466716727, 48.366367678869942 ], [ -4.424644, 48.366669 ], [ -4.419983466716726, 48.366367678869942 ] ] ], [ [ [ -4.324194, 48.323187 ], [ -4.318288, 48.329233 ], [ -4.321462, 48.323493 ], [ -4.325074996207861, 48.322308665033653 ], [ -4.324194, 48.323187 ] ] ], [ [ [ -4.327412875264499, 48.314983796025601 ], [ -4.326936, 48.315216 ], [ -4.319812, 48.315241 ], [ -4.319809442150809, 48.315240964069723 ], [ -4.327412875264499, 48.314983796025601 ] ] ], [ [ [ -4.307427, 48.314155 ], [ -4.308107, 48.314255 ], [ -4.312316687553366, 48.315482725314673 ], [ -4.309467, 48.31562 ], [ -4.306212, 48.315213 ], [ -4.30579945750957, 48.315108828968391 ], [ -4.307427, 48.314155 ] ] ], [ [ [ -4.256732, 48.305713 ], [ -4.26066, 48.307826 ], [ -4.261354, 48.308367 ], [ -4.265013, 48.311702 ], [ -4.265361, 48.312001 ], [ -4.264838, 48.314622 ], [ -4.263397824775954, 48.318759521828184 ], [ -4.264383, 48.31503 ], [ -4.264581, 48.314755 ], [ -4.263727, 48.312367 ], [ -4.261963, 48.309561 ], [ -4.260883, 48.308366 ], [ -4.256787, 48.306055 ], [ -4.256121281419698, 48.305537466860756 ], [ -4.256732, 48.305713 ] ] ], [ [ [ -4.236824, 48.300681 ], [ -4.236807, 48.300767 ], [ -4.236897, 48.305411 ], [ -4.236242, 48.301406 ], [ -4.236788, 48.299822 ], [ -4.236824, 48.300681 ] ] ], [ [ [ -4.230913, 48.297281 ], [ -4.230970155965403, 48.290041758239063 ], [ -4.230970155965403, 48.290041758239063 ], [ -4.230913, 48.297281 ] ] ], [ [ [ -4.252617, 48.284259 ], [ -4.251593, 48.284504 ], [ -4.250361, 48.284783 ], [ -4.250248, 48.284804 ], [ -4.249603410186747, 48.284699456415922 ], [ -4.249759, 48.284672 ], [ -4.250133, 48.284677 ], [ -4.252613257631082, 48.284243366181776 ], [ -4.252617, 48.284259 ] ] ], [ [ [ -4.141311, 48.260471 ], [ -4.140598, 48.262524 ], [ -4.139069, 48.269562 ], [ -4.147228, 48.273018 ], [ -4.139609, 48.272187 ], [ -4.138635, 48.269656 ], [ -4.138876, 48.262945 ], [ -4.138265, 48.259397 ], [ -4.140023, 48.253216 ], [ -4.145088, 48.253278 ], [ -4.145946, 48.253838 ], [ -4.146376, 48.2542 ], [ -4.146738, 48.254409 ], [ -4.147153, 48.254581 ], [ -4.148017009505651, 48.254848861478735 ], [ -4.141311, 48.260471 ] ] ], [ [ [ -4.151318, 48.246899 ], [ -4.151382, 48.247264 ], [ -4.151215, 48.248389 ], [ -4.15122, 48.25226 ], [ -4.150034, 48.255659 ], [ -4.149857, 48.255597 ], [ -4.148103220893346, 48.254875588359532 ], [ -4.148111, 48.254878 ], [ -4.148575, 48.253734 ], [ -4.148681, 48.253508 ], [ -4.14933, 48.251625 ], [ -4.150339, 48.249757 ], [ -4.150657, 48.248871 ], [ -4.150337, 48.247611 ], [ -4.149659075801218, 48.246182903391357 ], [ -4.151318, 48.246899 ] ] ], [ [ [ -4.126544, 48.242825 ], [ -4.132401, 48.241323 ], [ -4.135911, 48.240521 ], [ -4.140903, 48.243737 ], [ -4.136001, 48.240919 ], [ -4.127713, 48.242819 ], [ -4.126002, 48.243599 ], [ -4.12521, 48.244119 ], [ -4.126544, 48.242825 ] ] ], [ [ [ -4.083211, 48.218834 ], [ -4.084246, 48.218742 ], [ -4.084871, 48.218751 ], [ -4.085009, 48.219464 ], [ -4.085087, 48.220514 ], [ -4.090594, 48.227074 ], [ -4.089116, 48.226714 ], [ -4.083671, 48.222406 ], [ -4.082911, 48.218888 ], [ -4.083211, 48.218834 ] ] ], [ [ [ -4.067594, 48.214772 ], [ -4.06771, 48.214714 ], [ -4.069014, 48.214682 ], [ -4.069154, 48.214746 ], [ -4.073289615937925, 48.218231704530083 ], [ -4.071127, 48.217805 ], [ -4.070339, 48.216592 ], [ -4.067181, 48.218321 ], [ -4.060466, 48.216956 ], [ -4.067594, 48.214772 ] ] ], [ [ [ -4.055598, 48.21118 ], [ -4.056687, 48.211072 ], [ -4.056737, 48.211084 ], [ -4.057606, 48.211621 ], [ -4.05784, 48.211794 ], [ -4.060466, 48.216956 ], [ -4.054491, 48.212034 ], [ -4.048541276977345, 48.20822841618488 ], [ -4.048141652044433, 48.207894393322128 ], [ -4.055598, 48.21118 ] ] ], [ [ [ -4.046584, 48.205766 ], [ -4.046831, 48.206342 ], [ -4.047095, 48.206893 ], [ -4.047222838924144, 48.207126390281651 ], [ -4.046952, 48.2069 ], [ -4.046391435253013, 48.205500775753066 ], [ -4.046382578528057, 48.205167288419716 ], [ -4.046584, 48.205766 ] ] ], [ [ [ -4.065987345068409, 48.223585953261441 ], [ -4.068586, 48.224785 ], [ -4.068807497302404, 48.224884548223955 ], [ -4.069994325857127, 48.226226995657775 ], [ -4.065987345068409, 48.223585953261441 ] ] ], [ [ [ -4.084069, 48.23451 ], [ -4.080554, 48.23529 ], [ -4.074824, 48.233522 ], [ -4.072719, 48.230601 ], [ -4.071179524811224, 48.227567518489415 ], [ -4.073417, 48.230098 ], [ -4.075522, 48.233019 ], [ -4.082609, 48.233824 ], [ -4.082832, 48.233712 ], [ -4.091072, 48.231041 ], [ -4.091919, 48.231312 ], [ -4.084069, 48.23451 ] ] ], [ [ [ -4.099094, 48.233892 ], [ -4.097835, 48.233394 ], [ -4.09455, 48.232232 ], [ -4.094338807914584, 48.232158154368584 ], [ -4.097844, 48.233308 ], [ -4.099152, 48.233812 ], [ -4.104031, 48.238815 ], [ -4.099094, 48.233892 ] ] ], [ [ [ -4.119698, 48.305271 ], [ -4.116849, 48.298659 ], [ -4.116161, 48.297911 ], [ -4.111149, 48.295069 ], [ -4.109614, 48.294515 ], [ -4.102277, 48.293001 ], [ -4.101726, 48.29312 ], [ -4.101325, 48.293167 ], [ -4.100393, 48.293233 ], [ -4.099888, 48.293253 ], [ -4.099414, 48.293276 ], [ -4.097138, 48.293477 ], [ -4.096822, 48.289891 ], [ -4.099098, 48.28969 ], [ -4.104028, 48.283709 ], [ -4.103315, 48.281193 ], [ -4.100362, 48.273022 ], [ -4.099766, 48.272717 ], [ -4.095227, 48.267594 ], [ -4.093802, 48.266569 ], [ -4.0937, 48.266457 ], [ -4.08927, 48.258944 ], [ -4.088403, 48.258631 ], [ -4.087069, 48.255864 ], [ -4.087106, 48.255805 ], [ -4.088072, 48.255046 ], [ -4.088438, 48.255013 ], [ -4.096208, 48.254313 ], [ -4.091044, 48.255764 ], [ -4.090171, 48.259257 ], [ -4.096658, 48.265158 ], [ -4.097237, 48.266944 ], [ -4.101274, 48.273299 ], [ -4.10429, 48.27454 ], [ -4.104253, 48.283238 ], [ -4.101299, 48.28954 ], [ -4.102507, 48.292931 ], [ -4.10996, 48.294179 ], [ -4.116595, 48.298165 ], [ -4.116707, 48.298211 ], [ -4.117457, 48.298521 ], [ -4.122167, 48.303751 ], [ -4.121277, 48.30724 ], [ -4.115566, 48.312324 ], [ -4.119698, 48.305271 ] ] ], [ [ [ -4.100477, 48.317433 ], [ -4.100324, 48.317413 ], [ -4.099692, 48.317211 ], [ -4.099089, 48.316768 ], [ -4.096861, 48.314284 ], [ -4.09656, 48.313873 ], [ -4.096284, 48.31274 ], [ -4.096392, 48.312144 ], [ -4.096553, 48.311742 ], [ -4.097061, 48.310662 ], [ -4.100501, 48.311725 ], [ -4.102915, 48.312191 ], [ -4.102409, 48.312158 ], [ -4.100671, 48.311848 ], [ -4.100147, 48.311761 ], [ -4.099229, 48.31164 ], [ -4.097494, 48.314795 ], [ -4.097892, 48.315014 ], [ -4.098515, 48.315233 ], [ -4.102174, 48.316576 ], [ -4.106519, 48.318085 ], [ -4.107256, 48.318468 ], [ -4.107598, 48.318592 ], [ -4.100477, 48.317433 ] ] ], [ [ [ -4.133059, 48.320701 ], [ -4.130994, 48.321826 ], [ -4.130537, 48.321784 ], [ -4.129488, 48.321154 ], [ -4.127923, 48.318709 ], [ -4.129348, 48.320102 ], [ -4.130078, 48.320208 ], [ -4.130369, 48.320223 ], [ -4.13315, 48.31958 ], [ -4.134399974105072, 48.320291076042722 ], [ -4.133059, 48.320701 ] ] ], [ [ [ -4.140062, 48.330717 ], [ -4.140635084729927, 48.328868401629563 ], [ -4.141356, 48.331203 ], [ -4.137936, 48.332335 ], [ -4.13758, 48.332312 ], [ -4.137101, 48.332312 ], [ -4.135683, 48.332163 ], [ -4.140062, 48.330717 ] ] ], [ [ [ -4.128583, 48.333994 ], [ -4.12868, 48.333534 ], [ -4.128799, 48.33285 ], [ -4.129683, 48.331967 ], [ -4.130715, 48.332126 ], [ -4.133908, 48.33225 ], [ -4.132361, 48.332212 ], [ -4.132214, 48.332206 ], [ -4.12905360253197, 48.335296885622455 ], [ -4.128583, 48.333994 ] ] ], [ [ [ -4.460527, 48.629676 ], [ -4.459599, 48.630129 ], [ -4.459448207895394, 48.630082383927693 ], [ -4.460705964319687, 48.629392093738211 ], [ -4.460527, 48.629676 ] ] ], [ [ [ -4.482476, 48.625604 ], [ -4.481887, 48.625664 ], [ -4.481384, 48.625651 ], [ -4.475964, 48.625583 ], [ -4.481296, 48.624275 ], [ -4.486365, 48.624795 ], [ -4.487043, 48.624922 ], [ -4.487668903934118, 48.625013236815285 ], [ -4.482476, 48.625604 ] ] ], [ [ [ -4.495776, 48.624493 ], [ -4.492066, 48.624635 ], [ -4.491592, 48.624663 ], [ -4.490193, 48.624726 ], [ -4.489333701730411, 48.624823792699701 ], [ -4.490396, 48.624654 ], [ -4.493924, 48.624525 ], [ -4.502031, 48.622866 ], [ -4.502539606451568, 48.62387565715543 ], [ -4.495776, 48.624493 ] ] ], [ [ [ -4.564273, 48.598178 ], [ -4.566203, 48.597599 ], [ -4.568153, 48.597657 ], [ -4.564273, 48.598178 ] ] ], [ [ [ -4.568153, 48.597657 ], [ -4.573155, 48.596242 ], [ -4.573849, 48.59626 ], [ -4.568153, 48.597657 ] ] ] ] } },
{ "type": "Feature", "properties": { "fid": 4, "ID": null, "CENTER_LON": "-4.4926", "CENTER_LAT": "48.0333179", "AA_MINS": 45, "AA_MODE": "driving-car", "TOTAL_POP": "108591" }, "geometry": { "type": "MultiPolygon", "coordinates": [ [ [ [ -4.704808, 48.046128 ], [ -4.707839, 48.04138 ], [ -4.707976, 48.041319 ], [ -4.708942, 48.040936 ], [ -4.704808, 48.046128 ] ] ], [ [ [ -4.719543, 48.033989 ], [ -4.718755301411841, 48.035617466649654 ], [ -4.719134192958754, 48.033917091936921 ], [ -4.719543, 48.033989 ] ] ], [ [ [ -4.690115, 48.027296 ], [ -4.695948, 48.027436 ], [ -4.692096, 48.027794 ], [ -4.69005074431845, 48.02760470486546 ], [ -4.690115, 48.027296 ] ] ], [ [ [ -4.674855709318094, 48.03007819829395 ], [ -4.672902, 48.031282 ], [ -4.667871, 48.030002 ], [ -4.674855709318094, 48.03007819829395 ] ] ], [ [ [ -4.382764, 47.9282 ], [ -4.382221, 47.927842 ], [ -4.381368, 47.927186 ], [ -4.382764, 47.9282 ] ] ], [ [ [ -4.363404, 47.89849 ], [ -4.363878, 47.898305 ], [ -4.36436, 47.898196 ], [ -4.364861, 47.898149 ], [ -4.365169, 47.898154 ], [ -4.366653, 47.898323 ], [ -4.367143, 47.898429 ], [ -4.367193, 47.89855 ], [ -4.366891, 47.900324 ], [ -4.368226, 47.908592 ], [ -4.368875697779065, 47.909175311012703 ], [ -4.365636, 47.909949 ], [ -4.36381, 47.910662 ], [ -4.362523224472319, 47.911125454841262 ], [ -4.361794, 47.904872 ], [ -4.364991, 47.90172 ], [ -4.365056, 47.901681 ], [ -4.366004, 47.90049 ], [ -4.365931, 47.900028 ], [ -4.36578, 47.899532 ], [ -4.365392, 47.898955 ], [ -4.363223257744826, 47.898593211787215 ], [ -4.363404, 47.89849 ] ] ], [ [ [ -4.352851, 47.895357 ], [ -4.354684, 47.898456 ], [ -4.360521630745964, 47.89878637584173 ], [ -4.358944, 47.898901 ], [ -4.35815, 47.898746 ], [ -4.357306, 47.898942 ], [ -4.356766, 47.899314 ], [ -4.348806, 47.899192 ], [ -4.344783, 47.892517 ], [ -4.347523, 47.890182 ], [ -4.349191, 47.888646 ], [ -4.352851, 47.895357 ] ] ], [ [ [ -4.342353, 47.835594 ], [ -4.342765, 47.835585 ], [ -4.3437, 47.836609 ], [ -4.34419, 47.837578 ], [ -4.344189, 47.837593 ], [ -4.342839, 47.839185 ], [ -4.338994, 47.846536 ], [ -4.345299, 47.85116 ], [ -4.346905, 47.851771 ], [ -4.346976, 47.852311 ], [ -4.34618, 47.854651 ], [ -4.339605, 47.859737 ], [ -4.339469, 47.867379 ], [ -4.338385, 47.866797 ], [ -4.336419, 47.864925 ], [ -4.338462, 47.856653 ], [ -4.339371, 47.856287 ], [ -4.340352, 47.856079 ], [ -4.342845, 47.855452 ], [ -4.342004, 47.851952 ], [ -4.33853, 47.852786 ], [ -4.334718, 47.853704 ], [ -4.329171, 47.849403 ], [ -4.328732, 47.847795 ], [ -4.330978, 47.841752 ], [ -4.334437, 47.840756 ], [ -4.339057, 47.839219 ], [ -4.339011768688892, 47.835754483008216 ], [ -4.342353, 47.835594 ] ] ], [ [ [ -4.144636, 48.086303 ], [ -4.144637879452361, 48.086300832651268 ], [ -4.144691892589017, 48.086351495106015 ], [ -4.144636, 48.086303 ] ] ], [ [ [ -4.219231, 48.146026 ], [ -4.218248, 48.146118 ], [ -4.213673, 48.145608 ], [ -4.210124, 48.145005 ], [ -4.206367, 48.14153 ], [ -4.203979, 48.138836 ], [ -4.199951, 48.134903 ], [ -4.191889, 48.137357 ], [ -4.186736, 48.142358 ], [ -4.178297, 48.145252 ], [ -4.174749, 48.145859 ], [ -4.167679, 48.142376 ], [ -4.163046, 48.143717 ], [ -4.160978, 48.14077 ], [ -4.161685, 48.140274 ], [ -4.16204, 48.140046 ], [ -4.162765, 48.139661 ], [ -4.163745, 48.139305 ], [ -4.16452, 48.139109 ], [ -4.165044, 48.139017 ], [ -4.168473, 48.138181 ], [ -4.176178, 48.134517 ], [ -4.180878, 48.13156 ], [ -4.181201, 48.125449 ], [ -4.181212, 48.125236 ], [ -4.181316, 48.124687 ], [ -4.181414, 48.124389 ], [ -4.181641, 48.123935 ], [ -4.182164, 48.122113 ], [ -4.176701, 48.116237 ], [ -4.174925, 48.116325 ], [ -4.174451, 48.116298 ], [ -4.174, 48.11625 ], [ -4.170696, 48.116237 ], [ -4.169258, 48.116404 ], [ -4.167625, 48.116316 ], [ -4.167572, 48.116285 ], [ -4.167008, 48.113594 ], [ -4.166989, 48.113368 ], [ -4.167022, 48.113275 ], [ -4.167592, 48.11224 ], [ -4.167892, 48.112159 ], [ -4.172321, 48.110665 ], [ -4.175668, 48.105871 ], [ -4.175729, 48.105836 ], [ -4.177398, 48.105516 ], [ -4.178521, 48.105266 ], [ -4.179401, 48.105004 ], [ -4.179812, 48.104931 ], [ -4.181671, 48.104589 ], [ -4.18292, 48.104033 ], [ -4.184301, 48.103448 ], [ -4.187358, 48.102525 ], [ -4.186297, 48.094389 ], [ -4.185863, 48.094132 ], [ -4.184244, 48.093604 ], [ -4.182446, 48.09344 ], [ -4.180473, 48.093331 ], [ -4.179627, 48.09338 ], [ -4.175083, 48.094018 ], [ -4.172747, 48.095119 ], [ -4.172235, 48.095272 ], [ -4.171472, 48.095433 ], [ -4.168481, 48.096789 ], [ -4.164495, 48.095982 ], [ -4.162557, 48.095794 ], [ -4.160971, 48.09578 ], [ -4.160218, 48.095759 ], [ -4.160318, 48.09216 ], [ -4.154851, 48.087449 ], [ -4.151502, 48.08877 ], [ -4.147355, 48.088662 ], [ -4.145209322089697, 48.086800436343985 ], [ -4.152643, 48.087065 ], [ -4.153313, 48.086937 ], [ -4.160637, 48.086314 ], [ -4.167235, 48.083375 ], [ -4.169203, 48.08364 ], [ -4.174689, 48.089531 ], [ -4.176441, 48.092248 ], [ -4.176481, 48.092245 ], [ -4.177217, 48.092094 ], [ -4.179791, 48.091325 ], [ -4.186054, 48.088777 ], [ -4.192916, 48.087778 ], [ -4.198444, 48.089869 ], [ -4.198933, 48.090131 ], [ -4.202365, 48.092252 ], [ -4.203603, 48.09315 ], [ -4.210605, 48.09592 ], [ -4.213165, 48.097428 ], [ -4.216604, 48.096361 ], [ -4.216486, 48.095982 ], [ -4.216232, 48.095328 ], [ -4.216071, 48.094986 ], [ -4.215721, 48.094408 ], [ -4.215243, 48.093799 ], [ -4.214898, 48.093423 ], [ -4.214095, 48.092648 ], [ -4.212244, 48.089464 ], [ -4.214004, 48.08273 ], [ -4.219311, 48.078522 ], [ -4.226986, 48.077157 ], [ -4.228879, 48.077414 ], [ -4.232514, 48.076741 ], [ -4.236124, 48.07486 ], [ -4.237089, 48.071392 ], [ -4.241933, 48.06558 ], [ -4.245533, 48.065594 ], [ -4.247631, 48.065985 ], [ -4.254421, 48.071436 ], [ -4.257886, 48.070459 ], [ -4.262958, 48.067263 ], [ -4.267643, 48.069343 ], [ -4.269184, 48.069691 ], [ -4.276015, 48.071584 ], [ -4.278808, 48.075858 ], [ -4.285036, 48.082159 ], [ -4.288543, 48.082969 ], [ -4.291345893173768, 48.081920432881162 ], [ -4.295606, 48.086257 ], [ -4.297601, 48.091 ], [ -4.297689, 48.091268 ], [ -4.298084, 48.09158 ], [ -4.29937, 48.09209 ], [ -4.299528, 48.09202 ], [ -4.29965513560022, 48.091992505143644 ], [ -4.296276, 48.09486 ], [ -4.295086, 48.096672 ], [ -4.293667, 48.098721 ], [ -4.293078, 48.099553 ], [ -4.292732, 48.100013 ], [ -4.28802, 48.103688 ], [ -4.287562, 48.104044 ], [ -4.283896, 48.108298 ], [ -4.283154, 48.113002 ], [ -4.283077, 48.114941 ], [ -4.282935, 48.115662 ], [ -4.284061, 48.12415 ], [ -4.285016, 48.127557 ], [ -4.284962, 48.127582 ], [ -4.28404, 48.12775 ], [ -4.281822, 48.12788 ], [ -4.279055, 48.127814 ], [ -4.272216, 48.130705 ], [ -4.26884, 48.133504 ], [ -4.263545, 48.139082 ], [ -4.263234, 48.139081 ], [ -4.262814, 48.139054 ], [ -4.258186, 48.139198 ], [ -4.257136, 48.139388 ], [ -4.249368, 48.135146 ], [ -4.245636, 48.141497 ], [ -4.244983109125193, 48.144579319868882 ], [ -4.243621, 48.145106 ], [ -4.243242, 48.145202 ], [ -4.242676, 48.145348 ], [ -4.235492, 48.140469 ], [ -4.235441, 48.140326 ], [ -4.229057, 48.135126 ], [ -4.225525, 48.135821 ], [ -4.225872, 48.137589 ], [ -4.226015, 48.138235 ], [ -4.225723, 48.147003 ], [ -4.224148529082703, 48.149005503770169 ], [ -4.219231, 48.146026 ] ] ], [ [ [ -4.326649, 48.099639 ], [ -4.3255, 48.099918 ], [ -4.322417, 48.099238 ], [ -4.31556, 48.093572 ], [ -4.308799, 48.090295 ], [ -4.309336, 48.090347 ], [ -4.310006, 48.090355 ], [ -4.315896, 48.090435 ], [ -4.323259, 48.094765 ], [ -4.325129, 48.096552 ], [ -4.326577, 48.097847 ], [ -4.326958, 48.098088 ], [ -4.327331, 48.09806 ], [ -4.331894636986379, 48.097964461856904 ], [ -4.326649, 48.099639 ] ] ] ] } },
{ "type": "Feature", "properties": { "fid": 5, "ID": null, "CENTER_LON": "-4.2631309874182195", "CENTER_LAT": "48.445795450285786", "AA_MINS": 45, "AA_MODE": "driving-car", "TOTAL_POP": "459459" }, "geometry": { "type": "MultiPolygon", "coordinates": [ [ [ [ -4.630591724438895, 48.345209739505798 ], [ -4.630351, 48.345164 ], [ -4.624748, 48.33873 ], [ -4.630591724438895, 48.345209739505798 ] ] ], [ [ [ -4.612718, 48.337162 ], [ -4.613457, 48.336879 ], [ -4.613629, 48.336853 ], [ -4.619477, 48.338051 ], [ -4.613671, 48.338688 ], [ -4.611005, 48.339981 ], [ -4.610945, 48.340035 ], [ -4.612718, 48.337162 ] ] ], [ [ [ -4.463970245847526, 48.384594287086358 ], [ -4.463970245847516, 48.384594287086365 ], [ -4.463947, 48.384594 ], [ -4.463970245847526, 48.384594287086358 ] ] ], [ [ [ -4.463184286240717, 48.384756381926174 ], [ -4.463184286240645, 48.384756381926188 ], [ -4.462938, 48.384823 ], [ -4.463184286240717, 48.384756381926174 ] ] ], [ [ [ -4.419983466716726, 48.366367678869942 ], [ -4.419983466716727, 48.366367678869942 ], [ -4.424644, 48.366669 ], [ -4.419983466716726, 48.366367678869942 ] ] ], [ [ [ -4.323675, 48.322882 ], [ -4.318288, 48.329233 ], [ -4.321462, 48.323493 ], [ -4.324394303183957, 48.322531807809369 ], [ -4.323675, 48.322882 ] ] ], [ [ [ -4.332688, 48.314817 ], [ -4.334295, 48.315258 ], [ -4.331848416889224, 48.31659893723166 ], [ -4.331593, 48.315994 ], [ -4.331209421253706, 48.314919592108886 ], [ -4.332688, 48.314817 ] ] ], [ [ [ -4.298929879010687, 48.313373919886338 ], [ -4.2976, 48.313038 ], [ -4.297231, 48.312759 ], [ -4.297099741202418, 48.312673271906959 ], [ -4.298929879010687, 48.313373919886338 ] ] ], [ [ [ -4.283212, 48.317977 ], [ -4.283053, 48.318081 ], [ -4.278624, 48.320169 ], [ -4.283212, 48.317977 ] ] ], [ [ [ -4.270045, 48.308971 ], [ -4.270439, 48.308873 ], [ -4.271184, 48.308753 ], [ -4.272069, 48.31042 ], [ -4.272092, 48.31051 ], [ -4.272075, 48.311409 ], [ -4.271332, 48.313279 ], [ -4.27123, 48.315008 ], [ -4.274855, 48.321183 ], [ -4.272656, 48.32179 ], [ -4.266963, 48.323912 ], [ -4.263394, 48.318774 ], [ -4.264383, 48.31503 ], [ -4.264581, 48.314755 ], [ -4.263727, 48.312367 ], [ -4.261963, 48.309561 ], [ -4.261789001023456, 48.309368477754745 ], [ -4.270045, 48.308971 ] ] ], [ [ [ -4.236788, 48.299822 ], [ -4.232859, 48.297984 ], [ -4.232343, 48.297706 ], [ -4.231934, 48.297539 ], [ -4.231508, 48.297408 ], [ -4.230913, 48.297281 ], [ -4.230970155965403, 48.290041758239063 ], [ -4.234812, 48.291005 ], [ -4.239574, 48.291603 ], [ -4.236788, 48.299822 ] ] ], [ [ [ -4.24987, 48.284676 ], [ -4.24514, 48.285487 ], [ -4.249759, 48.284672 ], [ -4.249892227810939, 48.284673781256153 ], [ -4.24987, 48.284676 ] ] ], [ [ [ -4.251593, 48.284504 ], [ -4.250496358166546, 48.28461347627691 ], [ -4.252836776470756, 48.284204284536649 ], [ -4.251593, 48.284504 ] ] ], [ [ [ -4.25295, 48.284177 ], [ -4.252908693212695, 48.284186954100164 ], [ -4.253600232999304, 48.283987153175133 ], [ -4.25295, 48.284177 ] ] ], [ [ [ -4.254183, 48.283817 ], [ -4.254150566100901, 48.283826469980305 ], [ -4.254788975878483, 48.283613528251308 ], [ -4.254183, 48.283817 ] ] ], [ [ [ -4.255681, 48.283314 ], [ -4.255658298048361, 48.283321623099525 ], [ -4.255744964699019, 48.283288842533707 ], [ -4.255681, 48.283314 ] ] ], [ [ [ -4.261334495490075, 48.281119639793864 ], [ -4.261871, 48.280909 ], [ -4.262253, 48.280846 ], [ -4.264015150452988, 48.280688136761704 ], [ -4.261334495490075, 48.281119639793864 ] ] ], [ [ [ -4.26401696431588, 48.280687974251762 ], [ -4.264039, 48.280686 ], [ -4.265253, 48.280586 ], [ -4.26637, 48.280624 ], [ -4.266409645984004, 48.280624062902469 ], [ -4.26401696431588, 48.280687974251762 ] ] ], [ [ [ -4.268846472650079, 48.280627903674173 ], [ -4.268908, 48.280628 ], [ -4.268909171946554, 48.280633510160833 ], [ -4.268846472650079, 48.280627903674173 ] ] ], [ [ [ -4.291952, 48.290003 ], [ -4.291951394806153, 48.290001466975376 ], [ -4.293849, 48.289254 ], [ -4.291952, 48.290003 ] ] ], [ [ [ -4.319284, 48.283653 ], [ -4.317025033576138, 48.282968741831112 ], [ -4.319893, 48.281769 ], [ -4.323622, 48.281407 ], [ -4.3246102300077, 48.281903452091534 ], [ -4.319284, 48.283653 ] ] ], [ [ [ -4.182389, 48.252112 ], [ -4.182478, 48.248513 ], [ -4.182785, 48.248534 ], [ -4.183247, 48.248591 ], [ -4.183360808702308, 48.248603329219137 ], [ -4.183368, 48.24861 ], [ -4.182785, 48.252162 ], [ -4.177939, 48.257084 ], [ -4.182389, 48.252112 ] ] ], [ [ [ -4.15585, 48.2527 ], [ -4.159657419177841, 48.252980217942145 ], [ -4.159643, 48.252981 ], [ -4.155271, 48.252817 ], [ -4.152646, 48.252462 ], [ -4.151866, 48.255976 ], [ -4.154036, 48.263065 ], [ -4.153547, 48.267426 ], [ -4.147228, 48.273018 ], [ -4.139609, 48.272187 ], [ -4.138635, 48.269656 ], [ -4.138876, 48.262945 ], [ -4.138265, 48.259397 ], [ -4.140023, 48.253216 ], [ -4.145088, 48.253278 ], [ -4.145946, 48.253838 ], [ -4.146376, 48.2542 ], [ -4.146738, 48.254409 ], [ -4.147153, 48.254581 ], [ -4.148111, 48.254878 ], [ -4.148575, 48.253734 ], [ -4.148681, 48.253508 ], [ -4.14933, 48.251625 ], [ -4.150339, 48.249757 ], [ -4.150657, 48.248871 ], [ -4.150337, 48.247611 ], [ -4.15585, 48.2527 ] ] ], [ [ [ -4.149284, 48.217236 ], [ -4.143138, 48.221386 ], [ -4.140092, 48.223305 ], [ -4.133921, 48.223497 ], [ -4.130376, 48.223954 ], [ -4.130329, 48.223759 ], [ -4.129918, 48.221988 ], [ -4.129441, 48.220525 ], [ -4.123413, 48.213947 ], [ -4.123088, 48.213691 ], [ -4.114544, 48.21582 ], [ -4.114441, 48.216451 ], [ -4.114039, 48.217289 ], [ -4.112123, 48.221151 ], [ -4.114976, 48.227818 ], [ -4.115182, 48.228496 ], [ -4.112926, 48.231224 ], [ -4.109947, 48.234182 ], [ -4.108596, 48.242597 ], [ -4.108055, 48.240252 ], [ -4.107487, 48.237808 ], [ -4.107191, 48.236811 ], [ -4.106889, 48.236031 ], [ -4.106612, 48.235454 ], [ -4.10609, 48.234558 ], [ -4.105578, 48.233874 ], [ -4.105209, 48.233455 ], [ -4.104798, 48.233043 ], [ -4.104341, 48.232643 ], [ -4.103678, 48.232145 ], [ -4.102983, 48.23168 ], [ -4.102605, 48.23146 ], [ -4.101862, 48.231079 ], [ -4.101329, 48.230826 ], [ -4.100444, 48.230452 ], [ -4.099055, 48.229918 ], [ -4.095512, 48.22865 ], [ -4.092857, 48.227729 ], [ -4.091285, 48.227258 ], [ -4.090594, 48.227074 ], [ -4.089116, 48.226714 ], [ -4.083671, 48.222406 ], [ -4.082911, 48.218888 ], [ -4.081967, 48.219061 ], [ -4.080037, 48.219363 ], [ -4.079577, 48.219472 ], [ -4.071127, 48.217805 ], [ -4.070339, 48.216592 ], [ -4.067181, 48.218321 ], [ -4.060466, 48.216956 ], [ -4.054491, 48.212034 ], [ -4.048541276977345, 48.20822841618488 ], [ -4.046952, 48.2069 ], [ -4.046391435253013, 48.205500775753066 ], [ -4.046163, 48.196898 ], [ -4.048198, 48.188203 ], [ -4.048625, 48.187088 ], [ -4.048847, 48.186259 ], [ -4.048924, 48.185764 ], [ -4.048966, 48.184924 ], [ -4.048821, 48.18378 ], [ -4.048692, 48.183283 ], [ -4.048312, 48.182331 ], [ -4.048035, 48.181806 ], [ -4.047416, 48.180862 ], [ -4.047788, 48.172121 ], [ -4.048326, 48.171375 ], [ -4.048696, 48.170765 ], [ -4.048976, 48.170149 ], [ -4.049145, 48.16964 ], [ -4.053022764029533, 48.164728700052123 ], [ -4.059399, 48.169654 ], [ -4.059387, 48.170126 ], [ -4.059445, 48.170685 ], [ -4.059626, 48.171797 ], [ -4.062113, 48.171533 ], [ -4.067171, 48.171932 ], [ -4.069457, 48.172657 ], [ -4.070547, 48.169226 ], [ -4.070446, 48.165619 ], [ -4.07057, 48.162021 ], [ -4.0674, 48.155541 ], [ -4.065595, 48.152426 ], [ -4.063503, 48.15132 ], [ -4.061561, 48.149795 ], [ -4.060901, 48.149834 ], [ -4.05992, 48.150966 ], [ -4.051791, 48.147694 ], [ -4.052697, 48.139038 ], [ -4.059127, 48.134746 ], [ -4.066033, 48.132897 ], [ -4.069359, 48.134275 ], [ -4.071689, 48.130682 ], [ -4.072272, 48.129847 ], [ -4.075349, 48.124601 ], [ -4.075602, 48.124345 ], [ -4.083386, 48.128859 ], [ -4.083363, 48.129024 ], [ -4.084992, 48.1309 ], [ -4.085054, 48.130904 ], [ -4.086929, 48.129522 ], [ -4.090628, 48.125358 ], [ -4.095333, 48.126179 ], [ -4.096052, 48.126492 ], [ -4.096578, 48.126348 ], [ -4.097067, 48.126015 ], [ -4.097713, 48.125498 ], [ -4.098298, 48.124921 ], [ -4.098853, 48.124071 ], [ -4.099134, 48.123425 ], [ -4.106686, 48.118841 ], [ -4.107356, 48.115304 ], [ -4.107539500880669, 48.111974319433713 ], [ -4.10937, 48.112164 ], [ -4.110073, 48.111545 ], [ -4.116359722740293, 48.113161406705473 ], [ -4.116836673102799, 48.113842670703029 ], [ -4.117587, 48.116728 ], [ -4.116931, 48.125265 ], [ -4.120047, 48.127067 ], [ -4.121156, 48.135176 ], [ -4.122251, 48.136469 ], [ -4.123421, 48.137542 ], [ -4.124064, 48.138363 ], [ -4.124299, 48.138737 ], [ -4.127845, 48.145623 ], [ -4.131771, 48.146005 ], [ -4.135312, 48.148353 ], [ -4.136872, 48.149486 ], [ -4.140591, 48.156216 ], [ -4.141032, 48.157172 ], [ -4.141705, 48.159655 ], [ -4.142441, 48.162442 ], [ -4.141718, 48.164285 ], [ -4.141836, 48.170774 ], [ -4.143709, 48.173848 ], [ -4.143359, 48.174129 ], [ -4.142523, 48.174837 ], [ -4.141451, 48.176168 ], [ -4.140959, 48.176593 ], [ -4.139198, 48.17845 ], [ -4.13782, 48.181355 ], [ -4.137323, 48.181864 ], [ -4.136837, 48.1822 ], [ -4.136546, 48.182445 ], [ -4.130466, 48.188552 ], [ -4.137237, 48.191772 ], [ -4.139947, 48.191301 ], [ -4.141205, 48.190495 ], [ -4.141377, 48.190441 ], [ -4.142649, 48.189909 ], [ -4.143766, 48.189576 ], [ -4.144657, 48.189364 ], [ -4.145178, 48.189293 ], [ -4.145845, 48.189259 ], [ -4.153332, 48.184414 ], [ -4.154469, 48.183797 ], [ -4.156743, 48.183263 ], [ -4.159577, 48.184452 ], [ -4.159676, 48.184501 ], [ -4.167711, 48.182635 ], [ -4.1683, 48.181456 ], [ -4.17421, 48.17679 ], [ -4.175717, 48.173915 ], [ -4.177689, 48.171996 ], [ -4.178134, 48.171997 ], [ -4.178821, 48.172091 ], [ -4.183948, 48.178871 ], [ -4.184766, 48.179939 ], [ -4.185314, 48.183497 ], [ -4.186329936838963, 48.185439472488383 ], [ -4.185981, 48.1855 ], [ -4.178601, 48.183042 ], [ -4.177907, 48.182875 ], [ -4.177027, 48.183134 ], [ -4.169693, 48.185654 ], [ -4.167057, 48.184458 ], [ -4.159943, 48.18465 ], [ -4.153769, 48.188467 ], [ -4.148524, 48.189298 ], [ -4.148288, 48.19289 ], [ -4.150081, 48.193007 ], [ -4.150788, 48.192999 ], [ -4.152104, 48.192928 ], [ -4.152651, 48.192887 ], [ -4.153021, 48.192835 ], [ -4.15362, 48.192671 ], [ -4.158448, 48.192608 ], [ -4.163048, 48.19528 ], [ -4.167615, 48.199817 ], [ -4.16841926623411, 48.200754544764692 ], [ -4.16476, 48.205455 ], [ -4.16738, 48.209722 ], [ -4.170844193243629, 48.210601668783291 ], [ -4.17093, 48.211376 ], [ -4.169914, 48.211879 ], [ -4.164901, 48.211863 ], [ -4.164804, 48.211875 ], [ -4.158399, 48.208665 ], [ -4.158111, 48.208376 ], [ -4.157662, 48.208043 ], [ -4.156139, 48.207202 ], [ -4.155444, 48.206741 ], [ -4.153456, 48.209742 ], [ -4.151602, 48.214068 ], [ -4.150809, 48.21758 ], [ -4.151762204808874, 48.219205342976046 ], [ -4.149284, 48.217236 ] ] ], [ [ [ -3.945616, 48.356688 ], [ -3.943509, 48.355721 ], [ -3.942961, 48.355434 ], [ -3.942221, 48.354943 ], [ -3.941639, 48.354462 ], [ -3.941167, 48.353944 ], [ -3.940865, 48.35348 ], [ -3.939186, 48.351473 ], [ -3.938621, 48.350885 ], [ -3.938337, 48.35055 ], [ -3.937198, 48.349002 ], [ -3.935399, 48.347671 ], [ -3.931993, 48.346699 ], [ -3.926466, 48.350014 ], [ -3.924864, 48.350415 ], [ -3.922081, 48.349795 ], [ -3.919299, 48.349175 ], [ -3.920082, 48.345661 ], [ -3.920574, 48.343847 ], [ -3.92163, 48.340405 ], [ -3.92449, 48.339051 ], [ -3.927059, 48.339207 ], [ -3.927212, 48.339522 ], [ -3.931857, 48.343101 ], [ -3.933127, 48.343022 ], [ -3.93602, 48.33512 ], [ -3.936315, 48.334708 ], [ -3.939276, 48.333245 ], [ -3.935556, 48.325166 ], [ -3.932889, 48.326011 ], [ -3.932505, 48.326232 ], [ -3.932193, 48.326354 ], [ -3.931326, 48.326578 ], [ -3.928522, 48.327461 ], [ -3.927015, 48.328041 ], [ -3.926365, 48.328349 ], [ -3.925844, 48.328473 ], [ -3.925377, 48.328521 ], [ -3.924828, 48.328512 ], [ -3.92432, 48.328449 ], [ -3.92476, 48.324876 ], [ -3.926627, 48.323793 ], [ -3.93081, 48.317918 ], [ -3.930891, 48.317736 ], [ -3.933301, 48.315206 ], [ -3.933577, 48.315443 ], [ -3.934007, 48.315946 ], [ -3.934345, 48.316648 ], [ -3.941768, 48.321455 ], [ -3.942329, 48.321276 ], [ -3.947699, 48.315385 ], [ -3.94371, 48.310092 ], [ -3.94046, 48.308543 ], [ -3.938603, 48.30189 ], [ -3.939444, 48.299498 ], [ -3.940054, 48.298596 ], [ -3.945081, 48.296587 ], [ -3.946877, 48.289463 ], [ -3.943747, 48.286086 ], [ -3.938945, 48.285258 ], [ -3.93515, 48.28744 ], [ -3.932017, 48.28783 ], [ -3.931257, 48.288044 ], [ -3.927023, 48.288882 ], [ -3.92573, 48.28955 ], [ -3.924472, 48.290183 ], [ -3.924424, 48.290202 ], [ -3.922574, 48.289894 ], [ -3.922312, 48.289497 ], [ -3.92311, 48.28685 ], [ -3.923158, 48.286831 ], [ -3.926013, 48.285961 ], [ -3.931829, 48.282654 ], [ -3.935661, 48.282392 ], [ -3.937974, 48.27581 ], [ -3.937584, 48.274861 ], [ -3.937371, 48.273859 ], [ -3.942124, 48.267678 ], [ -3.940489, 48.265402 ], [ -3.934947, 48.264773 ], [ -3.934574, 48.264847 ], [ -3.933552, 48.264868 ], [ -3.93299, 48.26495 ], [ -3.932519, 48.264989 ], [ -3.93197, 48.264915 ], [ -3.930052, 48.264756 ], [ -3.92909, 48.264805 ], [ -3.927467, 48.262333 ], [ -3.919991, 48.262506 ], [ -3.917292, 48.263554 ], [ -3.914216, 48.261685 ], [ -3.913466, 48.256078 ], [ -3.907509, 48.254516 ], [ -3.904795, 48.255475 ], [ -3.902775, 48.256205 ], [ -3.900531, 48.257001 ], [ -3.899685, 48.257177 ], [ -3.89643, 48.258251 ], [ -3.889339, 48.25671 ], [ -3.888871, 48.256575 ], [ -3.888738, 48.256519 ], [ -3.888329, 48.255044 ], [ -3.888415, 48.254618 ], [ -3.888884, 48.253345 ], [ -3.889025, 48.253287 ], [ -3.89009, 48.253189 ], [ -3.893363, 48.252454 ], [ -3.899805, 48.246285 ], [ -3.900866, 48.238366 ], [ -3.897406, 48.236617 ], [ -3.894324, 48.237135 ], [ -3.887849, 48.236523 ], [ -3.882139, 48.238859 ], [ -3.881615, 48.238536 ], [ -3.88052, 48.237927 ], [ -3.879988, 48.237627 ], [ -3.879549, 48.237354 ], [ -3.879193, 48.237114 ], [ -3.87856, 48.236616 ], [ -3.875399, 48.234334 ], [ -3.867142, 48.23308 ], [ -3.86474, 48.230398 ], [ -3.858537, 48.225628 ], [ -3.857, 48.225007 ], [ -3.856486, 48.22471 ], [ -3.856023, 48.224291 ], [ -3.855957, 48.224209 ], [ -3.855667, 48.223566 ], [ -3.855646, 48.223426 ], [ -3.85864, 48.221825 ], [ -3.857703, 48.21463 ], [ -3.857179, 48.213792 ], [ -3.856508, 48.211974 ], [ -3.853989, 48.208876 ], [ -3.853206, 48.208331 ], [ -3.846483, 48.213884 ], [ -3.845664, 48.216301 ], [ -3.845186, 48.217242 ], [ -3.844583, 48.217032 ], [ -3.842358, 48.215444 ], [ -3.842007, 48.215167 ], [ -3.841503, 48.214783 ], [ -3.84132, 48.21415 ], [ -3.841167, 48.2135 ], [ -3.841146, 48.21293 ], [ -3.841142, 48.211869 ], [ -3.840318, 48.209148 ], [ -3.839584, 48.207807 ], [ -3.831306, 48.21013 ], [ -3.830515, 48.211757 ], [ -3.829988, 48.211939 ], [ -3.827949, 48.211428 ], [ -3.821703, 48.217083 ], [ -3.821677, 48.219052 ], [ -3.819433, 48.223235 ], [ -3.815887, 48.222617 ], [ -3.814915, 48.216548 ], [ -3.815151, 48.214976 ], [ -3.808547, 48.209028 ], [ -3.807818, 48.209122 ], [ -3.807271, 48.209171 ], [ -3.80622, 48.209219 ], [ -3.805273, 48.209209 ], [ -3.804508, 48.209164 ], [ -3.803667, 48.209076 ], [ -3.80294, 48.208967 ], [ -3.802362, 48.208856 ], [ -3.801756, 48.208718 ], [ -3.796329, 48.207363 ], [ -3.788389, 48.206838 ], [ -3.786115, 48.207492 ], [ -3.785396, 48.207674 ], [ -3.784632, 48.207824 ], [ -3.783886, 48.207932 ], [ -3.783181, 48.207999 ], [ -3.782067, 48.208046 ], [ -3.778872, 48.208059 ], [ -3.77234, 48.21058 ], [ -3.771654, 48.210975 ], [ -3.771045, 48.211272 ], [ -3.770454, 48.211518 ], [ -3.769948, 48.211701 ], [ -3.762384, 48.215943 ], [ -3.76177, 48.216367 ], [ -3.760975, 48.216839 ], [ -3.760172, 48.217241 ], [ -3.759236, 48.21763 ], [ -3.758469, 48.217892 ], [ -3.757704, 48.218114 ], [ -3.757164, 48.218245 ], [ -3.756238, 48.218423 ], [ -3.755557, 48.214888 ], [ -3.763207, 48.210697 ], [ -3.763891, 48.210217 ], [ -3.764637, 48.209779 ], [ -3.765255, 48.209476 ], [ -3.772853, 48.205957 ], [ -3.773494, 48.205641 ], [ -3.774274, 48.205321 ], [ -3.775394, 48.204958 ], [ -3.776241, 48.204754 ], [ -3.776877, 48.204638 ], [ -3.777519, 48.20455 ], [ -3.778616, 48.204468 ], [ -3.787392, 48.203378 ], [ -3.78817, 48.203178 ], [ -3.788936, 48.203032 ], [ -3.789632, 48.202936 ], [ -3.790402, 48.20287 ], [ -3.791065, 48.202846 ], [ -3.791695, 48.202852 ], [ -3.792532, 48.202896 ], [ -3.793589, 48.20302 ], [ -3.794318, 48.203157 ], [ -3.797196, 48.203869 ], [ -3.802627, 48.205225 ], [ -3.807527, 48.19846 ], [ -3.81283, 48.192932 ], [ -3.819496, 48.187504 ], [ -3.820538, 48.186808 ], [ -3.821801, 48.186275 ], [ -3.824537, 48.185344 ], [ -3.826743, 48.1848 ], [ -3.829682, 48.184918 ], [ -3.837123, 48.186959 ], [ -3.839377, 48.187519 ], [ -3.847682, 48.186061 ], [ -3.848238, 48.185678 ], [ -3.84864, 48.185468 ], [ -3.851592, 48.185557 ], [ -3.859823, 48.186834 ], [ -3.8643, 48.185963 ], [ -3.866725, 48.186043 ], [ -3.875215, 48.18342 ], [ -3.878787, 48.182969 ], [ -3.883303, 48.176844 ], [ -3.890893, 48.175704 ], [ -3.891311, 48.175672 ], [ -3.892608, 48.175606 ], [ -3.892886, 48.175805 ], [ -3.89335, 48.17627 ], [ -3.897292, 48.182224 ], [ -3.904861, 48.182505 ], [ -3.905305, 48.182324 ], [ -3.905685, 48.182275 ], [ -3.906075, 48.182256 ], [ -3.913217, 48.177093 ], [ -3.912677, 48.169399 ], [ -3.913338, 48.169068 ], [ -3.913876, 48.168856 ], [ -3.917683, 48.167816 ], [ -3.92123, 48.167785 ], [ -3.925874, 48.163979 ], [ -3.927956, 48.161043 ], [ -3.934537, 48.157945 ], [ -3.942825, 48.160381 ], [ -3.944244, 48.160051 ], [ -3.945236, 48.160219 ], [ -3.94528, 48.16154 ], [ -3.952063, 48.16738 ], [ -3.954297, 48.166797 ], [ -3.954786, 48.166558 ], [ -3.955704, 48.16615 ], [ -3.956246, 48.165939 ], [ -3.956883, 48.165645 ], [ -3.95894, 48.15799 ], [ -3.955178, 48.156634 ], [ -3.954196, 48.15317 ], [ -3.956506, 48.149255 ], [ -3.960003, 48.1484 ], [ -3.965858, 48.151519 ], [ -3.972303, 48.152044 ], [ -3.973271, 48.152273 ], [ -3.974733, 48.152422 ], [ -3.976073, 48.15252 ], [ -3.976774, 48.152518 ], [ -3.977136, 48.152482 ], [ -3.97729, 48.152465 ], [ -3.978353, 48.152256 ], [ -3.981613, 48.150301 ], [ -3.982314, 48.149826 ], [ -3.97919, 48.141461 ], [ -3.978464, 48.141515 ], [ -3.977546, 48.141548 ], [ -3.977418, 48.13795 ], [ -3.982204, 48.135425 ], [ -3.982564818869029, 48.134647024942446 ], [ -3.983962, 48.136483 ], [ -3.985148, 48.139882 ], [ -3.985465, 48.139772 ], [ -3.987613, 48.139278 ], [ -3.988407, 48.13899 ], [ -3.993177, 48.146607 ], [ -3.990258, 48.148221 ], [ -3.988009, 48.148599 ], [ -3.985962, 48.14896 ], [ -3.98381, 48.149342 ], [ -3.983024, 48.14954 ], [ -3.982666, 48.149665 ], [ -3.983859, 48.153062 ], [ -3.988536, 48.16007 ], [ -3.988904, 48.159979 ], [ -3.98933, 48.159847 ], [ -3.990366, 48.159464 ], [ -3.991247, 48.159211 ], [ -3.994558, 48.158126 ], [ -3.997217, 48.166079 ], [ -3.995113, 48.169082 ], [ -3.992119, 48.17034 ], [ -3.99028, 48.170277 ], [ -3.989568, 48.170224 ], [ -3.988575, 48.170086 ], [ -3.987906, 48.169928 ], [ -3.987811, 48.169898 ], [ -3.985642, 48.1711 ], [ -3.985601, 48.171317 ], [ -3.985653, 48.172183 ], [ -3.985761, 48.172531 ], [ -3.988673, 48.178707 ], [ -3.991586, 48.178369 ], [ -3.994307, 48.178097 ], [ -4.000999, 48.177373 ], [ -4.007454, 48.182484 ], [ -4.008188, 48.183798 ], [ -4.008721, 48.183904 ], [ -4.014289, 48.185993 ], [ -4.018959, 48.190519 ], [ -4.022433, 48.189577 ], [ -4.023413, 48.18906 ], [ -4.029951, 48.183705 ], [ -4.030857, 48.183465 ], [ -4.033822, 48.181424 ], [ -4.042411, 48.17974 ], [ -4.04422, 48.188341 ], [ -4.043783, 48.189478 ], [ -4.043458, 48.190508 ], [ -4.043252, 48.191396 ], [ -4.043118, 48.192175 ], [ -4.04283, 48.194439 ], [ -4.042588, 48.196473 ], [ -4.042343, 48.198534 ], [ -4.042171, 48.20021 ], [ -4.042119, 48.201036 ], [ -4.042103, 48.201986 ], [ -4.042131, 48.20278 ], [ -4.042197, 48.203467 ], [ -4.042272, 48.204027 ], [ -4.04244, 48.204926 ], [ -4.042756, 48.206087 ], [ -4.042974, 48.206753 ], [ -4.042975478578001, 48.206752516825091 ], [ -4.043004, 48.206839 ], [ -4.043228, 48.207415 ], [ -4.043805, 48.208648 ], [ -4.037915, 48.215149 ], [ -4.036848, 48.214809 ], [ -4.036365, 48.214687 ], [ -4.035788, 48.214573 ], [ -4.03509, 48.218104 ], [ -4.037499, 48.218777 ], [ -4.038129, 48.218922 ], [ -4.038614, 48.219006 ], [ -4.039445, 48.21909 ], [ -4.040407, 48.2191 ], [ -4.043222, 48.218843 ], [ -4.05154, 48.220817 ], [ -4.051673, 48.220876 ], [ -4.059288, 48.220493 ], [ -4.062382, 48.221921 ], [ -4.065476, 48.22335 ], [ -4.068586, 48.224785 ], [ -4.068807497302404, 48.224884548223955 ], [ -4.073417, 48.230098 ], [ -4.075522, 48.233019 ], [ -4.082609, 48.233824 ], [ -4.082832, 48.233712 ], [ -4.091072, 48.231041 ], [ -4.091919, 48.231312 ], [ -4.094317, 48.232151 ], [ -4.097844, 48.233308 ], [ -4.099152, 48.233812 ], [ -4.104031, 48.238815 ], [ -4.104547, 48.241062 ], [ -4.105088, 48.243407 ], [ -4.105276, 48.24414 ], [ -4.105492, 48.244801 ], [ -4.105853, 48.245627 ], [ -4.106152, 48.246134 ], [ -4.106505, 48.246624 ], [ -4.103874, 48.254179 ], [ -4.099683, 48.253257 ], [ -4.098387, 48.253535 ], [ -4.097236, 48.253873 ], [ -4.096787, 48.254041 ], [ -4.096208, 48.254313 ], [ -4.091044, 48.255764 ], [ -4.090171, 48.259257 ], [ -4.096658, 48.265158 ], [ -4.097237, 48.266944 ], [ -4.101274, 48.273299 ], [ -4.10429, 48.27454 ], [ -4.104253, 48.283238 ], [ -4.101299, 48.28954 ], [ -4.102507, 48.292931 ], [ -4.10996, 48.294179 ], [ -4.116595, 48.298165 ], [ -4.116707, 48.298211 ], [ -4.117457, 48.298521 ], [ -4.122167, 48.303751 ], [ -4.121277, 48.30724 ], [ -4.115566, 48.312324 ], [ -4.113679, 48.31251 ], [ -4.111885, 48.31266 ], [ -4.111528, 48.312713 ], [ -4.11094, 48.312863 ], [ -4.103733, 48.312533 ], [ -4.102915, 48.312191 ], [ -4.102409, 48.312158 ], [ -4.100671, 48.311848 ], [ -4.100147, 48.311761 ], [ -4.099229, 48.31164 ], [ -4.097494, 48.314795 ], [ -4.097892, 48.315014 ], [ -4.098515, 48.315233 ], [ -4.102174, 48.316576 ], [ -4.106519, 48.318085 ], [ -4.107256, 48.318468 ], [ -4.107598, 48.318592 ], [ -4.108379, 48.318701 ], [ -4.109811, 48.318706 ], [ -4.110233, 48.318682 ], [ -4.11077, 48.31857 ], [ -4.111145, 48.318419 ], [ -4.111568, 48.318158 ], [ -4.1181, 48.315701 ], [ -4.118372, 48.315659 ], [ -4.119114, 48.315416 ], [ -4.127601, 48.31835 ], [ -4.127923, 48.318709 ], [ -4.129348, 48.320102 ], [ -4.130078, 48.320208 ], [ -4.130369, 48.320223 ], [ -4.13315, 48.31958 ], [ -4.138751, 48.322766 ], [ -4.141356, 48.331203 ], [ -4.137936, 48.332335 ], [ -4.13758, 48.332312 ], [ -4.137101, 48.332312 ], [ -4.135683, 48.332163 ], [ -4.135156, 48.332165 ], [ -4.133908, 48.33225 ], [ -4.132361, 48.332212 ], [ -4.132214, 48.332206 ], [ -4.128488, 48.33585 ], [ -4.126781, 48.337974 ], [ -4.121883, 48.345298 ], [ -4.121302, 48.345346 ], [ -4.120611, 48.345444 ], [ -4.120131, 48.345543 ], [ -4.116474, 48.345481 ], [ -4.112296, 48.345738 ], [ -4.111693, 48.349288 ], [ -4.112904, 48.350712 ], [ -4.110754, 48.358539 ], [ -4.10381, 48.361765 ], [ -4.101814, 48.361771 ], [ -4.100255, 48.361701 ], [ -4.096159, 48.362062 ], [ -4.090023, 48.35824 ], [ -4.089442, 48.358151 ], [ -4.083777, 48.356519 ], [ -4.081086, 48.35891 ], [ -4.081336, 48.359192 ], [ -4.081882, 48.359712 ], [ -4.082437, 48.360162 ], [ -4.083102, 48.360632 ], [ -4.078252, 48.368171 ], [ -4.077943, 48.368211 ], [ -4.072428, 48.364932 ], [ -4.071674, 48.364848 ], [ -4.07131, 48.364846 ], [ -4.070942, 48.364837 ], [ -4.069662, 48.364738 ], [ -4.069323, 48.365314 ], [ -4.069259, 48.365419 ], [ -4.061188, 48.367734 ], [ -4.059496, 48.364207 ], [ -4.059121, 48.363821 ], [ -4.058802, 48.363578 ], [ -4.058118, 48.363131 ], [ -4.057012, 48.362319 ], [ -4.052982, 48.360971 ], [ -4.049402, 48.361344 ], [ -4.04311, 48.366288 ], [ -4.036743, 48.368022 ], [ -4.033336, 48.368228 ], [ -4.026447, 48.373949 ], [ -4.026058, 48.373813 ], [ -4.022704, 48.370753 ], [ -4.019642, 48.370862 ], [ -4.01879, 48.371282 ], [ -4.018662, 48.371363 ], [ -4.018921, 48.3744 ], [ -4.020756, 48.381344 ], [ -4.020858, 48.38233 ], [ -4.021766, 48.383108 ], [ -4.020447761674923, 48.386778721127314 ], [ -4.019866, 48.386559 ], [ -4.01938, 48.386399 ], [ -4.018824, 48.38631 ], [ -4.011049, 48.384018 ], [ -4.007955, 48.382179 ], [ -4.007341, 48.383212 ], [ -4.007144, 48.383666 ], [ -4.007036, 48.384239 ], [ -3.998789, 48.387732 ], [ -3.998621, 48.38755 ], [ -3.998341, 48.387367 ], [ -3.996908, 48.387209 ], [ -3.994255, 48.38942 ], [ -3.987041, 48.392132 ], [ -3.983977, 48.393723 ], [ -3.977766, 48.392705 ], [ -3.977198775070431, 48.392608312937185 ], [ -3.981631, 48.390597 ], [ -3.980788, 48.38792 ], [ -3.979988, 48.386947 ], [ -3.978238, 48.385901 ], [ -3.979421, 48.382501 ], [ -3.979644, 48.382547 ], [ -3.980366, 48.382797 ], [ -3.981029, 48.383148 ], [ -3.981478, 48.383448 ], [ -3.982509, 48.384305 ], [ -3.982763, 48.384559 ], [ -3.983166, 48.385126 ], [ -3.991601, 48.382059 ], [ -3.992502, 48.373222 ], [ -3.986712, 48.371529 ], [ -3.986295, 48.371551 ], [ -3.985838, 48.371531 ], [ -3.984349, 48.371337 ], [ -3.983009, 48.371139 ], [ -3.979846, 48.370573 ], [ -3.97679, 48.370023 ], [ -3.975379, 48.369848 ], [ -3.974791, 48.369688 ], [ -3.973607, 48.367282 ], [ -3.973219, 48.365191 ], [ -3.973579, 48.363419 ], [ -3.96901, 48.357145 ], [ -3.96642, 48.357542 ], [ -3.965848, 48.357692 ], [ -3.965454, 48.357757 ], [ -3.96501, 48.357789 ], [ -3.960739, 48.359139 ], [ -3.960082, 48.359483 ], [ -3.959581, 48.359713 ], [ -3.957756, 48.36078 ], [ -3.955758397254237, 48.362528764286438 ], [ -3.955828, 48.362448 ], [ -3.956304, 48.361885 ], [ -3.95662, 48.361434 ], [ -3.95367, 48.35937 ], [ -3.950967, 48.361323 ], [ -3.950394657304014, 48.362014929036683 ], [ -3.945616, 48.356688 ] ] ], [ [ [ -3.965502, 48.400368 ], [ -3.963937, 48.402799 ], [ -3.963780598575387, 48.40279257826181 ], [ -3.965502, 48.400368 ] ] ], [ [ [ -3.947395, 48.392313 ], [ -3.951967, 48.399313 ], [ -3.947458, 48.392586 ], [ -3.947373838048361, 48.392263989802338 ], [ -3.947395, 48.392313 ] ] ], [ [ [ -3.947126, 48.39169 ], [ -3.947249327714609, 48.391975627097608 ], [ -3.947018385528393, 48.391555580010092 ], [ -3.947126, 48.39169 ] ] ], [ [ [ -3.946568, 48.390993 ], [ -3.946744355605242, 48.391213288802071 ], [ -3.946361922401492, 48.390841068276607 ], [ -3.946568, 48.390993 ] ] ], [ [ [ -3.894287, 48.385766 ], [ -3.894894, 48.385797 ], [ -3.895478, 48.3859 ], [ -3.896878, 48.386315 ], [ -3.897241, 48.386398 ], [ -3.901896, 48.386503 ], [ -3.902609, 48.386428 ], [ -3.905882, 48.385807 ], [ -3.908694, 48.378395 ], [ -3.908584, 48.378012 ], [ -3.907126, 48.37227 ], [ -3.906016, 48.37034 ], [ -3.904905, 48.368409 ], [ -3.908026, 48.366615 ], [ -3.909136, 48.368545 ], [ -3.910246, 48.370476 ], [ -3.910803, 48.371262 ], [ -3.911316, 48.371857 ], [ -3.911586, 48.372268 ], [ -3.919693, 48.372551 ], [ -3.920706, 48.370029 ], [ -3.920629, 48.366708 ], [ -3.92106, 48.366476 ], [ -3.921528, 48.366321 ], [ -3.922433, 48.366141 ], [ -3.922789, 48.366042 ], [ -3.923933, 48.365625 ], [ -3.924382, 48.365495 ], [ -3.924742, 48.365418 ], [ -3.925354, 48.368966 ], [ -3.925681, 48.372262 ], [ -3.92627, 48.375059 ], [ -3.926429, 48.375559 ], [ -3.93342, 48.380986 ], [ -3.926573, 48.376247 ], [ -3.923042, 48.376945 ], [ -3.919787, 48.380515 ], [ -3.913382, 48.38006 ], [ -3.910092, 48.38087 ], [ -3.908485, 48.382304 ], [ -3.906001, 48.385747 ], [ -3.907556, 48.388994 ], [ -3.913992, 48.393596 ], [ -3.914576, 48.395525 ], [ -3.909211, 48.402113 ], [ -3.908768, 48.402167 ], [ -3.907279, 48.402421 ], [ -3.90415, 48.402921 ], [ -3.897839, 48.39693 ], [ -3.896097, 48.39378 ], [ -3.89451, 48.389359 ], [ -3.89426, 48.385768 ], [ -3.894162117070664, 48.385752441358093 ], [ -3.894287, 48.385766 ] ] ], [ [ [ -3.883794, 48.382988 ], [ -3.884014931078871, 48.383085814824369 ], [ -3.883962, 48.383066 ], [ -3.883641860077038, 48.38293141963927 ], [ -3.883794, 48.382988 ] ] ], [ [ [ -3.883068, 48.382718 ], [ -3.883205154703839, 48.382769008504916 ], [ -3.882461595765112, 48.382578612886455 ], [ -3.883068, 48.382718 ] ] ], [ [ [ -3.880746, 48.382138 ], [ -3.880805768389199, 48.382155643722314 ], [ -3.880529968051589, 48.382090134426022 ], [ -3.880746, 48.382138 ] ] ], [ [ [ -3.879148, 48.381855 ], [ -3.880236, 48.382025 ], [ -3.880316849594387, 48.382042913913047 ], [ -3.879171, 48.381859 ], [ -3.878876939975668, 48.381816662153255 ], [ -3.879148, 48.381855 ] ] ], [ [ [ -3.878342, 48.381741 ], [ -3.878370475326775, 48.381745027629592 ], [ -3.878154392885129, 48.381721526574317 ], [ -3.878342, 48.381741 ] ] ], [ [ [ -3.877658, 48.38167 ], [ -3.877699052417641, 48.381674261405813 ], [ -3.876898668308972, 48.381626553548614 ], [ -3.877658, 48.38167 ] ] ], [ [ [ -3.876472780222443, 48.381601165738232 ], [ -3.87647, 48.381601 ], [ -3.8764652160026, 48.381600576477325 ], [ -3.876472780222443, 48.381601165738232 ] ] ], [ [ [ -3.875816, 48.38155 ], [ -3.875890584919512, 48.381555810644088 ], [ -3.875722803529836, 48.381553389164964 ], [ -3.875816, 48.38155 ] ] ], [ [ [ -3.875211, 48.381572 ], [ -3.875362415162973, 48.381566494285529 ], [ -3.874892391535029, 48.381628225813479 ], [ -3.875211, 48.381572 ] ] ], [ [ [ -3.874378, 48.381719 ], [ -3.874484459536115, 48.381700213395987 ], [ -3.874133479098153, 48.381793986602638 ], [ -3.874378, 48.381719 ] ] ], [ [ [ -3.874003, 48.381834 ], [ -3.874067360863747, 48.381814262789227 ], [ -3.872723, 48.382296 ], [ -3.871087, 48.383165 ], [ -3.870638526237062, 48.382764092380327 ], [ -3.874003, 48.381834 ] ] ], [ [ [ -3.849149915853356, 48.627533178494105 ], [ -3.849186, 48.626894 ], [ -3.856244, 48.628626 ], [ -3.849149915853356, 48.627533178494105 ] ] ], [ [ [ -3.90047, 48.653979 ], [ -3.897194, 48.647073 ], [ -3.891684, 48.642365 ], [ -3.892973, 48.64312 ], [ -3.894707, 48.644274 ], [ -3.898943, 48.648674 ], [ -3.901045, 48.652265 ], [ -3.901294, 48.652773 ], [ -3.902334890394649, 48.654507331681273 ], [ -3.90047, 48.653979 ] ] ], [ [ [ -4.13796, 48.691826 ], [ -4.136044, 48.690736 ], [ -4.12782, 48.688774 ], [ -4.127535, 48.688716 ], [ -4.123537025793222, 48.685162091779347 ], [ -4.125558, 48.685515 ], [ -4.126258, 48.684805 ], [ -4.126682, 48.684244 ], [ -4.126814, 48.683807 ], [ -4.126879341255638, 48.683603129157028 ], [ -4.127659, 48.684432 ], [ -4.131771, 48.685465 ], [ -4.132363, 48.685453 ], [ -4.132708, 48.68541 ], [ -4.137126, 48.685145 ], [ -4.142922, 48.69109 ], [ -4.144588717046387, 48.691759162832042 ], [ -4.13796, 48.691826 ] ] ], [ [ [ -4.166835, 48.689476 ], [ -4.161233, 48.690385 ], [ -4.158295244016462, 48.690944346001707 ], [ -4.158974, 48.690683 ], [ -4.167411, 48.687599 ], [ -4.168900436561621, 48.687645689640689 ], [ -4.166835, 48.689476 ] ] ], [ [ [ -4.20239, 48.676978 ], [ -4.202364641672858, 48.676970007312931 ], [ -4.203307, 48.676692 ], [ -4.20239, 48.676978 ] ] ], [ [ [ -4.212776, 48.670597 ], [ -4.212702, 48.670649 ], [ -4.209929, 48.671705 ], [ -4.209673808419704, 48.671903889249485 ], [ -4.210012, 48.671597 ], [ -4.212989, 48.667914 ], [ -4.213745, 48.665777 ], [ -4.213908196397727, 48.665632374748625 ], [ -4.212776, 48.670597 ] ] ], [ [ [ -4.217723, 48.648016 ], [ -4.21283, 48.650944 ], [ -4.215839, 48.64835 ], [ -4.217354, 48.648032 ], [ -4.218060702685816, 48.647984891703253 ], [ -4.217723, 48.648016 ] ] ], [ [ [ -4.223892, 48.649866 ], [ -4.219619, 48.647936 ], [ -4.218829773885175, 48.647933621105224 ], [ -4.219784, 48.64787 ], [ -4.221244, 48.64804 ], [ -4.221281, 48.648041 ], [ -4.22587, 48.649758 ], [ -4.223892, 48.649866 ] ] ], [ [ [ -4.227918, 48.649644 ], [ -4.227907040371522, 48.649644610152471 ], [ -4.228081248813404, 48.649628432323695 ], [ -4.227918, 48.649644 ] ] ], [ [ [ -4.228673, 48.649572 ], [ -4.228622862957016, 48.649576781435456 ], [ -4.229426, 48.649467 ], [ -4.234405, 48.649881 ], [ -4.228673, 48.649572 ] ] ], [ [ [ -4.248008, 48.647048 ], [ -4.247872, 48.648232 ], [ -4.248023, 48.646878 ], [ -4.248008, 48.647048 ] ] ], [ [ [ -4.248023, 48.646878 ], [ -4.250475, 48.643513 ], [ -4.250857704012288, 48.643722876552907 ], [ -4.248023, 48.646878 ] ] ], [ [ [ -4.303454, 48.634011 ], [ -4.302586, 48.633975 ], [ -4.301398, 48.633951 ], [ -4.300789, 48.633876 ], [ -4.292244, 48.635936 ], [ -4.294551, 48.633612 ], [ -4.296594, 48.632365 ], [ -4.303554, 48.634018 ], [ -4.303963503835102, 48.634062032939362 ], [ -4.303454, 48.634011 ] ] ], [ [ [ -4.305722, 48.634273 ], [ -4.305677269748665, 48.63426757518517 ], [ -4.30640606475682, 48.634319404656551 ], [ -4.305722, 48.634273 ] ] ], [ [ [ -4.30683, 48.649864 ], [ -4.310845, 48.642289 ], [ -4.307458, 48.649488 ], [ -4.305847, 48.650673 ], [ -4.303742, 48.651791 ], [ -4.30683, 48.649864 ] ] ], [ [ [ -4.316352, 48.671203 ], [ -4.314288, 48.671996 ], [ -4.315881, 48.671154 ], [ -4.317039, 48.670785 ], [ -4.316352, 48.671203 ] ] ], [ [ [ -4.322502, 48.665793 ], [ -4.322697, 48.665742 ], [ -4.328393, 48.671162 ], [ -4.3283598492338, 48.671203396321367 ], [ -4.322502, 48.665793 ] ] ], [ [ [ -4.387923, 48.659816 ], [ -4.38757, 48.659926 ], [ -4.380756, 48.662147 ], [ -4.386381, 48.659989 ], [ -4.38866, 48.659505 ], [ -4.387923, 48.659816 ] ] ], [ [ [ -4.391202, 48.658099 ], [ -4.390561, 48.658476 ], [ -4.389655, 48.659026 ], [ -4.389077, 48.659304 ], [ -4.390103, 48.658719 ], [ -4.391999, 48.657559 ], [ -4.393686963817119, 48.656783375714795 ], [ -4.391202, 48.658099 ] ] ], [ [ [ -4.395884164418908, 48.655773684622687 ], [ -4.396199, 48.655629 ], [ -4.401353, 48.654283 ], [ -4.395884164418908, 48.655773684622687 ] ] ], [ [ [ -4.439205, 48.639114 ], [ -4.446726, 48.639203 ], [ -4.446838, 48.639251 ], [ -4.439205, 48.639114 ] ] ], [ [ [ -4.447388, 48.639363 ], [ -4.447281, 48.639346 ], [ -4.446838, 48.639251 ], [ -4.44745, 48.639348 ], [ -4.447388, 48.639363 ] ] ], [ [ [ -4.44745, 48.639348 ], [ -4.447461, 48.639289 ], [ -4.447605507827769, 48.639104790836114 ], [ -4.44745, 48.639348 ] ] ], [ [ [ -4.460527, 48.629676 ], [ -4.460216559687603, 48.629660695810657 ], [ -4.465259, 48.626893 ], [ -4.466051, 48.626972 ], [ -4.466473, 48.627013 ], [ -4.46705, 48.627029 ], [ -4.468707, 48.626959 ], [ -4.460527, 48.629676 ] ] ], [ [ [ -4.482755, 48.625569 ], [ -4.481887, 48.625664 ], [ -4.481384, 48.625651 ], [ -4.475964, 48.625583 ], [ -4.481296, 48.624275 ], [ -4.486365, 48.624795 ], [ -4.487043, 48.624922 ], [ -4.487681, 48.625015 ], [ -4.488275, 48.624993 ], [ -4.482755, 48.625569 ] ] ], [ [ [ -4.488275, 48.624993 ], [ -4.490396, 48.624654 ], [ -4.492593912679745, 48.624573646493403 ], [ -4.488275, 48.624993 ] ] ], [ [ [ -4.501110464785175, 48.623054409632893 ], [ -4.502031, 48.622866 ], [ -4.502198411200855, 48.623198340009885 ], [ -4.501110464785175, 48.623054409632893 ] ] ], [ [ [ -4.125672, 48.681253 ], [ -4.12162, 48.673672 ], [ -4.121629535772866, 48.673653440952549 ], [ -4.127035, 48.67646 ], [ -4.126891, 48.680915 ], [ -4.126572485395546, 48.681869012190376 ], [ -4.125672, 48.681253 ] ] ] ] } },
{ "type": "Feature", "properties": { "fid": 6, "ID": null, "CENTER_LON": "-4.324840216100055", "CENTER_LAT": "48.57246251931615", "AA_MINS": 45, "AA_MODE": "driving-car", "TOTAL_POP": "411149" }, "geometry": { "type": "MultiPolygon", "coordinates": [ [ [ [ -4.72024, 48.507158 ], [ -4.727589, 48.509997 ], [ -4.728741, 48.510387 ], [ -4.731709, 48.511529 ], [ -4.735643, 48.514946 ], [ -4.734087, 48.518192 ], [ -4.729861, 48.519204 ], [ -4.725366, 48.51643 ], [ -4.725166, 48.516338 ], [ -4.724151, 48.513842 ], [ -4.716071, 48.516972 ], [ -4.715839, 48.521945 ], [ -4.716098, 48.522509 ], [ -4.716193, 48.522941 ], [ -4.716239, 48.523465 ], [ -4.716384, 48.524386 ], [ -4.716488, 48.525924 ], [ -4.715745, 48.527022 ], [ -4.714779, 48.530862 ], [ -4.719877, 48.537883 ], [ -4.723861, 48.536191 ], [ -4.72705, 48.537861 ], [ -4.725795, 48.540775 ], [ -4.724313, 48.54197 ], [ -4.724023, 48.541957 ], [ -4.719039, 48.549451 ], [ -4.719265, 48.549856 ], [ -4.72159, 48.553402 ], [ -4.722813, 48.556227 ], [ -4.720681, 48.559353 ], [ -4.720108, 48.559417 ], [ -4.719994, 48.559413 ], [ -4.71931, 48.559084 ], [ -4.719124, 48.558914 ], [ -4.718759, 48.558493 ], [ -4.718392, 48.557836 ], [ -4.714342, 48.554458 ], [ -4.706153, 48.557394 ], [ -4.704323, 48.563818 ], [ -4.70278, 48.568521 ], [ -4.702756, 48.568538 ], [ -4.70224, 48.568814 ], [ -4.702142, 48.568864 ], [ -4.700959, 48.569416 ], [ -4.699866, 48.569831 ], [ -4.697684, 48.570148 ], [ -4.696605, 48.570246 ], [ -4.689717, 48.570966 ], [ -4.687364, 48.572311 ], [ -4.686656, 48.572774 ], [ -4.684723, 48.570908 ], [ -4.678102, 48.567171 ], [ -4.676524, 48.567129 ], [ -4.67253, 48.565891 ], [ -4.669759, 48.573672 ], [ -4.669356, 48.57373 ], [ -4.667653, 48.573921 ], [ -4.658918, 48.571853 ], [ -4.658501, 48.571948 ], [ -4.655251, 48.572444 ], [ -4.654326, 48.572506 ], [ -4.651368, 48.570574 ], [ -4.644393, 48.572515 ], [ -4.642303, 48.573292 ], [ -4.641893, 48.572875 ], [ -4.640848, 48.571575 ], [ -4.632815, 48.573812 ], [ -4.632823, 48.576551 ], [ -4.628308, 48.576579 ], [ -4.626718, 48.576465 ], [ -4.626677, 48.576451 ], [ -4.621811, 48.57489 ], [ -4.619575, 48.574669 ], [ -4.614817, 48.573615 ], [ -4.609237, 48.577068 ], [ -4.60748, 48.579546 ], [ -4.606715, 48.588198 ], [ -4.60672, 48.58893 ], [ -4.605487, 48.594968 ], [ -4.603034, 48.603288 ], [ -4.598126, 48.60737 ], [ -4.596455, 48.608727 ], [ -4.596032, 48.608568 ], [ -4.595565, 48.608277 ], [ -4.595186, 48.607892 ], [ -4.594519, 48.607121 ], [ -4.590993, 48.603908 ], [ -4.587921, 48.602152 ], [ -4.584535204688933, 48.59547232481949 ], [ -4.588571, 48.594276 ], [ -4.589268, 48.593694 ], [ -4.589373, 48.593577 ], [ -4.58944, 48.592785 ], [ -4.589104, 48.590715 ], [ -4.58986, 48.58267 ], [ -4.59866, 48.581196 ], [ -4.599296, 48.581235 ], [ -4.599741, 48.580792 ], [ -4.603159, 48.576816 ], [ -4.605036, 48.573785 ], [ -4.604742, 48.573602 ], [ -4.604359, 48.573419 ], [ -4.604026, 48.573322 ], [ -4.603571, 48.573184 ], [ -4.6032, 48.573116 ], [ -4.602163, 48.573015 ], [ -4.601078, 48.572807 ], [ -4.59254, 48.573228 ], [ -4.588969, 48.56796 ], [ -4.588736, 48.564543 ], [ -4.590197858584848, 48.558192937429247 ], [ -4.594146, 48.560784 ], [ -4.596109, 48.564702 ], [ -4.596328, 48.564826 ], [ -4.5965, 48.564919 ], [ -4.596728, 48.565043 ], [ -4.598481, 48.566112 ], [ -4.599956, 48.566971 ], [ -4.600042, 48.567015 ], [ -4.606002, 48.567014 ], [ -4.606886, 48.566837 ], [ -4.607171, 48.566762 ], [ -4.607657, 48.566519 ], [ -4.607828, 48.566418 ], [ -4.608487, 48.565574 ], [ -4.612802, 48.563363 ], [ -4.6175, 48.565498 ], [ -4.618697, 48.565112 ], [ -4.619753, 48.564749 ], [ -4.620872, 48.564389 ], [ -4.621805, 48.564025 ], [ -4.622977, 48.563459 ], [ -4.623972, 48.562997 ], [ -4.632006, 48.562437 ], [ -4.633644, 48.559231 ], [ -4.640659, 48.559378 ], [ -4.646369, 48.564031 ], [ -4.654322, 48.566857 ], [ -4.654373, 48.566791 ], [ -4.660313, 48.560618 ], [ -4.666507, 48.554791 ], [ -4.667449, 48.554762 ], [ -4.675661, 48.557661 ], [ -4.677779, 48.559036 ], [ -4.678445, 48.559253 ], [ -4.678523, 48.559262 ], [ -4.678869, 48.559216 ], [ -4.678943, 48.559201 ], [ -4.682785, 48.556245 ], [ -4.683355, 48.548055 ], [ -4.684104, 48.544534 ], [ -4.686381, 48.536589 ], [ -4.688175, 48.533467 ], [ -4.685817, 48.530295 ], [ -4.681466, 48.522723 ], [ -4.682647, 48.518776 ], [ -4.682363319501625, 48.517234106701558 ], [ -4.682663, 48.517334 ], [ -4.684055, 48.517353 ], [ -4.6874, 48.517315 ], [ -4.693019, 48.513897 ], [ -4.69619, 48.512347 ], [ -4.696958, 48.512032 ], [ -4.698259, 48.51122 ], [ -4.702183, 48.509826 ], [ -4.708267, 48.510966 ], [ -4.710323, 48.511793 ], [ -4.711083, 48.512086 ], [ -4.715385, 48.511527 ], [ -4.717985, 48.511032 ], [ -4.724222, 48.512111 ], [ -4.727006, 48.514925 ], [ -4.727614, 48.515197 ], [ -4.729314, 48.514159 ], [ -4.729423, 48.513969 ], [ -4.729484, 48.513736 ], [ -4.729086, 48.511912 ], [ -4.728478, 48.51164 ], [ -4.725515, 48.51066 ], [ -4.71851, 48.506061 ], [ -4.718819358389436, 48.504673689643106 ], [ -4.72024, 48.507158 ] ] ], [ [ [ -4.5485, 48.362035 ], [ -4.548529, 48.362037 ], [ -4.549839519956834, 48.362415603102505 ], [ -4.548917, 48.362714 ], [ -4.544473520355528, 48.36175390908943 ], [ -4.5485, 48.362035 ] ] ], [ [ [ -4.463970245847526, 48.384594287086358 ], [ -4.463970245847516, 48.384594287086365 ], [ -4.463947, 48.384594 ], [ -4.463970245847526, 48.384594287086358 ] ] ], [ [ [ -4.463184286240717, 48.384756381926174 ], [ -4.463184286240645, 48.384756381926188 ], [ -4.462938, 48.384823 ], [ -4.463184286240717, 48.384756381926174 ] ] ], [ [ [ -4.419983466716727, 48.366367678869942 ], [ -4.41998346671673, 48.366367678869942 ], [ -4.424644, 48.366669 ], [ -4.419983466716727, 48.366367678869942 ] ] ], [ [ [ -4.366433, 48.344784 ], [ -4.367930984122792, 48.344066474455289 ], [ -4.367203, 48.346414 ], [ -4.363084, 48.345169 ], [ -4.366433, 48.344784 ] ] ], [ [ [ -4.348139, 48.344457 ], [ -4.348272, 48.344447 ], [ -4.345527, 48.344715 ], [ -4.348139, 48.344457 ] ] ], [ [ [ -4.321784, 48.342423 ], [ -4.324492, 48.340775 ], [ -4.332049, 48.344118 ], [ -4.328053, 48.343127 ], [ -4.324674, 48.342905 ], [ -4.322114, 48.343621 ], [ -4.314923, 48.344345 ], [ -4.321784, 48.342423 ] ] ], [ [ [ -3.956329, 48.672827 ], [ -3.956784, 48.672732 ], [ -3.962352, 48.675068 ], [ -3.956329, 48.672827 ] ] ], [ [ [ -3.971863, 48.69646 ], [ -3.969139, 48.69553 ], [ -3.968194, 48.695121 ], [ -3.967084, 48.694746 ], [ -3.966346, 48.694272 ], [ -3.97149, 48.69481 ], [ -3.975623, 48.701194 ], [ -3.974588653947899, 48.703566684115522 ], [ -3.971863, 48.69646 ] ] ], [ [ [ -3.967877, 48.715959 ], [ -3.967945, 48.715931 ], [ -3.972795, 48.712253 ], [ -3.968167, 48.717635 ], [ -3.966792181685427, 48.717501659782307 ], [ -3.967877, 48.715959 ] ] ], [ [ [ -3.995729, 48.715112 ], [ -3.995234, 48.715476 ], [ -3.994831, 48.715806 ], [ -3.992873, 48.723954 ], [ -3.992609, 48.724355 ], [ -3.991232976025633, 48.724632500890998 ], [ -3.991686, 48.724271 ], [ -3.991728, 48.721871 ], [ -3.991845, 48.721204 ], [ -3.9918, 48.720769 ], [ -3.99524, 48.713297 ], [ -3.995646, 48.713068 ], [ -3.999128, 48.712271 ], [ -3.995729, 48.715112 ] ] ], [ [ [ -4.022512, 48.712224 ], [ -4.020033, 48.712589 ], [ -4.01491, 48.713236 ], [ -4.01961, 48.712459 ], [ -4.028068, 48.711676 ], [ -4.022512, 48.712224 ] ] ], [ [ [ -4.036095, 48.711125 ], [ -4.036472, 48.713275 ], [ -4.036056, 48.711523 ], [ -4.035739, 48.709785 ], [ -4.03637441738991, 48.708970091546568 ], [ -4.036095, 48.711125 ] ] ], [ [ [ -4.041008261409623, 48.703026403176864 ], [ -4.041099, 48.70291 ], [ -4.041167534359084, 48.702921402956626 ], [ -4.041008261409623, 48.703026403176864 ] ] ], [ [ [ -4.142231, 48.691172 ], [ -4.137151, 48.694116 ], [ -4.129911, 48.694916 ], [ -4.127312, 48.694266 ], [ -4.122381, 48.693261 ], [ -4.115863, 48.693942 ], [ -4.111247, 48.695971 ], [ -4.110466, 48.696123 ], [ -4.10996, 48.696057 ], [ -4.108719, 48.695718 ], [ -4.106866, 48.695154 ], [ -4.103895, 48.694262 ], [ -4.102171197727245, 48.692895238136323 ], [ -4.102732, 48.692937 ], [ -4.11144, 48.691937 ], [ -4.112386, 48.691997 ], [ -4.113069, 48.690655 ], [ -4.113106, 48.689638 ], [ -4.120048, 48.684602 ], [ -4.12091, 48.684808 ], [ -4.12179, 48.684934 ], [ -4.122397, 48.684963 ], [ -4.125558, 48.685515 ], [ -4.126258, 48.684805 ], [ -4.126682, 48.684244 ], [ -4.126814, 48.683807 ], [ -4.126879341255638, 48.683603129157028 ], [ -4.127659, 48.684432 ], [ -4.131771, 48.685465 ], [ -4.132363, 48.685453 ], [ -4.132708, 48.68541 ], [ -4.137126, 48.685145 ], [ -4.142922, 48.69109 ], [ -4.143542600164135, 48.691339166774256 ], [ -4.142231, 48.691172 ] ] ], [ [ [ -4.56419, 48.60862 ], [ -4.564475818451127, 48.609787318969133 ], [ -4.563323935968112, 48.607654199590968 ], [ -4.56419, 48.60862 ] ] ], [ [ [ -4.12162, 48.673672 ], [ -4.121629535772866, 48.673653440952549 ], [ -4.127035, 48.67646 ], [ -4.126891, 48.680915 ], [ -4.126572485395546, 48.681869012190376 ], [ -4.125672, 48.681253 ], [ -4.12162, 48.673672 ] ] ] ] } },
{ "type": "Feature", "properties": { "fid": 7, "ID": null, "CENTER_LON": "-3.857758279926775", "CENTER_LAT": "48.572839238833424", "AA_MINS": 45, "AA_MODE": "driving-car", "TOTAL_POP": "441012" }, "geometry": { "type": "MultiPolygon", "coordinates": [ [ [ [ -4.187631, 48.685293 ], [ -4.188218, 48.684941 ], [ -4.191539, 48.682149 ], [ -4.199073, 48.677941 ], [ -4.203307, 48.676692 ], [ -4.203734, 48.676503 ], [ -4.204175, 48.676189 ], [ -4.209353, 48.672195 ], [ -4.210012, 48.671597 ], [ -4.212989, 48.667914 ], [ -4.213745, 48.665777 ], [ -4.219436, 48.660733 ], [ -4.219989, 48.660472 ], [ -4.221789, 48.658487 ], [ -4.221725, 48.658318 ], [ -4.221618, 48.65824 ], [ -4.220977, 48.657861 ], [ -4.218862, 48.657053 ], [ -4.21283, 48.650944 ], [ -4.215839, 48.64835 ], [ -4.217354, 48.648032 ], [ -4.219784, 48.64787 ], [ -4.221244, 48.64804 ], [ -4.221281, 48.648041 ], [ -4.22587, 48.649758 ], [ -4.227849, 48.64965 ], [ -4.228592, 48.649581 ], [ -4.229426, 48.649467 ], [ -4.234405, 48.649881 ], [ -4.239223, 48.647244 ], [ -4.243966, 48.647809 ], [ -4.247872, 48.648232 ], [ -4.248023, 48.646878 ], [ -4.250475, 48.643513 ], [ -4.257281, 48.647245 ], [ -4.258992, 48.648683 ], [ -4.26074, 48.65015 ], [ -4.261322, 48.65035 ], [ -4.262751, 48.649452 ], [ -4.266836, 48.645909 ], [ -4.269452, 48.643435 ], [ -4.276136, 48.641015 ], [ -4.276989, 48.640849 ], [ -4.27943, 48.640545 ], [ -4.28167, 48.639432 ], [ -4.283883, 48.638697 ], [ -4.286361, 48.637877 ], [ -4.28884, 48.637057 ], [ -4.291314, 48.636255 ], [ -4.292244, 48.635936 ], [ -4.294551, 48.633612 ], [ -4.296594, 48.632365 ], [ -4.303554, 48.634018 ], [ -4.304112, 48.634078 ], [ -4.305627, 48.634264 ], [ -4.306991, 48.634361 ], [ -4.310845, 48.642289 ], [ -4.307458, 48.649488 ], [ -4.305847, 48.650673 ], [ -4.303742, 48.651791 ], [ -4.300695, 48.655005 ], [ -4.300085486376376, 48.655910537222773 ], [ -4.187631, 48.685293 ] ] ], [ [ [ -4.488797, 48.379191 ], [ -4.489238283749115, 48.379386832779431 ], [ -4.487672783241291, 48.379136220874585 ], [ -4.488797, 48.379191 ] ] ], [ [ [ -4.463970245847526, 48.384594287086358 ], [ -4.463970245847516, 48.384594287086365 ], [ -4.463947, 48.384594 ], [ -4.463970245847526, 48.384594287086358 ] ] ], [ [ [ -4.463184286240717, 48.384756381926174 ], [ -4.463184286240645, 48.384756381926188 ], [ -4.462938, 48.384823 ], [ -4.463184286240717, 48.384756381926174 ] ] ], [ [ [ -4.435451, 48.383717 ], [ -4.435539, 48.38358 ], [ -4.436181, 48.383681 ], [ -4.443866, 48.38464 ], [ -4.445773, 48.385093 ], [ -4.439235, 48.387257 ], [ -4.436395, 48.385322 ], [ -4.436335, 48.385283 ], [ -4.436249, 48.385283 ], [ -4.434985, 48.385467 ], [ -4.433202, 48.389289 ], [ -4.435451, 48.383717 ] ] ], [ [ [ -4.417206, 48.395503 ], [ -4.41815, 48.395663 ], [ -4.41752, 48.395599 ], [ -4.416204, 48.395426 ], [ -4.417206, 48.395503 ] ] ], [ [ [ -4.133081, 48.320872 ], [ -4.13316, 48.32243 ], [ -4.133266, 48.325243 ], [ -4.133056, 48.326019 ], [ -4.140676748998576, 48.329003332274063 ], [ -4.141356, 48.331203 ], [ -4.137936, 48.332335 ], [ -4.13758, 48.332312 ], [ -4.137101, 48.332312 ], [ -4.135683, 48.332163 ], [ -4.135156, 48.332165 ], [ -4.133908, 48.33225 ], [ -4.132361, 48.332212 ], [ -4.132214, 48.332206 ], [ -4.128488, 48.33585 ], [ -4.126781, 48.337974 ], [ -4.121883, 48.345298 ], [ -4.121302, 48.345346 ], [ -4.120611, 48.345444 ], [ -4.120131, 48.345543 ], [ -4.116474, 48.345481 ], [ -4.112296, 48.345738 ], [ -4.111693, 48.349288 ], [ -4.112904, 48.350712 ], [ -4.110754, 48.358539 ], [ -4.10381, 48.361765 ], [ -4.101814, 48.361771 ], [ -4.100255, 48.361701 ], [ -4.096159, 48.362062 ], [ -4.090023, 48.35824 ], [ -4.089442, 48.358151 ], [ -4.083777, 48.356519 ], [ -4.081086, 48.35891 ], [ -4.081336, 48.359192 ], [ -4.081882, 48.359712 ], [ -4.082437, 48.360162 ], [ -4.083102, 48.360632 ], [ -4.078252, 48.368171 ], [ -4.077943, 48.368211 ], [ -4.072428, 48.364932 ], [ -4.071674, 48.364848 ], [ -4.07131, 48.364846 ], [ -4.070942, 48.364837 ], [ -4.069662, 48.364738 ], [ -4.069323, 48.365314 ], [ -4.069259, 48.365419 ], [ -4.061188, 48.367734 ], [ -4.059496, 48.364207 ], [ -4.059121, 48.363821 ], [ -4.058802, 48.363578 ], [ -4.058118, 48.363131 ], [ -4.057012, 48.362319 ], [ -4.052982, 48.360971 ], [ -4.049402, 48.361344 ], [ -4.04311, 48.366288 ], [ -4.036743, 48.368022 ], [ -4.033336, 48.368228 ], [ -4.026447, 48.373949 ], [ -4.026058, 48.373813 ], [ -4.022704, 48.370753 ], [ -4.019642, 48.370862 ], [ -4.01879, 48.371282 ], [ -4.018662, 48.371363 ], [ -4.018921, 48.3744 ], [ -4.020756, 48.381344 ], [ -4.020858, 48.38233 ], [ -4.021766, 48.383108 ], [ -4.020447761674923, 48.386778721127314 ], [ -4.019866, 48.386559 ], [ -4.01938, 48.386399 ], [ -4.018824, 48.38631 ], [ -4.011049, 48.384018 ], [ -4.007955, 48.382179 ], [ -4.007341, 48.383212 ], [ -4.007144, 48.383666 ], [ -4.007036, 48.384239 ], [ -3.998789, 48.387732 ], [ -3.998621, 48.38755 ], [ -3.998341, 48.387367 ], [ -3.996908, 48.387209 ], [ -3.994255, 48.38942 ], [ -3.987041, 48.392132 ], [ -3.983977, 48.393723 ], [ -3.977766, 48.392705 ], [ -3.974217, 48.3921 ], [ -3.972154, 48.393439 ], [ -3.969751, 48.395018 ], [ -3.969213, 48.395356 ], [ -3.968807, 48.395653 ], [ -3.968025, 48.396395 ], [ -3.965502, 48.400368 ], [ -3.963937, 48.402799 ], [ -3.955177, 48.402439 ], [ -3.951967, 48.399313 ], [ -3.947458, 48.392586 ], [ -3.947343, 48.392146 ], [ -3.946929, 48.391393 ], [ -3.946255, 48.390737 ], [ -3.946143, 48.381919 ], [ -3.946672, 48.381287 ], [ -3.947026, 48.380664 ], [ -3.94721, 48.380137 ], [ -3.947304, 48.379422 ], [ -3.949026, 48.372738 ], [ -3.949405, 48.371885 ], [ -3.953024, 48.365652 ], [ -3.953501, 48.365148 ], [ -3.955828, 48.362448 ], [ -3.956304, 48.361885 ], [ -3.95662, 48.361434 ], [ -3.95367, 48.35937 ], [ -3.950967, 48.361323 ], [ -3.948262, 48.364593 ], [ -3.947573, 48.365423 ], [ -3.947208, 48.365974 ], [ -3.946549, 48.367248 ], [ -3.946368, 48.367678 ], [ -3.94622, 48.36815 ], [ -3.945956, 48.369337 ], [ -3.939339, 48.374014 ], [ -3.937883, 48.376111 ], [ -3.937803, 48.376467 ], [ -3.93342, 48.380986 ], [ -3.926573, 48.376247 ], [ -3.923042, 48.376945 ], [ -3.919787, 48.380515 ], [ -3.913382, 48.38006 ], [ -3.910092, 48.38087 ], [ -3.908485, 48.382304 ], [ -3.906001, 48.385747 ], [ -3.907556, 48.388994 ], [ -3.913992, 48.393596 ], [ -3.914576, 48.395525 ], [ -3.909211, 48.402113 ], [ -3.908768, 48.402167 ], [ -3.907279, 48.402421 ], [ -3.90415, 48.402921 ], [ -3.897839, 48.39693 ], [ -3.896097, 48.39378 ], [ -3.89451, 48.389359 ], [ -3.89426, 48.385768 ], [ -3.888907, 48.384917 ], [ -3.883962, 48.383066 ], [ -3.883334, 48.382802 ], [ -3.880862, 48.382169 ], [ -3.880361, 48.38205 ], [ -3.879171, 48.381859 ], [ -3.878407, 48.381749 ], [ -3.877745, 48.381677 ], [ -3.87647, 48.381601 ], [ -3.875973, 48.381557 ], [ -3.875488, 48.38155 ], [ -3.87462, 48.381664 ], [ -3.874096, 48.381804 ], [ -3.872723, 48.382296 ], [ -3.871087, 48.383165 ], [ -3.864678, 48.377435 ], [ -3.860987, 48.375739 ], [ -3.854597, 48.377378 ], [ -3.854074, 48.377256 ], [ -3.848821, 48.370312 ], [ -3.848223, 48.369404 ], [ -3.848026, 48.369281 ], [ -3.84678, 48.368545 ], [ -3.842517, 48.369922 ], [ -3.837831, 48.37632 ], [ -3.83427, 48.376243 ], [ -3.831469, 48.375513 ], [ -3.828974, 48.374855 ], [ -3.828091, 48.374578 ], [ -3.826674, 48.376206 ], [ -3.826638, 48.37638 ], [ -3.826638, 48.376503 ], [ -3.827016, 48.378014 ], [ -3.829587, 48.379324 ], [ -3.830297, 48.3794 ], [ -3.830792, 48.379493 ], [ -3.831314, 48.379546 ], [ -3.833335, 48.379719 ], [ -3.836752, 48.387293 ], [ -3.833229, 48.388733 ], [ -3.830179, 48.390644 ], [ -3.828107, 48.391537 ], [ -3.827604, 48.391685 ], [ -3.825969, 48.392227 ], [ -3.825525, 48.392337 ], [ -3.824204, 48.392614 ], [ -3.82355, 48.392834 ], [ -3.82318, 48.393014 ], [ -3.822756, 48.393279 ], [ -3.822408, 48.393567 ], [ -3.82207, 48.39393 ], [ -3.821655, 48.394621 ], [ -3.8215, 48.395164 ], [ -3.821501, 48.395437 ], [ -3.823635, 48.398147 ], [ -3.823886, 48.397993 ], [ -3.832416, 48.395847 ], [ -3.832916, 48.395969 ], [ -3.833286, 48.396034 ], [ -3.835143, 48.39611 ], [ -3.835479, 48.396132 ], [ -3.835862, 48.396169 ], [ -3.83692, 48.396401 ], [ -3.837575, 48.396645 ], [ -3.839118, 48.405373 ], [ -3.837235, 48.407515 ], [ -3.830609, 48.413081 ], [ -3.826802, 48.413488 ], [ -3.825621, 48.413407 ], [ -3.824644, 48.413511 ], [ -3.824279, 48.413563 ], [ -3.817345, 48.415734 ], [ -3.815986, 48.419068 ], [ -3.817431, 48.419932 ], [ -3.819907, 48.428439 ], [ -3.819765, 48.429241 ], [ -3.81993, 48.429993 ], [ -3.820251, 48.430528 ], [ -3.820734, 48.430976 ], [ -3.821376, 48.431346 ], [ -3.821834, 48.431548 ], [ -3.824308, 48.433087 ], [ -3.825066, 48.433981 ], [ -3.826158, 48.435549 ], [ -3.826603, 48.436106 ], [ -3.828502, 48.437627 ], [ -3.827578, 48.445676 ], [ -3.8232, 48.450196 ], [ -3.821239, 48.451081 ], [ -3.82035, 48.451414 ], [ -3.82008, 48.451497 ], [ -3.819136, 48.451719 ], [ -3.81207, 48.449223 ], [ -3.810973, 48.445794 ], [ -3.811867, 48.441129 ], [ -3.812992, 48.439623 ], [ -3.814299, 48.438277 ], [ -3.811718, 48.435767 ], [ -3.811181, 48.436227 ], [ -3.810645, 48.436786 ], [ -3.809831, 48.437713 ], [ -3.808837, 48.439185 ], [ -3.800294, 48.440409 ], [ -3.797397, 48.442546 ], [ -3.79801, 48.443537 ], [ -3.798423, 48.444122 ], [ -3.799185, 48.445031 ], [ -3.79471, 48.452614 ], [ -3.790149, 48.448489 ], [ -3.787417, 48.445344 ], [ -3.787231, 48.444775 ], [ -3.786701, 48.442368 ], [ -3.784366, 48.439628 ], [ -3.784147, 48.439522 ], [ -3.782516, 48.439132 ], [ -3.781957, 48.438912 ], [ -3.781443, 48.438779 ], [ -3.781187, 48.438736 ], [ -3.780907, 48.438702 ], [ -3.776719, 48.435971 ], [ -3.776392, 48.435575 ], [ -3.779678, 48.427242 ], [ -3.780815, 48.427033 ], [ -3.782446, 48.427113 ], [ -3.78297, 48.427103 ], [ -3.783498, 48.427022 ], [ -3.783438, 48.423423 ], [ -3.789737, 48.419385 ], [ -3.790667, 48.415908 ], [ -3.792298, 48.409302 ], [ -3.793022, 48.405776 ], [ -3.789763, 48.404705 ], [ -3.787314, 48.403816 ], [ -3.785466, 48.403196 ], [ -3.780915, 48.396139 ], [ -3.780049, 48.393588 ], [ -3.779723, 48.392742 ], [ -3.77904, 48.385692 ], [ -3.781409, 48.38298 ], [ -3.780438, 48.381713 ], [ -3.777748, 48.382295 ], [ -3.776423, 48.382875 ], [ -3.77527, 48.383651 ], [ -3.773922, 48.384393 ], [ -3.76593, 48.38627 ], [ -3.763073, 48.38564 ], [ -3.761008, 48.385559 ], [ -3.754764, 48.38061 ], [ -3.753953, 48.379854 ], [ -3.749719, 48.375755 ], [ -3.747892, 48.37532 ], [ -3.74619, 48.375043 ], [ -3.746075, 48.375613 ], [ -3.746055, 48.376241 ], [ -3.740971, 48.383453 ], [ -3.738325, 48.390887 ], [ -3.730092, 48.392024 ], [ -3.729068, 48.391329 ], [ -3.726463, 48.390851 ], [ -3.725996, 48.390761 ], [ -3.725677, 48.39074 ], [ -3.718342, 48.385954 ], [ -3.718156, 48.385498 ], [ -3.717131, 48.38348 ], [ -3.713921, 48.38511 ], [ -3.712687, 48.391946 ], [ -3.712854, 48.392278 ], [ -3.713058, 48.399588 ], [ -3.711901, 48.401311 ], [ -3.711841, 48.401584 ], [ -3.711891, 48.402993 ], [ -3.713128, 48.409064 ], [ -3.713538, 48.412641 ], [ -3.715278, 48.412442 ], [ -3.715709, 48.412353 ], [ -3.716103, 48.412233 ], [ -3.716999, 48.411863 ], [ -3.717424, 48.411628 ], [ -3.722769, 48.410467 ], [ -3.723413, 48.410398 ], [ -3.72859, 48.411651 ], [ -3.728989, 48.411367 ], [ -3.729324, 48.411079 ], [ -3.730252, 48.410082 ], [ -3.730582, 48.409819 ], [ -3.730981, 48.409424 ], [ -3.738896, 48.413612 ], [ -3.735704, 48.417767 ], [ -3.731522, 48.423367 ], [ -3.731595, 48.423753 ], [ -3.731721, 48.424215 ], [ -3.725781, 48.430854 ], [ -3.725368, 48.430843 ], [ -3.724997, 48.430892 ], [ -3.724521, 48.43102 ], [ -3.724234, 48.431141 ], [ -3.723791, 48.431368 ], [ -3.72492, 48.434244 ], [ -3.72523, 48.434585 ], [ -3.72571, 48.434933 ], [ -3.726041, 48.435086 ], [ -3.726089, 48.435108 ], [ -3.726465, 48.435205 ], [ -3.729459, 48.436361 ], [ -3.735889, 48.441404 ], [ -3.737377, 48.441182 ], [ -3.737791, 48.44108 ], [ -3.738584, 48.440625 ], [ -3.739104, 48.439958 ], [ -3.739317, 48.439279 ], [ -3.744433, 48.433513 ], [ -3.74638, 48.432986 ], [ -3.748144, 48.432789 ], [ -3.755541, 48.434796 ], [ -3.757324, 48.436236 ], [ -3.757584, 48.436429 ], [ -3.757946, 48.436652 ], [ -3.758321, 48.436832 ], [ -3.758954, 48.437006 ], [ -3.759469, 48.437058 ], [ -3.760913, 48.437024 ], [ -3.761747, 48.437082 ], [ -3.762507, 48.437105 ], [ -3.763021, 48.437062 ], [ -3.76354, 48.436933 ], [ -3.771143, 48.437583 ], [ -3.771719, 48.437868 ], [ -3.775164, 48.439978 ], [ -3.776364, 48.441086 ], [ -3.776647, 48.441325 ], [ -3.777091, 48.44162 ], [ -3.777474, 48.441813 ], [ -3.77798, 48.441996 ], [ -3.778517, 48.442118 ], [ -3.782084, 48.449015 ], [ -3.775847, 48.451356 ], [ -3.770137, 48.456709 ], [ -3.765834, 48.456575 ], [ -3.762732, 48.455106 ], [ -3.760288, 48.45775 ], [ -3.753448, 48.463198 ], [ -3.752778, 48.462852 ], [ -3.750678, 48.462351 ], [ -3.749003, 48.454145 ], [ -3.748058, 48.452966 ], [ -3.746007, 48.452089 ], [ -3.741032, 48.452088 ], [ -3.73708, 48.452018 ], [ -3.732652, 48.451013 ], [ -3.731453, 48.449856 ], [ -3.730772, 48.449703 ], [ -3.730216, 48.449736 ], [ -3.72388, 48.450256 ], [ -3.720808, 48.448994 ], [ -3.720702, 48.448987 ], [ -3.720418, 48.449012 ], [ -3.718795, 48.449142 ], [ -3.718007, 48.449225 ], [ -3.710819, 48.44471 ], [ -3.70722, 48.444624 ], [ -3.707074, 48.446011 ], [ -3.702671, 48.452914 ], [ -3.701761, 48.453398 ], [ -3.703452, 48.456576 ], [ -3.704362, 48.456092 ], [ -3.705745, 48.45544 ], [ -3.709911, 48.455811 ], [ -3.712548, 48.46183 ], [ -3.707836, 48.467076 ], [ -3.707238, 48.46729 ], [ -3.706443, 48.46769 ], [ -3.70631, 48.467764 ], [ -3.705731, 48.468266 ], [ -3.705203, 48.469431 ], [ -3.696574, 48.46971 ], [ -3.690297, 48.465549 ], [ -3.687425, 48.463378 ], [ -3.686208, 48.464987 ], [ -3.68135, 48.468547 ], [ -3.676388, 48.468925 ], [ -3.674196, 48.46913 ], [ -3.673231, 48.469752 ], [ -3.672518, 48.470158 ], [ -3.663813, 48.470879 ], [ -3.662229, 48.470737 ], [ -3.658221, 48.462811 ], [ -3.657973, 48.45922 ], [ -3.657752, 48.451963 ], [ -3.660098, 48.450257 ], [ -3.662027, 48.447931 ], [ -3.663721, 48.446535 ], [ -3.664457, 48.445974 ], [ -3.662774, 48.443308 ], [ -3.662277, 48.44311 ], [ -3.661105, 48.443175 ], [ -3.652623, 48.444341 ], [ -3.651294, 48.443349 ], [ -3.650748, 48.443084 ], [ -3.649698, 48.442495 ], [ -3.649224, 48.442205 ], [ -3.648241, 48.441756 ], [ -3.646745, 48.44503 ], [ -3.646864, 48.448665 ], [ -3.646851, 48.448885 ], [ -3.644869, 48.453628 ], [ -3.636076, 48.452602 ], [ -3.635922, 48.452189 ], [ -3.635698, 48.451772 ], [ -3.634673, 48.449613 ], [ -3.63274, 48.449022 ], [ -3.631685, 48.449255 ], [ -3.631001, 48.449498 ], [ -3.630683, 48.449682 ], [ -3.629981, 48.450175 ], [ -3.631436, 48.455015 ], [ -3.631411, 48.455626 ], [ -3.631461, 48.456849 ], [ -3.631666, 48.458728 ], [ -3.63176, 48.459157 ], [ -3.632114, 48.45988 ], [ -3.631765, 48.467897 ], [ -3.631564, 48.46806 ], [ -3.623243, 48.466326 ], [ -3.622863, 48.464203 ], [ -3.622278, 48.463078 ], [ -3.62187, 48.462753 ], [ -3.621427, 48.462525 ], [ -3.62092, 48.462373 ], [ -3.620799, 48.46235 ], [ -3.618282, 48.462456 ], [ -3.610371, 48.462412 ], [ -3.605209, 48.458748 ], [ -3.601453, 48.455924 ], [ -3.600416, 48.455497 ], [ -3.600197, 48.455474 ], [ -3.599738, 48.455986 ], [ -3.598957, 48.458376 ], [ -3.592814, 48.462111 ], [ -3.59036, 48.461964 ], [ -3.587917, 48.461817 ], [ -3.58201, 48.458333 ], [ -3.579004, 48.456353 ], [ -3.572173, 48.458626 ], [ -3.568952, 48.460234 ], [ -3.570138, 48.46261 ], [ -3.570716, 48.463943 ], [ -3.5762, 48.466938 ], [ -3.579757, 48.467495 ], [ -3.585359, 48.465257 ], [ -3.587681, 48.465409 ], [ -3.590144, 48.465557 ], [ -3.592598, 48.465705 ], [ -3.593099, 48.465706 ], [ -3.595538, 48.465619 ], [ -3.60119, 48.472548 ], [ -3.60155, 48.473045 ], [ -3.602289, 48.473668 ], [ -3.603146, 48.47465 ], [ -3.605213, 48.4767 ], [ -3.606897, 48.476448 ], [ -3.607398, 48.476336 ], [ -3.612907, 48.476215 ], [ -3.615984, 48.477987 ], [ -3.617282, 48.478696 ], [ -3.619713, 48.487099 ], [ -3.615797, 48.490687 ], [ -3.613637, 48.491659 ], [ -3.612614, 48.492149 ], [ -3.612555, 48.492281 ], [ -3.611093, 48.497828 ], [ -3.610488, 48.499017 ], [ -3.608287, 48.503544 ], [ -3.607596, 48.504266 ], [ -3.606865, 48.505051 ], [ -3.605881, 48.506101 ], [ -3.601099, 48.510667 ], [ -3.596198, 48.507358 ], [ -3.596006, 48.504311 ], [ -3.589515, 48.500347 ], [ -3.590594, 48.492536 ], [ -3.590503, 48.488937 ], [ -3.594628, 48.484415 ], [ -3.595906, 48.484081 ], [ -3.595519, 48.480502 ], [ -3.592312, 48.476024 ], [ -3.591819, 48.476102 ], [ -3.591327, 48.47621 ], [ -3.590698, 48.476425 ], [ -3.589853, 48.476795 ], [ -3.588195, 48.477392 ], [ -3.586942, 48.477554 ], [ -3.586242, 48.477605 ], [ -3.585725, 48.47774 ], [ -3.584922, 48.478025 ], [ -3.579971, 48.482124 ], [ -3.579281, 48.482353 ], [ -3.571574, 48.486821 ], [ -3.570258, 48.483471 ], [ -3.568328, 48.484229 ], [ -3.567666, 48.484647 ], [ -3.566732, 48.486166 ], [ -3.566611, 48.48643 ], [ -3.566407, 48.487379 ], [ -3.566437, 48.488283 ], [ -3.566366, 48.489948 ], [ -3.565918, 48.493263 ], [ -3.560238, 48.497248 ], [ -3.556471, 48.494885 ], [ -3.555718, 48.493891 ], [ -3.555078, 48.493121 ], [ -3.554714, 48.49263 ], [ -3.553714, 48.491342 ], [ -3.553523, 48.491295 ], [ -3.550022, 48.491256 ], [ -3.549955, 48.491694 ], [ -3.55077, 48.493614 ], [ -3.544082172410732, 48.498718267883049 ], [ -3.539481, 48.4923 ], [ -3.539455, 48.491679 ], [ -3.539269, 48.490938 ], [ -3.537823, 48.487774 ], [ -3.537758, 48.487628 ], [ -3.534469, 48.489092 ], [ -3.530084813225487, 48.494532443346166 ], [ -3.528402, 48.495997 ], [ -3.527917, 48.49601 ], [ -3.52456, 48.495323 ], [ -3.51762, 48.497017 ], [ -3.510533, 48.491738 ], [ -3.51036, 48.488142 ], [ -3.505686, 48.482946 ], [ -3.501536, 48.476409 ], [ -3.503547, 48.468285 ], [ -3.503898, 48.464702 ], [ -3.501582, 48.464476 ], [ -3.499267, 48.464249 ], [ -3.494715, 48.457573 ], [ -3.494626, 48.456779 ], [ -3.494419, 48.456282 ], [ -3.494031, 48.455617 ], [ -3.493238, 48.454349 ], [ -3.492826, 48.453684 ], [ -3.492384, 48.453192 ], [ -3.49204, 48.452934 ], [ -3.491692, 48.452736 ], [ -3.491183, 48.452502 ], [ -3.490657, 48.453215 ], [ -3.49002, 48.454062 ], [ -3.483207, 48.459509 ], [ -3.482795, 48.459453 ], [ -3.482187, 48.459441 ], [ -3.481144, 48.459518 ], [ -3.479461, 48.466601 ], [ -3.478146, 48.473079 ], [ -3.477629, 48.474251 ], [ -3.472109, 48.480978 ], [ -3.471581, 48.481119 ], [ -3.46892, 48.48141 ], [ -3.461088, 48.477824 ], [ -3.460851, 48.477591 ], [ -3.459444, 48.477022 ], [ -3.455337, 48.476081 ], [ -3.450966, 48.473 ], [ -3.450674, 48.473077 ], [ -3.442227, 48.474139 ], [ -3.443654, 48.466504 ], [ -3.446981, 48.461425 ], [ -3.448133, 48.460274 ], [ -3.449433, 48.457878 ], [ -3.451951, 48.45337 ], [ -3.459208, 48.451777 ], [ -3.462761, 48.448318 ], [ -3.462551, 48.444724 ], [ -3.458934, 48.443594 ], [ -3.458571, 48.443773 ], [ -3.457164, 48.444432 ], [ -3.457146, 48.444442 ], [ -3.449631, 48.446021 ], [ -3.447973, 48.445433 ], [ -3.443916, 48.445477 ], [ -3.443475, 48.445512 ], [ -3.442717, 48.44568 ], [ -3.441487, 48.445755 ], [ -3.435802, 48.440642 ], [ -3.437035, 48.43726 ], [ -3.437124, 48.43711 ], [ -3.437289, 48.433513 ], [ -3.434524, 48.431398 ], [ -3.434235, 48.431205 ], [ -3.433988, 48.431158 ], [ -3.432711, 48.431104 ], [ -3.43057, 48.432008 ], [ -3.425978, 48.43333 ], [ -3.423119, 48.436332 ], [ -3.416005, 48.437647 ], [ -3.413341, 48.440068 ], [ -3.406426, 48.441606 ], [ -3.404942, 48.436448 ], [ -3.405465, 48.435416 ], [ -3.405551, 48.429401 ], [ -3.405964, 48.428307 ], [ -3.40611, 48.427938 ], [ -3.406524, 48.421907 ], [ -3.407913, 48.416232 ], [ -3.411536, 48.413114 ], [ -3.414205, 48.41185 ], [ -3.414743, 48.411613 ], [ -3.416517, 48.410537 ], [ -3.417317, 48.410052 ], [ -3.417157, 48.40894 ], [ -3.417131, 48.408801 ], [ -3.41701, 48.400818 ], [ -3.418542, 48.399757 ], [ -3.416492, 48.396798 ], [ -3.41496, 48.397859 ], [ -3.406296, 48.398553 ], [ -3.40283, 48.399527 ], [ -3.401607, 48.401195 ], [ -3.401254, 48.401991 ], [ -3.399846, 48.397385 ], [ -3.39326, 48.396387 ], [ -3.392447, 48.39667 ], [ -3.391879, 48.396674 ], [ -3.391379, 48.396544 ], [ -3.390902, 48.396345 ], [ -3.387753, 48.39018 ], [ -3.387619, 48.389916 ], [ -3.392434, 48.383557 ], [ -3.392753, 48.383545 ], [ -3.398894, 48.383343 ], [ -3.404446, 48.38651 ], [ -3.404718, 48.3901 ], [ -3.405071, 48.391678 ], [ -3.41398, 48.392736 ], [ -3.414138, 48.392274 ], [ -3.414343, 48.39187 ], [ -3.414546, 48.391526 ], [ -3.417352, 48.392565 ], [ -3.424196, 48.390734 ], [ -3.42458, 48.390457 ], [ -3.42623, 48.389455 ], [ -3.434184, 48.391444 ], [ -3.436022, 48.39083 ], [ -3.437861, 48.390215 ], [ -3.439002, 48.39363 ], [ -3.436335, 48.400438 ], [ -3.439977, 48.403224 ], [ -3.441113, 48.403443 ], [ -3.446722, 48.399875 ], [ -3.449833, 48.398825 ], [ -3.452778, 48.397489 ], [ -3.46049, 48.39368 ], [ -3.461152, 48.391299 ], [ -3.463974, 48.390071 ], [ -3.466661, 48.392467 ], [ -3.467552, 48.400488 ], [ -3.47622, 48.401991 ], [ -3.477381, 48.400466 ], [ -3.478517, 48.397318 ], [ -3.478063, 48.394207 ], [ -3.479032, 48.393755 ], [ -3.481975, 48.391651 ], [ -3.484695, 48.394009 ], [ -3.493345, 48.394794 ], [ -3.496679, 48.393435 ], [ -3.496772, 48.393664 ], [ -3.496869, 48.393913 ], [ -3.496991, 48.394405 ], [ -3.497636, 48.396225 ], [ -3.497875, 48.396608 ], [ -3.500963, 48.400036 ], [ -3.507183, 48.394891 ], [ -3.509064, 48.391822 ], [ -3.509759, 48.392208 ], [ -3.510354, 48.392569 ], [ -3.511222, 48.393039 ], [ -3.511816, 48.393412 ], [ -3.52018, 48.395594 ], [ -3.523545, 48.394534 ], [ -3.528562, 48.391109 ], [ -3.533398, 48.383624 ], [ -3.533249, 48.383166 ], [ -3.533224, 48.382413 ], [ -3.529757, 48.375398 ], [ -3.528177, 48.374346 ], [ -3.526124, 48.373322 ], [ -3.525706, 48.373109 ], [ -3.520108, 48.371196 ], [ -3.51677, 48.370176 ], [ -3.515896, 48.368543 ], [ -3.516825, 48.365065 ], [ -3.519634, 48.365024 ], [ -3.523044, 48.365558 ], [ -3.523275, 48.365624 ], [ -3.529094, 48.366544 ], [ -3.533978, 48.361303 ], [ -3.534387, 48.360318 ], [ -3.535009, 48.357078 ], [ -3.53505, 48.35617 ], [ -3.535065, 48.355492 ], [ -3.537135, 48.354646 ], [ -3.537582, 48.354723 ], [ -3.539139, 48.355156 ], [ -3.538907, 48.359036 ], [ -3.545979, 48.36418 ], [ -3.546502, 48.364097 ], [ -3.546994, 48.364114 ], [ -3.54759, 48.364219 ], [ -3.554828, 48.363622 ], [ -3.55543, 48.363361 ], [ -3.556229, 48.363241 ], [ -3.563305, 48.36047 ], [ -3.563788, 48.360371 ], [ -3.567956, 48.3587 ], [ -3.569064, 48.351207 ], [ -3.569364, 48.351063 ], [ -3.573029, 48.343783 ], [ -3.572649, 48.342512 ], [ -3.576098, 48.341482 ], [ -3.577351, 48.343597 ], [ -3.577908, 48.34419 ], [ -3.578264, 48.344872 ], [ -3.586994, 48.342928 ], [ -3.587986, 48.340304 ], [ -3.588699, 48.334837 ], [ -3.594717, 48.328378 ], [ -3.596976, 48.327961 ], [ -3.604125, 48.331915 ], [ -3.60937, 48.328942 ], [ -3.615385, 48.322517 ], [ -3.614384, 48.316826 ], [ -3.614373, 48.316767 ], [ -3.617707, 48.314769 ], [ -3.62557, 48.312894 ], [ -3.625988, 48.309318 ], [ -3.630132, 48.307611 ], [ -3.638016, 48.305978 ], [ -3.636309, 48.300392 ], [ -3.634679, 48.294396 ], [ -3.635684, 48.290939 ], [ -3.636343, 48.291131 ], [ -3.637148, 48.291425 ], [ -3.644857, 48.287649 ], [ -3.647063, 48.287792 ], [ -3.647845, 48.287927 ], [ -3.648364, 48.288035 ], [ -3.648897, 48.288554 ], [ -3.648856, 48.29029 ], [ -3.648768, 48.291267 ], [ -3.64812, 48.294018 ], [ -3.647988, 48.294647 ], [ -3.647804, 48.295265 ], [ -3.65032, 48.300879 ], [ -3.657641, 48.297456 ], [ -3.657784, 48.29655 ], [ -3.658017, 48.296058 ], [ -3.658757, 48.295252 ], [ -3.659511, 48.294894 ], [ -3.660521, 48.294647 ], [ -3.668657, 48.294964 ], [ -3.670948, 48.292188 ], [ -3.671744, 48.292844 ], [ -3.672394, 48.293464 ], [ -3.676783, 48.297526 ], [ -3.683767, 48.29925 ], [ -3.686592, 48.301481 ], [ -3.691188, 48.303498 ], [ -3.692955, 48.294812 ], [ -3.693204, 48.29122 ], [ -3.693932, 48.291271 ], [ -3.694771, 48.291404 ], [ -3.698679, 48.291694 ], [ -3.704283, 48.289549 ], [ -3.706086, 48.288968 ], [ -3.708797, 48.291336 ], [ -3.714085, 48.295896 ], [ -3.716098, 48.296968 ], [ -3.716779, 48.29733 ], [ -3.717262, 48.297642 ], [ -3.724052, 48.299152 ], [ -3.726791, 48.297814 ], [ -3.727082, 48.297648 ], [ -3.727792, 48.297309 ], [ -3.729089, 48.296611 ], [ -3.730816, 48.297267 ], [ -3.736848, 48.290779 ], [ -3.737511, 48.28724 ], [ -3.742744, 48.283721 ], [ -3.742878, 48.283655 ], [ -3.745344, 48.28506 ], [ -3.745529, 48.285619 ], [ -3.745663, 48.286376 ], [ -3.749996, 48.292154 ], [ -3.757719, 48.291132 ], [ -3.758337, 48.2909 ], [ -3.761763, 48.289423 ], [ -3.763939, 48.292291 ], [ -3.772386, 48.289604 ], [ -3.775215, 48.287041 ], [ -3.775592, 48.286964 ], [ -3.777508, 48.287273 ], [ -3.777612, 48.287597 ], [ -3.777726, 48.288069 ], [ -3.777749, 48.288837 ], [ -3.778042, 48.291391 ], [ -3.778132, 48.292119 ], [ -3.777999, 48.293031 ], [ -3.777676, 48.293709 ], [ -3.777315, 48.294176 ], [ -3.776869, 48.294608 ], [ -3.775992, 48.295295 ], [ -3.772442, 48.297203 ], [ -3.772072, 48.297641 ], [ -3.77119, 48.303449 ], [ -3.770369, 48.305896 ], [ -3.770948, 48.309043 ], [ -3.770676, 48.30993 ], [ -3.773639, 48.316066 ], [ -3.775804, 48.316671 ], [ -3.779382, 48.317217 ], [ -3.781265, 48.30869 ], [ -3.780584, 48.308001 ], [ -3.780238, 48.307416 ], [ -3.780033, 48.306618 ], [ -3.780089, 48.305844 ], [ -3.780221, 48.30542 ], [ -3.780455, 48.304735 ], [ -3.783976, 48.305488 ], [ -3.791108, 48.304335 ], [ -3.792666, 48.303434 ], [ -3.794215, 48.302516 ], [ -3.799107, 48.301692 ], [ -3.802705, 48.301823 ], [ -3.803818, 48.293874 ], [ -3.803172, 48.290333 ], [ -3.805296, 48.289945 ], [ -3.805768, 48.289919 ], [ -3.80715, 48.289971 ], [ -3.809285, 48.290287 ], [ -3.81182, 48.290615 ], [ -3.817021, 48.283588 ], [ -3.817013, 48.283531 ], [ -3.816955, 48.280949 ], [ -3.819861, 48.272995 ], [ -3.8223, 48.268441 ], [ -3.822868, 48.267594 ], [ -3.823247, 48.267497 ], [ -3.823765, 48.267423 ], [ -3.824993, 48.268128 ], [ -3.825778, 48.269369 ], [ -3.826428, 48.27155 ], [ -3.825701, 48.273956 ], [ -3.828767, 48.282304 ], [ -3.83761, 48.282294 ], [ -3.838096, 48.281856 ], [ -3.838454, 48.281576 ], [ -3.846095, 48.281779 ], [ -3.849076, 48.279759 ], [ -3.849673, 48.280641 ], [ -3.856305, 48.283694 ], [ -3.858432, 48.283184 ], [ -3.859639, 48.286576 ], [ -3.867245, 48.28741 ], [ -3.867858, 48.287267 ], [ -3.868914, 48.287114 ], [ -3.870885, 48.287664 ], [ -3.876384, 48.288984 ], [ -3.882346, 48.283192 ], [ -3.882508, 48.283209 ], [ -3.883314, 48.283441 ], [ -3.886189, 48.284174 ], [ -3.888043, 48.28726 ], [ -3.892947, 48.290626 ], [ -3.893215, 48.290955 ], [ -3.893307, 48.291142 ], [ -3.899825, 48.294897 ], [ -3.90261, 48.288868 ], [ -3.902422, 48.288253 ], [ -3.902354, 48.287658 ], [ -3.902401, 48.286965 ], [ -3.902015, 48.284183 ], [ -3.902011, 48.283492 ], [ -3.902213, 48.282819 ], [ -3.902636, 48.281998 ], [ -3.90455, 48.282212 ], [ -3.905875, 48.283439 ], [ -3.906203, 48.283795 ], [ -3.912982, 48.287544 ], [ -3.920782, 48.286099 ], [ -3.927949, 48.28519 ], [ -3.929711, 48.286502 ], [ -3.929739, 48.286585 ], [ -3.929109, 48.288598 ], [ -3.927544, 48.295809 ], [ -3.931844, 48.297859 ], [ -3.935676, 48.29858 ], [ -3.935899, 48.298576 ], [ -3.936014, 48.298591 ], [ -3.939529, 48.298361 ], [ -3.943163, 48.296161 ], [ -3.942245, 48.289681 ], [ -3.940383, 48.284275 ], [ -3.940079, 48.280688 ], [ -3.943572, 48.277471 ], [ -3.943435, 48.272328 ], [ -3.943947, 48.267027 ], [ -3.943943, 48.266523 ], [ -3.944056, 48.265625 ], [ -3.944286, 48.264802 ], [ -3.947753, 48.265769 ], [ -3.950355, 48.270316 ], [ -3.953672, 48.274007 ], [ -3.960966, 48.277797 ], [ -3.962757, 48.276236 ], [ -3.963068, 48.276424 ], [ -3.963392, 48.276652 ], [ -3.96379, 48.277007 ], [ -3.964185, 48.277533 ], [ -3.964415, 48.27812 ], [ -3.970235, 48.283493 ], [ -3.971668, 48.283858 ], [ -3.971603, 48.285613 ], [ -3.97164, 48.286163 ], [ -3.973468, 48.289518 ], [ -3.981184, 48.287259 ], [ -3.981876, 48.286976 ], [ -3.982351, 48.286921 ], [ -3.982936, 48.286921 ], [ -3.98489, 48.288317 ], [ -3.993173, 48.291036 ], [ -3.999541, 48.292675 ], [ -4.002643, 48.292469 ], [ -4.006039, 48.293152 ], [ -4.008616, 48.293627 ], [ -4.008247, 48.297208 ], [ -4.01663, 48.298449 ], [ -4.017876, 48.296707 ], [ -4.018065, 48.296639 ], [ -4.020102, 48.297497 ], [ -4.026307, 48.299073 ], [ -4.034006, 48.297496 ], [ -4.036147, 48.296121 ], [ -4.038092, 48.299151 ], [ -4.039573, 48.307574 ], [ -4.040473, 48.31106 ], [ -4.045095, 48.318682 ], [ -4.045619, 48.318792 ], [ -4.046164, 48.318953 ], [ -4.046769, 48.319208 ], [ -4.048299, 48.320064 ], [ -4.049194, 48.320576 ], [ -4.050781, 48.321451 ], [ -4.05925, 48.321031 ], [ -4.061462, 48.319667 ], [ -4.061654, 48.319572 ], [ -4.066424, 48.319851 ], [ -4.06655, 48.319871 ], [ -4.069197, 48.320306 ], [ -4.072701, 48.322935 ], [ -4.073048, 48.323138 ], [ -4.074153, 48.324045 ], [ -4.074598, 48.324391 ], [ -4.082705, 48.326854 ], [ -4.08424, 48.32663 ], [ -4.084985, 48.326572 ], [ -4.085371, 48.326594 ], [ -4.085698, 48.326645 ], [ -4.087594, 48.327044 ], [ -4.088089, 48.3272 ], [ -4.095566, 48.322819 ], [ -4.095546, 48.31922 ], [ -4.098357384224441, 48.315177594618696 ], [ -4.098515, 48.315233 ], [ -4.102174, 48.316576 ], [ -4.105764657426575, 48.317823037797702 ], [ -4.105761, 48.318345 ], [ -4.105261, 48.320796 ], [ -4.10858, 48.326019 ], [ -4.115748, 48.321867 ], [ -4.116239, 48.321896 ], [ -4.118396, 48.322138 ], [ -4.119772, 48.322386 ], [ -4.120647, 48.32259 ], [ -4.121327, 48.322782 ], [ -4.12846, 48.319275 ], [ -4.128464112634064, 48.319237972198145 ], [ -4.129348, 48.320102 ], [ -4.130078, 48.320208 ], [ -4.130369, 48.320223 ], [ -4.132671972399002, 48.319690531407701 ], [ -4.133081, 48.320872 ] ] ], [ [ [ -3.35272, 48.422941 ], [ -3.353423, 48.420963 ], [ -3.354005, 48.420622 ], [ -3.356048, 48.419826 ], [ -3.359542, 48.417322 ], [ -3.363182, 48.412 ], [ -3.360832, 48.407457 ], [ -3.358435, 48.406069 ], [ -3.358546, 48.402471 ], [ -3.358805, 48.402479 ], [ -3.359371, 48.402554 ], [ -3.365879, 48.40313 ], [ -3.366722, 48.405856 ], [ -3.36889, 48.408952 ], [ -3.369248, 48.409222 ], [ -3.369687, 48.409758 ], [ -3.373634, 48.412075 ], [ -3.379367, 48.408208 ], [ -3.379232, 48.404611 ], [ -3.381467, 48.404191 ], [ -3.382945, 48.403767 ], [ -3.383514, 48.404122 ], [ -3.387875, 48.40591 ], [ -3.388721, 48.405789 ], [ -3.38932, 48.405684 ], [ -3.389612812344989, 48.405675512921349 ], [ -3.389542, 48.409265 ], [ -3.38697, 48.413627 ], [ -3.378667, 48.414943 ], [ -3.37762, 48.413866 ], [ -3.377151, 48.413612 ], [ -3.376186, 48.413776 ], [ -3.37609, 48.413802 ], [ -3.375548, 48.413992 ], [ -3.374885, 48.414429 ], [ -3.37486, 48.414503 ], [ -3.37476, 48.415434 ], [ -3.374518, 48.416751 ], [ -3.368966, 48.422332 ], [ -3.363836, 48.423701 ], [ -3.363522, 48.423748 ], [ -3.358219, 48.42367 ], [ -3.356918, 48.427027 ], [ -3.348257134799204, 48.428634449408086 ], [ -3.35272, 48.422941 ] ] ], [ [ [ -3.326927, 48.430268 ], [ -3.32681, 48.42667 ], [ -3.332499, 48.424065 ], [ -3.335847, 48.42249 ], [ -3.336381, 48.422479 ], [ -3.341356, 48.427214 ], [ -3.341647, 48.427369 ], [ -3.342193, 48.427766 ], [ -3.342657, 48.428208 ], [ -3.344673316133862, 48.428801387268258 ], [ -3.343132, 48.428872 ], [ -3.339757, 48.429921 ], [ -3.331622, 48.430764 ], [ -3.330303, 48.429266 ], [ -3.32898, 48.430091 ], [ -3.328541, 48.430394 ], [ -3.328073, 48.430856 ], [ -3.323243740057182, 48.435895623311552 ], [ -3.326927, 48.430268 ] ] ], [ [ [ -3.290713, 48.447674 ], [ -3.290223, 48.444511 ], [ -3.290679, 48.444074 ], [ -3.291407, 48.443868 ], [ -3.292274, 48.443808 ], [ -3.293408, 48.443855 ], [ -3.294034, 48.44394 ], [ -3.301532, 48.439593 ], [ -3.302551, 48.43714 ], [ -3.303075, 48.437196 ], [ -3.30357, 48.437287 ], [ -3.303842, 48.437371 ], [ -3.30447, 48.437549 ], [ -3.305131, 48.439712 ], [ -3.313887, 48.440492 ], [ -3.314303, 48.440018 ], [ -3.321604, 48.437487 ], [ -3.321278, 48.437787 ], [ -3.316028, 48.440916 ], [ -3.314609, 48.443028 ], [ -3.306029, 48.441534 ], [ -3.305467, 48.440469 ], [ -3.302159, 48.441888 ], [ -3.295555, 48.444994 ], [ -3.293595, 48.448014 ], [ -3.288591223389046, 48.451448864471622 ], [ -3.290713, 48.447674 ] ] ], [ [ [ -3.279725, 48.451077 ], [ -3.279926, 48.451308 ], [ -3.284393993115758, 48.451918221733578 ], [ -3.280526, 48.452342 ], [ -3.278561315732312, 48.449649674538165 ], [ -3.279725, 48.451077 ] ] ], [ [ [ -3.255377, 48.453605 ], [ -3.25522, 48.452889 ], [ -3.254963, 48.450759 ], [ -3.25494, 48.450157 ], [ -3.258537, 48.45002 ], [ -3.267226, 48.448224 ], [ -3.267442, 48.447821 ], [ -3.267571, 48.447562 ], [ -3.268865, 48.443413 ], [ -3.268981, 48.441221 ], [ -3.275201, 48.438447 ], [ -3.276349, 48.439176 ], [ -3.277093, 48.439899 ], [ -3.277703, 48.441035 ], [ -3.276685, 48.44202 ], [ -3.275332221377937, 48.445223969146483 ], [ -3.275225, 48.445077 ], [ -3.275194, 48.444663 ], [ -3.27513, 48.444238 ], [ -3.27157, 48.444771 ], [ -3.27066, 48.445367 ], [ -3.270227, 48.445813 ], [ -3.270092, 48.446008 ], [ -3.265908, 48.453401 ], [ -3.260442, 48.453317 ], [ -3.258653, 48.452274 ], [ -3.25583, 48.454508 ], [ -3.254295722772792, 48.455524189507017 ], [ -3.255377, 48.453605 ] ] ], [ [ [ -3.227251, 48.468138 ], [ -3.230841, 48.468409 ], [ -3.236117, 48.46566 ], [ -3.241782, 48.458858 ], [ -3.244339, 48.456324 ], [ -3.244527, 48.456514 ], [ -3.245774, 48.457694 ], [ -3.246324, 48.458216 ], [ -3.248607894407141, 48.459290854970774 ], [ -3.24836, 48.459455 ], [ -3.248164, 48.459387 ], [ -3.247624, 48.459276 ], [ -3.246733, 48.459367 ], [ -3.24618, 48.459575 ], [ -3.245399, 48.459973 ], [ -3.243698, 48.461257 ], [ -3.24258, 48.462086 ], [ -3.242147, 48.462449 ], [ -3.241582, 48.463056 ], [ -3.241443, 48.463232 ], [ -3.244264, 48.465468 ], [ -3.247344, 48.464833 ], [ -3.248985, 48.464561 ], [ -3.254388, 48.467494 ], [ -3.248595, 48.473812 ], [ -3.247762, 48.473886 ], [ -3.247509, 48.473886 ], [ -3.244851, 48.476956 ], [ -3.240297, 48.478878 ], [ -3.232263, 48.478871 ], [ -3.230503, 48.473584 ], [ -3.230598, 48.472877 ], [ -3.229614, 48.471524 ], [ -3.227359, 48.468301 ], [ -3.2264, 48.468291 ], [ -3.225714, 48.46839 ], [ -3.227251, 48.468138 ] ] ], [ [ [ -3.129254, 48.49921 ], [ -3.132168, 48.497192 ], [ -3.133791, 48.490046 ], [ -3.134572, 48.48797 ], [ -3.135145, 48.487834 ], [ -3.137071, 48.488562 ], [ -3.140616, 48.491178 ], [ -3.140749, 48.492183 ], [ -3.141269, 48.497981 ], [ -3.149945, 48.50002 ], [ -3.150318, 48.499244 ], [ -3.151392, 48.497609 ], [ -3.154022, 48.49646 ], [ -3.154483, 48.496253 ], [ -3.154991, 48.496097 ], [ -3.161895, 48.500242 ], [ -3.164746, 48.497773 ], [ -3.165592, 48.494274 ], [ -3.167067, 48.491845 ], [ -3.169179, 48.49166 ], [ -3.171144, 48.491197 ], [ -3.177723, 48.486805 ], [ -3.178463, 48.486461 ], [ -3.181081, 48.477994 ], [ -3.179738, 48.472631 ], [ -3.17971, 48.472457 ], [ -3.181867, 48.470582 ], [ -3.189292, 48.466091 ], [ -3.191479, 48.466691 ], [ -3.195438, 48.469486 ], [ -3.202712, 48.469428 ], [ -3.210732, 48.469469 ], [ -3.211464, 48.472994 ], [ -3.220196, 48.473236 ], [ -3.219919, 48.474379 ], [ -3.219698, 48.475479 ], [ -3.211889, 48.479321 ], [ -3.211474, 48.479323 ], [ -3.210827, 48.479453 ], [ -3.203487, 48.474307 ], [ -3.203041, 48.470735 ], [ -3.201679, 48.470905 ], [ -3.199335, 48.471245 ], [ -3.196426, 48.471631 ], [ -3.188726, 48.471068 ], [ -3.186536, 48.471247 ], [ -3.186426, 48.471402 ], [ -3.186312, 48.471577 ], [ -3.186061, 48.47221 ], [ -3.185991, 48.472676 ], [ -3.186034, 48.473263 ], [ -3.186396, 48.476153 ], [ -3.187179, 48.477439 ], [ -3.190697, 48.485271 ], [ -3.186985, 48.491748 ], [ -3.179121, 48.491104 ], [ -3.175587, 48.490418 ], [ -3.171488, 48.493113 ], [ -3.170706, 48.495664 ], [ -3.169111, 48.502165 ], [ -3.16592, 48.503832 ], [ -3.162457, 48.503538 ], [ -3.155061, 48.501903 ], [ -3.153563, 48.500574 ], [ -3.147791, 48.501877 ], [ -3.146747, 48.501914 ], [ -3.141187, 48.501206 ], [ -3.139085, 48.496419 ], [ -3.138997, 48.495941 ], [ -3.136845, 48.495006 ], [ -3.136163, 48.49519 ], [ -3.135456, 48.496589 ], [ -3.132747, 48.49971 ], [ -3.132349, 48.50047 ], [ -3.124068, 48.503061 ], [ -3.122005, 48.50085 ], [ -3.121811, 48.500637 ], [ -3.121735337005301, 48.500294067660874 ], [ -3.129254, 48.49921 ] ] ], [ [ [ -3.071706, 48.529596 ], [ -3.071805, 48.528865 ], [ -3.076372, 48.521913 ], [ -3.076999, 48.520857 ], [ -3.078239, 48.520138 ], [ -3.078731, 48.520183 ], [ -3.085088, 48.521491 ], [ -3.092191, 48.520991 ], [ -3.090875, 48.513821 ], [ -3.09032, 48.512974 ], [ -3.09063, 48.51023 ], [ -3.091654, 48.50963 ], [ -3.098646, 48.507971 ], [ -3.099369, 48.50848 ], [ -3.107128, 48.504937 ], [ -3.107225, 48.49648 ], [ -3.107761, 48.493471 ], [ -3.107866, 48.493132 ], [ -3.11108, 48.492075 ], [ -3.114984, 48.486528 ], [ -3.116901, 48.483481 ], [ -3.117263, 48.483709 ], [ -3.117909, 48.484282 ], [ -3.118338, 48.484791 ], [ -3.118688, 48.485385 ], [ -3.119733, 48.487858 ], [ -3.119997, 48.488785 ], [ -3.120106, 48.489383 ], [ -3.120112, 48.490064 ], [ -3.120388, 48.49203 ], [ -3.12028, 48.491736 ], [ -3.117153, 48.492459 ], [ -3.116021, 48.493471 ], [ -3.109579, 48.499005 ], [ -3.109327, 48.499621 ], [ -3.109191, 48.500422 ], [ -3.109698, 48.501728 ], [ -3.10969, 48.506379 ], [ -3.109086, 48.509077 ], [ -3.102518, 48.511937 ], [ -3.099408, 48.513782 ], [ -3.096805, 48.521082 ], [ -3.090331, 48.52623 ], [ -3.086296, 48.52628 ], [ -3.081917, 48.524159 ], [ -3.078392, 48.524894 ], [ -3.075558, 48.526356 ], [ -3.074985, 48.526663 ], [ -3.074916, 48.526716 ], [ -3.071541088753371, 48.530189471865725 ], [ -3.071706, 48.529596 ] ] ], [ [ [ -3.004761, 48.526437 ], [ -3.00783, 48.523278 ], [ -3.009432, 48.523329 ], [ -3.0177, 48.520064 ], [ -3.017844, 48.519773 ], [ -3.019217, 48.519135 ], [ -3.019487, 48.519165 ], [ -3.022189, 48.519961 ], [ -3.028377, 48.515398 ], [ -3.029232, 48.513671 ], [ -3.030791, 48.513157 ], [ -3.03099, 48.513115 ], [ -3.032778, 48.514295 ], [ -3.039404, 48.519337 ], [ -3.04785, 48.518578 ], [ -3.053656, 48.517525 ], [ -3.054031, 48.517418 ], [ -3.05502, 48.520879 ], [ -3.057727, 48.526057 ], [ -3.057762, 48.529657 ], [ -3.063157, 48.536718 ], [ -3.060783, 48.536139 ], [ -3.055309, 48.530767 ], [ -3.055066, 48.527175 ], [ -3.055168, 48.524652 ], [ -3.055158, 48.524233 ], [ -3.055037, 48.523703 ], [ -3.053995, 48.522559 ], [ -3.053333, 48.522242 ], [ -3.052885, 48.522104 ], [ -3.0485, 48.521514 ], [ -3.047764, 48.522267 ], [ -3.046546, 48.523459 ], [ -3.042164, 48.525187 ], [ -3.037119, 48.523104 ], [ -3.036883, 48.52295 ], [ -3.034029, 48.519893 ], [ -3.025608, 48.519445 ], [ -3.023174, 48.520044 ], [ -3.020787, 48.520932 ], [ -3.015725, 48.524543 ], [ -3.015385, 48.525137 ], [ -3.014884, 48.526145 ], [ -3.012363, 48.528542 ], [ -3.004521, 48.526636 ], [ -2.997443, 48.528788 ], [ -3.004761, 48.526437 ] ] ], [ [ [ -2.972861, 48.53364 ], [ -2.97275, 48.533677 ], [ -2.971189, 48.533757 ], [ -2.962734, 48.532035 ], [ -2.959435, 48.532221 ], [ -2.955466, 48.532445 ], [ -2.951752, 48.532657 ], [ -2.948029, 48.532868 ], [ -2.945798, 48.532983 ], [ -2.945613, 48.529387 ], [ -2.947844, 48.529273 ], [ -2.951548, 48.529062 ], [ -2.955262, 48.528851 ], [ -2.96346, 48.525292 ], [ -2.964804, 48.523947 ], [ -2.966668, 48.523658 ], [ -2.96772, 48.524395 ], [ -2.975869, 48.527673 ], [ -2.96996, 48.527831 ], [ -2.969034, 48.528069 ], [ -2.969252, 48.531663 ], [ -2.971361, 48.531535 ], [ -2.976065, 48.531267 ], [ -2.977369, 48.531217 ], [ -2.978639, 48.531176 ], [ -2.980176, 48.53115 ], [ -2.972861, 48.53364 ] ] ], [ [ [ -3.013424, 48.537974 ], [ -3.006942, 48.540039 ], [ -3.00312, 48.542691 ], [ -2.999951, 48.544845 ], [ -2.993106, 48.539737 ], [ -2.992316, 48.537112 ], [ -2.986726, 48.531285 ], [ -2.988768, 48.531408 ], [ -2.990318, 48.531539 ], [ -2.997307, 48.536368 ], [ -2.997875, 48.537802 ], [ -2.99792, 48.537958 ], [ -2.999224, 48.538432 ], [ -3.003007, 48.539009 ], [ -3.00454, 48.538701 ], [ -3.011051, 48.537964 ], [ -3.013662, 48.537975 ], [ -3.016273, 48.537987 ], [ -3.013424, 48.537974 ] ] ], [ [ [ -3.035755, 48.550945 ], [ -3.03591, 48.551664 ], [ -3.036453, 48.554477 ], [ -3.035261, 48.555205 ], [ -3.032779, 48.555158 ], [ -3.026824, 48.555069 ], [ -3.026065, 48.555031 ], [ -3.020936, 48.548589 ], [ -3.019167, 48.547525 ], [ -3.018736, 48.547187 ], [ -3.020957, 48.544354 ], [ -3.016273, 48.537987 ], [ -3.018187, 48.538007 ], [ -3.019051, 48.538094 ], [ -3.019542, 48.538173 ], [ -3.020481, 48.5383 ], [ -3.026231, 48.544056 ], [ -3.026239, 48.545495 ], [ -3.027712, 48.54799 ], [ -3.028776, 48.55053 ], [ -3.030226, 48.550671 ], [ -3.032155, 48.547631 ], [ -3.035182004428675, 48.545636225481779 ], [ -3.035755, 48.550945 ] ] ], [ [ [ -3.065306, 48.556521 ], [ -3.062884, 48.556928 ], [ -3.061305, 48.556891 ], [ -3.05806, 48.55738 ], [ -3.054737, 48.557953 ], [ -3.054124, 48.554406 ], [ -3.057447, 48.553832 ], [ -3.06077, 48.553258 ], [ -3.061297, 48.553227 ], [ -3.062511, 48.553348 ], [ -3.064704, 48.552972 ], [ -3.065942888392389, 48.552761588526316 ], [ -3.065562, 48.55477 ], [ -3.065591, 48.554892 ], [ -3.066544795258356, 48.556310695472135 ], [ -3.065306, 48.556521 ] ] ], [ [ [ -3.10037, 48.577094 ], [ -3.099361, 48.577337 ], [ -3.097619, 48.577688 ], [ -3.096262, 48.577832 ], [ -3.094546, 48.578163 ], [ -3.087384, 48.576971 ], [ -3.083708, 48.579557 ], [ -3.083266, 48.580128 ], [ -3.081258, 48.582137 ], [ -3.072382, 48.582367 ], [ -3.071386, 48.582643 ], [ -3.06954, 48.582333 ], [ -3.065747, 48.581549 ], [ -3.063758, 48.581032 ], [ -3.063363, 48.580228 ], [ -3.063349, 48.579993 ], [ -3.063938, 48.578437 ], [ -3.064202, 48.578283 ], [ -3.064467, 48.578135 ], [ -3.067008, 48.576357 ], [ -3.07158, 48.57213 ], [ -3.075861, 48.568872 ], [ -3.079555, 48.561456 ], [ -3.076053, 48.557546 ], [ -3.070101, 48.555736 ], [ -3.075518, 48.556794 ], [ -3.078569, 48.555621 ], [ -3.085793, 48.559486 ], [ -3.086777, 48.562949 ], [ -3.085323, 48.570824 ], [ -3.083634, 48.571499 ], [ -3.078079, 48.572569 ], [ -3.074485, 48.575337 ], [ -3.075871, 48.578659 ], [ -3.079552, 48.578145 ], [ -3.085031, 48.574817 ], [ -3.093629, 48.574159 ], [ -3.100496, 48.577072 ], [ -3.100511334623201, 48.577074479026223 ], [ -3.10037, 48.577094 ] ] ], [ [ [ -3.142657, 48.597528 ], [ -3.142399, 48.597607 ], [ -3.140432, 48.596525 ], [ -3.137287, 48.595298 ], [ -3.131391, 48.593237 ], [ -3.128502, 48.588895 ], [ -3.128097, 48.58839 ], [ -3.122566, 48.58306 ], [ -3.120826, 48.58287 ], [ -3.11321, 48.586094 ], [ -3.109355, 48.587135 ], [ -3.107892, 48.585932 ], [ -3.106574, 48.584849 ], [ -3.103812473710433, 48.577608096274112 ], [ -3.105798, 48.577929 ], [ -3.109489, 48.580642 ], [ -3.11002, 48.580943 ], [ -3.110459, 48.581058 ], [ -3.118135, 48.580636 ], [ -3.120859, 48.57831 ], [ -3.129252, 48.579294 ], [ -3.13113, 48.587685 ], [ -3.134435, 48.589112 ], [ -3.13768, 48.59013 ], [ -3.141275, 48.590326 ], [ -3.148319, 48.59561 ], [ -3.148147, 48.597316 ], [ -3.148251737631174, 48.597673460617258 ], [ -3.142657, 48.597528 ] ] ], [ [ [ -3.19728, 48.631959 ], [ -3.196848, 48.634949 ], [ -3.19667, 48.635493 ], [ -3.195311, 48.639507 ], [ -3.194084, 48.644763 ], [ -3.193745, 48.645885 ], [ -3.190522, 48.647488 ], [ -3.187644, 48.644776 ], [ -3.18724, 48.641198 ], [ -3.187119, 48.640523 ], [ -3.179863, 48.635403 ], [ -3.179272, 48.635371 ], [ -3.177682, 48.635226 ], [ -3.177018, 48.63518 ], [ -3.174937, 48.633812 ], [ -3.167417, 48.634282 ], [ -3.163019, 48.633059 ], [ -3.15482, 48.629966 ], [ -3.153462, 48.629717 ], [ -3.15191, 48.629076 ], [ -3.151755, 48.628894 ], [ -3.151662, 48.628696 ], [ -3.147852, 48.623086 ], [ -3.142299, 48.619243 ], [ -3.142338, 48.618843 ], [ -3.142427, 48.618422 ], [ -3.143125, 48.615425 ], [ -3.146413, 48.611126 ], [ -3.150758, 48.608643 ], [ -3.151899, 48.607249 ], [ -3.154290375752053, 48.601426416530998 ], [ -3.156464, 48.602657 ], [ -3.155623, 48.60914 ], [ -3.150408, 48.613426 ], [ -3.150049, 48.613535 ], [ -3.149299, 48.613819 ], [ -3.15057, 48.617187 ], [ -3.151862, 48.616814 ], [ -3.154703, 48.61662 ], [ -3.156536, 48.615436 ], [ -3.159382, 48.61474 ], [ -3.165558, 48.617698 ], [ -3.162553, 48.626118 ], [ -3.163211, 48.629657 ], [ -3.163599, 48.629585 ], [ -3.171556, 48.62938 ], [ -3.180148, 48.630721 ], [ -3.182536, 48.633415 ], [ -3.184618, 48.635837 ], [ -3.186872, 48.638615 ], [ -3.188698, 48.639965 ], [ -3.188829, 48.639945 ], [ -3.188915, 48.639927 ], [ -3.190469, 48.638768 ], [ -3.191231, 48.635801 ], [ -3.194914, 48.629545 ], [ -3.201042, 48.625585 ], [ -3.202718701223147, 48.626648357931131 ], [ -3.19728, 48.631959 ] ] ], [ [ [ -3.578506, 48.673839 ], [ -3.577927, 48.674198 ], [ -3.576373, 48.675122 ], [ -3.572952, 48.677574 ], [ -3.57208, 48.686349 ], [ -3.575369, 48.689373 ], [ -3.575587, 48.690053 ], [ -3.575796, 48.691355 ], [ -3.576046, 48.695696 ], [ -3.574327, 48.701934 ], [ -3.578381, 48.704638 ], [ -3.578863, 48.704682 ], [ -3.579754, 48.704981 ], [ -3.580176, 48.705288 ], [ -3.580312, 48.705468 ], [ -3.580183, 48.708908 ], [ -3.576763, 48.713984 ], [ -3.57775, 48.719124 ], [ -3.578209, 48.720171 ], [ -3.581987, 48.724248 ], [ -3.582185, 48.724403 ], [ -3.582388, 48.724598 ], [ -3.582472, 48.724722 ], [ -3.581951, 48.725677 ], [ -3.575116, 48.724411 ], [ -3.570578, 48.725793 ], [ -3.563413, 48.729416 ], [ -3.560574, 48.730488 ], [ -3.560397, 48.730211 ], [ -3.560198, 48.729805 ], [ -3.557138, 48.725915 ], [ -3.551379, 48.726632 ], [ -3.549194, 48.7272 ], [ -3.543777, 48.728752 ], [ -3.543243, 48.728966 ], [ -3.540949, 48.730019 ], [ -3.540447, 48.730194 ], [ -3.539802, 48.730288 ], [ -3.539325, 48.73028 ], [ -3.538191, 48.730204 ], [ -3.537962, 48.730136 ], [ -3.537387, 48.729851 ], [ -3.534465, 48.722971 ], [ -3.529974, 48.722036 ], [ -3.529749, 48.721987 ], [ -3.529366, 48.721771 ], [ -3.522707, 48.718673 ], [ -3.5195, 48.72642 ], [ -3.5201, 48.728678 ], [ -3.519889, 48.729999 ], [ -3.51447, 48.731012 ], [ -3.513036, 48.731125 ], [ -3.505223, 48.731686 ], [ -3.497732, 48.728053 ], [ -3.496171, 48.7276 ], [ -3.487414, 48.729319 ], [ -3.48631, 48.733808 ], [ -3.485039, 48.733847 ], [ -3.476668, 48.73345 ], [ -3.47383, 48.733369 ], [ -3.468284, 48.73301 ], [ -3.465574, 48.731765 ], [ -3.462843586206769, 48.730764649859495 ], [ -3.463403, 48.727922 ], [ -3.464183, 48.725508 ], [ -3.461603, 48.720905 ], [ -3.46157, 48.720853 ], [ -3.459629, 48.716223 ], [ -3.465467, 48.710834 ], [ -3.468178, 48.710985 ], [ -3.470296, 48.711948 ], [ -3.472971, 48.71233 ], [ -3.473444, 48.71241 ], [ -3.478245, 48.713679 ], [ -3.479331, 48.713856 ], [ -3.481744, 48.714527 ], [ -3.490003, 48.716073 ], [ -3.491873, 48.719149 ], [ -3.494236, 48.717733 ], [ -3.500871, 48.714259 ], [ -3.501295, 48.714043 ], [ -3.50218, 48.713549 ], [ -3.503184, 48.712083 ], [ -3.508998, 48.70685 ], [ -3.513042, 48.699229 ], [ -3.513586, 48.699031 ], [ -3.521285, 48.697244 ], [ -3.522703, 48.699381 ], [ -3.52287, 48.699291 ], [ -3.52337, 48.69891 ], [ -3.524197, 48.697058 ], [ -3.533014, 48.69633 ], [ -3.53354, 48.696794 ], [ -3.53386, 48.696967 ], [ -3.535286, 48.697586 ], [ -3.536719, 48.694284 ], [ -3.538747, 48.691176 ], [ -3.545783, 48.689455 ], [ -3.547777, 48.691313 ], [ -3.55275, 48.689726 ], [ -3.560058, 48.686605 ], [ -3.561535, 48.686346 ], [ -3.562622, 48.686017 ], [ -3.562711, 48.685915 ], [ -3.562733, 48.685885 ], [ -3.562988, 48.685122 ], [ -3.563077, 48.684643 ], [ -3.562996, 48.684519 ], [ -3.56278, 48.68425 ], [ -3.562642, 48.684079 ], [ -3.561577, 48.683212 ], [ -3.558087, 48.676848 ], [ -3.55783, 48.671918 ], [ -3.55795, 48.669065 ], [ -3.564795, 48.665641 ], [ -3.571772, 48.668576 ], [ -3.574387, 48.670233 ], [ -3.575254, 48.670792 ], [ -3.577406, 48.667905 ], [ -3.576108, 48.664232 ], [ -3.575979, 48.663832 ], [ -3.575486, 48.662914 ], [ -3.575149, 48.654549 ], [ -3.578861, 48.64823 ], [ -3.581628, 48.6468 ], [ -3.581707, 48.643201 ], [ -3.580931, 48.642082 ], [ -3.580796, 48.641878 ], [ -3.578864, 48.641301 ], [ -3.578467, 48.641551 ], [ -3.577932, 48.641889 ], [ -3.576583, 48.643133 ], [ -3.5728, 48.646014 ], [ -3.569571, 48.646399 ], [ -3.564675, 48.644766 ], [ -3.56359, 48.64407 ], [ -3.562939, 48.643602 ], [ -3.559963, 48.641453 ], [ -3.559066, 48.640508 ], [ -3.558111, 48.638776 ], [ -3.558068, 48.634199 ], [ -3.564992, 48.629794 ], [ -3.567413, 48.634585 ], [ -3.568039, 48.634897 ], [ -3.569342, 48.635553 ], [ -3.570331, 48.636109 ], [ -3.570569, 48.636191 ], [ -3.572448, 48.63362 ], [ -3.578399, 48.629309 ], [ -3.585976, 48.63414 ], [ -3.588213, 48.634239 ], [ -3.593182, 48.635908 ], [ -3.593884, 48.643692 ], [ -3.588551, 48.646128 ], [ -3.588708, 48.649725 ], [ -3.591268, 48.651955 ], [ -3.597641, 48.656839 ], [ -3.594624, 48.66388 ], [ -3.593662, 48.664745 ], [ -3.586554, 48.668914 ], [ -3.585604, 48.668774 ], [ -3.58508, 48.672336 ], [ -3.587465, 48.673089 ], [ -3.578506, 48.673839 ] ] ], [ [ [ -3.645461, 48.695701 ], [ -3.642097, 48.696108 ], [ -3.64192, 48.695695 ], [ -3.641739, 48.6944 ], [ -3.642034, 48.693451 ], [ -3.642422, 48.692964 ], [ -3.643063, 48.692113 ], [ -3.643686, 48.691897 ], [ -3.645269216334255, 48.691261536598795 ], [ -3.645595, 48.692433 ], [ -3.645696, 48.692601 ], [ -3.646312, 48.693625 ], [ -3.648389, 48.693457 ], [ -3.650238909713674, 48.693821641225874 ], [ -3.645461, 48.695701 ] ] ], [ [ [ -3.804916, 48.712579 ], [ -3.81268, 48.713001 ], [ -3.812700490399998, 48.713012564730327 ], [ -3.804916, 48.712579 ] ] ], [ [ [ -3.835901, 48.716705 ], [ -3.839227, 48.716553 ], [ -3.842553, 48.716402 ], [ -3.842717, 48.719998 ], [ -3.839391, 48.72015 ], [ -3.836064, 48.720301 ], [ -3.832587, 48.720308 ], [ -3.830725, 48.720232 ], [ -3.829227, 48.719962 ], [ -3.827589, 48.719302 ], [ -3.826334, 48.718507 ], [ -3.824607, 48.716902 ], [ -3.824057, 48.716408 ], [ -3.815694, 48.714702 ], [ -3.822894, 48.714174 ], [ -3.826225, 48.71432 ], [ -3.831296, 48.712865 ], [ -3.835186, 48.708323 ], [ -3.835901, 48.716705 ] ] ], [ [ [ -3.947234, 48.730563 ], [ -3.944472, 48.733021 ], [ -3.941709, 48.735479 ], [ -3.938946, 48.737937 ], [ -3.936183, 48.740395 ], [ -3.931847, 48.746472 ], [ -3.931662, 48.74821 ], [ -3.929767, 48.751272 ], [ -3.924034, 48.756034 ], [ -3.924688, 48.760131 ], [ -3.925341, 48.764229 ], [ -3.921786, 48.764796 ], [ -3.921133, 48.760698 ], [ -3.920479, 48.756601 ], [ -3.919825, 48.752504 ], [ -3.919365, 48.750208 ], [ -3.918892, 48.747843 ], [ -3.918419, 48.745478 ], [ -3.917946, 48.743112 ], [ -3.92241, 48.738847 ], [ -3.926094, 48.736442 ], [ -3.929778, 48.734037 ], [ -3.933461, 48.731632 ], [ -3.937145, 48.729227 ], [ -3.940829, 48.726822 ], [ -3.944512, 48.724417 ], [ -3.948196, 48.722012 ], [ -3.949922279859311, 48.720885087115867 ], [ -3.948198, 48.722011 ], [ -3.944848, 48.727868 ], [ -3.947240390688989, 48.730557315108342 ], [ -3.947234, 48.730563 ] ] ], [ [ [ -3.98901, 48.732581 ], [ -3.988093, 48.736063 ], [ -3.984918, 48.735227 ], [ -3.98182, 48.733973 ], [ -3.978639, 48.730837 ], [ -3.976084, 48.728132 ], [ -3.970466, 48.725849 ], [ -3.975105, 48.726017 ], [ -3.980014, 48.729196 ], [ -3.982258, 48.730843 ], [ -3.988018, 48.726974 ], [ -3.989726, 48.725801 ], [ -3.990315, 48.725365 ], [ -3.991686, 48.724271 ], [ -3.98901, 48.732581 ] ] ], [ [ [ -4.055784601320256, 48.69228534834626 ], [ -4.055784, 48.691902 ], [ -4.060224, 48.684952 ], [ -4.055784601320256, 48.69228534834626 ] ] ], [ [ [ -4.137151, 48.694116 ], [ -4.129911, 48.694916 ], [ -4.127312, 48.694266 ], [ -4.122381, 48.693261 ], [ -4.115863, 48.693942 ], [ -4.112895, 48.693921 ], [ -4.105579, 48.694582 ], [ -4.104343, 48.694374 ], [ -4.103836, 48.694239 ], [ -4.102153162303862, 48.692892137159134 ], [ -4.102168, 48.692895 ], [ -4.102732, 48.692937 ], [ -4.11144, 48.691937 ], [ -4.112386, 48.691997 ], [ -4.113069, 48.690655 ], [ -4.113106, 48.689638 ], [ -4.120048, 48.684602 ], [ -4.12091, 48.684808 ], [ -4.12179, 48.684934 ], [ -4.122397, 48.684963 ], [ -4.125558, 48.685515 ], [ -4.126258, 48.684805 ], [ -4.126682, 48.684244 ], [ -4.126814, 48.683807 ], [ -4.126879341255638, 48.683603129157028 ], [ -4.127659, 48.684432 ], [ -4.131771, 48.685465 ], [ -4.132363, 48.685453 ], [ -4.132708, 48.68541 ], [ -4.137126, 48.685145 ], [ -4.142922, 48.69109 ], [ -4.144611621634295, 48.69176835840922 ], [ -4.137151, 48.694116 ] ] ], [ [ [ -4.170642, 48.688209 ], [ -4.166756729749762, 48.687838191869531 ], [ -4.167411, 48.687599 ], [ -4.172414368739619, 48.687755767468111 ], [ -4.170642, 48.688209 ] ] ], [ [ [ -4.12162, 48.673672 ], [ -4.121629535772866, 48.673653440952549 ], [ -4.127035, 48.67646 ], [ -4.126891, 48.680915 ], [ -4.126572485395546, 48.681869012190376 ], [ -4.125672, 48.681253 ], [ -4.12162, 48.673672 ] ] ] ] } },
{ "type": "Feature", "properties": { "fid": 8, "ID": null, "CENTER_LON": "-4.110093780584127", "CENTER_LAT": "47.968796898032636", "AA_MINS": 45, "AA_MODE": "driving-car", "TOTAL_POP": "320605" }, "geometry": { "type": "MultiPolygon", "coordinates": [ [ [ [ -4.165581, 48.252208 ], [ -4.166231, 48.252408 ], [ -4.169069, 48.253099 ], [ -4.172607, 48.256636 ], [ -4.173562545184342, 48.257567747590699 ], [ -4.171167, 48.257715 ], [ -4.165178, 48.252547 ], [ -4.163855, 48.252698 ], [ -4.163311, 48.252782 ], [ -4.165581, 48.252208 ] ] ], [ [ [ -4.15585, 48.2527 ], [ -4.159657419177841, 48.252980217942145 ], [ -4.159643, 48.252981 ], [ -4.155271, 48.252817 ], [ -4.152646, 48.252462 ], [ -4.151866, 48.255976 ], [ -4.154036, 48.263065 ], [ -4.153547, 48.267426 ], [ -4.147228, 48.273018 ], [ -4.139609, 48.272187 ], [ -4.138635, 48.269656 ], [ -4.138876, 48.262945 ], [ -4.138265, 48.259397 ], [ -4.140023, 48.253216 ], [ -4.145088, 48.253278 ], [ -4.145946, 48.253838 ], [ -4.146376, 48.2542 ], [ -4.146738, 48.254409 ], [ -4.147153, 48.254581 ], [ -4.148111, 48.254878 ], [ -4.148575, 48.253734 ], [ -4.148681, 48.253508 ], [ -4.14933, 48.251625 ], [ -4.150339, 48.249757 ], [ -4.150657, 48.248871 ], [ -4.150337, 48.247611 ], [ -4.15585, 48.2527 ] ] ], [ [ [ -4.149284, 48.217236 ], [ -4.146565, 48.216633 ], [ -4.139046, 48.219572 ], [ -4.138295, 48.219715 ], [ -4.13633, 48.220024 ], [ -4.129767, 48.220485 ], [ -4.129502, 48.219813 ], [ -4.129319, 48.217999 ], [ -4.129402, 48.217316 ], [ -4.130091, 48.215751 ], [ -4.122215, 48.2114 ], [ -4.122033, 48.211427 ], [ -4.114544, 48.21582 ], [ -4.114441, 48.216451 ], [ -4.114039, 48.217289 ], [ -4.112123, 48.221151 ], [ -4.114976, 48.227818 ], [ -4.115182, 48.228496 ], [ -4.112926, 48.231224 ], [ -4.109947, 48.234182 ], [ -4.108596, 48.242597 ], [ -4.108055, 48.240252 ], [ -4.107487, 48.237808 ], [ -4.107191, 48.236811 ], [ -4.106889, 48.236031 ], [ -4.106612, 48.235454 ], [ -4.10609, 48.234558 ], [ -4.105578, 48.233874 ], [ -4.105209, 48.233455 ], [ -4.104798, 48.233043 ], [ -4.104341, 48.232643 ], [ -4.103678, 48.232145 ], [ -4.102983, 48.23168 ], [ -4.102605, 48.23146 ], [ -4.101862, 48.231079 ], [ -4.101329, 48.230826 ], [ -4.100444, 48.230452 ], [ -4.099055, 48.229918 ], [ -4.095512, 48.22865 ], [ -4.092857, 48.227729 ], [ -4.091285, 48.227258 ], [ -4.090594, 48.227074 ], [ -4.089116, 48.226714 ], [ -4.083671, 48.222406 ], [ -4.082911, 48.218888 ], [ -4.081967, 48.219061 ], [ -4.080037, 48.219363 ], [ -4.079577, 48.219472 ], [ -4.071127, 48.217805 ], [ -4.070339, 48.216592 ], [ -4.067181, 48.218321 ], [ -4.060466, 48.216956 ], [ -4.054491, 48.212034 ], [ -4.048541276977345, 48.20822841618488 ], [ -4.046952, 48.2069 ], [ -4.046391435253013, 48.205500775753066 ], [ -4.046163, 48.196898 ], [ -4.048198, 48.188203 ], [ -4.048625, 48.187088 ], [ -4.048847, 48.186259 ], [ -4.048924, 48.185764 ], [ -4.048966, 48.184924 ], [ -4.048821, 48.18378 ], [ -4.048692, 48.183283 ], [ -4.048312, 48.182331 ], [ -4.048035, 48.181806 ], [ -4.047416, 48.180862 ], [ -4.047788, 48.172121 ], [ -4.048326, 48.171375 ], [ -4.048696, 48.170765 ], [ -4.048976, 48.170149 ], [ -4.049145, 48.16964 ], [ -4.053022764029533, 48.164728700052123 ], [ -4.059399, 48.169654 ], [ -4.059387, 48.170126 ], [ -4.059445, 48.170685 ], [ -4.059626, 48.171797 ], [ -4.062113, 48.171533 ], [ -4.067171, 48.171932 ], [ -4.069457, 48.172657 ], [ -4.070547, 48.169226 ], [ -4.070446, 48.165619 ], [ -4.07057, 48.162021 ], [ -4.0674, 48.155541 ], [ -4.065595, 48.152426 ], [ -4.063503, 48.15132 ], [ -4.061561, 48.149795 ], [ -4.060901, 48.149834 ], [ -4.05992, 48.150966 ], [ -4.051791, 48.147694 ], [ -4.052697, 48.139038 ], [ -4.059127, 48.134746 ], [ -4.066033, 48.132897 ], [ -4.069359, 48.134275 ], [ -4.071689, 48.130682 ], [ -4.072272, 48.129847 ], [ -4.075349, 48.124601 ], [ -4.075602, 48.124345 ], [ -4.083386, 48.128859 ], [ -4.083363, 48.129024 ], [ -4.084992, 48.1309 ], [ -4.085054, 48.130904 ], [ -4.086929, 48.129522 ], [ -4.090628, 48.125358 ], [ -4.095333, 48.126179 ], [ -4.096052, 48.126492 ], [ -4.096578, 48.126348 ], [ -4.097067, 48.126015 ], [ -4.097713, 48.125498 ], [ -4.098298, 48.124921 ], [ -4.098853, 48.124071 ], [ -4.099134, 48.123425 ], [ -4.106686, 48.118841 ], [ -4.107356, 48.115304 ], [ -4.107824972211145, 48.10679350437033 ], [ -4.109691, 48.106179 ], [ -4.112620625573879, 48.107198790956232 ], [ -4.116022, 48.112679 ], [ -4.118728, 48.116544 ], [ -4.121768, 48.118062 ], [ -4.126389, 48.115116 ], [ -4.127346, 48.113118 ], [ -4.127305, 48.112715 ], [ -4.126452, 48.111517 ], [ -4.124366, 48.104311 ], [ -4.12501, 48.09989 ], [ -4.130893, 48.095106 ], [ -4.131608, 48.094936 ], [ -4.132028, 48.094776 ], [ -4.134383, 48.093715 ], [ -4.134413, 48.091719 ], [ -4.134413, 48.0891088223567 ], [ -4.134771, 48.088666 ], [ -4.137293942879682, 48.086155665181892 ], [ -4.139203166593294, 48.085377356151412 ], [ -4.143171, 48.085076 ], [ -4.143171102767656, 48.08507576843612 ], [ -4.143476, 48.085211 ], [ -4.145169, 48.086799 ], [ -4.152643, 48.087065 ], [ -4.153313, 48.086937 ], [ -4.160637, 48.086314 ], [ -4.167235, 48.083375 ], [ -4.169203, 48.08364 ], [ -4.174689, 48.089531 ], [ -4.176441, 48.092248 ], [ -4.176481, 48.092245 ], [ -4.177217, 48.092094 ], [ -4.179791, 48.091325 ], [ -4.186054, 48.088777 ], [ -4.192916, 48.087778 ], [ -4.198444, 48.089869 ], [ -4.198933, 48.090131 ], [ -4.202365, 48.092252 ], [ -4.203603, 48.09315 ], [ -4.210605, 48.09592 ], [ -4.213165, 48.097428 ], [ -4.216604, 48.096361 ], [ -4.216486, 48.095982 ], [ -4.216232, 48.095328 ], [ -4.216071, 48.094986 ], [ -4.215721, 48.094408 ], [ -4.215243, 48.093799 ], [ -4.214898, 48.093423 ], [ -4.214095, 48.092648 ], [ -4.212244, 48.089464 ], [ -4.214004, 48.08273 ], [ -4.219311, 48.078522 ], [ -4.226986, 48.077157 ], [ -4.228879, 48.077414 ], [ -4.232514, 48.076741 ], [ -4.236124, 48.07486 ], [ -4.237089, 48.071392 ], [ -4.241933, 48.06558 ], [ -4.245533, 48.065594 ], [ -4.247631, 48.065985 ], [ -4.254421, 48.071436 ], [ -4.257886, 48.070459 ], [ -4.262958, 48.067263 ], [ -4.267643, 48.069343 ], [ -4.269184, 48.069691 ], [ -4.276015, 48.071584 ], [ -4.278808, 48.075858 ], [ -4.285036, 48.082159 ], [ -4.288543, 48.082969 ], [ -4.291345893173768, 48.081920432881162 ], [ -4.295606, 48.086257 ], [ -4.297601, 48.091 ], [ -4.297689, 48.091268 ], [ -4.298084, 48.09158 ], [ -4.29937, 48.09209 ], [ -4.299528, 48.09202 ], [ -4.29965513560022, 48.091992505143644 ], [ -4.296276, 48.09486 ], [ -4.295086, 48.096672 ], [ -4.293667, 48.098721 ], [ -4.293078, 48.099553 ], [ -4.292732, 48.100013 ], [ -4.28802, 48.103688 ], [ -4.287562, 48.104044 ], [ -4.283896, 48.108298 ], [ -4.283154, 48.113002 ], [ -4.283077, 48.114941 ], [ -4.282935, 48.115662 ], [ -4.283529, 48.123977 ], [ -4.283867, 48.126442 ], [ -4.283286, 48.12711 ], [ -4.282725, 48.127603 ], [ -4.281822, 48.12788 ], [ -4.279055, 48.127814 ], [ -4.272216, 48.130705 ], [ -4.268674, 48.138923 ], [ -4.269635, 48.141123 ], [ -4.270864, 48.143115 ], [ -4.270842, 48.147416 ], [ -4.27085, 48.147494 ], [ -4.270055, 48.149528 ], [ -4.27171683886324, 48.155889597020725 ], [ -4.270339, 48.15618 ], [ -4.269992, 48.157256 ], [ -4.268075, 48.159515 ], [ -4.261908, 48.159713 ], [ -4.261026, 48.153552 ], [ -4.262542, 48.151442 ], [ -4.261595, 48.147969 ], [ -4.260891, 48.148161 ], [ -4.259358, 48.148703 ], [ -4.25315, 48.149682 ], [ -4.247146, 48.147532 ], [ -4.245391, 48.144388 ], [ -4.245196, 48.144497 ], [ -4.243621, 48.145106 ], [ -4.243242, 48.145202 ], [ -4.242676, 48.145348 ], [ -4.235492, 48.140469 ], [ -4.235441, 48.140326 ], [ -4.229057, 48.135126 ], [ -4.225525, 48.135821 ], [ -4.225872, 48.137589 ], [ -4.226015, 48.138235 ], [ -4.225723, 48.147003 ], [ -4.220604, 48.153513 ], [ -4.219791, 48.15702 ], [ -4.222821, 48.160094 ], [ -4.223734, 48.160618 ], [ -4.226388, 48.167055 ], [ -4.222768, 48.170733 ], [ -4.222701, 48.170804 ], [ -4.222212, 48.171942 ], [ -4.218924, 48.175932 ], [ -4.21257, 48.173319 ], [ -4.212196, 48.172838 ], [ -4.210515, 48.171833 ], [ -4.209639, 48.171694 ], [ -4.209541, 48.171678 ], [ -4.207612, 48.173945 ], [ -4.205138, 48.179246 ], [ -4.205733, 48.182796 ], [ -4.199606, 48.188914 ], [ -4.199075, 48.188909 ], [ -4.197471, 48.188703 ], [ -4.19662, 48.188561 ], [ -4.195512, 48.188353 ], [ -4.194473, 48.188169 ], [ -4.188552, 48.185054 ], [ -4.185981, 48.1855 ], [ -4.178601, 48.183042 ], [ -4.177907, 48.182875 ], [ -4.177027, 48.183134 ], [ -4.169693, 48.185654 ], [ -4.167057, 48.184458 ], [ -4.159943, 48.18465 ], [ -4.153769, 48.188467 ], [ -4.148524, 48.189298 ], [ -4.148288, 48.19289 ], [ -4.150081, 48.193007 ], [ -4.150788, 48.192999 ], [ -4.152104, 48.192928 ], [ -4.152651, 48.192887 ], [ -4.153021, 48.192835 ], [ -4.15362, 48.192671 ], [ -4.158448, 48.192608 ], [ -4.163048, 48.19528 ], [ -4.167615, 48.199817 ], [ -4.169951, 48.20254 ], [ -4.170349234390405, 48.206134643416348 ], [ -4.166433, 48.20742 ], [ -4.167481837774391, 48.211871263830922 ], [ -4.164901, 48.211863 ], [ -4.164804, 48.211875 ], [ -4.158399, 48.208665 ], [ -4.158111, 48.208376 ], [ -4.157662, 48.208043 ], [ -4.156139, 48.207202 ], [ -4.155444, 48.206741 ], [ -4.153456, 48.209742 ], [ -4.151602, 48.214068 ], [ -4.150809, 48.21758 ], [ -4.150811679438771, 48.217584568958799 ], [ -4.149284, 48.217236 ] ] ], [ [ [ -4.326649, 48.099639 ], [ -4.3255, 48.099918 ], [ -4.322417, 48.099238 ], [ -4.31556, 48.093572 ], [ -4.308799, 48.090295 ], [ -4.309336, 48.090347 ], [ -4.310006, 48.090355 ], [ -4.315896, 48.090435 ], [ -4.323259, 48.094765 ], [ -4.325129, 48.096552 ], [ -4.326577, 48.097847 ], [ -4.326958, 48.098088 ], [ -4.327331, 48.09806 ], [ -4.331894636986379, 48.097964461856904 ], [ -4.326649, 48.099639 ] ] ], [ [ [ -4.344918, 48.101917 ], [ -4.343569, 48.101795 ], [ -4.340785453758659, 48.09926649651932 ], [ -4.340815, 48.099271 ], [ -4.343808, 48.100011 ], [ -4.348577, 48.101299 ], [ -4.344918, 48.101917 ] ] ], [ [ [ -4.360663, 48.107721 ], [ -4.360225, 48.107625 ], [ -4.359771, 48.107462 ], [ -4.356904, 48.106516 ], [ -4.357599, 48.106668 ], [ -4.358025, 48.106652 ], [ -4.363972, 48.106624 ], [ -4.366824, 48.108605 ], [ -4.360663, 48.107721 ] ] ], [ [ [ -4.382297, 48.104233 ], [ -4.381941, 48.104376 ], [ -4.381713, 48.104449 ], [ -4.381591, 48.104473 ], [ -4.387803, 48.101755 ], [ -4.391126, 48.103539 ], [ -4.382297, 48.104233 ] ] ], [ [ [ -4.399738, 48.103975 ], [ -4.398476, 48.105638 ], [ -4.398195, 48.105726 ], [ -4.392422, 48.105177 ], [ -4.392939, 48.10503 ], [ -4.393393, 48.104848 ], [ -4.393985, 48.104455 ], [ -4.396049, 48.102975 ], [ -4.398988, 48.101691 ], [ -4.402562, 48.101259 ], [ -4.399738, 48.103975 ] ] ], [ [ [ -4.426551, 48.099313 ], [ -4.426404, 48.099395 ], [ -4.41869, 48.103543 ], [ -4.413628325097371, 48.104112609178081 ], [ -4.413704, 48.103463 ], [ -4.415402, 48.098243 ], [ -4.418315, 48.096106 ], [ -4.424661, 48.098492 ], [ -4.429498679798, 48.097322272445808 ], [ -4.426551, 48.099313 ] ] ], [ [ [ -4.490896093689405, 48.001646482968248 ], [ -4.489676, 48.001884 ], [ -4.487364, 47.999984 ], [ -4.486434620155199, 47.998425259693455 ], [ -4.490896093689405, 48.001646482968248 ] ] ], [ [ [ -4.481853, 47.992999 ], [ -4.484165292406548, 47.996236880167046 ], [ -4.482157, 47.994998 ], [ -4.479283, 47.989297 ], [ -4.479043, 47.988449 ], [ -4.481853, 47.992999 ] ] ], [ [ [ -4.458603, 47.982008 ], [ -4.461209, 47.982921 ], [ -4.461284934559397, 47.982945996945801 ], [ -4.461247, 47.982934 ], [ -4.456157, 47.981416 ], [ -4.453635323202644, 47.98059423048101 ], [ -4.458603, 47.982008 ] ] ], [ [ [ -4.453630079569623, 47.980592521591156 ], [ -4.453607, 47.980585 ], [ -4.453582363831909, 47.980567720528882 ], [ -4.453630079569623, 47.980592521591156 ] ] ], [ [ [ -4.428372, 47.964772 ], [ -4.434025, 47.967978 ], [ -4.440213, 47.971701 ], [ -4.443798, 47.974001 ], [ -4.435413, 47.970839 ], [ -4.435293, 47.97076 ], [ -4.428761, 47.965311 ], [ -4.42841, 47.964995 ], [ -4.42796, 47.964591 ], [ -4.427458678106573, 47.964250817994255 ], [ -4.428372, 47.964772 ] ] ], [ [ [ -4.421596, 47.960434 ], [ -4.423507929026555, 47.961701104114802 ], [ -4.421677, 47.960648 ], [ -4.416768, 47.956917 ], [ -4.421596, 47.960434 ] ] ], [ [ [ -4.400483, 47.938104 ], [ -4.402683011439676, 47.9399004438717 ], [ -4.399375, 47.938015 ], [ -4.393601, 47.93383 ], [ -4.400483, 47.938104 ] ] ], [ [ [ -4.382764, 47.9282 ], [ -4.382221, 47.927842 ], [ -4.381368, 47.927186 ], [ -4.382764, 47.9282 ] ] ], [ [ [ -4.363404, 47.89849 ], [ -4.363878, 47.898305 ], [ -4.36436, 47.898196 ], [ -4.364861, 47.898149 ], [ -4.365169, 47.898154 ], [ -4.366653, 47.898323 ], [ -4.367143, 47.898429 ], [ -4.367193, 47.89855 ], [ -4.366891, 47.900324 ], [ -4.368226, 47.908592 ], [ -4.368875697779065, 47.909175311012703 ], [ -4.365636, 47.909949 ], [ -4.36381, 47.910662 ], [ -4.362523224472319, 47.911125454841262 ], [ -4.361794, 47.904872 ], [ -4.364991, 47.90172 ], [ -4.365056, 47.901681 ], [ -4.366004, 47.90049 ], [ -4.365931, 47.900028 ], [ -4.36578, 47.899532 ], [ -4.365392, 47.898955 ], [ -4.363223257744826, 47.898593211787215 ], [ -4.363404, 47.89849 ] ] ], [ [ [ -4.352851, 47.895357 ], [ -4.354684, 47.898456 ], [ -4.360521630745964, 47.89878637584173 ], [ -4.358944, 47.898901 ], [ -4.35815, 47.898746 ], [ -4.357306, 47.898942 ], [ -4.356766, 47.899314 ], [ -4.348806, 47.899192 ], [ -4.344783, 47.892517 ], [ -4.347523, 47.890182 ], [ -4.349191, 47.888646 ], [ -4.352851, 47.895357 ] ] ], [ [ [ -4.345299, 47.85116 ], [ -4.346905, 47.851771 ], [ -4.346749, 47.852379 ], [ -4.34618, 47.854651 ], [ -4.339605, 47.859737 ], [ -4.339469, 47.867379 ], [ -4.338385, 47.866797 ], [ -4.336419, 47.864925 ], [ -4.338462, 47.856653 ], [ -4.339371, 47.856287 ], [ -4.340352, 47.856079 ], [ -4.342845, 47.855452 ], [ -4.342004002808283, 47.851952011688041 ], [ -4.345299, 47.85116 ] ] ], [ [ [ -4.233681, 47.795295 ], [ -4.235446, 47.794464 ], [ -4.236443, 47.794451 ], [ -4.237222, 47.794646 ], [ -4.240762, 47.795523 ], [ -4.246681, 47.793512 ], [ -4.247415, 47.793025 ], [ -4.251385, 47.792558 ], [ -4.260023, 47.792596 ], [ -4.262185, 47.792025 ], [ -4.262552, 47.791913 ], [ -4.264374, 47.791653 ], [ -4.27227, 47.792004 ], [ -4.276671, 47.792068 ], [ -4.277565, 47.792246 ], [ -4.285876, 47.793145 ], [ -4.291993, 47.792195 ], [ -4.292674, 47.792479 ], [ -4.292991, 47.792738 ], [ -4.293035, 47.792779 ], [ -4.293124, 47.792949 ], [ -4.293194, 47.793949 ], [ -4.293199, 47.794051 ], [ -4.293091, 47.795644 ], [ -4.294527, 47.800289 ], [ -4.301084, 47.800375 ], [ -4.308952, 47.800759 ], [ -4.31753, 47.800537 ], [ -4.324085, 47.798313 ], [ -4.326955, 47.796623 ], [ -4.327814, 47.796591 ], [ -4.32838, 47.796642 ], [ -4.328763, 47.796721 ], [ -4.330192, 47.797046 ], [ -4.331164, 47.797219 ], [ -4.334589, 47.799284 ], [ -4.340721, 47.799981 ], [ -4.347508, 47.794355 ], [ -4.350823, 47.795527 ], [ -4.357712, 47.796796 ], [ -4.36381, 47.796409 ], [ -4.365262, 47.796158 ], [ -4.373572, 47.797186 ], [ -4.374162, 47.797554 ], [ -4.374667, 47.798101 ], [ -4.374945, 47.798678 ], [ -4.375223, 47.799692 ], [ -4.375258, 47.800096 ], [ -4.375245, 47.800908 ], [ -4.37361, 47.804624 ], [ -4.374882, 47.813167 ], [ -4.38104, 47.81348 ], [ -4.382424, 47.814344 ], [ -4.382495, 47.814385 ], [ -4.382603, 47.814457 ], [ -4.383612, 47.816 ], [ -4.383245, 47.816912 ], [ -4.382909, 47.817545 ], [ -4.382464, 47.817996 ], [ -4.379846, 47.820348 ], [ -4.37682, 47.821995 ], [ -4.371823, 47.825285 ], [ -4.367544, 47.827173 ], [ -4.367188, 47.827349 ], [ -4.365215, 47.827817 ], [ -4.364324, 47.827965 ], [ -4.362816, 47.82809 ], [ -4.356827, 47.824643 ], [ -4.353555, 47.825101 ], [ -4.347108, 47.829724 ], [ -4.346959, 47.836567 ], [ -4.34686, 47.837107 ], [ -4.346032, 47.837255 ], [ -4.343639, 47.83809 ], [ -4.335964, 47.842757 ], [ -4.33366, 47.845523 ], [ -4.33853, 47.852786 ], [ -4.334718, 47.853704 ], [ -4.329171, 47.849403 ], [ -4.328732, 47.847795 ], [ -4.330978, 47.841752 ], [ -4.334437, 47.840756 ], [ -4.339057, 47.839219 ], [ -4.33901, 47.835619 ], [ -4.336476, 47.835325 ], [ -4.329973, 47.831922 ], [ -4.32736, 47.830063 ], [ -4.323801, 47.824827 ], [ -4.32812, 47.817526 ], [ -4.329045, 47.817281 ], [ -4.329357, 47.81535 ], [ -4.329207, 47.814867 ], [ -4.329015, 47.814543 ], [ -4.328124, 47.813801 ], [ -4.322849, 47.813318 ], [ -4.32218, 47.813469 ], [ -4.314988, 47.81581 ], [ -4.30661, 47.816291 ], [ -4.300859, 47.816431 ], [ -4.294007, 47.815278 ], [ -4.29238, 47.814886 ], [ -4.284459, 47.810905 ], [ -4.284162, 47.810436 ], [ -4.282826, 47.810055 ], [ -4.282594, 47.8101 ], [ -4.28214, 47.810253 ], [ -4.281844, 47.8104 ], [ -4.281119, 47.812359 ], [ -4.278439, 47.819575 ], [ -4.270516, 47.816991 ], [ -4.26963, 47.81191 ], [ -4.270315, 47.808375 ], [ -4.265963, 47.806878 ], [ -4.26573, 47.806882 ], [ -4.264785, 47.808321 ], [ -4.264855, 47.810119 ], [ -4.264896, 47.811919 ], [ -4.264909, 47.81242 ], [ -4.264949, 47.812832 ], [ -4.26497, 47.814685 ], [ -4.264453, 47.817135 ], [ -4.259916, 47.82127 ], [ -4.254338, 47.816557 ], [ -4.254154, 47.816233 ], [ -4.253496, 47.814694 ], [ -4.253371, 47.814478 ], [ -4.246256, 47.812336 ], [ -4.246268, 47.807351 ], [ -4.246797, 47.80379 ], [ -4.244785, 47.803491 ], [ -4.239512, 47.797521 ], [ -4.239023, 47.796829 ], [ -4.238289, 47.796542 ], [ -4.237684, 47.796465 ], [ -4.23008, 47.794943 ], [ -4.229413406634574, 47.794649033241036 ], [ -4.233681, 47.795295 ] ] ], [ [ [ -4.2138, 47.792977 ], [ -4.215867, 47.792913 ], [ -4.224163, 47.793774 ], [ -4.22470728721847, 47.793894583712252 ], [ -4.220595, 47.795203 ], [ -4.217026, 47.793986 ], [ -4.216804, 47.793975 ], [ -4.212695625716194, 47.79575496877704 ], [ -4.2138, 47.792977 ] ] ], [ [ [ -4.165188, 47.834481 ], [ -4.162814, 47.833617 ], [ -4.162594, 47.830314 ], [ -4.163263, 47.824838 ], [ -4.163636, 47.822698 ], [ -4.164513, 47.821889 ], [ -4.166911, 47.813246 ], [ -4.167384, 47.813001 ], [ -4.174364, 47.808022 ], [ -4.176343, 47.804065 ], [ -4.177138, 47.803456 ], [ -4.177773, 47.803097 ], [ -4.178687, 47.80267 ], [ -4.183535, 47.800643 ], [ -4.185537, 47.800234 ], [ -4.192546, 47.797009 ], [ -4.194756, 47.797108 ], [ -4.195409, 47.797419 ], [ -4.198046, 47.798884 ], [ -4.200472, 47.801148 ], [ -4.207582, 47.802139 ], [ -4.211946608241306, 47.797148677100431 ], [ -4.211536, 47.798423 ], [ -4.212247, 47.801208 ], [ -4.207047, 47.807311 ], [ -4.20627, 47.807466 ], [ -4.206032, 47.807531 ], [ -4.205783, 47.807618 ], [ -4.199272, 47.810457 ], [ -4.198834, 47.810539 ], [ -4.198329, 47.810712 ], [ -4.193453, 47.811625 ], [ -4.188983, 47.810047 ], [ -4.187753, 47.809812 ], [ -4.187284, 47.809833 ], [ -4.185929, 47.811305 ], [ -4.18102, 47.816801 ], [ -4.175444, 47.823388 ], [ -4.167679, 47.827024 ], [ -4.165198, 47.831232 ], [ -4.165173, 47.831436 ], [ -4.165838, 47.833737 ], [ -4.166304, 47.836119 ], [ -4.166926, 47.842785 ], [ -4.165188, 47.834481 ] ] ], [ [ [ -4.060602, 47.860073 ], [ -4.067827, 47.864241 ], [ -4.071234, 47.864826 ], [ -4.077986, 47.866403 ], [ -4.081604, 47.865728 ], [ -4.086455, 47.864863 ], [ -4.090615, 47.861237 ], [ -4.09065, 47.861212 ], [ -4.091014, 47.861164 ], [ -4.093129, 47.861412 ], [ -4.10058, 47.863519 ], [ -4.100907, 47.863631 ], [ -4.101739, 47.864135 ], [ -4.102101, 47.864442 ], [ -4.103348, 47.865732 ], [ -4.103636, 47.866425 ], [ -4.103673, 47.86712 ], [ -4.109873179070707, 47.871214699750581 ], [ -4.109631, 47.871542 ], [ -4.104374, 47.869804 ], [ -4.102888, 47.868197 ], [ -4.10078, 47.865618 ], [ -4.095136, 47.865618 ], [ -4.094482, 47.865639 ], [ -4.088627, 47.865629 ], [ -4.086278, 47.865623 ], [ -4.08332, 47.86691 ], [ -4.082674, 47.867209 ], [ -4.076645557001216, 47.868631901011682 ], [ -4.075477, 47.86753 ], [ -4.072432, 47.868144 ], [ -4.070793, 47.868364 ], [ -4.065422484437295, 47.867132445513889 ], [ -4.065029, 47.866789 ], [ -4.064184980448765, 47.865756137878975 ], [ -4.062425, 47.862439 ], [ -4.059764, 47.86098 ], [ -4.056102321197913, 47.859782209382267 ], [ -4.055369021045271, 47.859392696012073 ], [ -4.060602, 47.860073 ] ] ], [ [ [ -4.051425, 47.855138 ], [ -4.048109, 47.852659 ], [ -4.047967315761784, 47.852447158474874 ], [ -4.051425, 47.855138 ] ] ], [ [ [ -4.02562, 47.852663 ], [ -4.026186, 47.850894 ], [ -4.026729, 47.850311 ], [ -4.034149810139287, 47.847758848090322 ], [ -4.027696, 47.852623 ], [ -4.026487, 47.852604 ], [ -4.02603, 47.852687 ], [ -4.025468665222897, 47.852867638213588 ], [ -4.02562, 47.852663 ] ] ], [ [ [ -3.994678, 47.85358 ], [ -3.995965, 47.8531 ], [ -3.996575, 47.852892 ], [ -3.996893, 47.852828 ], [ -3.99739, 47.852784 ], [ -3.997969, 47.852812 ], [ -3.998346, 47.852868 ], [ -3.998712, 47.85295 ], [ -4.007333, 47.854326 ], [ -4.010743, 47.853778 ], [ -4.011496, 47.854019 ], [ -4.011947, 47.85415 ], [ -4.012634, 47.854338 ], [ -4.016057, 47.855731 ], [ -4.020560050935976, 47.857950966265946 ], [ -4.019777, 47.858826 ], [ -4.015971, 47.858888 ], [ -4.012108, 47.85709 ], [ -4.011318, 47.856774 ], [ -4.003532, 47.858791 ], [ -3.997852, 47.857252 ], [ -3.992712668827634, 47.85402589581949 ], [ -3.994678, 47.85358 ] ] ], [ [ [ -3.902873, 47.841494 ], [ -3.902627, 47.841906 ], [ -3.906981, 47.849693 ], [ -3.906456, 47.849937 ], [ -3.903444, 47.850868 ], [ -3.902555, 47.850932 ], [ -3.897663, 47.843412 ], [ -3.897711, 47.843336 ], [ -3.901328, 47.840571 ], [ -3.90136, 47.840491 ], [ -3.901587674899034, 47.839623449588949 ], [ -3.902873, 47.841494 ] ] ], [ [ [ -3.896120835466072, 47.832288888245664 ], [ -3.895842, 47.832215 ], [ -3.895611651393427, 47.832051333569503 ], [ -3.896120835466072, 47.832288888245664 ] ] ], [ [ [ -3.869879423995631, 47.829606937949762 ], [ -3.869853, 47.82961 ], [ -3.869830711912153, 47.829598610765999 ], [ -3.869879423995631, 47.829606937949762 ] ] ], [ [ [ -3.857343, 47.822466 ], [ -3.857806, 47.822829 ], [ -3.859509411983186, 47.824476265219168 ], [ -3.856628, 47.823151 ], [ -3.852550827285732, 47.819865626966646 ], [ -3.857343, 47.822466 ] ] ], [ [ [ -3.811047, 47.810062 ], [ -3.811449, 47.809975 ], [ -3.814131, 47.808719 ], [ -3.817986, 47.803381 ], [ -3.821486, 47.802538 ], [ -3.821993, 47.803577 ], [ -3.82759, 47.807324 ], [ -3.832676, 47.803966 ], [ -3.839708, 47.804167 ], [ -3.840699, 47.804205 ], [ -3.842407, 47.806549 ], [ -3.845167, 47.813615 ], [ -3.851135, 47.815892 ], [ -3.851718197694393, 47.819194628529246 ], [ -3.850051, 47.817851 ], [ -3.849358, 47.816165 ], [ -3.845829, 47.814853 ], [ -3.84141, 47.809699 ], [ -3.841412, 47.806986 ], [ -3.841424, 47.806922 ], [ -3.83887, 47.804942 ], [ -3.83746, 47.805187 ], [ -3.833748, 47.807126 ], [ -3.825539, 47.807547 ], [ -3.819505, 47.809231 ], [ -3.812152, 47.810245 ], [ -3.812031, 47.810236 ], [ -3.810831, 47.813594 ], [ -3.808416, 47.817215 ], [ -3.811047, 47.810062 ] ] ], [ [ [ -3.755176, 47.812441 ], [ -3.753149, 47.809466 ], [ -3.750525, 47.808073 ], [ -3.749223, 47.804717 ], [ -3.749948, 47.803283 ], [ -3.750759, 47.80171 ], [ -3.751819, 47.800208 ], [ -3.759282, 47.79622 ], [ -3.759815, 47.795957 ], [ -3.760432, 47.795761 ], [ -3.760863, 47.795647 ], [ -3.762429, 47.79758 ], [ -3.764909, 47.799541 ], [ -3.769731, 47.801056 ], [ -3.774036, 47.797967 ], [ -3.775821, 47.796793 ], [ -3.7804, 47.796688 ], [ -3.782636, 47.796989 ], [ -3.788338, 47.796398 ], [ -3.791394, 47.794491 ], [ -3.796859, 47.793098 ], [ -3.797301, 47.792991 ], [ -3.801823, 47.792882 ], [ -3.802559, 47.792927 ], [ -3.803448, 47.793964 ], [ -3.805204, 47.797167 ], [ -3.806222, 47.79844 ], [ -3.806274, 47.79857 ], [ -3.805973, 47.799318 ], [ -3.805782, 47.799586 ], [ -3.804759, 47.800567 ], [ -3.801505, 47.80526 ], [ -3.796688, 47.812418 ], [ -3.797039, 47.808989 ], [ -3.799716, 47.804791 ], [ -3.801356, 47.801409 ], [ -3.801457, 47.801165 ], [ -3.79964, 47.798894 ], [ -3.796697, 47.796197 ], [ -3.795271, 47.796123 ], [ -3.794912, 47.796204 ], [ -3.793566, 47.796597 ], [ -3.793809, 47.797909 ], [ -3.793855, 47.798084 ], [ -3.794173, 47.800696 ], [ -3.791316, 47.805456 ], [ -3.783281, 47.803652 ], [ -3.782945, 47.803189 ], [ -3.782378, 47.802403 ], [ -3.78209, 47.802204 ], [ -3.781462, 47.802187 ], [ -3.781024, 47.802223 ], [ -3.779369, 47.804379 ], [ -3.772059, 47.80529 ], [ -3.769955, 47.804234 ], [ -3.766297, 47.801591 ], [ -3.757833, 47.803347 ], [ -3.756272, 47.803364 ], [ -3.756144, 47.803441 ], [ -3.75632, 47.806614 ], [ -3.756588, 47.809489 ], [ -3.756895, 47.810271 ], [ -3.757676, 47.813365 ], [ -3.757874, 47.813578 ], [ -3.759011, 47.815146 ], [ -3.759624, 47.816873 ], [ -3.751768, 47.820616 ], [ -3.749694, 47.818276 ], [ -3.755176, 47.812441 ] ] ], [ [ [ -3.727423, 47.807416 ], [ -3.727864, 47.807254 ], [ -3.734524, 47.806864 ], [ -3.738169, 47.808591 ], [ -3.739634, 47.811879 ], [ -3.743215462524131, 47.816661938012246 ], [ -3.740956, 47.816039 ], [ -3.734534, 47.810294 ], [ -3.731177, 47.809405 ], [ -3.729357, 47.808816 ], [ -3.725913624577755, 47.808883449855536 ], [ -3.727423, 47.807416 ] ] ], [ [ [ -3.711836780321531, 47.815170126122062 ], [ -3.710912, 47.815636 ], [ -3.710546, 47.815497 ], [ -3.710389, 47.815471 ], [ -3.711836780321531, 47.815170126122062 ] ] ], [ [ [ -3.608902, 47.819894 ], [ -3.611945, 47.816412 ], [ -3.613858, 47.816744 ], [ -3.614307, 47.816794 ], [ -3.622035, 47.812684 ], [ -3.621333, 47.804167 ], [ -3.621541, 47.803522 ], [ -3.623462, 47.802259 ], [ -3.627071, 47.800632 ], [ -3.630003, 47.800778 ], [ -3.63015, 47.800804 ], [ -3.632438, 47.801749 ], [ -3.639331, 47.799479 ], [ -3.64222, 47.797331 ], [ -3.645494, 47.795547 ], [ -3.647229, 47.79493 ], [ -3.650039, 47.79421 ], [ -3.650914, 47.794079 ], [ -3.651532, 47.794039 ], [ -3.652021, 47.794051 ], [ -3.659937, 47.794028 ], [ -3.664904, 47.793337 ], [ -3.667332, 47.795995 ], [ -3.670043, 47.802991 ], [ -3.674229, 47.804224 ], [ -3.677703, 47.803279 ], [ -3.679329, 47.802977 ], [ -3.679789, 47.802986 ], [ -3.681098, 47.804433 ], [ -3.682472, 47.809477 ], [ -3.682644, 47.811234 ], [ -3.682606, 47.811444 ], [ -3.682373, 47.811911 ], [ -3.68231, 47.812004 ], [ -3.681013, 47.815067 ], [ -3.687109505884425, 47.821170404766171 ], [ -3.686409, 47.821352 ], [ -3.683755, 47.822607 ], [ -3.679082, 47.824684 ], [ -3.670789, 47.824733 ], [ -3.672843, 47.816475 ], [ -3.673137, 47.812954 ], [ -3.670003, 47.809569 ], [ -3.663921, 47.80574 ], [ -3.662952, 47.805784 ], [ -3.655316, 47.801815 ], [ -3.652888, 47.799157 ], [ -3.64548, 47.79968 ], [ -3.645215, 47.801137 ], [ -3.638137, 47.805456 ], [ -3.635021, 47.805218 ], [ -3.630535, 47.80447 ], [ -3.62938, 47.807879 ], [ -3.627345, 47.81241 ], [ -3.626345, 47.815096 ], [ -3.626491, 47.815274 ], [ -3.627351, 47.815631 ], [ -3.628332, 47.816159 ], [ -3.62935, 47.816583 ], [ -3.632611, 47.817078 ], [ -3.636165, 47.817702 ], [ -3.636838, 47.817818 ], [ -3.637402, 47.817826 ], [ -3.644533, 47.821912 ], [ -3.644687, 47.821944 ], [ -3.650934, 47.825993 ], [ -3.647522, 47.833745 ], [ -3.644128, 47.833154 ], [ -3.643733, 47.833002 ], [ -3.640668, 47.833665 ], [ -3.636562, 47.834844 ], [ -3.631363, 47.833394 ], [ -3.630832, 47.833114 ], [ -3.628684, 47.831936 ], [ -3.628293, 47.832084 ], [ -3.627887, 47.832212 ], [ -3.627395, 47.832488 ], [ -3.619358, 47.829551 ], [ -3.619998, 47.826009 ], [ -3.617679, 47.823177 ], [ -3.616302, 47.822646 ], [ -3.614823, 47.822967 ], [ -3.612791, 47.823441 ], [ -3.610966, 47.824206 ], [ -3.610951642647846, 47.824222386422676 ], [ -3.608628, 47.822873 ], [ -3.607221076955716, 47.82364485813676 ], [ -3.608902, 47.819894 ] ] ], [ [ [ -3.560439, 47.910584 ], [ -3.560097, 47.910635 ], [ -3.559242, 47.910585 ], [ -3.556348, 47.909976 ], [ -3.556005, 47.906392 ], [ -3.550955, 47.901506 ], [ -3.549272, 47.898604 ], [ -3.547629, 47.892532 ], [ -3.54749, 47.891542 ], [ -3.547934, 47.887782 ], [ -3.547541195572291, 47.886769197568498 ], [ -3.547739, 47.88676 ], [ -3.54877, 47.887951 ], [ -3.551141, 47.894863 ], [ -3.551414, 47.895266 ], [ -3.552043, 47.89604 ], [ -3.554833, 47.899743 ], [ -3.559232674064388, 47.902800613348703 ], [ -3.559807, 47.903479 ], [ -3.560565, 47.906804 ], [ -3.5613, 47.910328 ], [ -3.566490212524711, 47.913161191645756 ], [ -3.560439, 47.910584 ] ] ], [ [ [ -3.583483, 47.917445 ], [ -3.582448, 47.917244 ], [ -3.574804, 47.921017 ], [ -3.573367, 47.922373 ], [ -3.573156, 47.922573 ], [ -3.572914, 47.922528 ], [ -3.57245, 47.922389 ], [ -3.569435, 47.921051 ], [ -3.568776, 47.920677 ], [ -3.568423, 47.920421 ], [ -3.567896, 47.919717 ], [ -3.56789, 47.91818 ], [ -3.567684869361552, 47.913813245383373 ], [ -3.568093, 47.914036 ], [ -3.569203, 47.914797 ], [ -3.572462, 47.91326 ], [ -3.581014, 47.910485 ], [ -3.581451, 47.910837 ], [ -3.58247, 47.911871 ], [ -3.589534, 47.915466 ], [ -3.590051098369461, 47.916057639299815 ], [ -3.583483, 47.917445 ] ] ], [ [ [ -3.673365, 47.969909 ], [ -3.673492, 47.970916 ], [ -3.673293, 47.971451 ], [ -3.671718, 47.971872 ], [ -3.671594, 47.971892 ], [ -3.66992, 47.971364 ], [ -3.665415, 47.965765 ], [ -3.660739, 47.964193 ], [ -3.654899, 47.965776 ], [ -3.652015, 47.966984 ], [ -3.64556, 47.961815 ], [ -3.642788, 47.961428 ], [ -3.634643, 47.959061 ], [ -3.628192, 47.960806 ], [ -3.627734, 47.960852 ], [ -3.624703, 47.961194 ], [ -3.622579, 47.960263 ], [ -3.622475, 47.960184 ], [ -3.622683, 47.958214 ], [ -3.62272, 47.9573 ], [ -3.624211, 47.951372 ], [ -3.624272, 47.951179 ], [ -3.62452, 47.949766 ], [ -3.624565, 47.949064 ], [ -3.624554, 47.948289 ], [ -3.617225, 47.943803 ], [ -3.616514, 47.944016 ], [ -3.61495, 47.944285 ], [ -3.614077, 47.944391 ], [ -3.612483, 47.944525 ], [ -3.612182, 47.940938 ], [ -3.612861, 47.934197 ], [ -3.613546, 47.936426 ], [ -3.614, 47.936906 ], [ -3.616829, 47.939804 ], [ -3.623128, 47.942889 ], [ -3.624136, 47.943192 ], [ -3.626025, 47.943216 ], [ -3.626617, 47.942942 ], [ -3.62736, 47.941589 ], [ -3.627224, 47.941316 ], [ -3.626789, 47.940615 ], [ -3.624663, 47.93884 ], [ -3.624116, 47.931421 ], [ -3.632041, 47.929287 ], [ -3.632653, 47.929593 ], [ -3.636221, 47.92991 ], [ -3.644429, 47.929785 ], [ -3.644812, 47.929845 ], [ -3.645449, 47.929893 ], [ -3.653828, 47.930344 ], [ -3.656947, 47.934805 ], [ -3.660286, 47.942775 ], [ -3.660001, 47.946364 ], [ -3.658979, 47.948867 ], [ -3.650854, 47.951915 ], [ -3.647204, 47.949144 ], [ -3.646685, 47.948602 ], [ -3.645882, 47.94778 ], [ -3.645569, 47.947574 ], [ -3.645287, 47.947426 ], [ -3.644259, 47.948408 ], [ -3.643655, 47.949017 ], [ -3.637824, 47.955185 ], [ -3.637046, 47.955165 ], [ -3.63618, 47.955205 ], [ -3.63564, 47.955263 ], [ -3.634287, 47.955476 ], [ -3.634846, 47.959032 ], [ -3.640628, 47.959544 ], [ -3.644593, 47.958228 ], [ -3.651344, 47.960405 ], [ -3.652843, 47.961896 ], [ -3.653281, 47.96236 ], [ -3.661967, 47.961268 ], [ -3.662488, 47.961395 ], [ -3.665941, 47.962827 ], [ -3.670989, 47.967418 ], [ -3.671254, 47.967479 ], [ -3.674102969936051, 47.968977837931618 ], [ -3.673365, 47.969909 ] ] ], [ [ [ -3.699979, 47.997312 ], [ -3.700035, 47.997936 ], [ -3.69914, 48.002841 ], [ -3.698852506716675, 48.002934261907306 ], [ -3.699979, 47.997312 ] ] ], [ [ [ -3.775861, 48.041543 ], [ -3.78323, 48.04654 ], [ -3.783995, 48.046556 ], [ -3.784478, 48.046595 ], [ -3.789539, 48.045067 ], [ -3.79006326091625, 48.044716829539233 ], [ -3.792746, 48.047169 ], [ -3.794634, 48.045604 ], [ -3.799199, 48.044466 ], [ -3.799296, 48.043983 ], [ -3.799357, 48.043446 ], [ -3.799257, 48.042644 ], [ -3.799112, 48.04212 ], [ -3.798955, 48.039569 ], [ -3.806569, 48.035949 ], [ -3.80898, 48.037441 ], [ -3.811288, 48.045321 ], [ -3.808114, 48.04702 ], [ -3.807737, 48.048805 ], [ -3.805816, 48.053202 ], [ -3.805619, 48.05345 ], [ -3.80543, 48.054615 ], [ -3.806142, 48.056005 ], [ -3.813655, 48.058509 ], [ -3.814617, 48.058362 ], [ -3.819019, 48.058095 ], [ -3.825817, 48.062384 ], [ -3.82674, 48.063875 ], [ -3.829779, 48.066555 ], [ -3.831444, 48.066735 ], [ -3.83191, 48.06666 ], [ -3.833809, 48.065587 ], [ -3.835622, 48.062477 ], [ -3.836983, 48.059835 ], [ -3.836689, 48.056247 ], [ -3.834845, 48.056025 ], [ -3.831191, 48.054466 ], [ -3.830662, 48.04552 ], [ -3.831108, 48.045086 ], [ -3.831853, 48.044289 ], [ -3.832521, 48.043583 ], [ -3.838969, 48.041237 ], [ -3.841442, 48.040191 ], [ -3.847726, 48.035794 ], [ -3.849391, 48.032603 ], [ -3.85476, 48.029371 ], [ -3.858107, 48.028045 ], [ -3.857511, 48.025551 ], [ -3.863635, 48.020908 ], [ -3.868541, 48.028231 ], [ -3.867778, 48.030146 ], [ -3.867068, 48.031252 ], [ -3.867099, 48.031299 ], [ -3.872745, 48.034278 ], [ -3.874514, 48.035342 ], [ -3.882103, 48.039099 ], [ -3.883834, 48.041179 ], [ -3.886414, 48.048562 ], [ -3.890754, 48.049536 ], [ -3.898195, 48.049152 ], [ -3.903035, 48.04961 ], [ -3.909033, 48.054162 ], [ -3.908652, 48.057181 ], [ -3.909285, 48.063234 ], [ -3.909039, 48.064862 ], [ -3.909413, 48.066232 ], [ -3.910833, 48.073727 ], [ -3.909323, 48.076996 ], [ -3.907769, 48.079412 ], [ -3.908238, 48.082981 ], [ -3.911311, 48.08279 ], [ -3.912421, 48.082078 ], [ -3.912942, 48.081645 ], [ -3.913802, 48.080442 ], [ -3.914006, 48.080074 ], [ -3.914638, 48.079064 ], [ -3.919234, 48.07487 ], [ -3.919664, 48.074658 ], [ -3.920081, 48.074379 ], [ -3.920461, 48.074048 ], [ -3.920819, 48.073642 ], [ -3.921143, 48.073107 ], [ -3.921354, 48.072457 ], [ -3.92774, 48.069726 ], [ -3.929873, 48.077088 ], [ -3.929472, 48.078412 ], [ -3.929569, 48.079684 ], [ -3.929803, 48.080653 ], [ -3.933302, 48.07981 ], [ -3.941028, 48.081851 ], [ -3.942666, 48.08285 ], [ -3.944056, 48.083732 ], [ -3.945056, 48.082956 ], [ -3.945985, 48.080693 ], [ -3.945097, 48.079356 ], [ -3.943519, 48.077988 ], [ -3.945257, 48.070578 ], [ -3.948453, 48.070227 ], [ -3.948894, 48.070299 ], [ -3.949595, 48.07026 ], [ -3.950382, 48.069964 ], [ -3.951181, 48.069156 ], [ -3.955513344949426, 48.067710632859018 ], [ -3.958354981942283, 48.067929149312242 ], [ -3.961635, 48.073398 ], [ -3.963672, 48.073132 ], [ -3.96439, 48.072938 ], [ -3.966562, 48.072341 ], [ -3.97276, 48.075537 ], [ -3.968628, 48.083279 ], [ -3.968081, 48.083292 ], [ -3.967056, 48.08336 ], [ -3.96482, 48.083343 ], [ -3.964305, 48.083235 ], [ -3.964101, 48.083214 ], [ -3.963584, 48.083304 ], [ -3.963486, 48.083341 ], [ -3.960972, 48.088908 ], [ -3.960792, 48.089135 ], [ -3.960446, 48.08959 ], [ -3.963069, 48.091834 ], [ -3.969063, 48.09737 ], [ -3.963652, 48.101307 ], [ -3.963342, 48.101374 ], [ -3.959056, 48.105309 ], [ -3.958973, 48.105346 ], [ -3.960461, 48.108624 ], [ -3.960544, 48.108587 ], [ -3.96131, 48.108267 ], [ -3.967765, 48.108843 ], [ -3.9709, 48.113497 ], [ -3.971997, 48.116235 ], [ -3.977746, 48.122282 ], [ -3.978601, 48.126587 ], [ -3.97914, 48.130146 ], [ -3.983962, 48.136483 ], [ -3.985148, 48.139882 ], [ -3.985465, 48.139772 ], [ -3.987613, 48.139278 ], [ -3.988407, 48.13899 ], [ -3.993177, 48.146607 ], [ -3.990258, 48.148221 ], [ -3.988009, 48.148599 ], [ -3.985962, 48.14896 ], [ -3.98381, 48.149342 ], [ -3.983024, 48.14954 ], [ -3.982666, 48.149665 ], [ -3.983859, 48.153062 ], [ -3.988536, 48.16007 ], [ -3.988904, 48.159979 ], [ -3.98933, 48.159847 ], [ -3.990366, 48.159464 ], [ -3.991247, 48.159211 ], [ -3.994558, 48.158126 ], [ -3.997217, 48.166079 ], [ -3.995113, 48.169082 ], [ -3.992119, 48.17034 ], [ -3.99028, 48.170277 ], [ -3.989568, 48.170224 ], [ -3.988575, 48.170086 ], [ -3.987906, 48.169928 ], [ -3.987811, 48.169898 ], [ -3.985642, 48.1711 ], [ -3.985601, 48.171317 ], [ -3.985653, 48.172183 ], [ -3.985761, 48.172531 ], [ -3.988673, 48.178707 ], [ -3.991586, 48.178369 ], [ -3.994307, 48.178097 ], [ -4.000999, 48.177373 ], [ -4.007454, 48.182484 ], [ -4.008188, 48.183798 ], [ -4.008721, 48.183904 ], [ -4.014289, 48.185993 ], [ -4.018959, 48.190519 ], [ -4.022433, 48.189577 ], [ -4.023413, 48.18906 ], [ -4.029951, 48.183705 ], [ -4.030857, 48.183465 ], [ -4.033822, 48.181424 ], [ -4.042411, 48.17974 ], [ -4.04422, 48.188341 ], [ -4.043783, 48.189478 ], [ -4.043458, 48.190508 ], [ -4.043252, 48.191396 ], [ -4.043118, 48.192175 ], [ -4.04283, 48.194439 ], [ -4.042588, 48.196473 ], [ -4.042343, 48.198534 ], [ -4.042171, 48.20021 ], [ -4.042119, 48.201036 ], [ -4.042103, 48.201986 ], [ -4.042131, 48.20278 ], [ -4.042197, 48.203467 ], [ -4.042272, 48.204027 ], [ -4.04244, 48.204926 ], [ -4.042756, 48.206087 ], [ -4.042974, 48.206753 ], [ -4.042975478578001, 48.206752516825091 ], [ -4.043004, 48.206839 ], [ -4.043228, 48.207415 ], [ -4.043805, 48.208648 ], [ -4.037915, 48.215149 ], [ -4.036848, 48.214809 ], [ -4.036365, 48.214687 ], [ -4.035788, 48.214573 ], [ -4.03509, 48.218104 ], [ -4.037499, 48.218777 ], [ -4.038129, 48.218922 ], [ -4.038614, 48.219006 ], [ -4.039445, 48.21909 ], [ -4.040407, 48.2191 ], [ -4.043222, 48.218843 ], [ -4.05154, 48.220817 ], [ -4.051673, 48.220876 ], [ -4.059288, 48.220493 ], [ -4.062382, 48.221921 ], [ -4.065476, 48.22335 ], [ -4.068586, 48.224785 ], [ -4.068807497302404, 48.224884548223955 ], [ -4.073417, 48.230098 ], [ -4.075522, 48.233019 ], [ -4.082609, 48.233824 ], [ -4.082832, 48.233712 ], [ -4.091072, 48.231041 ], [ -4.091919, 48.231312 ], [ -4.094317, 48.232151 ], [ -4.097844, 48.233308 ], [ -4.099152, 48.233812 ], [ -4.104031, 48.238815 ], [ -4.104547, 48.241062 ], [ -4.105088, 48.243407 ], [ -4.105276, 48.24414 ], [ -4.105492, 48.244801 ], [ -4.105853, 48.245627 ], [ -4.106152, 48.246134 ], [ -4.106505, 48.246624 ], [ -4.103874, 48.254179 ], [ -4.099683, 48.253257 ], [ -4.098387, 48.253535 ], [ -4.097236, 48.253873 ], [ -4.096787, 48.254041 ], [ -4.096208, 48.254313 ], [ -4.091044, 48.255764 ], [ -4.090171, 48.259257 ], [ -4.096658, 48.265158 ], [ -4.097237, 48.266944 ], [ -4.101274, 48.273299 ], [ -4.10429, 48.27454 ], [ -4.104253, 48.283238 ], [ -4.101299, 48.28954 ], [ -4.102507, 48.292931 ], [ -4.10996, 48.294179 ], [ -4.115868993665504, 48.297728897165449 ], [ -4.114718, 48.298058 ], [ -4.109488, 48.302805 ], [ -4.107719, 48.30594 ], [ -4.10427, 48.306296 ], [ -4.101551, 48.304751 ], [ -4.095288, 48.307102 ], [ -4.094486, 48.310611 ], [ -4.090185, 48.310116 ], [ -4.088017, 48.309651 ], [ -4.087439, 48.309506 ], [ -4.08721, 48.309436 ], [ -4.0867, 48.30919 ], [ -4.080719, 48.306337 ], [ -4.074964, 48.306171 ], [ -4.074331, 48.30626 ], [ -4.07018, 48.299636 ], [ -4.066619, 48.299105 ], [ -4.061295, 48.298684 ], [ -4.055112, 48.295639 ], [ -4.047642, 48.294291 ], [ -4.046199, 48.292936 ], [ -4.045536, 48.292287 ], [ -4.041203, 48.285352 ], [ -4.035879, 48.285116 ], [ -4.034644, 48.285147 ], [ -4.026669, 48.287765 ], [ -4.026006, 48.288084 ], [ -4.025834, 48.288149 ], [ -4.02511, 48.287747 ], [ -4.024329, 48.284879 ], [ -4.01858, 48.280175 ], [ -4.015384, 48.282885 ], [ -4.014956, 48.28385 ], [ -4.011665, 48.282392 ], [ -4.011837, 48.281664 ], [ -4.011757, 48.279012 ], [ -4.002932, 48.279421 ], [ -3.999333, 48.27933 ], [ -3.992643, 48.278803 ], [ -3.990223, 48.276935 ], [ -3.982139, 48.276215 ], [ -3.976837, 48.279924 ], [ -3.976287, 48.279967 ], [ -3.975747, 48.279916 ], [ -3.975224, 48.279775 ], [ -3.974822, 48.2796 ], [ -3.974415, 48.279366 ], [ -3.973421, 48.278674 ], [ -3.972693, 48.277867 ], [ -3.972545, 48.274343 ], [ -3.974368, 48.267969 ], [ -3.974559, 48.267086 ], [ -3.966994, 48.262652 ], [ -3.964696, 48.265423 ], [ -3.964119, 48.270959 ], [ -3.964161, 48.271056 ], [ -3.963379, 48.273293 ], [ -3.962349, 48.281132 ], [ -3.96261, 48.283006 ], [ -3.962774, 48.28346 ], [ -3.962852, 48.283915 ], [ -3.961947, 48.28598 ], [ -3.961389, 48.286066 ], [ -3.955591, 48.288254 ], [ -3.953223, 48.294487 ], [ -3.949635, 48.294785 ], [ -3.947739, 48.290775 ], [ -3.943556, 48.285754 ], [ -3.938949, 48.285387 ], [ -3.934985, 48.287239 ], [ -3.932017, 48.28783 ], [ -3.930227, 48.288413 ], [ -3.928684, 48.288743 ], [ -3.927524, 48.285335 ], [ -3.929108, 48.284795 ], [ -3.929815, 48.284647 ], [ -3.931325, 48.28426 ], [ -3.933411, 48.283371 ], [ -3.935661, 48.282392 ], [ -3.937722, 48.275267 ], [ -3.93891, 48.274048 ], [ -3.940489, 48.265402 ], [ -3.934227, 48.264876 ], [ -3.93299, 48.26495 ], [ -3.932519, 48.264989 ], [ -3.93197, 48.264915 ], [ -3.930277, 48.264755 ], [ -3.928884, 48.262255 ], [ -3.920402, 48.260417 ], [ -3.91895, 48.261825 ], [ -3.91804, 48.262322 ], [ -3.916346, 48.262387 ], [ -3.915853, 48.262156 ], [ -3.915142, 48.260187 ], [ -3.913442, 48.25592 ], [ -3.907509, 48.254516 ], [ -3.904795, 48.255475 ], [ -3.902775, 48.256205 ], [ -3.900531, 48.257001 ], [ -3.899685, 48.257177 ], [ -3.899166, 48.257234 ], [ -3.896769, 48.257364 ], [ -3.896277, 48.257367 ], [ -3.893295, 48.257016 ], [ -3.892063, 48.256836 ], [ -3.891646, 48.25546 ], [ -3.89165, 48.255386 ], [ -3.891922, 48.254479 ], [ -3.892584, 48.253274 ], [ -3.893816, 48.253454 ], [ -3.90009, 48.247426 ], [ -3.899696, 48.246134 ], [ -3.901215, 48.244007 ], [ -3.901483, 48.238502 ], [ -3.894241, 48.23683 ], [ -3.888985, 48.235981 ], [ -3.880967, 48.233909 ], [ -3.878035, 48.235999 ], [ -3.875399, 48.234334 ], [ -3.868596, 48.231962 ], [ -3.866618, 48.23169 ], [ -3.866496, 48.231582 ], [ -3.860818, 48.226017 ], [ -3.861559, 48.222494 ], [ -3.861931, 48.222572 ], [ -3.862823, 48.222806 ], [ -3.864375, 48.223229 ], [ -3.867718, 48.215044 ], [ -3.859864, 48.210673 ], [ -3.856515, 48.211994 ], [ -3.853989, 48.208876 ], [ -3.853206, 48.208331 ], [ -3.844824, 48.211507 ], [ -3.844746, 48.212921 ], [ -3.844746, 48.213203 ], [ -3.843064, 48.214722 ], [ -3.842091, 48.214786 ], [ -3.841146, 48.213211 ], [ -3.841146, 48.21293 ], [ -3.840318, 48.209148 ], [ -3.839584, 48.207807 ], [ -3.833654, 48.204008 ], [ -3.82931, 48.207863 ], [ -3.826915, 48.210172 ], [ -3.823664, 48.212256 ], [ -3.82031, 48.218899 ], [ -3.820212, 48.219379 ], [ -3.818888, 48.219545 ], [ -3.818486, 48.21957 ], [ -3.817582, 48.219524 ], [ -3.816684, 48.218663 ], [ -3.815557, 48.214861 ], [ -3.814579, 48.211397 ], [ -3.808547, 48.209028 ], [ -3.807818, 48.209122 ], [ -3.807271, 48.209171 ], [ -3.80622, 48.209219 ], [ -3.805273, 48.209209 ], [ -3.804508, 48.209164 ], [ -3.803667, 48.209076 ], [ -3.80294, 48.208967 ], [ -3.802362, 48.208856 ], [ -3.801756, 48.208718 ], [ -3.796329, 48.207363 ], [ -3.788389, 48.206838 ], [ -3.786115, 48.207492 ], [ -3.785396, 48.207674 ], [ -3.784632, 48.207824 ], [ -3.783886, 48.207932 ], [ -3.783181, 48.207999 ], [ -3.782067, 48.208046 ], [ -3.778872, 48.208059 ], [ -3.77234, 48.21058 ], [ -3.771654, 48.210975 ], [ -3.771045, 48.211272 ], [ -3.770454, 48.211518 ], [ -3.762854, 48.215579 ], [ -3.760612, 48.212763 ], [ -3.763207, 48.210697 ], [ -3.763891, 48.210217 ], [ -3.764637, 48.209779 ], [ -3.765255, 48.209476 ], [ -3.766108, 48.209121 ], [ -3.772853, 48.205957 ], [ -3.773494, 48.205641 ], [ -3.774274, 48.205321 ], [ -3.775394, 48.204958 ], [ -3.776241, 48.204754 ], [ -3.776877, 48.204638 ], [ -3.777519, 48.20455 ], [ -3.778616, 48.204468 ], [ -3.787392, 48.203378 ], [ -3.78817, 48.203178 ], [ -3.788936, 48.203032 ], [ -3.789632, 48.202936 ], [ -3.790402, 48.20287 ], [ -3.791065, 48.202846 ], [ -3.791695, 48.202852 ], [ -3.792532, 48.202896 ], [ -3.793589, 48.20302 ], [ -3.794318, 48.203157 ], [ -3.797196, 48.203869 ], [ -3.802627, 48.205225 ], [ -3.803157, 48.205345 ], [ -3.803612, 48.20543 ], [ -3.804195, 48.205515 ], [ -3.804872, 48.205582 ], [ -3.805477, 48.205615 ], [ -3.80625, 48.205619 ], [ -3.809761, 48.197534 ], [ -3.812395, 48.195218 ], [ -3.81437, 48.193001 ], [ -3.814624, 48.192692 ], [ -3.8176, 48.190402 ], [ -3.821107, 48.188362 ], [ -3.825295, 48.185645 ], [ -3.825799, 48.185396 ], [ -3.826357, 48.18529 ], [ -3.826671, 48.18528 ], [ -3.829236, 48.186126 ], [ -3.830761, 48.186532 ], [ -3.832759, 48.187156 ], [ -3.836571, 48.187256 ], [ -3.841772, 48.187497 ], [ -3.842397, 48.187357 ], [ -3.846321, 48.187477 ], [ -3.847372, 48.18783 ], [ -3.848894, 48.189995 ], [ -3.850222, 48.197484 ], [ -3.855356, 48.198529 ], [ -3.855811, 48.198422 ], [ -3.856256, 48.198367 ], [ -3.856954, 48.198367 ], [ -3.859688, 48.198572 ], [ -3.863059, 48.190418 ], [ -3.861983, 48.186982 ], [ -3.863901, 48.186249 ], [ -3.866199, 48.17807 ], [ -3.865807, 48.177363 ], [ -3.860436, 48.172433 ], [ -3.852029, 48.17555 ], [ -3.851195, 48.176122 ], [ -3.85059, 48.176641 ], [ -3.850225, 48.176844 ], [ -3.847979, 48.178302 ], [ -3.846526, 48.177358 ], [ -3.845049, 48.176209 ], [ -3.843725, 48.168596 ], [ -3.84063, 48.166758 ], [ -3.841251, 48.164732 ], [ -3.841874, 48.162012 ], [ -3.842428, 48.15966 ], [ -3.843217, 48.159254 ], [ -3.843493, 48.159267 ], [ -3.845439, 48.159235 ], [ -3.847127, 48.159678 ], [ -3.847721, 48.15982 ], [ -3.848791, 48.160208 ], [ -3.855792, 48.15473 ], [ -3.855778, 48.154268 ], [ -3.857397, 48.154104 ], [ -3.86098, 48.14875 ], [ -3.85616, 48.144467 ], [ -3.854671, 48.143548 ], [ -3.847331, 48.142265 ], [ -3.846414, 48.142177 ], [ -3.842035, 48.142455 ], [ -3.834282, 48.142677 ], [ -3.83077, 48.143471 ], [ -3.82993, 48.143131 ], [ -3.826595, 48.141431 ], [ -3.825988, 48.140561 ], [ -3.826123, 48.137862 ], [ -3.827208, 48.137719 ], [ -3.82912, 48.128929 ], [ -3.82631, 48.127938 ], [ -3.822215, 48.128768 ], [ -3.818513, 48.128162 ], [ -3.817752, 48.124643 ], [ -3.81015, 48.120897 ], [ -3.807396, 48.123216 ], [ -3.804955, 48.124999 ], [ -3.797237, 48.123592 ], [ -3.795568, 48.124596 ], [ -3.789283, 48.129104 ], [ -3.786966, 48.127439 ], [ -3.785688, 48.12499 ], [ -3.785404, 48.124363 ], [ -3.785252, 48.123812 ], [ -3.785036, 48.122824 ], [ -3.788553, 48.122055 ], [ -3.793261, 48.1155 ], [ -3.787581, 48.110896 ], [ -3.783217, 48.111629 ], [ -3.782136, 48.112159 ], [ -3.781425, 48.112351 ], [ -3.779207, 48.112979 ], [ -3.775611, 48.113145 ], [ -3.775596, 48.112819 ], [ -3.775683, 48.112115 ], [ -3.775869, 48.111558 ], [ -3.776705, 48.110054 ], [ -3.777318, 48.108901 ], [ -3.781452, 48.107558 ], [ -3.78348, 48.101214 ], [ -3.783515, 48.099275 ], [ -3.783098, 48.092365 ], [ -3.778532, 48.090557 ], [ -3.771897, 48.091565 ], [ -3.771634, 48.091715 ], [ -3.771278, 48.091913 ], [ -3.770757, 48.09217 ], [ -3.769165, 48.088941 ], [ -3.77493, 48.084218 ], [ -3.778132, 48.083358 ], [ -3.780736, 48.081973 ], [ -3.784897, 48.074647 ], [ -3.78795, 48.07274 ], [ -3.790687, 48.064751 ], [ -3.788153, 48.056357 ], [ -3.787988, 48.055515 ], [ -3.782353, 48.050172 ], [ -3.778087, 48.050759 ], [ -3.777388, 48.050735 ], [ -3.775706, 48.050607 ], [ -3.775307, 48.050545 ], [ -3.767147, 48.051423 ], [ -3.760221, 48.048643 ], [ -3.754738, 48.046337 ], [ -3.751165, 48.04158 ], [ -3.748118293857028, 48.038996880832556 ], [ -3.748919, 48.039329 ], [ -3.749791, 48.039433 ], [ -3.750037, 48.039409 ], [ -3.754397966746096, 48.038248562872781 ], [ -3.756753, 48.03956 ], [ -3.756972888382941, 48.039510026311852 ], [ -3.760778, 48.043429 ], [ -3.76072, 48.046432 ], [ -3.761934, 48.046799 ], [ -3.762326, 48.046911 ], [ -3.763798, 48.046004 ], [ -3.764224, 48.045724 ], [ -3.769652, 48.042641 ], [ -3.772866, 48.041355 ], [ -3.773537, 48.041101 ], [ -3.773976, 48.040871 ], [ -3.774943050080661, 48.040217072340774 ], [ -3.775861, 48.041543 ] ] ] ] } },
{ "type": "Feature", "properties": { "fid": 9, "ID": null, "CENTER_LON": "-3.90254259763715", "CENTER_LAT": "47.934364831352646", "AA_MINS": 45, "AA_MODE": "driving-car", "TOTAL_POP": "455077" }, "geometry": { "type": "MultiPolygon", "coordinates": [ [ [ [ -4.237925, 48.302221 ], [ -4.237877070798031, 48.307454856223771 ], [ -4.236897, 48.305411 ], [ -4.236242, 48.301406 ], [ -4.236489161553735, 48.300688972224904 ], [ -4.237925, 48.302221 ] ] ], [ [ [ -4.172607, 48.256636 ], [ -4.178562508928927, 48.256450776158481 ], [ -4.177939, 48.257084 ], [ -4.177201, 48.257344 ], [ -4.171167, 48.257715 ], [ -4.169363644229636, 48.256158997135216 ], [ -4.172607, 48.256636 ] ] ], [ [ [ -4.15585, 48.2527 ], [ -4.159657419177841, 48.252980217942145 ], [ -4.159643, 48.252981 ], [ -4.155271, 48.252817 ], [ -4.152646, 48.252462 ], [ -4.151866, 48.255976 ], [ -4.154036, 48.263065 ], [ -4.153547, 48.267426 ], [ -4.147228, 48.273018 ], [ -4.139609, 48.272187 ], [ -4.138635, 48.269656 ], [ -4.138876, 48.262945 ], [ -4.138265, 48.259397 ], [ -4.140023, 48.253216 ], [ -4.145088, 48.253278 ], [ -4.145946, 48.253838 ], [ -4.146376, 48.2542 ], [ -4.146738, 48.254409 ], [ -4.147153, 48.254581 ], [ -4.148111, 48.254878 ], [ -4.148575, 48.253734 ], [ -4.148681, 48.253508 ], [ -4.14933, 48.251625 ], [ -4.150339, 48.249757 ], [ -4.150657, 48.248871 ], [ -4.150337, 48.247611 ], [ -4.15585, 48.2527 ] ] ], [ [ [ -4.156489, 48.223579 ], [ -4.155586, 48.223592 ], [ -4.149866, 48.221956 ], [ -4.145495, 48.223151 ], [ -4.142057, 48.22422 ], [ -4.140784, 48.22421 ], [ -4.137577, 48.224226 ], [ -4.132483, 48.226289 ], [ -4.130552, 48.226868 ], [ -4.129997, 48.227055 ], [ -4.129582, 48.22713 ], [ -4.129268, 48.227152 ], [ -4.128853, 48.227136 ], [ -4.128218, 48.227006 ], [ -4.127884, 48.226883 ], [ -4.128908, 48.224612 ], [ -4.129134, 48.223507 ], [ -4.129502, 48.219813 ], [ -4.122231, 48.21577 ], [ -4.12155, 48.215826 ], [ -4.114039, 48.217289 ], [ -4.112123, 48.221151 ], [ -4.114976, 48.227818 ], [ -4.115182, 48.228496 ], [ -4.112926, 48.231224 ], [ -4.109947, 48.234182 ], [ -4.108596, 48.242597 ], [ -4.108055, 48.240252 ], [ -4.107487, 48.237808 ], [ -4.107191, 48.236811 ], [ -4.106889, 48.236031 ], [ -4.106612, 48.235454 ], [ -4.10609, 48.234558 ], [ -4.105578, 48.233874 ], [ -4.105209, 48.233455 ], [ -4.104798, 48.233043 ], [ -4.104341, 48.232643 ], [ -4.103678, 48.232145 ], [ -4.102983, 48.23168 ], [ -4.102605, 48.23146 ], [ -4.101862, 48.231079 ], [ -4.101329, 48.230826 ], [ -4.100444, 48.230452 ], [ -4.099055, 48.229918 ], [ -4.095512, 48.22865 ], [ -4.092857, 48.227729 ], [ -4.091285, 48.227258 ], [ -4.090594, 48.227074 ], [ -4.089116, 48.226714 ], [ -4.083671, 48.222406 ], [ -4.082911, 48.218888 ], [ -4.081967, 48.219061 ], [ -4.080037, 48.219363 ], [ -4.079577, 48.219472 ], [ -4.071127, 48.217805 ], [ -4.070339, 48.216592 ], [ -4.067181, 48.218321 ], [ -4.060466, 48.216956 ], [ -4.054491, 48.212034 ], [ -4.048541276977345, 48.20822841618488 ], [ -4.046952, 48.2069 ], [ -4.046391435253013, 48.205500775753066 ], [ -4.046163, 48.196898 ], [ -4.048198, 48.188203 ], [ -4.048625, 48.187088 ], [ -4.048847, 48.186259 ], [ -4.048924, 48.185764 ], [ -4.048966, 48.184924 ], [ -4.048821, 48.18378 ], [ -4.048692, 48.183283 ], [ -4.048312, 48.182331 ], [ -4.048035, 48.181806 ], [ -4.047416, 48.180862 ], [ -4.047788, 48.172121 ], [ -4.048326, 48.171375 ], [ -4.048696, 48.170765 ], [ -4.048976, 48.170149 ], [ -4.049145, 48.16964 ], [ -4.053022764029533, 48.164728700052123 ], [ -4.059399, 48.169654 ], [ -4.059387, 48.170126 ], [ -4.059445, 48.170685 ], [ -4.059626, 48.171797 ], [ -4.062113, 48.171533 ], [ -4.067171, 48.171932 ], [ -4.069457, 48.172657 ], [ -4.070547, 48.169226 ], [ -4.070446, 48.165619 ], [ -4.07057, 48.162021 ], [ -4.0674, 48.155541 ], [ -4.065595, 48.152426 ], [ -4.063503, 48.15132 ], [ -4.061561, 48.149795 ], [ -4.060901, 48.149834 ], [ -4.05992, 48.150966 ], [ -4.051791, 48.147694 ], [ -4.052697, 48.139038 ], [ -4.059127, 48.134746 ], [ -4.066033, 48.132897 ], [ -4.069359, 48.134275 ], [ -4.071689, 48.130682 ], [ -4.072272, 48.129847 ], [ -4.075349, 48.124601 ], [ -4.075602, 48.124345 ], [ -4.083386, 48.128859 ], [ -4.083363, 48.129024 ], [ -4.084992, 48.1309 ], [ -4.085054, 48.130904 ], [ -4.086929, 48.129522 ], [ -4.090628, 48.125358 ], [ -4.095333, 48.126179 ], [ -4.096052, 48.126492 ], [ -4.096578, 48.126348 ], [ -4.097067, 48.126015 ], [ -4.097713, 48.125498 ], [ -4.098298, 48.124921 ], [ -4.098853, 48.124071 ], [ -4.099134, 48.123425 ], [ -4.106686, 48.118841 ], [ -4.107356, 48.115304 ], [ -4.107824972211145, 48.10679350437033 ], [ -4.109691, 48.106179 ], [ -4.112620625573879, 48.107198790956232 ], [ -4.116022, 48.112679 ], [ -4.118728, 48.116544 ], [ -4.121768, 48.118062 ], [ -4.126389, 48.115116 ], [ -4.127346, 48.113118 ], [ -4.127305, 48.112715 ], [ -4.126452, 48.111517 ], [ -4.124366, 48.104311 ], [ -4.12501, 48.09989 ], [ -4.130893, 48.095106 ], [ -4.131608, 48.094936 ], [ -4.132028, 48.094776 ], [ -4.134383, 48.093715 ], [ -4.134413, 48.091719 ], [ -4.134413, 48.0891088223567 ], [ -4.134771, 48.088666 ], [ -4.137293942879682, 48.086155665181892 ], [ -4.139203166593294, 48.085377356151412 ], [ -4.143171, 48.085076 ], [ -4.143171102767656, 48.08507576843612 ], [ -4.143476, 48.085211 ], [ -4.145169, 48.086799 ], [ -4.152643, 48.087065 ], [ -4.153313, 48.086937 ], [ -4.160637, 48.086314 ], [ -4.167235, 48.083375 ], [ -4.169203, 48.08364 ], [ -4.174689, 48.089531 ], [ -4.176441, 48.092248 ], [ -4.176481, 48.092245 ], [ -4.177217, 48.092094 ], [ -4.179791, 48.091325 ], [ -4.186054, 48.088777 ], [ -4.192916, 48.087778 ], [ -4.198444, 48.089869 ], [ -4.198933, 48.090131 ], [ -4.202365, 48.092252 ], [ -4.203603, 48.09315 ], [ -4.210605, 48.09592 ], [ -4.213165, 48.097428 ], [ -4.216604, 48.096361 ], [ -4.216486, 48.095982 ], [ -4.216232, 48.095328 ], [ -4.216071, 48.094986 ], [ -4.215721, 48.094408 ], [ -4.215243, 48.093799 ], [ -4.214898, 48.093423 ], [ -4.214095, 48.092648 ], [ -4.212244, 48.089464 ], [ -4.214004, 48.08273 ], [ -4.219311, 48.078522 ], [ -4.226986, 48.077157 ], [ -4.228879, 48.077414 ], [ -4.232514, 48.076741 ], [ -4.236124, 48.07486 ], [ -4.237089, 48.071392 ], [ -4.241933, 48.06558 ], [ -4.245533, 48.065594 ], [ -4.247631, 48.065985 ], [ -4.254421, 48.071436 ], [ -4.257886, 48.070459 ], [ -4.262958, 48.067263 ], [ -4.267643, 48.069343 ], [ -4.269184, 48.069691 ], [ -4.276015, 48.071584 ], [ -4.278808, 48.075858 ], [ -4.285036, 48.082159 ], [ -4.288543, 48.082969 ], [ -4.291345893173768, 48.081920432881162 ], [ -4.295606, 48.086257 ], [ -4.297601, 48.091 ], [ -4.297689, 48.091268 ], [ -4.298084, 48.09158 ], [ -4.294393, 48.09755 ], [ -4.293667, 48.098721 ], [ -4.293078, 48.099553 ], [ -4.292732, 48.100013 ], [ -4.28802, 48.103688 ], [ -4.287562, 48.104044 ], [ -4.283729, 48.110211 ], [ -4.283644, 48.112563 ], [ -4.283051, 48.115079 ], [ -4.282935, 48.115662 ], [ -4.282834, 48.116026 ], [ -4.282454, 48.116711 ], [ -4.28132, 48.117859 ], [ -4.275757, 48.122651 ], [ -4.275169, 48.122674 ], [ -4.273034, 48.12266 ], [ -4.268753, 48.129552 ], [ -4.269284, 48.131107 ], [ -4.269322, 48.131266 ], [ -4.26934, 48.131343 ], [ -4.269406, 48.13164 ], [ -4.269536, 48.132788 ], [ -4.268401, 48.13804 ], [ -4.265254, 48.139789 ], [ -4.258186, 48.139198 ], [ -4.256288, 48.139662 ], [ -4.254092, 48.139916 ], [ -4.250514, 48.140166 ], [ -4.247688, 48.14745 ], [ -4.247762628260648, 48.147752833535797 ], [ -4.247146, 48.147532 ], [ -4.245391, 48.144388 ], [ -4.245196, 48.144497 ], [ -4.243621, 48.145106 ], [ -4.243242, 48.145202 ], [ -4.242676, 48.145348 ], [ -4.235492, 48.140469 ], [ -4.235441, 48.140326 ], [ -4.229057, 48.135126 ], [ -4.225525, 48.135821 ], [ -4.225872, 48.137589 ], [ -4.226015, 48.138235 ], [ -4.225723, 48.147003 ], [ -4.220604, 48.153513 ], [ -4.219791, 48.15702 ], [ -4.222821, 48.160094 ], [ -4.223734, 48.160618 ], [ -4.225367169268848, 48.164579277664565 ], [ -4.223585, 48.164519 ], [ -4.222730675280483, 48.170772553089641 ], [ -4.222701, 48.170804 ], [ -4.222212, 48.171942 ], [ -4.218924, 48.175932 ], [ -4.21257, 48.173319 ], [ -4.212196, 48.172838 ], [ -4.210515, 48.171833 ], [ -4.209639, 48.171694 ], [ -4.209541, 48.171678 ], [ -4.207612, 48.173945 ], [ -4.205138, 48.179246 ], [ -4.205733, 48.182796 ], [ -4.204611527136406, 48.183915957225111 ], [ -4.201648, 48.182919 ], [ -4.200363, 48.183485 ], [ -4.199371, 48.183933 ], [ -4.198235, 48.184306 ], [ -4.197054, 48.184449 ], [ -4.193506370381674, 48.187660508214471 ], [ -4.188552, 48.185054 ], [ -4.185981, 48.1855 ], [ -4.178601, 48.183042 ], [ -4.177907, 48.182875 ], [ -4.177027, 48.183134 ], [ -4.169693, 48.185654 ], [ -4.167057, 48.184458 ], [ -4.159943, 48.18465 ], [ -4.153769, 48.188467 ], [ -4.148524, 48.189298 ], [ -4.148288, 48.19289 ], [ -4.150081, 48.193007 ], [ -4.150788, 48.192999 ], [ -4.152104, 48.192928 ], [ -4.152651, 48.192887 ], [ -4.153021, 48.192835 ], [ -4.15362, 48.192671 ], [ -4.158448, 48.192608 ], [ -4.163048, 48.19528 ], [ -4.167615, 48.199817 ], [ -4.169951, 48.20254 ], [ -4.17093, 48.211376 ], [ -4.169914, 48.211879 ], [ -4.164901, 48.211863 ], [ -4.164804, 48.211875 ], [ -4.158399, 48.208665 ], [ -4.158111, 48.208376 ], [ -4.157662, 48.208043 ], [ -4.156139, 48.207202 ], [ -4.155444, 48.206741 ], [ -4.153456, 48.209742 ], [ -4.151602, 48.214068 ], [ -4.150809, 48.21758 ], [ -4.153206, 48.221667 ], [ -4.155666, 48.22232 ], [ -4.163588, 48.22473 ], [ -4.164090455006989, 48.225298742452587 ], [ -4.156489, 48.223579 ] ] ], [ [ [ -4.171000708383034, 48.227479206031077 ], [ -4.17264, 48.22775 ], [ -4.172965600062946, 48.228118191567624 ], [ -4.171000708383034, 48.227479206031077 ] ] ], [ [ [ -4.315975, 48.093411 ], [ -4.31556, 48.093572 ], [ -4.312851, 48.092879 ], [ -4.312607, 48.092767 ], [ -4.308113, 48.090163 ], [ -4.308799, 48.090295 ], [ -4.309336, 48.090347 ], [ -4.310006, 48.090355 ], [ -4.315896, 48.090435 ], [ -4.319615301773853, 48.092622377929445 ], [ -4.315975, 48.093411 ] ] ], [ [ [ -4.349593, 47.873334 ], [ -4.349604725790366, 47.873341861062492 ], [ -4.348293, 47.873738 ], [ -4.349593, 47.873334 ] ] ], [ [ [ -4.337389, 47.865191 ], [ -4.337722, 47.86538 ], [ -4.33806693097861, 47.866494150072043 ], [ -4.336419, 47.864925 ], [ -4.336661304577435, 47.863944060017801 ], [ -4.337389, 47.865191 ] ] ], [ [ [ -4.278456359782655, 47.819528264730984 ], [ -4.278439, 47.819575 ], [ -4.2783268821623, 47.819538439503525 ], [ -4.278456359782655, 47.819528264730984 ] ] ], [ [ [ -4.272002336058678, 47.817475812517372 ], [ -4.270516, 47.816991 ], [ -4.270187407823751, 47.815106717512947 ], [ -4.272002336058678, 47.817475812517372 ] ] ], [ [ [ -4.264944, 47.813017 ], [ -4.264951095261103, 47.813016887735969 ], [ -4.26497, 47.814685 ], [ -4.264944, 47.813017 ] ] ], [ [ [ -4.254261, 47.815813 ], [ -4.255373, 47.816254 ], [ -4.255993, 47.8178 ], [ -4.264453, 47.817135 ], [ -4.259916, 47.82127 ], [ -4.254338, 47.816557 ], [ -4.254154, 47.816233 ], [ -4.254005395262923, 47.815885435749806 ], [ -4.254261, 47.815813 ] ] ], [ [ [ -4.149413, 47.856204 ], [ -4.156447, 47.852017 ], [ -4.151073, 47.855446 ], [ -4.149212, 47.856328 ], [ -4.149413, 47.856204 ] ] ], [ [ [ -4.060602, 47.860073 ], [ -4.067827, 47.864241 ], [ -4.071234, 47.864826 ], [ -4.077986, 47.866403 ], [ -4.081604, 47.865728 ], [ -4.086455, 47.864863 ], [ -4.090615, 47.861237 ], [ -4.09065, 47.861212 ], [ -4.09079, 47.861165 ], [ -4.091014, 47.861164 ], [ -4.093129, 47.861412 ], [ -4.10058, 47.863519 ], [ -4.100907, 47.863631 ], [ -4.101739, 47.864135 ], [ -4.102101, 47.864442 ], [ -4.103348, 47.865732 ], [ -4.103636, 47.866425 ], [ -4.103673, 47.86712 ], [ -4.109873179070707, 47.871214699750581 ], [ -4.109631, 47.871542 ], [ -4.104374, 47.869804 ], [ -4.102888, 47.868197 ], [ -4.10078, 47.865618 ], [ -4.095136, 47.865618 ], [ -4.094482, 47.865639 ], [ -4.088627, 47.865629 ], [ -4.086278, 47.865623 ], [ -4.08332, 47.86691 ], [ -4.082674, 47.867209 ], [ -4.076645557001216, 47.868631901011682 ], [ -4.075477, 47.86753 ], [ -4.072432, 47.868144 ], [ -4.070793, 47.868364 ], [ -4.065422484437295, 47.867132445513889 ], [ -4.065029, 47.866789 ], [ -4.064184980448765, 47.865756137878975 ], [ -4.062425, 47.862439 ], [ -4.059764, 47.86098 ], [ -4.056102321197913, 47.859782209382267 ], [ -4.055369021045271, 47.859392696012073 ], [ -4.060602, 47.860073 ] ] ], [ [ [ -4.051425, 47.855138 ], [ -4.048109, 47.852659 ], [ -4.047967315761784, 47.852447158474874 ], [ -4.051425, 47.855138 ] ] ], [ [ [ -4.02562, 47.852663 ], [ -4.026186, 47.850894 ], [ -4.026729, 47.850311 ], [ -4.034149810139287, 47.847758848090322 ], [ -4.027696, 47.852623 ], [ -4.026487, 47.852604 ], [ -4.02603, 47.852687 ], [ -4.025468665222897, 47.852867638213588 ], [ -4.02562, 47.852663 ] ] ], [ [ [ -3.994678, 47.85358 ], [ -3.995965, 47.8531 ], [ -3.996575, 47.852892 ], [ -3.996893, 47.852828 ], [ -3.99739, 47.852784 ], [ -3.997969, 47.852812 ], [ -3.998346, 47.852868 ], [ -3.998712, 47.85295 ], [ -4.007333, 47.854326 ], [ -4.010743, 47.853778 ], [ -4.011496, 47.854019 ], [ -4.011947, 47.85415 ], [ -4.012634, 47.854338 ], [ -4.016057, 47.855731 ], [ -4.020560050935976, 47.857950966265946 ], [ -4.019777, 47.858826 ], [ -4.015971, 47.858888 ], [ -4.012108, 47.85709 ], [ -4.011318, 47.856774 ], [ -4.003532, 47.858791 ], [ -3.997852, 47.857252 ], [ -3.992712668827634, 47.85402589581949 ], [ -3.994678, 47.85358 ] ] ], [ [ [ -3.897739448269152, 47.843529534744604 ], [ -3.897663, 47.843412 ], [ -3.897711, 47.843336 ], [ -3.901328, 47.840571 ], [ -3.897739448269152, 47.843529534744604 ] ] ], [ [ [ -3.732506, 47.808244 ], [ -3.738636, 47.805032 ], [ -3.739683, 47.800818 ], [ -3.739926, 47.800301 ], [ -3.742514, 47.798904 ], [ -3.745684, 47.796883 ], [ -3.747165, 47.796923 ], [ -3.754839, 47.795506 ], [ -3.755952, 47.794013 ], [ -3.757546, 47.793102 ], [ -3.759478, 47.792307 ], [ -3.764486, 47.79231 ], [ -3.770639, 47.791046 ], [ -3.772682, 47.790524 ], [ -3.775348, 47.790083 ], [ -3.783908, 47.792159 ], [ -3.784663, 47.792065 ], [ -3.785205, 47.792074 ], [ -3.789586, 47.792086 ], [ -3.791802, 47.792165 ], [ -3.79667, 47.793147 ], [ -3.799946, 47.787822 ], [ -3.805258, 47.789479 ], [ -3.80899, 47.790497 ], [ -3.809825, 47.790874 ], [ -3.810256, 47.7911 ], [ -3.810699, 47.791383 ], [ -3.811342, 47.792041 ], [ -3.818273, 47.797191 ], [ -3.827173, 47.796591 ], [ -3.834223, 47.795208 ], [ -3.834879, 47.795217 ], [ -3.835542, 47.795308 ], [ -3.836177, 47.79548 ], [ -3.836727, 47.795692 ], [ -3.842464, 47.79588 ], [ -3.84563, 47.793665 ], [ -3.846656, 47.792653 ], [ -3.846957, 47.792626 ], [ -3.847452, 47.792606 ], [ -3.848175, 47.792575 ], [ -3.853879, 47.792379 ], [ -3.852987, 47.793979 ], [ -3.852539, 47.794734 ], [ -3.852776, 47.803218 ], [ -3.852069, 47.80412 ], [ -3.85279, 47.812292 ], [ -3.860313, 47.812752 ], [ -3.8628, 47.812706 ], [ -3.865529, 47.811826 ], [ -3.867212, 47.812154 ], [ -3.867338, 47.812306 ], [ -3.868157, 47.814252 ], [ -3.867436, 47.814879 ], [ -3.864634, 47.817678 ], [ -3.870371, 47.823731 ], [ -3.874357, 47.822545 ], [ -3.87907, 47.822184 ], [ -3.880778, 47.825238 ], [ -3.887839, 47.829402 ], [ -3.888158684851526, 47.829357929888786 ], [ -3.888137, 47.829383 ], [ -3.887274, 47.831463 ], [ -3.878967, 47.830227 ], [ -3.877605, 47.828789 ], [ -3.877048, 47.828776 ], [ -3.869853, 47.82961 ], [ -3.86249, 47.825847 ], [ -3.856628, 47.823151 ], [ -3.850051, 47.817851 ], [ -3.849358, 47.816165 ], [ -3.845829, 47.814853 ], [ -3.84141, 47.809699 ], [ -3.841412, 47.806986 ], [ -3.841424, 47.806922 ], [ -3.83887, 47.804942 ], [ -3.83746, 47.805187 ], [ -3.833748, 47.807126 ], [ -3.825539, 47.807547 ], [ -3.819505, 47.809231 ], [ -3.812152, 47.810245 ], [ -3.812031, 47.810236 ], [ -3.810831, 47.813594 ], [ -3.808416, 47.817215 ], [ -3.807513, 47.821577 ], [ -3.806416, 47.822904 ], [ -3.798024, 47.819981 ], [ -3.797699, 47.816396 ], [ -3.7967, 47.813049 ], [ -3.796688, 47.812418 ], [ -3.797039, 47.808989 ], [ -3.799716, 47.804791 ], [ -3.801356, 47.801409 ], [ -3.801457, 47.801165 ], [ -3.79964, 47.798894 ], [ -3.796697, 47.796197 ], [ -3.795271, 47.796123 ], [ -3.794912, 47.796204 ], [ -3.793566, 47.796597 ], [ -3.793809, 47.797909 ], [ -3.793855, 47.798084 ], [ -3.794173, 47.800696 ], [ -3.791316, 47.805456 ], [ -3.783281, 47.803652 ], [ -3.782945, 47.803189 ], [ -3.782378, 47.802403 ], [ -3.78209, 47.802204 ], [ -3.781462, 47.802187 ], [ -3.781024, 47.802223 ], [ -3.779369, 47.804379 ], [ -3.772059, 47.80529 ], [ -3.769955, 47.804234 ], [ -3.766297, 47.801591 ], [ -3.757833, 47.803347 ], [ -3.756272, 47.803364 ], [ -3.756144, 47.803441 ], [ -3.75632, 47.806614 ], [ -3.756588, 47.809489 ], [ -3.756895, 47.810271 ], [ -3.757676, 47.813365 ], [ -3.757874, 47.813578 ], [ -3.759011, 47.815146 ], [ -3.759624, 47.816873 ], [ -3.751768, 47.820616 ], [ -3.749694, 47.818276 ], [ -3.749274, 47.818332 ], [ -3.740956, 47.816039 ], [ -3.734534, 47.810294 ], [ -3.731177, 47.809405 ], [ -3.730124876864837, 47.809064510266253 ], [ -3.732506, 47.808244 ] ] ], [ [ [ -3.531827, 47.76824 ], [ -3.532472, 47.768104 ], [ -3.5338, 47.767645 ], [ -3.538965, 47.765056 ], [ -3.54058, 47.763942 ], [ -3.543971, 47.764741 ], [ -3.551328, 47.764847 ], [ -3.551492, 47.764831 ], [ -3.551556, 47.764841 ], [ -3.554283, 47.765527 ], [ -3.55965, 47.767286 ], [ -3.567014, 47.769447 ], [ -3.574987, 47.771047 ], [ -3.578548, 47.768627 ], [ -3.579264, 47.768025 ], [ -3.581342, 47.767379 ], [ -3.581484, 47.767428 ], [ -3.584417, 47.768376 ], [ -3.584899, 47.768664 ], [ -3.593854, 47.76933 ], [ -3.594414, 47.768835 ], [ -3.595342, 47.768501 ], [ -3.595896, 47.768487 ], [ -3.596618, 47.768598 ], [ -3.602243, 47.76994 ], [ -3.607866, 47.770822 ], [ -3.613048, 47.7704 ], [ -3.614459, 47.7712 ], [ -3.622502, 47.775183 ], [ -3.62298, 47.774262 ], [ -3.630239, 47.774273 ], [ -3.632703, 47.774851 ], [ -3.63859, 47.77755 ], [ -3.646048, 47.780674 ], [ -3.647238, 47.780682 ], [ -3.65411, 47.782768 ], [ -3.656357, 47.782586 ], [ -3.663283, 47.784604 ], [ -3.670251, 47.780622 ], [ -3.670849, 47.780092 ], [ -3.672711, 47.778289 ], [ -3.674405, 47.776596 ], [ -3.676174, 47.777304 ], [ -3.683934, 47.781069 ], [ -3.688622, 47.784354 ], [ -3.695699, 47.789534 ], [ -3.70179, 47.788309 ], [ -3.703306, 47.788721 ], [ -3.703857, 47.789551 ], [ -3.704236, 47.791251 ], [ -3.704818, 47.792645 ], [ -3.711916, 47.79706 ], [ -3.719858, 47.799835 ], [ -3.720652, 47.801239 ], [ -3.721446, 47.80346 ], [ -3.720645, 47.804429 ], [ -3.721613266168046, 47.809250768284379 ], [ -3.720346, 47.809542 ], [ -3.719396, 47.810065 ], [ -3.718873, 47.811625 ], [ -3.710912, 47.815636 ], [ -3.710546, 47.815497 ], [ -3.710389, 47.815471 ], [ -3.708068, 47.814832 ], [ -3.705725, 47.813969 ], [ -3.704782, 47.816302 ], [ -3.700922, 47.821315 ], [ -3.695213, 47.819561 ], [ -3.694972, 47.819507 ], [ -3.693436, 47.819477 ], [ -3.692919, 47.819443 ], [ -3.692291, 47.819519 ], [ -3.689167, 47.820637 ], [ -3.686409, 47.821352 ], [ -3.683755, 47.822607 ], [ -3.679082, 47.824684 ], [ -3.670789, 47.824733 ], [ -3.672843, 47.816475 ], [ -3.673137, 47.812954 ], [ -3.670003, 47.809569 ], [ -3.663921, 47.80574 ], [ -3.662952, 47.805784 ], [ -3.655316, 47.801815 ], [ -3.652888, 47.799157 ], [ -3.64548, 47.79968 ], [ -3.645215, 47.801137 ], [ -3.638137, 47.805456 ], [ -3.635021, 47.805218 ], [ -3.630535, 47.80447 ], [ -3.62938, 47.807879 ], [ -3.627345, 47.81241 ], [ -3.626345, 47.815096 ], [ -3.626491, 47.815274 ], [ -3.627351, 47.815631 ], [ -3.628332, 47.816159 ], [ -3.62935, 47.816583 ], [ -3.632611, 47.817078 ], [ -3.636165, 47.817702 ], [ -3.636838, 47.817818 ], [ -3.637402, 47.817826 ], [ -3.644533, 47.821912 ], [ -3.644687, 47.821944 ], [ -3.650934, 47.825993 ], [ -3.647522, 47.833745 ], [ -3.644128, 47.833154 ], [ -3.643733, 47.833002 ], [ -3.640668, 47.833665 ], [ -3.636562, 47.834844 ], [ -3.631363, 47.833394 ], [ -3.630832, 47.833114 ], [ -3.628684, 47.831936 ], [ -3.628293, 47.832084 ], [ -3.627887, 47.832212 ], [ -3.627395, 47.832488 ], [ -3.619358, 47.829551 ], [ -3.619998, 47.826009 ], [ -3.617679, 47.823177 ], [ -3.616302, 47.822646 ], [ -3.614823, 47.822967 ], [ -3.612791, 47.823441 ], [ -3.610966, 47.824206 ], [ -3.610951642647846, 47.824222386422676 ], [ -3.608628, 47.822873 ], [ -3.6069, 47.823821 ], [ -3.604757, 47.824991 ], [ -3.602609, 47.826162 ], [ -3.60046, 47.827334 ], [ -3.598312, 47.828505 ], [ -3.591174, 47.827562 ], [ -3.586887, 47.823341 ], [ -3.586625, 47.822986 ], [ -3.584116, 47.819083 ], [ -3.580335, 47.811523 ], [ -3.576737, 47.811403 ], [ -3.570067, 47.808935 ], [ -3.574782, 47.801799 ], [ -3.575934, 47.801397 ], [ -3.581338, 47.799387 ], [ -3.581459, 47.799351 ], [ -3.582559, 47.798738 ], [ -3.582527, 47.797304 ], [ -3.58134, 47.79535 ], [ -3.578159, 47.79473 ], [ -3.5728, 47.794955 ], [ -3.565687, 47.797982 ], [ -3.558965, 47.798471 ], [ -3.558113, 47.798211 ], [ -3.556213, 47.789514 ], [ -3.555529, 47.78598 ], [ -3.550392, 47.784955 ], [ -3.548324, 47.784513 ], [ -3.545551, 47.786809 ], [ -3.541044, 47.791568 ], [ -3.540263, 47.792137 ], [ -3.533248, 47.793952 ], [ -3.52583, 47.79262 ], [ -3.52564, 47.788291 ], [ -3.529245, 47.781413 ], [ -3.528754, 47.778391 ], [ -3.529006, 47.775869 ], [ -3.52886, 47.774404 ], [ -3.528808, 47.773682 ], [ -3.528709, 47.773159 ], [ -3.528604, 47.772521 ], [ -3.526056, 47.766942 ], [ -3.523915, 47.76422 ], [ -3.531827, 47.76824 ] ] ], [ [ [ -3.523271, 47.759767 ], [ -3.523915, 47.76422 ], [ -3.522648381722686, 47.758455728894333 ], [ -3.523271, 47.759767 ] ] ], [ [ [ -3.522432, 47.758 ], [ -3.522499875597528, 47.758142955996199 ], [ -3.522240867070315, 47.757753661486348 ], [ -3.522432, 47.758 ] ] ], [ [ [ -3.52193, 47.757353 ], [ -3.522019066681032, 47.757467794434241 ], [ -3.521668643574285, 47.757102823055732 ], [ -3.52193, 47.757353 ] ] ], [ [ [ -3.521439, 47.756883 ], [ -3.521497033926026, 47.756938552369363 ], [ -3.521277289656298, 47.756754473478765 ], [ -3.521439, 47.756883 ] ] ], [ [ [ -3.521093, 47.756608 ], [ -3.521138364293491, 47.756644055658008 ], [ -3.520917591758781, 47.756486736320461 ], [ -3.521093, 47.756608 ] ] ], [ [ [ -3.520066, 47.755898 ], [ -3.520144275495938, 47.755952115503874 ], [ -3.519848726023235, 47.75578461713566 ], [ -3.520066, 47.755898 ] ] ], [ [ [ -3.519654, 47.755683 ], [ -3.51971593774108, 47.755715322084548 ], [ -3.519442163937659, 47.755590351228818 ], [ -3.519654, 47.755683 ] ] ], [ [ [ -3.493935, 47.725426 ], [ -3.50065, 47.730204 ], [ -3.494072, 47.725525 ], [ -3.493739835858673, 47.725302987653698 ], [ -3.493935, 47.725426 ] ] ], [ [ [ -3.493064, 47.724877 ], [ -3.493179998859151, 47.724950116276332 ], [ -3.492826110919984, 47.724778061246305 ], [ -3.493064, 47.724877 ] ] ], [ [ [ -3.490112313446066, 47.723645966073562 ], [ -3.487979, 47.722784 ], [ -3.487258499541957, 47.722204546852765 ], [ -3.490112313446066, 47.723645966073562 ] ] ], [ [ [ -3.397202, 47.702149 ], [ -3.40097, 47.702181 ], [ -3.407736, 47.702592 ], [ -3.41239, 47.701621 ], [ -3.412489127598473, 47.701629400806979 ], [ -3.411048, 47.702784 ], [ -3.403609, 47.703407 ], [ -3.402537, 47.703424 ], [ -3.398316, 47.703406 ], [ -3.394272465278775, 47.7024645500166 ], [ -3.397202, 47.702149 ] ] ], [ [ [ -3.367628, 47.714679 ], [ -3.375086, 47.709843 ], [ -3.375492, 47.709576 ], [ -3.37843961651483, 47.707608440152413 ], [ -3.375312, 47.710354 ], [ -3.369702, 47.715678 ], [ -3.367684483812368, 47.716560974246875 ], [ -3.367628, 47.714679 ] ] ], [ [ [ -3.34724, 47.738914 ], [ -3.347279646682695, 47.738916731084032 ], [ -3.347015, 47.740108 ], [ -3.34724, 47.738914 ] ] ], [ [ [ -3.333967, 47.746229 ], [ -3.336209, 47.748423 ], [ -3.344742, 47.750036 ], [ -3.339666, 47.751114 ], [ -3.334899, 47.748277 ], [ -3.333434, 47.746749 ], [ -3.332892735092364, 47.745927747122025 ], [ -3.333967, 47.746229 ] ] ], [ [ [ -3.198695733235605, 47.829358620772169 ], [ -3.199495, 47.828906 ], [ -3.200486, 47.828402 ], [ -3.201064113563589, 47.828137535858545 ], [ -3.198695733235605, 47.829358620772169 ] ] ], [ [ [ -3.399895182858428, 47.848183655742574 ], [ -3.400112, 47.848131 ], [ -3.404417, 47.851458 ], [ -3.399895182858428, 47.848183655742574 ] ] ], [ [ [ -4.108091, 48.318686 ], [ -4.102415, 48.318542 ], [ -4.102349, 48.318521 ], [ -4.099692, 48.317211 ], [ -4.099089, 48.316768 ], [ -4.09711, 48.314523 ], [ -4.096774, 48.314183 ], [ -4.090185, 48.310116 ], [ -4.088017, 48.309651 ], [ -4.087439, 48.309506 ], [ -4.08721, 48.309436 ], [ -4.0867, 48.30919 ], [ -4.085676, 48.308211 ], [ -4.085401, 48.307883 ], [ -4.077013, 48.305377 ], [ -4.076606, 48.305581 ], [ -4.075444, 48.306056 ], [ -4.074964, 48.306171 ], [ -4.068056, 48.308701 ], [ -4.067857, 48.308824 ], [ -4.064239, 48.309238 ], [ -4.063497, 48.305716 ], [ -4.063287, 48.29734 ], [ -4.061741, 48.296408 ], [ -4.058923, 48.295834 ], [ -4.05356, 48.298053 ], [ -4.045862, 48.300023 ], [ -4.042522, 48.301581 ], [ -4.035058, 48.301876 ], [ -4.032785, 48.302913 ], [ -4.032414, 48.303124 ], [ -4.032108, 48.303259 ], [ -4.031675, 48.303417 ], [ -4.030786, 48.303674 ], [ -4.030361, 48.303753 ], [ -4.029709, 48.300212 ], [ -4.030882, 48.298862 ], [ -4.032258, 48.290498 ], [ -4.028241, 48.288389 ], [ -4.026584, 48.288202 ], [ -4.022186, 48.289753 ], [ -4.019138, 48.295957 ], [ -4.01658, 48.29849 ], [ -4.010412, 48.297431 ], [ -4.007232, 48.297104 ], [ -4.007601, 48.293523 ], [ -4.010256, 48.287769 ], [ -4.0048, 48.282235 ], [ -3.999393, 48.278252 ], [ -3.992643, 48.278803 ], [ -3.990223, 48.276935 ], [ -3.982139, 48.276215 ], [ -3.976837, 48.279924 ], [ -3.969054, 48.284043 ], [ -3.968872, 48.284213 ], [ -3.968559, 48.284457 ], [ -3.967263, 48.285036 ], [ -3.966244, 48.285362 ], [ -3.964497, 48.285764 ], [ -3.963887, 48.285842 ], [ -3.963054, 48.285677 ], [ -3.956201, 48.28752 ], [ -3.956056, 48.296386 ], [ -3.957682, 48.297727 ], [ -3.957753, 48.297863 ], [ -3.957929, 48.299021 ], [ -3.957529, 48.299947 ], [ -3.957161, 48.30034 ], [ -3.954681, 48.302141 ], [ -3.954507, 48.302082 ], [ -3.951782, 48.299083 ], [ -3.950035, 48.296339 ], [ -3.944454, 48.289608 ], [ -3.938967, 48.289896 ], [ -3.935861, 48.288866 ], [ -3.931257, 48.288044 ], [ -3.922908, 48.291312 ], [ -3.920932, 48.294321 ], [ -3.916658, 48.298506 ], [ -3.916353, 48.298398 ], [ -3.914898, 48.297884 ], [ -3.906572, 48.298812 ], [ -3.906117, 48.29901 ], [ -3.905191, 48.297861 ], [ -3.905101, 48.297716 ], [ -3.904681, 48.295708 ], [ -3.90565, 48.291334 ], [ -3.908081, 48.288678 ], [ -3.913777, 48.28822 ], [ -3.918803, 48.283193 ], [ -3.91916, 48.28333 ], [ -3.919419, 48.283434 ], [ -3.920049, 48.283886 ], [ -3.921089, 48.285406 ], [ -3.925019, 48.287482 ], [ -3.930614, 48.284502 ], [ -3.931692, 48.282952 ], [ -3.931989, 48.28237 ], [ -3.932537, 48.281769 ], [ -3.932586, 48.281711 ], [ -3.937584, 48.274861 ], [ -3.936996, 48.273146 ], [ -3.936894, 48.272957 ], [ -3.936387, 48.272164 ], [ -3.9361, 48.271663 ], [ -3.93136, 48.26463 ], [ -3.931108, 48.260625 ], [ -3.925828, 48.254666 ], [ -3.921182, 48.257092 ], [ -3.920532, 48.258344 ], [ -3.919935, 48.261578 ], [ -3.920003, 48.262288 ], [ -3.919952, 48.262803 ], [ -3.919827, 48.263317 ], [ -3.914408, 48.266612 ], [ -3.912124, 48.268906 ], [ -3.911376, 48.269178 ], [ -3.910678, 48.269076 ], [ -3.910477, 48.268618 ], [ -3.910619, 48.265477 ], [ -3.911194, 48.263342 ], [ -3.912831, 48.260881 ], [ -3.907509, 48.254516 ], [ -3.904795, 48.255475 ], [ -3.902775, 48.256205 ], [ -3.899396, 48.25879 ], [ -3.898649, 48.259951 ], [ -3.89742, 48.261799 ], [ -3.890338, 48.265041 ], [ -3.887281, 48.26314 ], [ -3.884351, 48.25988 ], [ -3.880541, 48.256245 ], [ -3.875965, 48.251286 ], [ -3.87625, 48.249912 ], [ -3.876934, 48.247819 ], [ -3.880033, 48.239581 ], [ -3.876103, 48.234662 ], [ -3.875399, 48.234334 ], [ -3.866515, 48.233598 ], [ -3.863963, 48.235391 ], [ -3.863047, 48.235883 ], [ -3.862429, 48.236132 ], [ -3.861042, 48.23655 ], [ -3.859681, 48.236969 ], [ -3.858753, 48.235488 ], [ -3.850649, 48.232664 ], [ -3.848943, 48.229495 ], [ -3.849883, 48.225808 ], [ -3.846548, 48.217672 ], [ -3.842805, 48.217472 ], [ -3.840986, 48.217922 ], [ -3.837791, 48.220146 ], [ -3.835256, 48.222032 ], [ -3.832662, 48.224529 ], [ -3.825537, 48.22782 ], [ -3.819449, 48.234037 ], [ -3.817971, 48.236701 ], [ -3.814372, 48.23674 ], [ -3.812787, 48.23462 ], [ -3.812547, 48.233143 ], [ -3.812583, 48.232819 ], [ -3.81208, 48.226608 ], [ -3.807071, 48.222675 ], [ -3.806749, 48.21909 ], [ -3.809827, 48.214541 ], [ -3.805273, 48.209209 ], [ -3.804508, 48.209164 ], [ -3.803667, 48.209076 ], [ -3.80294, 48.208967 ], [ -3.802362, 48.208856 ], [ -3.801756, 48.208718 ], [ -3.796329, 48.207363 ], [ -3.788389, 48.206838 ], [ -3.786115, 48.207492 ], [ -3.785396, 48.207674 ], [ -3.784632, 48.207824 ], [ -3.783886, 48.207932 ], [ -3.783181, 48.207999 ], [ -3.782067, 48.208046 ], [ -3.778872, 48.208059 ], [ -3.77234, 48.21058 ], [ -3.771654, 48.210975 ], [ -3.771045, 48.211272 ], [ -3.770454, 48.211518 ], [ -3.769948, 48.211701 ], [ -3.762384, 48.215943 ], [ -3.76177, 48.216367 ], [ -3.760975, 48.216839 ], [ -3.760172, 48.217241 ], [ -3.759236, 48.21763 ], [ -3.758469, 48.217892 ], [ -3.757704, 48.218114 ], [ -3.757164, 48.218245 ], [ -3.756173, 48.218434 ], [ -3.753354, 48.218873 ], [ -3.750497, 48.219318 ], [ -3.749331, 48.219471 ], [ -3.74842, 48.21953 ], [ -3.747588, 48.219535 ], [ -3.745565, 48.219462 ], [ -3.737071, 48.222266 ], [ -3.736168, 48.222623 ], [ -3.735716, 48.222762 ], [ -3.732265, 48.223632 ], [ -3.731369, 48.223768 ], [ -3.730468, 48.223836 ], [ -3.729745, 48.223839 ], [ -3.728791, 48.223775 ], [ -3.72811, 48.223684 ], [ -3.727708, 48.223614 ], [ -3.726108, 48.223292 ], [ -3.725073, 48.223059 ], [ -3.725863, 48.219547 ], [ -3.726898, 48.21978 ], [ -3.731703, 48.220076 ], [ -3.737887, 48.2174 ], [ -3.73829, 48.21713 ], [ -3.73874, 48.216872 ], [ -3.739446, 48.216542 ], [ -3.740121, 48.216292 ], [ -3.740866, 48.216082 ], [ -3.741285, 48.215987 ], [ -3.741773, 48.215903 ], [ -3.742472, 48.215822 ], [ -3.743195, 48.21579 ], [ -3.743618, 48.215791 ], [ -3.745694, 48.215864 ], [ -3.750018, 48.21575 ], [ -3.7528, 48.215316 ], [ -3.755619, 48.214877 ], [ -3.763207, 48.210697 ], [ -3.763891, 48.210217 ], [ -3.764637, 48.209779 ], [ -3.765255, 48.209476 ], [ -3.766108, 48.209121 ], [ -3.766697, 48.208917 ], [ -3.772392, 48.206219 ], [ -3.772853, 48.205957 ], [ -3.773494, 48.205641 ], [ -3.774274, 48.205321 ], [ -3.775394, 48.204958 ], [ -3.776241, 48.204754 ], [ -3.776877, 48.204638 ], [ -3.777519, 48.20455 ], [ -3.778616, 48.204468 ], [ -3.787392, 48.203378 ], [ -3.78817, 48.203178 ], [ -3.788936, 48.203032 ], [ -3.789632, 48.202936 ], [ -3.790402, 48.20287 ], [ -3.791065, 48.202846 ], [ -3.791695, 48.202852 ], [ -3.792532, 48.202896 ], [ -3.800165, 48.198967 ], [ -3.803765, 48.198894 ], [ -3.805891, 48.199052 ], [ -3.810326, 48.191969 ], [ -3.808797, 48.189732 ], [ -3.807957, 48.186537 ], [ -3.808623, 48.186108 ], [ -3.809103, 48.185861 ], [ -3.810817, 48.18497 ], [ -3.812221, 48.184101 ], [ -3.82012, 48.182884 ], [ -3.822729, 48.181962 ], [ -3.823628, 48.181508 ], [ -3.829521, 48.17547 ], [ -3.829833, 48.175274 ], [ -3.83208, 48.173867 ], [ -3.836353, 48.167186 ], [ -3.831459, 48.161017 ], [ -3.830594, 48.157522 ], [ -3.831304, 48.154457 ], [ -3.831612, 48.152567 ], [ -3.830642, 48.14915 ], [ -3.822795, 48.147061 ], [ -3.820619, 48.147978 ], [ -3.81885, 48.148746 ], [ -3.818215, 48.149002 ], [ -3.817649, 48.149197 ], [ -3.813631, 48.150323 ], [ -3.809593, 48.151454 ], [ -3.807469, 48.152021 ], [ -3.805453, 48.152557 ], [ -3.798521, 48.158124 ], [ -3.79616, 48.157224 ], [ -3.795311, 48.155869 ], [ -3.793467, 48.152777 ], [ -3.793758, 48.151432 ], [ -3.790358, 48.145653 ], [ -3.785841, 48.145854 ], [ -3.77935, 48.140366 ], [ -3.775754, 48.140565 ], [ -3.773273, 48.140662 ], [ -3.772813, 48.140717 ], [ -3.767608, 48.14792 ], [ -3.767631, 48.148134 ], [ -3.76768, 48.149531 ], [ -3.767397, 48.150146 ], [ -3.765977, 48.150404 ], [ -3.756985, 48.150645 ], [ -3.755517, 48.150915 ], [ -3.753676, 48.15077 ], [ -3.751484, 48.150018 ], [ -3.744191, 48.145738 ], [ -3.743505, 48.14563 ], [ -3.735831, 48.143632 ], [ -3.73344, 48.145909 ], [ -3.728716, 48.148561 ], [ -3.725426, 48.1471 ], [ -3.719645, 48.141204 ], [ -3.717415, 48.137653 ], [ -3.71742, 48.13661 ], [ -3.710702, 48.131459 ], [ -3.704954, 48.138226 ], [ -3.705413, 48.140154 ], [ -3.704175, 48.14079 ], [ -3.699745, 48.142422 ], [ -3.697122, 48.146689 ], [ -3.697024, 48.147111 ], [ -3.696226, 48.149389 ], [ -3.696001, 48.150126 ], [ -3.695359, 48.150524 ], [ -3.693811, 48.151094 ], [ -3.692447, 48.150699 ], [ -3.6924, 48.150404 ], [ -3.688753, 48.144036 ], [ -3.682775, 48.142594 ], [ -3.67841, 48.142651 ], [ -3.676283, 48.142323 ], [ -3.676046, 48.141245 ], [ -3.675982, 48.138736 ], [ -3.681648, 48.134569 ], [ -3.68234, 48.134277 ], [ -3.683571, 48.133979 ], [ -3.689259, 48.131131 ], [ -3.690883, 48.127918 ], [ -3.685909, 48.121699 ], [ -3.684602, 48.121665 ], [ -3.683664, 48.12179 ], [ -3.682471, 48.12155 ], [ -3.681941, 48.121402 ], [ -3.681614, 48.121262 ], [ -3.678821, 48.120257 ], [ -3.674616, 48.112581 ], [ -3.673615, 48.112627 ], [ -3.67271, 48.112797 ], [ -3.669872, 48.113667 ], [ -3.668797, 48.114121 ], [ -3.667574, 48.114293 ], [ -3.66677, 48.114289 ], [ -3.666788, 48.110689 ], [ -3.668893, 48.105699 ], [ -3.661513, 48.101018 ], [ -3.660904, 48.101289 ], [ -3.660214, 48.101681 ], [ -3.658033, 48.098816 ], [ -3.653815, 48.093636 ], [ -3.647984, 48.09314 ], [ -3.647402, 48.093342 ], [ -3.644272, 48.101685 ], [ -3.644685, 48.102166 ], [ -3.645127, 48.102607 ], [ -3.64553, 48.10307 ], [ -3.647129, 48.104752 ], [ -3.647412, 48.105143 ], [ -3.647693, 48.105698 ], [ -3.648021, 48.106599 ], [ -3.644639, 48.107832 ], [ -3.643466, 48.106288 ], [ -3.635948, 48.103259 ], [ -3.630493, 48.110208 ], [ -3.630492, 48.1107 ], [ -3.63042, 48.111625 ], [ -3.630265, 48.11227 ], [ -3.62929, 48.119707 ], [ -3.625797, 48.120578 ], [ -3.621884, 48.112973 ], [ -3.620784, 48.109545 ], [ -3.617484, 48.104517 ], [ -3.618513, 48.101067 ], [ -3.622213, 48.092964 ], [ -3.623436, 48.091831 ], [ -3.624674, 48.09087 ], [ -3.62504, 48.090603 ], [ -3.630648, 48.089985 ], [ -3.631531, 48.089294 ], [ -3.633094, 48.084104 ], [ -3.629342, 48.080384 ], [ -3.623185, 48.077088 ], [ -3.622209, 48.076964 ], [ -3.620517, 48.076941 ], [ -3.619052, 48.073652 ], [ -3.612045, 48.07329 ], [ -3.607822, 48.071492 ], [ -3.602278, 48.075807 ], [ -3.601811, 48.076687 ], [ -3.60156, 48.076947 ], [ -3.600396, 48.07803 ], [ -3.599961, 48.078386 ], [ -3.59953, 48.078681 ], [ -3.598413, 48.079409 ], [ -3.597583, 48.079915 ], [ -3.596966, 48.08022 ], [ -3.596478, 48.080385 ], [ -3.596119, 48.08048 ], [ -3.595711, 48.080556 ], [ -3.594794, 48.080665 ], [ -3.594328, 48.080734 ], [ -3.593534, 48.080819 ], [ -3.592926, 48.080866 ], [ -3.585393, 48.085523 ], [ -3.585024, 48.085932 ], [ -3.583287, 48.087373 ], [ -3.582834, 48.087624 ], [ -3.580282, 48.088859 ], [ -3.579766, 48.08911 ], [ -3.579176, 48.089348 ], [ -3.577827, 48.086011 ], [ -3.577826, 48.079086 ], [ -3.579912, 48.076152 ], [ -3.587367, 48.074003 ], [ -3.587959, 48.070126 ], [ -3.587914, 48.067743 ], [ -3.587703, 48.066453 ], [ -3.591256, 48.065872 ], [ -3.594758, 48.067173 ], [ -3.595247, 48.067212 ], [ -3.595949, 48.067416 ], [ -3.596576, 48.067787 ], [ -3.602344, 48.068906 ], [ -3.605643, 48.068145 ], [ -3.607135, 48.059531 ], [ -3.606474, 48.058729 ], [ -3.601476, 48.05622 ], [ -3.599976, 48.056116 ], [ -3.598554, 48.056092 ], [ -3.598615, 48.052492 ], [ -3.601281, 48.045984 ], [ -3.596822, 48.041027 ], [ -3.594387, 48.039711 ], [ -3.58629, 48.04311 ], [ -3.584356, 48.04299 ], [ -3.584029, 48.042968 ], [ -3.582915, 48.042477 ], [ -3.574382, 48.040589 ], [ -3.571932, 48.041461 ], [ -3.571192, 48.041466 ], [ -3.568945, 48.04078 ], [ -3.567145, 48.040339 ], [ -3.566737, 48.040215 ], [ -3.566174, 48.039877 ], [ -3.565668, 48.039227 ], [ -3.556863, 48.040461 ], [ -3.553762, 48.038633 ], [ -3.551933, 48.035545 ], [ -3.544083, 48.034396 ], [ -3.542937, 48.033573 ], [ -3.542552, 48.033221 ], [ -3.536831, 48.028827 ], [ -3.535201, 48.026472 ], [ -3.53589, 48.023734 ], [ -3.535995, 48.023671 ], [ -3.53632, 48.023511 ], [ -3.537253, 48.023513 ], [ -3.537743, 48.023853 ], [ -3.540055, 48.025477 ], [ -3.540574, 48.025844 ], [ -3.548894, 48.026001 ], [ -3.5521, 48.023487 ], [ -3.551591, 48.014905 ], [ -3.545974, 48.014215 ], [ -3.543148, 48.01451 ], [ -3.543126, 48.014517 ], [ -3.542237, 48.01454 ], [ -3.542184, 48.014528 ], [ -3.542273, 48.012209 ], [ -3.536591, 48.007043 ], [ -3.533391, 48.007954 ], [ -3.531125, 48.010018 ], [ -3.529186, 48.013977 ], [ -3.522175, 48.018314 ], [ -3.517756, 48.021388 ], [ -3.517317, 48.021705 ], [ -3.516949, 48.021897 ], [ -3.516499, 48.022095 ], [ -3.51512, 48.022596 ], [ -3.513892, 48.019212 ], [ -3.513766, 48.014108 ], [ -3.5153, 48.012513 ], [ -3.518372, 48.00647 ], [ -3.514213, 47.999746 ], [ -3.511234, 47.998983 ], [ -3.510604, 47.998865 ], [ -3.505964, 47.998945 ], [ -3.503038, 47.996733 ], [ -3.501865, 47.994837 ], [ -3.49707, 47.988762 ], [ -3.494549, 47.988864 ], [ -3.493098, 47.988109 ], [ -3.492783, 47.987525 ], [ -3.492707, 47.987312 ], [ -3.492722, 47.986972 ], [ -3.492771, 47.985733 ], [ -3.493103, 47.985545 ], [ -3.49299, 47.976671 ], [ -3.492441, 47.976433 ], [ -3.491997, 47.976178 ], [ -3.491609, 47.975929 ], [ -3.490248, 47.975003 ], [ -3.489543, 47.974383 ], [ -3.489162, 47.966532 ], [ -3.488612, 47.962974 ], [ -3.488251, 47.957767 ], [ -3.487852, 47.956313 ], [ -3.485814, 47.952812 ], [ -3.480677, 47.949859 ], [ -3.480173, 47.949757 ], [ -3.479881, 47.94966 ], [ -3.478516, 47.949103 ], [ -3.478092, 47.948902 ], [ -3.477896, 47.94879 ], [ -3.476859, 47.945598 ], [ -3.469279, 47.945653 ], [ -3.467968, 47.947621 ], [ -3.467188, 47.951136 ], [ -3.464873, 47.955316 ], [ -3.464579, 47.95602 ], [ -3.463995, 47.956628 ], [ -3.463455, 47.956915 ], [ -3.463047, 47.957056 ], [ -3.46134, 47.954626 ], [ -3.461279, 47.954331 ], [ -3.459925, 47.950122 ], [ -3.456371, 47.942144 ], [ -3.455547, 47.941926 ], [ -3.450484, 47.942873 ], [ -3.446695, 47.942977 ], [ -3.446639, 47.942986 ], [ -3.438889, 47.942288 ], [ -3.434057, 47.940051 ], [ -3.432164, 47.939101 ], [ -3.431791, 47.938911 ], [ -3.431458, 47.938704 ], [ -3.429794, 47.937403 ], [ -3.428928, 47.936719 ], [ -3.42868, 47.936498 ], [ -3.427229, 47.935441 ], [ -3.419359, 47.934656 ], [ -3.417695, 47.935032 ], [ -3.417677, 47.935027 ], [ -3.416643, 47.932294 ], [ -3.417039, 47.930609 ], [ -3.417173, 47.930055 ], [ -3.417248, 47.929869 ], [ -3.417423, 47.929409 ], [ -3.417505, 47.92931 ], [ -3.419943, 47.921138 ], [ -3.414731, 47.91546 ], [ -3.414038, 47.914864 ], [ -3.41363, 47.913826 ], [ -3.41362, 47.913667 ], [ -3.407915, 47.906756 ], [ -3.407447, 47.906687 ], [ -3.404184, 47.90674 ], [ -3.403784, 47.906844 ], [ -3.402402, 47.90713 ], [ -3.401843, 47.907219 ], [ -3.400798, 47.907331 ], [ -3.400277, 47.907292 ], [ -3.39814, 47.90737 ], [ -3.397788, 47.907407 ], [ -3.39083, 47.912805 ], [ -3.386164, 47.912461 ], [ -3.385655, 47.912453 ], [ -3.37944, 47.911914 ], [ -3.372657, 47.910208 ], [ -3.371194, 47.909729 ], [ -3.370885, 47.909484 ], [ -3.3707, 47.909305 ], [ -3.370466, 47.907351 ], [ -3.371141, 47.906833 ], [ -3.372784, 47.90558 ], [ -3.37319, 47.905306 ], [ -3.373774, 47.905014 ], [ -3.380387, 47.900749 ], [ -3.383537, 47.902492 ], [ -3.388345, 47.90393 ], [ -3.394042, 47.899479 ], [ -3.394476, 47.897293 ], [ -3.396501, 47.897068 ], [ -3.397904, 47.896869 ], [ -3.403777, 47.901667 ], [ -3.408998, 47.898861 ], [ -3.411056, 47.896279 ], [ -3.414125, 47.891988 ], [ -3.416052, 47.888947 ], [ -3.41701, 47.884782 ], [ -3.418155, 47.881369 ], [ -3.410961, 47.876695 ], [ -3.407379, 47.877045 ], [ -3.403714, 47.875179 ], [ -3.401138, 47.872664 ], [ -3.401556, 47.872235 ], [ -3.404219, 47.869581 ], [ -3.404665168445664, 47.86749095920095 ], [ -3.40803, 47.869295 ], [ -3.411603, 47.869738 ], [ -3.411783, 47.868284 ], [ -3.411667, 47.867224 ], [ -3.411656, 47.866646 ], [ -3.418996, 47.861439 ], [ -3.420047, 47.86205 ], [ -3.421414, 47.863208 ], [ -3.422357, 47.86427 ], [ -3.423773, 47.865655 ], [ -3.427658, 47.866651 ], [ -3.428344, 47.866784 ], [ -3.429678, 47.866868 ], [ -3.436597, 47.871407 ], [ -3.443269, 47.876518 ], [ -3.44386, 47.877271 ], [ -3.447351, 47.883731 ], [ -3.44921, 47.888248 ], [ -3.450949, 47.88839 ], [ -3.451693, 47.888439 ], [ -3.452803, 47.888462 ], [ -3.452847, 47.887733 ], [ -3.452841, 47.886857 ], [ -3.458678, 47.880457 ], [ -3.467019, 47.883203 ], [ -3.468768, 47.88635 ], [ -3.476757, 47.885385 ], [ -3.479907, 47.885641 ], [ -3.486186, 47.887417 ], [ -3.488041, 47.888049 ], [ -3.494185, 47.887754 ], [ -3.497749, 47.887242 ], [ -3.502051, 47.883028 ], [ -3.508032, 47.880598 ], [ -3.508629, 47.880477 ], [ -3.51106, 47.879863 ], [ -3.513729, 47.879044 ], [ -3.514014, 47.878969 ], [ -3.515441, 47.878715 ], [ -3.520442, 47.879712 ], [ -3.521763, 47.887952 ], [ -3.521861, 47.888999 ], [ -3.522587, 47.891456 ], [ -3.52361, 47.895346 ], [ -3.523987, 47.896886 ], [ -3.526251, 47.897793 ], [ -3.533164, 47.895729 ], [ -3.533571, 47.895584 ], [ -3.534374, 47.894415 ], [ -3.537949, 47.890232 ], [ -3.539776, 47.88713 ], [ -3.547739, 47.88676 ], [ -3.54877, 47.887951 ], [ -3.551141, 47.894863 ], [ -3.551414, 47.895266 ], [ -3.552043, 47.89604 ], [ -3.554833, 47.899743 ], [ -3.559232674064388, 47.902800613348703 ], [ -3.559807, 47.903479 ], [ -3.560565, 47.906804 ], [ -3.5613, 47.910328 ], [ -3.568093, 47.914036 ], [ -3.569203, 47.914797 ], [ -3.572462, 47.91326 ], [ -3.581014, 47.910485 ], [ -3.581451, 47.910837 ], [ -3.58247, 47.911871 ], [ -3.589534, 47.915466 ], [ -3.591234, 47.917411 ], [ -3.591335, 47.917417 ], [ -3.598502, 47.920353 ], [ -3.599359, 47.923133 ], [ -3.60656, 47.928434 ], [ -3.612861, 47.934197 ], [ -3.613546, 47.936426 ], [ -3.614, 47.936906 ], [ -3.616829, 47.939804 ], [ -3.623128, 47.942889 ], [ -3.624136, 47.943192 ], [ -3.626025, 47.943216 ], [ -3.626617, 47.942942 ], [ -3.62736, 47.941589 ], [ -3.627224, 47.941316 ], [ -3.626789, 47.940615 ], [ -3.624663, 47.93884 ], [ -3.624116, 47.931421 ], [ -3.632041, 47.929287 ], [ -3.632653, 47.929593 ], [ -3.636221, 47.92991 ], [ -3.644429, 47.929785 ], [ -3.644812, 47.929845 ], [ -3.645449, 47.929893 ], [ -3.653828, 47.930344 ], [ -3.656947, 47.934805 ], [ -3.660286, 47.942775 ], [ -3.660001, 47.946364 ], [ -3.658979, 47.948867 ], [ -3.650854, 47.951915 ], [ -3.647204, 47.949144 ], [ -3.646685, 47.948602 ], [ -3.645882, 47.94778 ], [ -3.645569, 47.947574 ], [ -3.645287, 47.947426 ], [ -3.644259, 47.948408 ], [ -3.643655, 47.949017 ], [ -3.637824, 47.955185 ], [ -3.637046, 47.955165 ], [ -3.63618, 47.955205 ], [ -3.63564, 47.955263 ], [ -3.634287, 47.955476 ], [ -3.634846, 47.959032 ], [ -3.640628, 47.959544 ], [ -3.644593, 47.958228 ], [ -3.651344, 47.960405 ], [ -3.652843, 47.961896 ], [ -3.653281, 47.96236 ], [ -3.661967, 47.961268 ], [ -3.662488, 47.961395 ], [ -3.665941, 47.962827 ], [ -3.670989, 47.967418 ], [ -3.671254, 47.967479 ], [ -3.6787, 47.971396 ], [ -3.679913, 47.973723 ], [ -3.683609, 47.981438 ], [ -3.683596, 47.982149 ], [ -3.683655, 47.982443 ], [ -3.683847, 47.982969 ], [ -3.684165, 47.983474 ], [ -3.684614, 47.984002 ], [ -3.689687, 47.983587 ], [ -3.693694, 47.988419 ], [ -3.699919, 47.994598 ], [ -3.699979, 47.997312 ], [ -3.700035, 47.997936 ], [ -3.69914, 48.002841 ], [ -3.692419, 48.005021 ], [ -3.692113, 48.005084 ], [ -3.69123, 48.007722 ], [ -3.691386, 48.007915 ], [ -3.691728, 48.008314 ], [ -3.692985, 48.00872 ], [ -3.695088, 48.008856 ], [ -3.700027, 48.008059 ], [ -3.705573, 48.007639 ], [ -3.708962, 48.011854 ], [ -3.709622, 48.012707 ], [ -3.704316, 48.019933 ], [ -3.703546, 48.019542 ], [ -3.700835, 48.021534 ], [ -3.699895, 48.023121 ], [ -3.698916, 48.02841 ], [ -3.69892, 48.02842 ], [ -3.700427, 48.029509 ], [ -3.700472, 48.029511 ], [ -3.705997, 48.030101 ], [ -3.707254, 48.030328 ], [ -3.714017, 48.032017 ], [ -3.718728, 48.034207 ], [ -3.726291, 48.038128 ], [ -3.729437, 48.039879 ], [ -3.735136, 48.039647 ], [ -3.741437, 48.036618 ], [ -3.745204, 48.037788 ], [ -3.748919, 48.039329 ], [ -3.749791, 48.039433 ], [ -3.750037, 48.039409 ], [ -3.755471, 48.037963 ], [ -3.760778, 48.043429 ], [ -3.76072, 48.046432 ], [ -3.761934, 48.046799 ], [ -3.762326, 48.046911 ], [ -3.763798, 48.046004 ], [ -3.764224, 48.045724 ], [ -3.769652, 48.042641 ], [ -3.772866, 48.041355 ], [ -3.773537, 48.041101 ], [ -3.773976, 48.040871 ], [ -3.774989, 48.040186 ], [ -3.775878, 48.039634 ], [ -3.777928, 48.038797 ], [ -3.778467, 48.03862 ], [ -3.786665, 48.04042 ], [ -3.788649, 48.043424 ], [ -3.792746, 48.047169 ], [ -3.794634, 48.045604 ], [ -3.799199, 48.044466 ], [ -3.799296, 48.043983 ], [ -3.799357, 48.043446 ], [ -3.799257, 48.042644 ], [ -3.799112, 48.04212 ], [ -3.798955, 48.039569 ], [ -3.806569, 48.035949 ], [ -3.80898, 48.037441 ], [ -3.811288, 48.045321 ], [ -3.808114, 48.04702 ], [ -3.807737, 48.048805 ], [ -3.805816, 48.053202 ], [ -3.805619, 48.05345 ], [ -3.80543, 48.054615 ], [ -3.806142, 48.056005 ], [ -3.813655, 48.058509 ], [ -3.814617, 48.058362 ], [ -3.819019, 48.058095 ], [ -3.825817, 48.062384 ], [ -3.82674, 48.063875 ], [ -3.829779, 48.066555 ], [ -3.831444, 48.066735 ], [ -3.83191, 48.06666 ], [ -3.833809, 48.065587 ], [ -3.835622, 48.062477 ], [ -3.836983, 48.059835 ], [ -3.836689, 48.056247 ], [ -3.834845, 48.056025 ], [ -3.831191, 48.054466 ], [ -3.830662, 48.04552 ], [ -3.831108, 48.045086 ], [ -3.831853, 48.044289 ], [ -3.832521, 48.043583 ], [ -3.838969, 48.041237 ], [ -3.841442, 48.040191 ], [ -3.847726, 48.035794 ], [ -3.849391, 48.032603 ], [ -3.85476, 48.029371 ], [ -3.858107, 48.028045 ], [ -3.857511, 48.025551 ], [ -3.863635, 48.020908 ], [ -3.868541, 48.028231 ], [ -3.867778, 48.030146 ], [ -3.867068, 48.031252 ], [ -3.867099, 48.031299 ], [ -3.872745, 48.034278 ], [ -3.874514, 48.035342 ], [ -3.882103, 48.039099 ], [ -3.883834, 48.041179 ], [ -3.886414, 48.048562 ], [ -3.890754, 48.049536 ], [ -3.898195, 48.049152 ], [ -3.903035, 48.04961 ], [ -3.909033, 48.054162 ], [ -3.908652, 48.057181 ], [ -3.909285, 48.063234 ], [ -3.909039, 48.064862 ], [ -3.909413, 48.066232 ], [ -3.910833, 48.073727 ], [ -3.909323, 48.076996 ], [ -3.907769, 48.079412 ], [ -3.908238, 48.082981 ], [ -3.911311, 48.08279 ], [ -3.912421, 48.082078 ], [ -3.912942, 48.081645 ], [ -3.913802, 48.080442 ], [ -3.914006, 48.080074 ], [ -3.914638, 48.079064 ], [ -3.919234, 48.07487 ], [ -3.919664, 48.074658 ], [ -3.920081, 48.074379 ], [ -3.920461, 48.074048 ], [ -3.920819, 48.073642 ], [ -3.921143, 48.073107 ], [ -3.921354, 48.072457 ], [ -3.92774, 48.069726 ], [ -3.929873, 48.077088 ], [ -3.929472, 48.078412 ], [ -3.929569, 48.079684 ], [ -3.929803, 48.080653 ], [ -3.933302, 48.07981 ], [ -3.941028, 48.081851 ], [ -3.942666, 48.08285 ], [ -3.944056, 48.083732 ], [ -3.945056, 48.082956 ], [ -3.945985, 48.080693 ], [ -3.945097, 48.079356 ], [ -3.943519, 48.077988 ], [ -3.945257, 48.070578 ], [ -3.948453, 48.070227 ], [ -3.948894, 48.070299 ], [ -3.949595, 48.07026 ], [ -3.950382, 48.069964 ], [ -3.951181, 48.069156 ], [ -3.955513344949426, 48.067710632859018 ], [ -3.958354981942283, 48.067929149312242 ], [ -3.961635, 48.073398 ], [ -3.963672, 48.073132 ], [ -3.96439, 48.072938 ], [ -3.966562, 48.072341 ], [ -3.97276, 48.075537 ], [ -3.968628, 48.083279 ], [ -3.968081, 48.083292 ], [ -3.967056, 48.08336 ], [ -3.96482, 48.083343 ], [ -3.964305, 48.083235 ], [ -3.964101, 48.083214 ], [ -3.963584, 48.083304 ], [ -3.963486, 48.083341 ], [ -3.960972, 48.088908 ], [ -3.960792, 48.089135 ], [ -3.960446, 48.08959 ], [ -3.963069, 48.091834 ], [ -3.969063, 48.09737 ], [ -3.963652, 48.101307 ], [ -3.963342, 48.101374 ], [ -3.959056, 48.105309 ], [ -3.958973, 48.105346 ], [ -3.960461, 48.108624 ], [ -3.960544, 48.108587 ], [ -3.96131, 48.108267 ], [ -3.967765, 48.108843 ], [ -3.9709, 48.113497 ], [ -3.971997, 48.116235 ], [ -3.977746, 48.122282 ], [ -3.978601, 48.126587 ], [ -3.97914, 48.130146 ], [ -3.983962, 48.136483 ], [ -3.985148, 48.139882 ], [ -3.985465, 48.139772 ], [ -3.987613, 48.139278 ], [ -3.988407, 48.13899 ], [ -3.993177, 48.146607 ], [ -3.990258, 48.148221 ], [ -3.988009, 48.148599 ], [ -3.985962, 48.14896 ], [ -3.98381, 48.149342 ], [ -3.983024, 48.14954 ], [ -3.982666, 48.149665 ], [ -3.983859, 48.153062 ], [ -3.988536, 48.16007 ], [ -3.988904, 48.159979 ], [ -3.98933, 48.159847 ], [ -3.990366, 48.159464 ], [ -3.991247, 48.159211 ], [ -3.994558, 48.158126 ], [ -3.997217, 48.166079 ], [ -3.995113, 48.169082 ], [ -3.992119, 48.17034 ], [ -3.99028, 48.170277 ], [ -3.989568, 48.170224 ], [ -3.988575, 48.170086 ], [ -3.987906, 48.169928 ], [ -3.987811, 48.169898 ], [ -3.985642, 48.1711 ], [ -3.985601, 48.171317 ], [ -3.985653, 48.172183 ], [ -3.985761, 48.172531 ], [ -3.988673, 48.178707 ], [ -3.991586, 48.178369 ], [ -3.994307, 48.178097 ], [ -4.000999, 48.177373 ], [ -4.007454, 48.182484 ], [ -4.008188, 48.183798 ], [ -4.008721, 48.183904 ], [ -4.014289, 48.185993 ], [ -4.018959, 48.190519 ], [ -4.022433, 48.189577 ], [ -4.023413, 48.18906 ], [ -4.029951, 48.183705 ], [ -4.030857, 48.183465 ], [ -4.033822, 48.181424 ], [ -4.042411, 48.17974 ], [ -4.04422, 48.188341 ], [ -4.043783, 48.189478 ], [ -4.043458, 48.190508 ], [ -4.043252, 48.191396 ], [ -4.043118, 48.192175 ], [ -4.04283, 48.194439 ], [ -4.042588, 48.196473 ], [ -4.042343, 48.198534 ], [ -4.042171, 48.20021 ], [ -4.042119, 48.201036 ], [ -4.042103, 48.201986 ], [ -4.042131, 48.20278 ], [ -4.042197, 48.203467 ], [ -4.042272, 48.204027 ], [ -4.04244, 48.204926 ], [ -4.042756, 48.206087 ], [ -4.042974, 48.206753 ], [ -4.042975478578001, 48.206752516825091 ], [ -4.043004, 48.206839 ], [ -4.043228, 48.207415 ], [ -4.043805, 48.208648 ], [ -4.037915, 48.215149 ], [ -4.036848, 48.214809 ], [ -4.036365, 48.214687 ], [ -4.035788, 48.214573 ], [ -4.03509, 48.218104 ], [ -4.037499, 48.218777 ], [ -4.038129, 48.218922 ], [ -4.038614, 48.219006 ], [ -4.039445, 48.21909 ], [ -4.040407, 48.2191 ], [ -4.043222, 48.218843 ], [ -4.05154, 48.220817 ], [ -4.051673, 48.220876 ], [ -4.059288, 48.220493 ], [ -4.062382, 48.221921 ], [ -4.065476, 48.22335 ], [ -4.068586, 48.224785 ], [ -4.068807497302404, 48.224884548223955 ], [ -4.073417, 48.230098 ], [ -4.075522, 48.233019 ], [ -4.082609, 48.233824 ], [ -4.082832, 48.233712 ], [ -4.091072, 48.231041 ], [ -4.091919, 48.231312 ], [ -4.094317, 48.232151 ], [ -4.097844, 48.233308 ], [ -4.099152, 48.233812 ], [ -4.104031, 48.238815 ], [ -4.104547, 48.241062 ], [ -4.105088, 48.243407 ], [ -4.105276, 48.24414 ], [ -4.105492, 48.244801 ], [ -4.105853, 48.245627 ], [ -4.106152, 48.246134 ], [ -4.106505, 48.246624 ], [ -4.103874, 48.254179 ], [ -4.099683, 48.253257 ], [ -4.098387, 48.253535 ], [ -4.097236, 48.253873 ], [ -4.096787, 48.254041 ], [ -4.096208, 48.254313 ], [ -4.091044, 48.255764 ], [ -4.090171, 48.259257 ], [ -4.096658, 48.265158 ], [ -4.097237, 48.266944 ], [ -4.101274, 48.273299 ], [ -4.10429, 48.27454 ], [ -4.104253, 48.283238 ], [ -4.101299, 48.28954 ], [ -4.102507, 48.292931 ], [ -4.10996, 48.294179 ], [ -4.116595, 48.298165 ], [ -4.116707, 48.298211 ], [ -4.117457, 48.298521 ], [ -4.122167, 48.303751 ], [ -4.121277, 48.30724 ], [ -4.118486445361314, 48.309724344253411 ], [ -4.113934, 48.306277 ], [ -4.111218, 48.306416 ], [ -4.109621223538186, 48.312802647900654 ], [ -4.103733, 48.312533 ], [ -4.102915, 48.312191 ], [ -4.102409, 48.312158 ], [ -4.100671, 48.311848 ], [ -4.100147, 48.311761 ], [ -4.099229, 48.31164 ], [ -4.097494, 48.314795 ], [ -4.097892, 48.315014 ], [ -4.098515, 48.315233 ], [ -4.102174, 48.316576 ], [ -4.106519, 48.318085 ], [ -4.107256, 48.318468 ], [ -4.107598, 48.318592 ], [ -4.108109473418045, 48.318663384248225 ], [ -4.108091, 48.318686 ] ] ] ] } },
{ "type": "Feature", "properties": { "fid": 10, "ID": null, "CENTER_LON": "-3.0880597", "CENTER_LAT": "48.0856334", "AA_MINS": 45, "AA_MODE": "driving-car", "TOTAL_POP": "156745" }, "geometry": { "type": "MultiPolygon", "coordinates": [ [ [ [ -3.350742, 47.853477 ], [ -3.35259, 47.855454 ], [ -3.353442, 47.857067 ], [ -3.362022, 47.858117 ], [ -3.362681, 47.857828 ], [ -3.363099, 47.857737 ], [ -3.365073, 47.857458 ], [ -3.366079, 47.857301 ], [ -3.367099, 47.859664 ], [ -3.366928, 47.860363 ], [ -3.36603, 47.867511 ], [ -3.366777, 47.871032 ], [ -3.372132, 47.8773 ], [ -3.372611, 47.878908 ], [ -3.372608, 47.87914 ], [ -3.371404, 47.880826 ], [ -3.371022, 47.880747 ], [ -3.370203, 47.880617 ], [ -3.368839, 47.880515 ], [ -3.36634, 47.880502 ], [ -3.365815, 47.880482 ], [ -3.364149, 47.880715 ], [ -3.362759, 47.881423 ], [ -3.365029, 47.889884 ], [ -3.366551, 47.890971 ], [ -3.375179, 47.89215 ], [ -3.375672, 47.891316 ], [ -3.376796, 47.89065 ], [ -3.377413, 47.890625 ], [ -3.379992, 47.89078 ], [ -3.386675, 47.88511 ], [ -3.385843, 47.881607 ], [ -3.389409, 47.875943 ], [ -3.393009, 47.875936 ], [ -3.395108, 47.877193 ], [ -3.395509, 47.878834 ], [ -3.395247, 47.880791 ], [ -3.397435, 47.88899 ], [ -3.398719, 47.891026 ], [ -3.398324, 47.89679 ], [ -3.404727, 47.902565 ], [ -3.405401, 47.902522 ], [ -3.405932, 47.902623 ], [ -3.409576, 47.902914 ], [ -3.410527, 47.902876 ], [ -3.412294, 47.90276 ], [ -3.41263, 47.902724 ], [ -3.413352, 47.902719 ], [ -3.414065, 47.902813 ], [ -3.416419, 47.903223 ], [ -3.420039, 47.903855 ], [ -3.42569, 47.903216 ], [ -3.432115, 47.900657 ], [ -3.437776, 47.89982 ], [ -3.438999, 47.902175 ], [ -3.439205, 47.903124 ], [ -3.435534, 47.909198 ], [ -3.437257, 47.912468 ], [ -3.442195, 47.915676 ], [ -3.442822, 47.919221 ], [ -3.446245, 47.927504 ], [ -3.446494, 47.927443 ], [ -3.451191, 47.931869 ], [ -3.456952, 47.936677 ], [ -3.459974, 47.937169 ], [ -3.463251, 47.938744 ], [ -3.469264, 47.9375 ], [ -3.469679, 47.937285 ], [ -3.471262, 47.936376 ], [ -3.471739, 47.936096 ], [ -3.472701, 47.935454 ], [ -3.473773, 47.934711 ], [ -3.474756, 47.934544 ], [ -3.475611, 47.93442 ], [ -3.476127, 47.937983 ], [ -3.472739, 47.94221 ], [ -3.472711, 47.942266 ], [ -3.469191, 47.945727 ], [ -3.468552, 47.946096 ], [ -3.466822, 47.94757 ], [ -3.465478, 47.951294 ], [ -3.46549, 47.951762 ], [ -3.470927, 47.957692 ], [ -3.474049, 47.954656 ], [ -3.477493, 47.953608 ], [ -3.478816, 47.956895 ], [ -3.478968, 47.957359 ], [ -3.477257, 47.959677 ], [ -3.475328, 47.96374 ], [ -3.47416, 47.96618 ], [ -3.474097, 47.966468 ], [ -3.474018, 47.966997 ], [ -3.478317, 47.973855 ], [ -3.481216, 47.973624 ], [ -3.481694, 47.973569 ], [ -3.483072, 47.973341 ], [ -3.486278, 47.971777 ], [ -3.491966, 47.975492 ], [ -3.496656, 47.973212 ], [ -3.50068, 47.972925 ], [ -3.501341, 47.972829 ], [ -3.503055, 47.972503 ], [ -3.508246, 47.979614 ], [ -3.509316, 47.980722 ], [ -3.509427, 47.983015 ], [ -3.506868, 47.986047 ], [ -3.507656, 47.992444 ], [ -3.511371, 47.995347 ], [ -3.510522, 47.998845 ], [ -3.504724, 47.999035 ], [ -3.501914, 47.996785 ], [ -3.495154, 48.001966 ], [ -3.495204, 48.002545 ], [ -3.495123, 48.003702 ], [ -3.495075, 48.004035 ], [ -3.494997, 48.005214 ], [ -3.494802, 48.007932 ], [ -3.499432, 48.014801 ], [ -3.502978, 48.015426 ], [ -3.509484, 48.019277 ], [ -3.514918, 48.01884 ], [ -3.516293, 48.020651 ], [ -3.516146, 48.022223 ], [ -3.515758, 48.024211 ], [ -3.514132, 48.032754 ], [ -3.515523, 48.033751 ], [ -3.515403, 48.034333 ], [ -3.515228, 48.03493 ], [ -3.519157, 48.042558 ], [ -3.520959, 48.043388 ], [ -3.523129, 48.043999 ], [ -3.527523, 48.043963 ], [ -3.530317, 48.046111 ], [ -3.530587, 48.049701 ], [ -3.529469, 48.049785 ], [ -3.523947, 48.056395 ], [ -3.524062, 48.059993 ], [ -3.528171, 48.065776 ], [ -3.528714, 48.066169 ], [ -3.529234, 48.066588 ], [ -3.531441, 48.068616 ], [ -3.531736, 48.068858 ], [ -3.529448, 48.071638 ], [ -3.529154, 48.071395 ], [ -3.520767, 48.068719 ], [ -3.517485, 48.070199 ], [ -3.517191, 48.06962 ], [ -3.511237, 48.065425 ], [ -3.50486, 48.067095 ], [ -3.502303, 48.068135 ], [ -3.501474, 48.076179 ], [ -3.499439, 48.07915 ], [ -3.502207, 48.086136 ], [ -3.502511, 48.086402 ], [ -3.502225, 48.089777 ], [ -3.505955, 48.096636 ], [ -3.511259, 48.097998 ], [ -3.514583, 48.099381 ], [ -3.515177, 48.106566 ], [ -3.51919, 48.110809 ], [ -3.521268, 48.113748 ], [ -3.528395, 48.117674 ], [ -3.528574, 48.117715 ], [ -3.529536, 48.117991 ], [ -3.530136, 48.118247 ], [ -3.530655, 48.11856 ], [ -3.532354, 48.11948 ], [ -3.53289, 48.119784 ], [ -3.533318, 48.120127 ], [ -3.539305, 48.124554 ], [ -3.546742, 48.126258 ], [ -3.547186, 48.126311 ], [ -3.54747, 48.126367 ], [ -3.555026, 48.12747 ], [ -3.562506, 48.129522 ], [ -3.562873, 48.129544 ], [ -3.569147, 48.127893 ], [ -3.57147, 48.125144 ], [ -3.577817, 48.127671 ], [ -3.578096, 48.128287 ], [ -3.579923, 48.132776 ], [ -3.580438, 48.133538 ], [ -3.5809, 48.134386 ], [ -3.581254, 48.135257 ], [ -3.581491, 48.136047 ], [ -3.589423, 48.139181 ], [ -3.59278, 48.138053 ], [ -3.593687, 48.138673 ], [ -3.594644, 48.139529 ], [ -3.594755, 48.139786 ], [ -3.593856, 48.142269 ], [ -3.587714, 48.144167 ], [ -3.582552, 48.151143 ], [ -3.579981, 48.156307 ], [ -3.576531, 48.157335 ], [ -3.570225, 48.152723 ], [ -3.569504, 48.149196 ], [ -3.563484, 48.143131 ], [ -3.560754, 48.143419 ], [ -3.558024, 48.143707 ], [ -3.554502, 48.144064 ], [ -3.553689, 48.151863 ], [ -3.554578, 48.155352 ], [ -3.550419, 48.16007 ], [ -3.546953, 48.161043 ], [ -3.540387, 48.159462 ], [ -3.535723, 48.165467 ], [ -3.535408, 48.166733 ], [ -3.534261, 48.167129 ], [ -3.531279, 48.167835 ], [ -3.52777, 48.167032 ], [ -3.522061, 48.169044 ], [ -3.518585, 48.171366 ], [ -3.511608, 48.16928 ], [ -3.507811, 48.177394 ], [ -3.507908, 48.180992 ], [ -3.505618, 48.181054 ], [ -3.504754, 48.18105 ], [ -3.503025, 48.180031 ], [ -3.495022, 48.179339 ], [ -3.493226, 48.178578 ], [ -3.487124, 48.182364 ], [ -3.487657, 48.185924 ], [ -3.485966, 48.19058 ], [ -3.487888, 48.195174 ], [ -3.488238, 48.198757 ], [ -3.486384, 48.198938 ], [ -3.486103, 48.198952 ], [ -3.485542, 48.198907 ], [ -3.483005, 48.198685 ], [ -3.482742, 48.198657 ], [ -3.48155, 48.196161 ], [ -3.47826, 48.191031 ], [ -3.47013, 48.193383 ], [ -3.46984, 48.198094 ], [ -3.46862, 48.205575 ], [ -3.471566, 48.211308 ], [ -3.472514, 48.214781 ], [ -3.466331, 48.21888 ], [ -3.462832, 48.218033 ], [ -3.458862, 48.21302 ], [ -3.453664, 48.217234 ], [ -3.453495, 48.218456 ], [ -3.446539, 48.224156 ], [ -3.44585, 48.22598 ], [ -3.445147, 48.234886 ], [ -3.445221, 48.234993 ], [ -3.444552, 48.237429 ], [ -3.444482, 48.237478 ], [ -3.444265, 48.237595 ], [ -3.443873, 48.237725 ], [ -3.443707, 48.237705 ], [ -3.44358, 48.237687 ], [ -3.439954, 48.237178 ], [ -3.4395, 48.237175 ], [ -3.431585, 48.240081 ], [ -3.428074, 48.239287 ], [ -3.42106, 48.240287 ], [ -3.419402, 48.243483 ], [ -3.416077, 48.249809 ], [ -3.418804, 48.252716 ], [ -3.423279, 48.253035 ], [ -3.423367, 48.253045 ], [ -3.425645, 48.253235 ], [ -3.428011, 48.253434 ], [ -3.427709, 48.257021 ], [ -3.425343, 48.256822 ], [ -3.424115, 48.256778 ], [ -3.422976, 48.256623 ], [ -3.422889, 48.256613 ], [ -3.418585, 48.256309 ], [ -3.41117, 48.260095 ], [ -3.40322, 48.262528 ], [ -3.400794, 48.263414 ], [ -3.400622, 48.263473 ], [ -3.399002, 48.262903 ], [ -3.394751, 48.261699 ], [ -3.388868, 48.262883 ], [ -3.383597, 48.266572 ], [ -3.383082, 48.270135 ], [ -3.380276, 48.276642 ], [ -3.373807, 48.276368 ], [ -3.373756, 48.276359 ], [ -3.36954, 48.27574 ], [ -3.366294, 48.274184 ], [ -3.35954, 48.272292 ], [ -3.357315, 48.275821 ], [ -3.357066, 48.276712 ], [ -3.356611, 48.278078 ], [ -3.356149, 48.279343 ], [ -3.355832, 48.280554 ], [ -3.355573, 48.281101 ], [ -3.355174, 48.281638 ], [ -3.354615, 48.2822 ], [ -3.353381, 48.283271 ], [ -3.35102, 48.280553 ], [ -3.345614, 48.273499 ], [ -3.340124, 48.273861 ], [ -3.339643, 48.273806 ], [ -3.336363, 48.27382 ], [ -3.33585, 48.27383 ], [ -3.328535, 48.277089 ], [ -3.327771, 48.280608 ], [ -3.322587, 48.281581 ], [ -3.319195, 48.278708 ], [ -3.312361, 48.283808 ], [ -3.309218, 48.288037 ], [ -3.308414, 48.290217 ], [ -3.308033, 48.29036 ], [ -3.306469, 48.290362 ], [ -3.303307, 48.288209 ], [ -3.302463, 48.284709 ], [ -3.301028, 48.282037 ], [ -3.297057, 48.279584 ], [ -3.291631, 48.284346 ], [ -3.292358, 48.287871 ], [ -3.28946, 48.288469 ], [ -3.284366, 48.293519 ], [ -3.283946, 48.297094 ], [ -3.277468, 48.301344 ], [ -3.27662, 48.303594 ], [ -3.273249, 48.305923 ], [ -3.268607, 48.304187 ], [ -3.263965, 48.304675 ], [ -3.263252, 48.30451 ], [ -3.254873, 48.307078 ], [ -3.255706, 48.314946 ], [ -3.256112, 48.318523 ], [ -3.255147, 48.318769 ], [ -3.253519, 48.319071 ], [ -3.252999, 48.319156 ], [ -3.252613, 48.319182 ], [ -3.252074, 48.31913 ], [ -3.244285, 48.323399 ], [ -3.244055, 48.323539 ], [ -3.24119, 48.325362 ], [ -3.239955, 48.325866 ], [ -3.239318, 48.326127 ], [ -3.238803, 48.326263 ], [ -3.232741, 48.328852 ], [ -3.227648, 48.335892 ], [ -3.224928, 48.339372 ], [ -3.222182, 48.343477 ], [ -3.219488, 48.345864 ], [ -3.218936, 48.345241 ], [ -3.218584, 48.344732 ], [ -3.218305, 48.344095 ], [ -3.215797, 48.338529 ], [ -3.215048, 48.335008 ], [ -3.218825, 48.331844 ], [ -3.221881, 48.32994 ], [ -3.224064, 48.322288 ], [ -3.227445, 48.321053 ], [ -3.229498, 48.312719 ], [ -3.228215, 48.310678 ], [ -3.220962, 48.30764 ], [ -3.218204, 48.309953 ], [ -3.217247, 48.308765 ], [ -3.217029, 48.308467 ], [ -3.216183, 48.306449 ], [ -3.209408, 48.302851 ], [ -3.208079, 48.302774 ], [ -3.207739, 48.302763 ], [ -3.20022, 48.307231 ], [ -3.200597, 48.311358 ], [ -3.200978, 48.312136 ], [ -3.201366, 48.312992 ], [ -3.201352, 48.313078 ], [ -3.201016, 48.313945 ], [ -3.200883, 48.314016 ], [ -3.19889, 48.314528 ], [ -3.194787, 48.316713 ], [ -3.194251, 48.317143 ], [ -3.186935, 48.31688 ], [ -3.184323, 48.319357 ], [ -3.186661, 48.327815 ], [ -3.188527, 48.327732 ], [ -3.190147, 48.32957 ], [ -3.190177, 48.32994 ], [ -3.190157, 48.330942 ], [ -3.185493, 48.336808 ], [ -3.183494, 48.339801 ], [ -3.182058, 48.33961 ], [ -3.179344, 48.337244 ], [ -3.177335, 48.335631 ], [ -3.168634, 48.336122 ], [ -3.166168, 48.340617 ], [ -3.165585, 48.343277 ], [ -3.164374, 48.343516 ], [ -3.160958, 48.342378 ], [ -3.157735, 48.340559 ], [ -3.156954, 48.333536 ], [ -3.14989, 48.330047 ], [ -3.148262, 48.329699 ], [ -3.147367, 48.329043 ], [ -3.139227, 48.327051 ], [ -3.13087, 48.329129 ], [ -3.127354, 48.329904 ], [ -3.119376, 48.327043 ], [ -3.116617, 48.328331 ], [ -3.116204, 48.328527 ], [ -3.113506, 48.329909 ], [ -3.113098, 48.330091 ], [ -3.110514, 48.331472 ], [ -3.109275, 48.332109 ], [ -3.107629, 48.328907 ], [ -3.104713, 48.32616 ], [ -3.102393, 48.32446 ], [ -3.101823, 48.323701 ], [ -3.093317, 48.323132 ], [ -3.092394, 48.327932 ], [ -3.095806, 48.335913 ], [ -3.098725, 48.337168 ], [ -3.099695, 48.337296 ], [ -3.100383, 48.337299 ], [ -3.100716, 48.337325 ], [ -3.101699, 48.339197 ], [ -3.101396, 48.339707 ], [ -3.100435, 48.340914 ], [ -3.094763, 48.342091 ], [ -3.087725, 48.347345 ], [ -3.087296, 48.348239 ], [ -3.085965, 48.35241 ], [ -3.085842, 48.352923 ], [ -3.085517, 48.353955 ], [ -3.084158, 48.35601 ], [ -3.083716, 48.356583 ], [ -3.082457, 48.357778 ], [ -3.079819, 48.355328 ], [ -3.077427, 48.352135 ], [ -3.07068, 48.346186 ], [ -3.067251, 48.347281 ], [ -3.065889, 48.347572 ], [ -3.064079, 48.34446 ], [ -3.065661, 48.34354 ], [ -3.068796, 48.337941 ], [ -3.069152, 48.336767 ], [ -3.065337, 48.33003 ], [ -3.05869, 48.33279 ], [ -3.057091, 48.335151 ], [ -3.056932, 48.335348 ], [ -3.054928, 48.336256 ], [ -3.051805, 48.338902 ], [ -3.051386, 48.339494 ], [ -3.050127, 48.347807 ], [ -3.050673, 48.350543 ], [ -3.051063, 48.351565 ], [ -3.051206, 48.352441 ], [ -3.047653, 48.353019 ], [ -3.044434, 48.351661 ], [ -3.043957, 48.351302 ], [ -3.043849, 48.349066 ], [ -3.043962, 48.34671 ], [ -3.043998, 48.346084 ], [ -3.044101, 48.345679 ], [ -3.044472, 48.343541 ], [ -3.044756, 48.342542 ], [ -3.045057, 48.342056 ], [ -3.045316, 48.341754 ], [ -3.046354, 48.33992 ], [ -3.046628, 48.338972 ], [ -3.046978, 48.338415 ], [ -3.043364, 48.330887 ], [ -3.039332, 48.332333 ], [ -3.036402, 48.335379 ], [ -3.036033, 48.336575 ], [ -3.028213, 48.33984 ], [ -3.022957, 48.346168 ], [ -3.023058, 48.347455 ], [ -3.019558, 48.348298 ], [ -3.017281, 48.345939 ], [ -3.016281, 48.342481 ], [ -3.007769, 48.339609 ], [ -3.00544, 48.340518 ], [ -3.004131, 48.337165 ], [ -3.007816, 48.329201 ], [ -3.005722, 48.326273 ], [ -3.006874, 48.325448 ], [ -3.006052, 48.316534 ], [ -2.99956, 48.31384 ], [ -2.996854, 48.314673 ], [ -2.992782, 48.322306 ], [ -2.987731, 48.324308 ], [ -2.982555, 48.326287 ], [ -2.981597, 48.32587 ], [ -2.977209, 48.324422 ], [ -2.969079, 48.325979 ], [ -2.967033, 48.326916 ], [ -2.966722, 48.326955 ], [ -2.96286, 48.326871 ], [ -2.95419, 48.325562 ], [ -2.953516, 48.325624 ], [ -2.953128, 48.325579 ], [ -2.952332, 48.325407 ], [ -2.944048, 48.321952 ], [ -2.94015, 48.316176 ], [ -2.940278, 48.312578 ], [ -2.940231, 48.309469 ], [ -2.931983, 48.308697 ], [ -2.930915, 48.30748 ], [ -2.925941, 48.303506 ], [ -2.923355, 48.301002 ], [ -2.919974, 48.297222 ], [ -2.914224, 48.299407 ], [ -2.91122, 48.301885 ], [ -2.909628, 48.302984 ], [ -2.909075, 48.303027 ], [ -2.908503, 48.303015 ], [ -2.90762, 48.301885 ], [ -2.90762, 48.301513 ], [ -2.907651, 48.301048 ], [ -2.90724, 48.297821 ], [ -2.906736, 48.294234 ], [ -2.900433, 48.291904 ], [ -2.897868, 48.290638 ], [ -2.889862, 48.293985 ], [ -2.886263, 48.293901 ], [ -2.884767, 48.292534 ], [ -2.884511, 48.290531 ], [ -2.882892, 48.287331 ], [ -2.881542, 48.286157 ], [ -2.879988, 48.284527 ], [ -2.879747, 48.284321 ], [ -2.870792, 48.283738 ], [ -2.870936, 48.287336 ], [ -2.872489, 48.291907 ], [ -2.872511, 48.294527 ], [ -2.871972, 48.294788 ], [ -2.870202, 48.294687 ], [ -2.870044, 48.294557 ], [ -2.863646, 48.294477 ], [ -2.864106, 48.301767 ], [ -2.865138, 48.303413 ], [ -2.8645, 48.305345 ], [ -2.863539, 48.306639 ], [ -2.861727, 48.306376 ], [ -2.857639, 48.305296 ], [ -2.852495, 48.306418 ], [ -2.849497, 48.304425 ], [ -2.842634, 48.309051 ], [ -2.842198, 48.309478 ], [ -2.841255, 48.309968 ], [ -2.83992, 48.309877 ], [ -2.837759, 48.310002 ], [ -2.833055, 48.3118 ], [ -2.832228, 48.312299 ], [ -2.830402, 48.320874 ], [ -2.830512, 48.321104 ], [ -2.831333, 48.322529 ], [ -2.832005, 48.323516 ], [ -2.832551, 48.324208 ], [ -2.834726, 48.326865 ], [ -2.835378, 48.327896 ], [ -2.835598, 48.328521 ], [ -2.835715, 48.329225 ], [ -2.835693, 48.329973 ], [ -2.835548, 48.330696 ], [ -2.835428, 48.331354 ], [ -2.835166, 48.331796 ], [ -2.83485, 48.33222 ], [ -2.834554, 48.332541 ], [ -2.83415, 48.332917 ], [ -2.832434, 48.334372 ], [ -2.830193, 48.335672 ], [ -2.828286, 48.334982 ], [ -2.828115, 48.334774 ], [ -2.827755, 48.334077 ], [ -2.827559, 48.333007 ], [ -2.826512, 48.327408 ], [ -2.826446, 48.32685 ], [ -2.825959, 48.32039 ], [ -2.824897, 48.317826 ], [ -2.824859, 48.316606 ], [ -2.819918, 48.310297 ], [ -2.817714, 48.310422 ], [ -2.817511, 48.306828 ], [ -2.819684, 48.305728 ], [ -2.823844, 48.299509 ], [ -2.817405, 48.294017 ], [ -2.815441, 48.294709 ], [ -2.813228, 48.29648 ], [ -2.812731, 48.297179 ], [ -2.812339, 48.297545 ], [ -2.812029, 48.297773 ], [ -2.810838, 48.298853 ], [ -2.810421, 48.299242 ], [ -2.810053, 48.2995 ], [ -2.808118, 48.300612 ], [ -2.806073, 48.301783 ], [ -2.803154, 48.303203 ], [ -2.801579, 48.299966 ], [ -2.793185, 48.298482 ], [ -2.790262, 48.299949 ], [ -2.788819, 48.30078 ], [ -2.787022, 48.297661 ], [ -2.788466, 48.296829 ], [ -2.791568, 48.295266 ], [ -2.793505, 48.294315 ], [ -2.795427, 48.293372 ], [ -2.796481, 48.292612 ], [ -2.797834, 48.283828 ], [ -2.797107, 48.282571 ], [ -2.796513, 48.281322 ], [ -2.796131, 48.280566 ], [ -2.795519, 48.279514 ], [ -2.795259, 48.278961 ], [ -2.795044, 48.278322 ], [ -2.794469, 48.276215 ], [ -2.792782, 48.27381 ], [ -2.785253, 48.272161 ], [ -2.782792, 48.277286 ], [ -2.781844, 48.278337 ], [ -2.781256, 48.278804 ], [ -2.780555, 48.279221 ], [ -2.778322, 48.280643 ], [ -2.772659, 48.28171 ], [ -2.771139, 48.279918 ], [ -2.770477, 48.27897 ], [ -2.77044, 48.278846 ], [ -2.769125, 48.274842 ], [ -2.769184, 48.273767 ], [ -2.761499, 48.26927 ], [ -2.761236, 48.269416 ], [ -2.760253, 48.269876 ], [ -2.753914, 48.266632 ], [ -2.751709, 48.266561 ], [ -2.749001, 48.266941 ], [ -2.748217, 48.267021 ], [ -2.746183, 48.267164 ], [ -2.744006, 48.267216 ], [ -2.742978, 48.267218 ], [ -2.742972, 48.263618 ], [ -2.742404, 48.257733 ], [ -2.734309, 48.258035 ], [ -2.730005, 48.261741 ], [ -2.724575, 48.262949 ], [ -2.720271, 48.269108 ], [ -2.720033, 48.269244 ], [ -2.713408, 48.271802 ], [ -2.711179, 48.273551 ], [ -2.707942, 48.275125 ], [ -2.705577, 48.272474 ], [ -2.70534, 48.266091 ], [ -2.703931, 48.261475 ], [ -2.701025, 48.253265 ], [ -2.700816, 48.252922 ], [ -2.692156, 48.250834 ], [ -2.689963, 48.247979 ], [ -2.683845, 48.244732 ], [ -2.681367, 48.24212 ], [ -2.676761, 48.234394 ], [ -2.674937, 48.23438 ], [ -2.67279, 48.233939 ], [ -2.670939, 48.22593 ], [ -2.673152, 48.22309 ], [ -2.673996, 48.223748 ], [ -2.676365, 48.224889 ], [ -2.67706, 48.225099 ], [ -2.677471, 48.225246 ], [ -2.679079, 48.225841 ], [ -2.679595, 48.226059 ], [ -2.68031, 48.226426 ], [ -2.682847, 48.22948 ], [ -2.689412, 48.227814 ], [ -2.692085, 48.225401 ], [ -2.696026, 48.22531 ], [ -2.696729, 48.225271 ], [ -2.697113, 48.225285 ], [ -2.697487, 48.225335 ], [ -2.699251, 48.225778 ], [ -2.700054, 48.225932 ], [ -2.703515, 48.22657 ], [ -2.706231, 48.226776 ], [ -2.70978, 48.218861 ], [ -2.710395, 48.218057 ], [ -2.711082, 48.21736 ], [ -2.714832, 48.216697 ], [ -2.712883, 48.208317 ], [ -2.712014, 48.207434 ], [ -2.709918, 48.206276 ], [ -2.710801, 48.204953 ], [ -2.711058, 48.204609 ], [ -2.711142, 48.196567 ], [ -2.703872, 48.195764 ], [ -2.701507, 48.197041 ], [ -2.698893, 48.198439 ], [ -2.696056, 48.203976 ], [ -2.694277, 48.207106 ], [ -2.691933, 48.207738 ], [ -2.687631, 48.206713 ], [ -2.679487, 48.210063 ], [ -2.674772, 48.211203 ], [ -2.673101, 48.208014 ], [ -2.668799, 48.203417 ], [ -2.664239, 48.206092 ], [ -2.659442, 48.211368 ], [ -2.658437, 48.214825 ], [ -2.657231, 48.214474 ], [ -2.65674, 48.214283 ], [ -2.655938, 48.213826 ], [ -2.65442, 48.212801 ], [ -2.653069, 48.211505 ], [ -2.651281, 48.209132 ], [ -2.643647, 48.210673 ], [ -2.641603, 48.213636 ], [ -2.636665, 48.218719 ], [ -2.6354, 48.218832 ], [ -2.633073, 48.218488 ], [ -2.624362, 48.217177 ], [ -2.623893, 48.217338 ], [ -2.62314, 48.216098 ], [ -2.622723, 48.213934 ], [ -2.616807, 48.208831 ], [ -2.614957, 48.208683 ], [ -2.614692, 48.208448 ], [ -2.611098, 48.205399 ], [ -2.607359, 48.203405 ], [ -2.606187, 48.200001 ], [ -2.598779, 48.198397 ], [ -2.597918, 48.198299 ], [ -2.596989, 48.198214 ], [ -2.590211, 48.203605 ], [ -2.590119, 48.204727 ], [ -2.58939, 48.204936 ], [ -2.588629, 48.205048 ], [ -2.580891, 48.208489 ], [ -2.57634, 48.21167 ], [ -2.572915, 48.210564 ], [ -2.573659, 48.20826 ], [ -2.574004, 48.207532 ], [ -2.574329, 48.207034 ], [ -2.574754, 48.206525 ], [ -2.575291, 48.20603 ], [ -2.577077, 48.202385 ], [ -2.571512, 48.19629 ], [ -2.570638, 48.196274 ], [ -2.56739, 48.19472 ], [ -2.567485, 48.194523 ], [ -2.567746, 48.194099 ], [ -2.568339, 48.193117 ], [ -2.568249, 48.187263 ], [ -2.568044, 48.186774 ], [ -2.56057, 48.183555 ], [ -2.55783, 48.190245 ], [ -2.558055, 48.190836 ], [ -2.558323, 48.191651 ], [ -2.554905, 48.192778 ], [ -2.547682, 48.194553 ], [ -2.539467, 48.197177 ], [ -2.537237, 48.198178 ], [ -2.530022, 48.202111 ], [ -2.529444, 48.202856 ], [ -2.529337, 48.202931 ], [ -2.526675, 48.203438 ], [ -2.518136, 48.20328 ], [ -2.516334, 48.204403 ], [ -2.515529, 48.204803 ], [ -2.515111, 48.2049 ], [ -2.514703, 48.204942 ], [ -2.513919, 48.204954 ], [ -2.509932, 48.199985 ], [ -2.50566, 48.199467 ], [ -2.500741, 48.20199 ], [ -2.497552, 48.201577 ], [ -2.491005, 48.199752 ], [ -2.482352, 48.201232 ], [ -2.476775, 48.202055 ], [ -2.468987, 48.19896 ], [ -2.466844, 48.198609 ], [ -2.467426, 48.195056 ], [ -2.469569, 48.195407 ], [ -2.477081, 48.193523 ], [ -2.477288, 48.19344 ], [ -2.478492, 48.193622 ], [ -2.484682, 48.192428 ], [ -2.485492, 48.192375 ], [ -2.491379, 48.185772 ], [ -2.49056, 48.182922 ], [ -2.490435, 48.182706 ], [ -2.489734, 48.181583 ], [ -2.489592, 48.18137 ], [ -2.492591, 48.179378 ], [ -2.496489, 48.180412 ], [ -2.500036, 48.181028 ], [ -2.506045, 48.177282 ], [ -2.507707, 48.175779 ], [ -2.510175, 48.172206 ], [ -2.511146, 48.17107 ], [ -2.513028, 48.171077 ], [ -2.513756, 48.171894 ], [ -2.514322, 48.172593 ], [ -2.52247, 48.175217 ], [ -2.524543, 48.176865 ], [ -2.531319, 48.177071 ], [ -2.534869, 48.17428 ], [ -2.536392, 48.1687 ], [ -2.535599, 48.165189 ], [ -2.533671, 48.158676 ], [ -2.534869, 48.155281 ], [ -2.538172, 48.155559 ], [ -2.544893, 48.151654 ], [ -2.546239, 48.151346 ], [ -2.545729, 48.14253 ], [ -2.54559, 48.142482 ], [ -2.54358, 48.14189 ], [ -2.539935, 48.143 ], [ -2.537424, 48.142537 ], [ -2.538077, 48.138996 ], [ -2.540588, 48.13946 ], [ -2.549253, 48.137296 ], [ -2.555838, 48.13206 ], [ -2.558569, 48.129714 ], [ -2.560621, 48.130083 ], [ -2.562607, 48.132908 ], [ -2.564405, 48.13609 ], [ -2.566133, 48.138001 ], [ -2.566858, 48.138514 ], [ -2.567134, 48.138701 ], [ -2.567746, 48.139209 ], [ -2.568075, 48.139532 ], [ -2.568325, 48.139842 ], [ -2.577239, 48.138871 ], [ -2.577467, 48.135278 ], [ -2.58134, 48.134656 ], [ -2.585198, 48.135702 ], [ -2.590285, 48.130295 ], [ -2.59299, 48.124428 ], [ -2.59031, 48.116284 ], [ -2.589388, 48.114039 ], [ -2.585702, 48.107375 ], [ -2.583496, 48.10512 ], [ -2.584786, 48.102944 ], [ -2.585745, 48.102309 ], [ -2.586764, 48.103123 ], [ -2.587697, 48.103691 ], [ -2.596056, 48.10282 ], [ -2.599705, 48.103205 ], [ -2.604432, 48.107521 ], [ -2.605205, 48.10769 ], [ -2.605664, 48.107786 ], [ -2.606788, 48.10787 ], [ -2.614395, 48.108009 ], [ -2.616016, 48.107113 ], [ -2.614536, 48.098632 ], [ -2.612512, 48.098504 ], [ -2.611892, 48.098439 ], [ -2.61142, 48.098345 ], [ -2.610703, 48.098163 ], [ -2.610175, 48.098003 ], [ -2.60971, 48.097802 ], [ -2.609306, 48.097562 ], [ -2.6086, 48.097229 ], [ -2.609079, 48.09366 ], [ -2.609479, 48.093714 ], [ -2.615871, 48.09188 ], [ -2.618785, 48.087497 ], [ -2.622354, 48.087969 ], [ -2.627945, 48.094338 ], [ -2.629172, 48.094086 ], [ -2.635089, 48.089519 ], [ -2.63482, 48.085929 ], [ -2.638772, 48.083371 ], [ -2.63982, 48.082072 ], [ -2.641071, 48.076349 ], [ -2.637687, 48.073231 ], [ -2.637452, 48.070427 ], [ -2.640126, 48.067542 ], [ -2.643679, 48.068122 ], [ -2.649662, 48.065756 ], [ -2.650168, 48.065318 ], [ -2.650514, 48.065115 ], [ -2.652129, 48.06423 ], [ -2.654211, 48.063456 ], [ -2.660703, 48.058716 ], [ -2.661537, 48.057927 ], [ -2.669194, 48.054261 ], [ -2.669882, 48.050727 ], [ -2.664055, 48.043876 ], [ -2.661383, 48.044688 ], [ -2.660438, 48.044346 ], [ -2.65959, 48.043908 ], [ -2.65929, 48.04374 ], [ -2.657631, 48.042727 ], [ -2.658533, 48.03436 ], [ -2.655898, 48.032031 ], [ -2.654015, 48.030746 ], [ -2.648277, 48.029466 ], [ -2.648022, 48.029305 ], [ -2.647874, 48.029152 ], [ -2.646928, 48.026308 ], [ -2.648534, 48.022873 ], [ -2.654151, 48.020964 ], [ -2.657676, 48.020232 ], [ -2.658434, 48.022645 ], [ -2.658824, 48.023398 ], [ -2.659152, 48.024013 ], [ -2.661509, 48.028997 ], [ -2.669093, 48.028825 ], [ -2.671982, 48.026676 ], [ -2.675767, 48.024956 ], [ -2.678952, 48.023288 ], [ -2.683252, 48.020783 ], [ -2.684778, 48.014997 ], [ -2.679282, 48.011789 ], [ -2.678542, 48.011919 ], [ -2.678035, 48.011866 ], [ -2.677515, 48.011721 ], [ -2.67603, 48.011428 ], [ -2.674613, 48.011403 ], [ -2.67254, 48.011141 ], [ -2.671372, 48.01094 ], [ -2.669976, 48.010908 ], [ -2.669356, 48.010917 ], [ -2.667622, 48.010999 ], [ -2.666981, 48.010936 ], [ -2.665983, 48.010493 ], [ -2.665212, 48.010041 ], [ -2.664062, 48.009359 ], [ -2.660718, 48.008469 ], [ -2.660335, 48.004889 ], [ -2.653993, 48.000684 ], [ -2.653083, 48.000711 ], [ -2.651781, 48.000803 ], [ -2.651731, 48.00044 ], [ -2.651691, 47.999886 ], [ -2.651707, 47.999267 ], [ -2.651828, 47.998621 ], [ -2.652183, 47.99787 ], [ -2.652416, 47.997543 ], [ -2.652734, 47.997091 ], [ -2.655027, 47.995003 ], [ -2.657441, 47.993239 ], [ -2.652635, 47.985644 ], [ -2.649281, 47.983197 ], [ -2.641842, 47.984761 ], [ -2.639817, 47.985408 ], [ -2.63931, 47.985218 ], [ -2.639196, 47.985157 ], [ -2.637454, 47.984192 ], [ -2.635205, 47.979486 ], [ -2.627336, 47.978262 ], [ -2.624939, 47.975576 ], [ -2.620917, 47.968085 ], [ -2.622023, 47.964659 ], [ -2.622366, 47.964614 ], [ -2.625804, 47.964943 ], [ -2.634048, 47.962764 ], [ -2.635065, 47.96224 ], [ -2.636461, 47.961337 ], [ -2.641285, 47.963032 ], [ -2.645677, 47.961363 ], [ -2.646214, 47.961006 ], [ -2.647343, 47.960707 ], [ -2.650152, 47.961223 ], [ -2.654679, 47.961367 ], [ -2.66, 47.954781 ], [ -2.664011, 47.951995 ], [ -2.665423, 47.952299 ], [ -2.669244, 47.951953 ], [ -2.673273, 47.952549 ], [ -2.67445, 47.952383 ], [ -2.674812, 47.952319 ], [ -2.680837, 47.955996 ], [ -2.683328, 47.95528 ], [ -2.68392, 47.955367 ], [ -2.68474, 47.955559 ], [ -2.685264, 47.95575 ], [ -2.686895, 47.956774 ], [ -2.688451, 47.95783 ], [ -2.689977, 47.958867 ], [ -2.693886, 47.959716 ], [ -2.698119, 47.953736 ], [ -2.700811, 47.951346 ], [ -2.699159, 47.944296 ], [ -2.696541, 47.94183 ], [ -2.693216, 47.937586 ], [ -2.684263, 47.938459 ], [ -2.683266, 47.9383 ], [ -2.681389, 47.938042 ], [ -2.680202, 47.937863 ], [ -2.673593, 47.938506 ], [ -2.672883, 47.938866 ], [ -2.672298, 47.939151 ], [ -2.670258, 47.936185 ], [ -2.664808, 47.93243 ], [ -2.65909, 47.927086 ], [ -2.654759, 47.927694 ], [ -2.652979, 47.928101 ], [ -2.65058, 47.929192 ], [ -2.642607, 47.930663 ], [ -2.641168, 47.931207 ], [ -2.639253, 47.931785 ], [ -2.636733, 47.932444 ], [ -2.634276, 47.933085 ], [ -2.633088, 47.933439 ], [ -2.631922, 47.933863 ], [ -2.631085, 47.934229 ], [ -2.630248, 47.934644 ], [ -2.62951, 47.935058 ], [ -2.627891, 47.93619 ], [ -2.626834, 47.937128 ], [ -2.626431, 47.93751 ], [ -2.625538, 47.938276 ], [ -2.624615, 47.938962 ], [ -2.623957, 47.939395 ], [ -2.623187, 47.939853 ], [ -2.622467, 47.94024 ], [ -2.621795, 47.940568 ], [ -2.620957, 47.940938 ], [ -2.617627, 47.942359 ], [ -2.614297, 47.94378 ], [ -2.612885, 47.940469 ], [ -2.616215, 47.939048 ], [ -2.622409, 47.933205 ], [ -2.629515, 47.930911 ], [ -2.630587, 47.930522 ], [ -2.631848, 47.930059 ], [ -2.633239, 47.929637 ], [ -2.635823, 47.928961 ], [ -2.638342, 47.928302 ], [ -2.641324, 47.927299 ], [ -2.643448, 47.926406 ], [ -2.645628, 47.925491 ], [ -2.647808, 47.924576 ], [ -2.649988, 47.923661 ], [ -2.652084, 47.922933 ], [ -2.655203, 47.915917 ], [ -2.655339, 47.915117 ], [ -2.655817, 47.910631 ], [ -2.656025, 47.909655 ], [ -2.657506, 47.904078 ], [ -2.664577, 47.902979 ], [ -2.668414, 47.901055 ], [ -2.669043, 47.901678 ], [ -2.671181, 47.903516 ], [ -2.678526, 47.904609 ], [ -2.679075, 47.904579 ], [ -2.680237, 47.904481 ], [ -2.684884, 47.903307 ], [ -2.686871, 47.903624 ], [ -2.691171, 47.90695 ], [ -2.698477, 47.903093 ], [ -2.697488, 47.900226 ], [ -2.697472, 47.899636 ], [ -2.698246, 47.898629 ], [ -2.698852, 47.898034 ], [ -2.700992, 47.896559 ], [ -2.703753, 47.89992 ], [ -2.704203, 47.900168 ], [ -2.704625, 47.900462 ], [ -2.706964, 47.901565 ], [ -2.707804, 47.901856 ], [ -2.711966, 47.893887 ], [ -2.711094, 47.890394 ], [ -2.716173, 47.884655 ], [ -2.719772, 47.884561 ], [ -2.722342, 47.886245 ], [ -2.726472, 47.887403 ], [ -2.729495, 47.887745 ], [ -2.732656, 47.887589 ], [ -2.733151, 47.887591 ], [ -2.733595, 47.887629 ], [ -2.737315, 47.886938 ], [ -2.73952, 47.878323 ], [ -2.738535, 47.874861 ], [ -2.737892, 47.873619 ], [ -2.731834, 47.869708 ], [ -2.727939, 47.870316 ], [ -2.727221, 47.870406 ], [ -2.720451, 47.872897 ], [ -2.717257, 47.871235 ], [ -2.714107, 47.868271 ], [ -2.71545, 47.864931 ], [ -2.721061, 47.863908 ], [ -2.722451, 47.863889 ], [ -2.723723, 47.864085 ], [ -2.728492, 47.865768 ], [ -2.732968, 47.861914 ], [ -2.731264, 47.855583 ], [ -2.730393, 47.854668 ], [ -2.732369, 47.852553 ], [ -2.733001, 47.852186 ], [ -2.733872, 47.853101 ], [ -2.736036, 47.855335 ], [ -2.740911, 47.858014 ], [ -2.74534, 47.854074 ], [ -2.745113, 47.850481 ], [ -2.74753, 47.850328 ], [ -2.754392, 47.844841 ], [ -2.753674, 47.839294 ], [ -2.755258, 47.836555 ], [ -2.757077, 47.836644 ], [ -2.757585, 47.836724 ], [ -2.758016, 47.836858 ], [ -2.761105, 47.837693 ], [ -2.762395, 47.840329 ], [ -2.763847, 47.841953 ], [ -2.763869, 47.842225 ], [ -2.769003, 47.849543 ], [ -2.774447, 47.844043 ], [ -2.774584, 47.843463 ], [ -2.774891, 47.843072 ], [ -2.775368, 47.842474 ], [ -2.778051, 47.842259 ], [ -2.778463, 47.842979 ], [ -2.786837, 47.845127 ], [ -2.788685, 47.836923 ], [ -2.784368, 47.834759 ], [ -2.783055, 47.834752 ], [ -2.781119, 47.831716 ], [ -2.78234, 47.830938 ], [ -2.783006, 47.830491 ], [ -2.783387, 47.830285 ], [ -2.78828, 47.827722 ], [ -2.789806, 47.826846 ], [ -2.796446, 47.826071 ], [ -2.800045, 47.826174 ], [ -2.802426, 47.827253 ], [ -2.809704, 47.827283 ], [ -2.812807, 47.823932 ], [ -2.812192, 47.818509 ], [ -2.811522, 47.817624 ], [ -2.810721, 47.816394 ], [ -2.810113, 47.815247 ], [ -2.809055, 47.813105 ], [ -2.808106, 47.810957 ], [ -2.811399, 47.809502 ], [ -2.814198, 47.813496 ], [ -2.81545, 47.81633 ], [ -2.816277, 47.817807 ], [ -2.816654, 47.818395 ], [ -2.824182, 47.822631 ], [ -2.826219, 47.8256 ], [ -2.832675, 47.828756 ], [ -2.836255, 47.828376 ], [ -2.836298, 47.828783 ], [ -2.836569, 47.831148 ], [ -2.838614, 47.83759 ], [ -2.839792, 47.840992 ], [ -2.84713, 47.840914 ], [ -2.849113, 47.835408 ], [ -2.85007, 47.833217 ], [ -2.850599, 47.833156 ], [ -2.852414, 47.832946 ], [ -2.85305, 47.833043 ], [ -2.854135, 47.833833 ], [ -2.854917, 47.838673 ], [ -2.855069, 47.842269 ], [ -2.855025, 47.847494 ], [ -2.862977, 47.850496 ], [ -2.865249, 47.849156 ], [ -2.867941, 47.847292 ], [ -2.86811, 47.847424 ], [ -2.868632, 47.848054 ], [ -2.868903, 47.849072 ], [ -2.868952, 47.851973 ], [ -2.868922, 47.852017 ], [ -2.866353, 47.855591 ], [ -2.866398, 47.858913 ], [ -2.866444, 47.85919 ], [ -2.873836, 47.863332 ], [ -2.875072, 47.862677 ], [ -2.875648, 47.862414 ], [ -2.876232, 47.862197 ], [ -2.879981, 47.861426 ], [ -2.882499, 47.860758 ], [ -2.882847, 47.860678 ], [ -2.884007, 47.860486 ], [ -2.885481, 47.860077 ], [ -2.88973, 47.862197 ], [ -2.893934, 47.863991 ], [ -2.900073, 47.868847 ], [ -2.904525, 47.87429 ], [ -2.906953, 47.875017 ], [ -2.913589, 47.876811 ], [ -2.921144, 47.87698 ], [ -2.922415, 47.878986 ], [ -2.923344, 47.87983 ], [ -2.928646, 47.882829 ], [ -2.932691, 47.880601 ], [ -2.934095, 47.873912 ], [ -2.933783, 47.873153 ], [ -2.933641, 47.872681 ], [ -2.933495, 47.871987 ], [ -2.935295, 47.867628 ], [ -2.937876, 47.862179 ], [ -2.940928, 47.85995 ], [ -2.944877, 47.859151 ], [ -2.951435, 47.861662 ], [ -2.956804, 47.861794 ], [ -2.962242, 47.858393 ], [ -2.967573, 47.855052 ], [ -2.970961, 47.849676 ], [ -2.971782, 47.848859 ], [ -2.972264, 47.848516 ], [ -2.974585, 47.846895 ], [ -2.977675, 47.845048 ], [ -2.98173, 47.844496 ], [ -2.98801, 47.850161 ], [ -2.989541, 47.853419 ], [ -2.99562, 47.857456 ], [ -2.999427, 47.851684 ], [ -2.999235, 47.849255 ], [ -3.000229, 47.846587 ], [ -3.000418, 47.846549 ], [ -3.002199, 47.847212 ], [ -3.003379, 47.847795 ], [ -3.010127, 47.850382 ], [ -3.013433, 47.851807 ], [ -3.015633, 47.85374 ], [ -3.023008, 47.850537 ], [ -3.026443, 47.849564 ], [ -3.031824, 47.846205 ], [ -3.032873, 47.843259 ], [ -3.033065, 47.842083 ], [ -3.033924, 47.84165 ], [ -3.034862, 47.841762 ], [ -3.036618, 47.842663 ], [ -3.039814, 47.848476 ], [ -3.041066, 47.849592 ], [ -3.042189, 47.850618 ], [ -3.049597, 47.850898 ], [ -3.051933, 47.846624 ], [ -3.053335, 47.843309 ], [ -3.056066, 47.841736 ], [ -3.056846, 47.841429 ], [ -3.060268, 47.840535 ], [ -3.062299, 47.841089 ], [ -3.063072, 47.844605 ], [ -3.063251, 47.845447 ], [ -3.063868, 47.8469 ], [ -3.062832, 47.854178 ], [ -3.071736, 47.855451 ], [ -3.072909, 47.852953 ], [ -3.075434, 47.850341 ], [ -3.075853, 47.84944 ], [ -3.075228, 47.84253 ], [ -3.077454, 47.8397 ], [ -3.080224, 47.839271 ], [ -3.083536, 47.840681 ], [ -3.08963, 47.844074 ], [ -3.093107, 47.845429 ], [ -3.095624, 47.846586 ], [ -3.101235, 47.848046 ], [ -3.104983, 47.847116 ], [ -3.10881, 47.842706 ], [ -3.112215, 47.843873 ], [ -3.117714, 47.849741 ], [ -3.1218900896994, 47.848215166927993 ], [ -3.121859, 47.848241 ], [ -3.120306, 47.849573 ], [ -3.118031, 47.85148 ], [ -3.116281, 47.85292 ], [ -3.109073, 47.857022 ], [ -3.10795, 47.857311 ], [ -3.106723, 47.857556 ], [ -3.10521, 47.85776 ], [ -3.104644, 47.857811 ], [ -3.103866, 47.857857 ], [ -3.102759, 47.857891 ], [ -3.101219, 47.857847 ], [ -3.09932, 47.857733 ], [ -3.09833, 47.857655 ], [ -3.0973, 47.857613 ], [ -3.096148, 47.857606 ], [ -3.094984, 47.857633 ], [ -3.094244, 47.857672 ], [ -3.092818, 47.857792 ], [ -3.092124, 47.857872 ], [ -3.090697, 47.858087 ], [ -3.0899, 47.858241 ], [ -3.088963, 47.85845 ], [ -3.087622, 47.85878 ], [ -3.085225, 47.859446 ], [ -3.082734, 47.86014 ], [ -3.080617, 47.860856 ], [ -3.078345, 47.861686 ], [ -3.07958, 47.865067 ], [ -3.081852, 47.864237 ], [ -3.086188, 47.862914 ], [ -3.088585, 47.862249 ], [ -3.089822, 47.861946 ], [ -3.096229, 47.861205 ], [ -3.099035, 47.861321 ], [ -3.101002, 47.86144 ], [ -3.102654, 47.861489 ], [ -3.103968, 47.861455 ], [ -3.104851, 47.861405 ], [ -3.105531, 47.861345 ], [ -3.10649, 47.861237 ], [ -3.10729, 47.861111 ], [ -3.108651, 47.860843 ], [ -3.109963, 47.860511 ], [ -3.110697, 47.860289 ], [ -3.111512, 47.860012 ], [ -3.112793, 47.859504 ], [ -3.113342, 47.85926 ], [ -3.114491, 47.858675 ], [ -3.115096, 47.858325 ], [ -3.115578, 47.858034 ], [ -3.116533, 47.857378 ], [ -3.117026, 47.857013 ], [ -3.118619, 47.855657 ], [ -3.120318, 47.85426 ], [ -3.122618, 47.852332 ], [ -3.124203, 47.850974 ], [ -3.12662, 47.848965 ], [ -3.127883, 47.847871 ], [ -3.128328, 47.84751 ], [ -3.128811, 47.84715 ], [ -3.130328, 47.846175 ], [ -3.138453, 47.845996 ], [ -3.140278, 47.846238 ], [ -3.147776, 47.849832 ], [ -3.149809, 47.852011 ], [ -3.150168, 47.852354 ], [ -3.150645, 47.852677 ], [ -3.151344, 47.853036 ], [ -3.152422, 47.851614 ], [ -3.15299, 47.849834 ], [ -3.161517, 47.847627 ], [ -3.16261, 47.851057 ], [ -3.16495, 47.854512 ], [ -3.166895245220735, 47.855184738077455 ], [ -3.160507, 47.858704 ], [ -3.160463, 47.867456 ], [ -3.162324, 47.867633 ], [ -3.164166, 47.867835 ], [ -3.163774, 47.871414 ], [ -3.159185, 47.872051 ], [ -3.15333, 47.878536 ], [ -3.149687, 47.878846 ], [ -3.14633, 47.87946 ], [ -3.142378, 47.881113 ], [ -3.138347, 47.888498 ], [ -3.140021, 47.890645 ], [ -3.145577, 47.892903 ], [ -3.149902, 47.892024 ], [ -3.153756, 47.890417 ], [ -3.154703, 47.889714 ], [ -3.155804, 47.888876 ], [ -3.156902, 47.888414 ], [ -3.15807, 47.888109 ], [ -3.158582, 47.888074 ], [ -3.159109, 47.888007 ], [ -3.160694, 47.890181 ], [ -3.168835, 47.892458 ], [ -3.171304, 47.889051 ], [ -3.174904, 47.889087 ], [ -3.183207, 47.890814 ], [ -3.184131, 47.890494 ], [ -3.185898, 47.889931 ], [ -3.186046, 47.889875 ], [ -3.189237, 47.889016 ], [ -3.190365, 47.888759 ], [ -3.193075, 47.887695 ], [ -3.196857, 47.886388 ], [ -3.198717, 47.886417 ], [ -3.199409, 47.886404 ], [ -3.204125, 47.883858 ], [ -3.203958, 47.875907 ], [ -3.200855, 47.873543 ], [ -3.199987, 47.873018 ], [ -3.196548, 47.871134 ], [ -3.193415, 47.869362 ], [ -3.185958, 47.866529 ], [ -3.185363, 47.866456 ], [ -3.184991, 47.866347 ], [ -3.184573, 47.866166 ], [ -3.183723, 47.865736 ], [ -3.185265, 47.862482 ], [ -3.188135, 47.862642 ], [ -3.193261, 47.858916 ], [ -3.196853, 47.859157 ], [ -3.20252, 47.861405 ], [ -3.207144, 47.86085 ], [ -3.211129, 47.857263 ], [ -3.211863, 47.85639 ], [ -3.212443, 47.855875 ], [ -3.215749, 47.857659 ], [ -3.22214, 47.85517 ], [ -3.223062, 47.852288 ], [ -3.224617, 47.850321 ], [ -3.22531, 47.849488 ], [ -3.233851, 47.847773 ], [ -3.237451, 47.847781 ], [ -3.240327, 47.851825 ], [ -3.246875, 47.856853 ], [ -3.247999, 47.860273 ], [ -3.250239, 47.866427 ], [ -3.250899, 47.867004 ], [ -3.252673, 47.868277 ], [ -3.260494, 47.867787 ], [ -3.260795, 47.8642 ], [ -3.263728, 47.858555 ], [ -3.26393, 47.856896 ], [ -3.263938, 47.856342 ], [ -3.263894, 47.855456 ], [ -3.26747, 47.855044 ], [ -3.269285, 47.857451 ], [ -3.2696, 47.857912 ], [ -3.269518, 47.860849 ], [ -3.269527, 47.86317 ], [ -3.269594, 47.863724 ], [ -3.269562, 47.864281 ], [ -3.269393, 47.864914 ], [ -3.269419, 47.868294 ], [ -3.275864, 47.873233 ], [ -3.277618, 47.873425 ], [ -3.278051, 47.873478 ], [ -3.27869, 47.873698 ], [ -3.28525, 47.875937 ], [ -3.285848, 47.876047 ], [ -3.286308, 47.876197 ], [ -3.286739, 47.876428 ], [ -3.287632, 47.876953 ], [ -3.29578, 47.879621 ], [ -3.2965, 47.879556 ], [ -3.296946, 47.87953 ], [ -3.29755, 47.879575 ], [ -3.297946, 47.879657 ], [ -3.298064, 47.879685 ], [ -3.298797, 47.879999 ], [ -3.302428, 47.880845 ], [ -3.30315, 47.880941 ], [ -3.306811, 47.883651 ], [ -3.308922, 47.884925 ], [ -3.316094, 47.886733 ], [ -3.31667, 47.879044 ], [ -3.313638, 47.874363 ], [ -3.310396, 47.873305 ], [ -3.30759, 47.869762 ], [ -3.306923, 47.869409 ], [ -3.306492, 47.869066 ], [ -3.305827, 47.86849 ], [ -3.308184, 47.865769 ], [ -3.313286, 47.866317 ], [ -3.31859, 47.865785 ], [ -3.323945, 47.859199 ], [ -3.326209, 47.8564 ], [ -3.326412, 47.856564 ], [ -3.327363, 47.857787 ], [ -3.328328, 47.859203 ], [ -3.328789, 47.859692 ], [ -3.330097, 47.860732 ], [ -3.337028, 47.855227 ], [ -3.33801796663148, 47.851572727191005 ], [ -3.340263, 47.85367 ], [ -3.340616, 47.856375 ], [ -3.340968, 47.859081 ], [ -3.341308, 47.86164 ], [ -3.340669, 47.865151 ], [ -3.33979, 47.867219 ], [ -3.338937, 47.869231 ], [ -3.337951, 47.871341 ], [ -3.336966, 47.873451 ], [ -3.340227, 47.874974 ], [ -3.341213, 47.872864 ], [ -3.342198, 47.870754 ], [ -3.343103, 47.868627 ], [ -3.343982, 47.866558 ], [ -3.344456, 47.865332 ], [ -3.344735, 47.864274 ], [ -3.344824, 47.863786 ], [ -3.344898, 47.863209 ], [ -3.344943, 47.862481 ], [ -3.344904, 47.861467 ], [ -3.344538, 47.858615 ], [ -3.344185, 47.85591 ], [ -3.345184, 47.852402 ], [ -3.348043309235696, 47.851355206583634 ], [ -3.350742, 47.853477 ] ], [ [ -3.40951, 48.143524 ], [ -3.406769, 48.14359 ], [ -3.401595, 48.138195 ], [ -3.399592, 48.135204 ], [ -3.39144, 48.133571 ], [ -3.390443, 48.130112 ], [ -3.385495, 48.13035 ], [ -3.382607, 48.129306 ], [ -3.379822, 48.128346 ], [ -3.378664, 48.121073 ], [ -3.375169, 48.117349 ], [ -3.369241, 48.113161 ], [ -3.368901, 48.112673 ], [ -3.368575, 48.112158 ], [ -3.367996, 48.111129 ], [ -3.36679, 48.108867 ], [ -3.37038, 48.10162 ], [ -3.372635, 48.10091 ], [ -3.373357, 48.100765 ], [ -3.380858, 48.102026 ], [ -3.381624, 48.101028 ], [ -3.385969, 48.096894 ], [ -3.386258, 48.093405 ], [ -3.386226, 48.093303 ], [ -3.38584, 48.093226 ], [ -3.385678, 48.093264 ], [ -3.383474, 48.093292 ], [ -3.382878, 48.093141 ], [ -3.380619, 48.093211 ], [ -3.380498, 48.084326 ], [ -3.380946, 48.084162 ], [ -3.381469, 48.083884 ], [ -3.383397, 48.082542 ], [ -3.381339, 48.079588 ], [ -3.379164, 48.076583 ], [ -3.385381, 48.071099 ], [ -3.386581, 48.070415 ], [ -3.391064, 48.064865 ], [ -3.394071, 48.063476 ], [ -3.394252, 48.063393 ], [ -3.39429, 48.062443 ], [ -3.39363, 48.061303 ], [ -3.392742, 48.060125 ], [ -3.38722, 48.059668 ], [ -3.383622, 48.059795 ], [ -3.382207, 48.05992 ], [ -3.377949, 48.063132 ], [ -3.376408, 48.06342 ], [ -3.369973, 48.057516 ], [ -3.370046, 48.053917 ], [ -3.373071, 48.0472 ], [ -3.3793, 48.045605 ], [ -3.382212, 48.043531 ], [ -3.382856, 48.043043 ], [ -3.383284, 48.042436 ], [ -3.383569, 48.041787 ], [ -3.381846, 48.038739 ], [ -3.375217, 48.035985 ], [ -3.374989, 48.036007 ], [ -3.374512, 48.03611 ], [ -3.368922, 48.036163 ], [ -3.366715, 48.029828 ], [ -3.366821, 48.028909 ], [ -3.366385, 48.02856 ], [ -3.365866, 48.02816 ], [ -3.36541, 48.027861 ], [ -3.364034, 48.027426 ], [ -3.361727, 48.026411 ], [ -3.360047, 48.017584 ], [ -3.365404, 48.012465 ], [ -3.371119, 48.015417 ], [ -3.371534, 48.015932 ], [ -3.372938, 48.017161 ], [ -3.378562, 48.013989 ], [ -3.384477, 48.013661 ], [ -3.387539, 48.014071 ], [ -3.387951, 48.014092 ], [ -3.389436, 48.012228 ], [ -3.389419, 48.012077 ], [ -3.388132, 48.010496 ], [ -3.387721, 48.010475 ], [ -3.384962, 48.010094 ], [ -3.382051, 48.009699 ], [ -3.381326, 48.009665 ], [ -3.380804, 48.009685 ], [ -3.374369, 48.006056 ], [ -3.377972, 47.99781 ], [ -3.37758, 47.995546 ], [ -3.377451, 47.994248 ], [ -3.37558, 47.994522 ], [ -3.370382, 47.994868 ], [ -3.366878, 47.995692 ], [ -3.359142, 47.994856 ], [ -3.353708, 47.987712 ], [ -3.353508, 47.987523 ], [ -3.353115, 47.987286 ], [ -3.351165, 47.986294 ], [ -3.34436, 47.981974 ], [ -3.34414, 47.982133 ], [ -3.343725, 47.982538 ], [ -3.343433, 47.982966 ], [ -3.334956, 47.981329 ], [ -3.335326, 47.978724 ], [ -3.335311, 47.978702 ], [ -3.333227, 47.978058 ], [ -3.325981, 47.976152 ], [ -3.324712, 47.972635 ], [ -3.324692, 47.972362 ], [ -3.324201, 47.971139 ], [ -3.324103, 47.970899 ], [ -3.323441, 47.970103 ], [ -3.322985, 47.969781 ], [ -3.322621, 47.969566 ], [ -3.322166, 47.969369 ], [ -3.321584, 47.96921 ], [ -3.315232, 47.965223 ], [ -3.311795, 47.964151 ], [ -3.307421, 47.957367 ], [ -3.310507, 47.955006 ], [ -3.311323, 47.954812 ], [ -3.312127, 47.954383 ], [ -3.312603, 47.953906 ], [ -3.312555, 47.950838 ], [ -3.312663, 47.947891 ], [ -3.309274, 47.946676 ], [ -3.303567, 47.94957 ], [ -3.300019, 47.948961 ], [ -3.299592, 47.94893 ], [ -3.299115, 47.948935 ], [ -3.298573, 47.948996 ], [ -3.297926, 47.949129 ], [ -3.297106, 47.949344 ], [ -3.298021, 47.952826 ], [ -3.299618, 47.960077 ], [ -3.299317, 47.961062 ], [ -3.290628, 47.961041 ], [ -3.285642, 47.960457 ], [ -3.280754, 47.95343 ], [ -3.277382, 47.946538 ], [ -3.277691, 47.939753 ], [ -3.276732, 47.937953 ], [ -3.275844, 47.936663 ], [ -3.26786, 47.93607 ], [ -3.264323, 47.936741 ], [ -3.260523, 47.941457 ], [ -3.258305, 47.945528 ], [ -3.255973, 47.953797 ], [ -3.253858, 47.961986 ], [ -3.253532, 47.962688 ], [ -3.25371, 47.964312 ], [ -3.254534, 47.964615 ], [ -3.255446, 47.964822 ], [ -3.256241, 47.964822 ], [ -3.258936, 47.973266 ], [ -3.258898, 47.973363 ], [ -3.251235, 47.977917 ], [ -3.245421, 47.974573 ], [ -3.244448, 47.97269 ], [ -3.242426, 47.969652 ], [ -3.239011, 47.969181 ], [ -3.23852, 47.972748 ], [ -3.239283, 47.977894 ], [ -3.238175, 47.981319 ], [ -3.236013, 47.985929 ], [ -3.233003, 47.99242 ], [ -3.232636, 47.992668 ], [ -3.232064, 47.993349 ], [ -3.231855, 47.993896 ], [ -3.231701, 47.994936 ], [ -3.23107, 47.996809 ], [ -3.230667, 47.997457 ], [ -3.230406, 47.998059 ], [ -3.230233, 47.998669 ], [ -3.229563, 48.00135 ], [ -3.229421, 48.002094 ], [ -3.228919, 48.004069 ], [ -3.228668, 48.004553 ], [ -3.228504, 48.005265 ], [ -3.22852, 48.005869 ], [ -3.228732, 48.006777 ], [ -3.225613, 48.012488 ], [ -3.219459, 48.010873 ], [ -3.217626, 48.006082 ], [ -3.21818, 48.004083 ], [ -3.218222, 48.00396 ], [ -3.218172, 48.002543 ], [ -3.218908, 47.999019 ], [ -3.220562, 47.994573 ], [ -3.221853, 47.991187 ], [ -3.223123, 47.98297 ], [ -3.223449, 47.982665 ], [ -3.223936, 47.982135 ], [ -3.224288, 47.981535 ], [ -3.22592, 47.9793 ], [ -3.226519, 47.977207 ], [ -3.226748, 47.975916 ], [ -3.226392, 47.975731 ], [ -3.22607, 47.975689 ], [ -3.221033, 47.975584 ], [ -3.219899, 47.979 ], [ -3.217994, 47.982642 ], [ -3.217253, 47.983454 ], [ -3.216919, 47.983918 ], [ -3.2166, 47.984575 ], [ -3.216181, 47.9853 ], [ -3.215696, 47.986345 ], [ -3.207348, 47.987979 ], [ -3.205091, 47.982451 ], [ -3.204927, 47.981743 ], [ -3.204235, 47.980871 ], [ -3.204195, 47.980845 ], [ -3.20366, 47.980569 ], [ -3.203387, 47.980483 ], [ -3.202759, 47.980318 ], [ -3.20102, 47.979723 ], [ -3.194495, 47.97762 ], [ -3.193231, 47.974589 ], [ -3.192909, 47.971004 ], [ -3.192065, 47.971018 ], [ -3.191606, 47.970969 ], [ -3.186093, 47.966775 ], [ -3.18576, 47.965389 ], [ -3.19188, 47.959446 ], [ -3.19485, 47.961227 ], [ -3.195836, 47.961285 ], [ -3.197497, 47.959458 ], [ -3.197603, 47.959348 ], [ -3.204033, 47.954618 ], [ -3.205017, 47.954249 ], [ -3.206629, 47.953649 ], [ -3.206128, 47.952099 ], [ -3.205372, 47.950275 ], [ -3.197592, 47.948486 ], [ -3.196645, 47.946433 ], [ -3.194013, 47.945403 ], [ -3.193614, 47.945642 ], [ -3.192561, 47.946573 ], [ -3.185404, 47.951571 ], [ -3.183485, 47.954617 ], [ -3.175737, 47.952919 ], [ -3.171243, 47.949261 ], [ -3.167656, 47.948948 ], [ -3.159371, 47.949516 ], [ -3.157494, 47.947909 ], [ -3.15448, 47.941201 ], [ -3.151508, 47.934807 ], [ -3.148695, 47.932686 ], [ -3.148622, 47.932655 ], [ -3.147894, 47.932952 ], [ -3.14766, 47.93305 ], [ -3.139173, 47.933632 ], [ -3.138508, 47.933179 ], [ -3.135389, 47.926046 ], [ -3.138249, 47.918574 ], [ -3.136315, 47.917001 ], [ -3.136298, 47.916988 ], [ -3.13628, 47.916973 ], [ -3.134122, 47.916941 ], [ -3.131172, 47.917577 ], [ -3.129496, 47.921981 ], [ -3.129255, 47.9225 ], [ -3.128816, 47.923858 ], [ -3.122081, 47.928107 ], [ -3.119225, 47.92775 ], [ -3.117176, 47.927823 ], [ -3.115102, 47.927897 ], [ -3.112383, 47.928037 ], [ -3.111354, 47.928004 ], [ -3.10558, 47.934143 ], [ -3.102448, 47.934234 ], [ -3.098109, 47.931975 ], [ -3.09451, 47.93204 ], [ -3.087924, 47.9313 ], [ -3.084418, 47.930483 ], [ -3.079374, 47.930865 ], [ -3.076683, 47.935498 ], [ -3.076328, 47.936163 ], [ -3.074539, 47.939174 ], [ -3.06801, 47.940794 ], [ -3.067837, 47.940755 ], [ -3.062454, 47.939887 ], [ -3.058875, 47.937627 ], [ -3.056539, 47.93742 ], [ -3.048305, 47.938145 ], [ -3.047656, 47.939016 ], [ -3.045942, 47.943346 ], [ -3.045466, 47.946914 ], [ -3.05065, 47.951173 ], [ -3.055245, 47.953873 ], [ -3.05566, 47.962862 ], [ -3.055875, 47.963566 ], [ -3.056311, 47.964262 ], [ -3.057239, 47.964923 ], [ -3.057858, 47.965201 ], [ -3.058544, 47.965354 ], [ -3.059694, 47.965358 ], [ -3.061167, 47.965326 ], [ -3.067055, 47.967019 ], [ -3.070122, 47.97196 ], [ -3.071865, 47.974869 ], [ -3.064276, 47.978866 ], [ -3.062248, 47.979226 ], [ -3.054246, 47.97739 ], [ -3.053165, 47.975903 ], [ -3.047511, 47.96905 ], [ -3.046696, 47.967326 ], [ -3.045328, 47.96747 ], [ -3.039324, 47.966579 ], [ -3.040603, 47.959534 ], [ -3.041151, 47.959237 ], [ -3.040776, 47.958017 ], [ -3.040374, 47.957226 ], [ -3.039435, 47.956072 ], [ -3.035688, 47.955286 ], [ -3.031687, 47.952794 ], [ -3.030344, 47.951376 ], [ -3.02869, 47.948775 ], [ -3.028085, 47.947666 ], [ -3.026767, 47.947869 ], [ -3.025818, 47.94838 ], [ -3.024925, 47.949389 ], [ -3.023112, 47.95091 ], [ -3.022051, 47.952052 ], [ -3.022031, 47.952122 ], [ -3.019418, 47.955695 ], [ -3.011591, 47.953029 ], [ -3.011451, 47.950417 ], [ -3.011353, 47.949129 ], [ -3.011201, 47.948164 ], [ -3.010715, 47.946723 ], [ -3.01009, 47.945553 ], [ -3.009542, 47.944811 ], [ -3.008738, 47.944004 ], [ -3.008196, 47.943506 ], [ -3.005328, 47.94115 ], [ -3.000882, 47.937179 ], [ -2.99801, 47.93935 ], [ -2.998469, 47.939958 ], [ -2.999165, 47.940703 ], [ -2.999806, 47.941286 ], [ -3.000216, 47.941609 ], [ -3.003043, 47.943932 ], [ -3.005911, 47.946288 ], [ -3.007861, 47.950683 ], [ -3.007996, 47.953221 ], [ -3.005241, 47.957694 ], [ -2.998697, 47.957617 ], [ -2.997804, 47.957586 ], [ -2.995975, 47.957697 ], [ -2.989858, 47.962772 ], [ -2.986404, 47.961757 ], [ -2.983627, 47.960569 ], [ -2.980386, 47.959118 ], [ -2.979329, 47.958645 ], [ -2.97815, 47.959766 ], [ -2.977936, 47.960106 ], [ -2.977813, 47.960341 ], [ -2.977858, 47.961931 ], [ -2.98091, 47.969526 ], [ -2.980543, 47.97273 ], [ -2.979321, 47.979657 ], [ -2.97876, 47.981131 ], [ -2.978456, 47.981972 ], [ -2.97825, 47.982646 ], [ -2.978055, 47.983433 ], [ -2.977955, 47.98396 ], [ -2.969594, 47.986514 ], [ -2.966034, 47.987049 ], [ -2.962557, 47.986956 ], [ -2.95931, 47.98851 ], [ -2.950489, 47.987154 ], [ -2.946904, 47.987487 ], [ -2.944346, 47.989132 ], [ -2.945015, 47.99267 ], [ -2.943677, 48.00042 ], [ -2.939544, 48.001297 ], [ -2.933291, 47.998344 ], [ -2.929765, 47.997617 ], [ -2.926426, 47.997584 ], [ -2.925788, 47.99742 ], [ -2.921833, 47.992107 ], [ -2.928759, 47.987237 ], [ -2.930605, 47.987061 ], [ -2.931246, 47.984634 ], [ -2.930872, 47.983471 ], [ -2.925021, 47.978578 ], [ -2.924866, 47.978488 ], [ -2.924524, 47.978333 ], [ -2.923947, 47.978218 ], [ -2.922355, 47.97834 ], [ -2.922075, 47.978666 ], [ -2.921305, 47.979487 ], [ -2.91245, 47.978067 ], [ -2.90893, 47.977308 ], [ -2.908726, 47.978255 ], [ -2.908675, 47.978779 ], [ -2.9087, 47.979272 ], [ -2.908942, 47.981978 ], [ -2.908423, 47.985802 ], [ -2.900992, 47.989906 ], [ -2.894398, 47.985703 ], [ -2.886453, 47.986908 ], [ -2.877789, 47.987694 ], [ -2.875323, 47.985922 ], [ -2.874555, 47.985353 ], [ -2.871102, 47.979001 ], [ -2.871296, 47.975801 ], [ -2.871492, 47.972518 ], [ -2.871498, 47.970958 ], [ -2.871356, 47.969897 ], [ -2.871122, 47.968945 ], [ -2.870894, 47.96824 ], [ -2.870343, 47.966986 ], [ -2.869989, 47.966343 ], [ -2.869001, 47.964898 ], [ -2.866976, 47.962006 ], [ -2.864862, 47.953915 ], [ -2.86277, 47.946276 ], [ -2.859172, 47.946381 ], [ -2.859276, 47.949974 ], [ -2.859074, 47.956241 ], [ -2.859285, 47.956928 ], [ -2.859668, 47.957898 ], [ -2.861092, 47.959833 ], [ -2.861988, 47.961157 ], [ -2.864027, 47.96407 ], [ -2.866052, 47.966962 ], [ -2.867702, 47.975583 ], [ -2.867508, 47.978783 ], [ -2.86749, 47.979324 ], [ -2.867513, 47.979901 ], [ -2.867608, 47.980719 ], [ -2.867696, 47.98122 ], [ -2.867831, 47.98176 ], [ -2.868056, 47.982475 ], [ -2.868455, 47.983454 ], [ -2.868722, 47.983992 ], [ -2.869263, 47.984893 ], [ -2.869582, 47.985352 ], [ -2.870421, 47.986399 ], [ -2.87164, 47.987608 ], [ -2.872258, 47.988125 ], [ -2.873173, 47.988809 ], [ -2.875688, 47.990617 ], [ -2.876179, 47.997766 ], [ -2.871955, 47.999427 ], [ -2.871293, 47.999406 ], [ -2.870757, 47.999475 ], [ -2.870294, 47.999594 ], [ -2.869807, 47.999764 ], [ -2.868966, 48.000114 ], [ -2.867136, 48.001896 ], [ -2.858424, 48.003418 ], [ -2.857863, 48.00207 ], [ -2.854539, 48.003454 ], [ -2.849963, 48.006086 ], [ -2.847983, 48.009093 ], [ -2.84576, 48.013575 ], [ -2.841273, 48.015372 ], [ -2.835367, 48.010153 ], [ -2.835161, 48.009235 ], [ -2.834911, 48.008749 ], [ -2.834755, 48.008531 ], [ -2.83428, 48.007915 ], [ -2.831428, 48.010112 ], [ -2.830266, 48.011421 ], [ -2.830027, 48.015013 ], [ -2.828818, 48.019463 ], [ -2.822181, 48.02076 ], [ -2.819876, 48.02005 ], [ -2.818137, 48.019514 ], [ -2.816346, 48.018962 ], [ -2.815721, 48.018791 ], [ -2.815105, 48.018653 ], [ -2.813044, 48.018265 ], [ -2.810194, 48.017737 ], [ -2.809723, 48.017626 ], [ -2.809332, 48.017579 ], [ -2.807768, 48.020822 ], [ -2.807674, 48.021809 ], [ -2.81093, 48.023345 ], [ -2.816969, 48.026471 ], [ -2.824131, 48.025082 ], [ -2.82493, 48.025208 ], [ -2.825656, 48.025292 ], [ -2.828841, 48.025522 ], [ -2.834806, 48.030728 ], [ -2.83411, 48.033199 ], [ -2.833636, 48.0341 ], [ -2.831539, 48.036466 ], [ -2.832513, 48.038879 ], [ -2.833479, 48.041185 ], [ -2.833543, 48.041223 ], [ -2.833651, 48.04126 ], [ -2.833728, 48.041273 ], [ -2.835729, 48.040497 ], [ -2.842467, 48.042587 ], [ -2.842504, 48.050384 ], [ -2.840002, 48.052971 ], [ -2.84013, 48.05642 ], [ -2.835597, 48.060862 ], [ -2.831482, 48.060596 ], [ -2.827366, 48.06033 ], [ -2.824066, 48.06012 ], [ -2.823837, 48.063713 ], [ -2.819369, 48.070759 ], [ -2.81868, 48.071178 ], [ -2.81859, 48.071262 ], [ -2.820811, 48.074062 ], [ -2.822051, 48.073959 ], [ -2.826505, 48.073997 ], [ -2.830047, 48.073176 ], [ -2.836436, 48.076788 ], [ -2.837727, 48.080149 ], [ -2.834013, 48.085898 ], [ -2.832177, 48.087083 ], [ -2.83034, 48.088267 ], [ -2.828466, 48.089476 ], [ -2.826592, 48.090685 ], [ -2.823082, 48.092321 ], [ -2.815004, 48.090961 ], [ -2.813517, 48.087683 ], [ -2.806515, 48.086055 ], [ -2.80199, 48.087382 ], [ -2.800113, 48.08961 ], [ -2.79957, 48.09018 ], [ -2.792332, 48.091833 ], [ -2.789163, 48.089448 ], [ -2.788833, 48.089107 ], [ -2.788379, 48.088777 ], [ -2.786742, 48.087896 ], [ -2.785624, 48.087206 ], [ -2.785004, 48.087352 ], [ -2.78429, 48.088442 ], [ -2.783732, 48.090268 ], [ -2.785786, 48.096099 ], [ -2.790466, 48.098501 ], [ -2.794478, 48.098976 ], [ -2.798836, 48.098847 ], [ -2.799322, 48.098927 ], [ -2.79978, 48.09893 ], [ -2.800252, 48.098864 ], [ -2.800833, 48.098732 ], [ -2.801427, 48.098558 ], [ -2.801877, 48.098392 ], [ -2.807447, 48.097821 ], [ -2.811098, 48.105062 ], [ -2.809482, 48.108279 ], [ -2.800642, 48.109959 ], [ -2.799175, 48.11026 ], [ -2.797488, 48.111694 ], [ -2.797946, 48.112528 ], [ -2.798486, 48.113247 ], [ -2.798931, 48.113852 ], [ -2.798216, 48.119758 ], [ -2.792856, 48.120504 ], [ -2.790286, 48.117984 ], [ -2.786009, 48.118833 ], [ -2.78443, 48.122068 ], [ -2.778656, 48.125144 ], [ -2.777624, 48.127038 ], [ -2.777228, 48.128448 ], [ -2.779461, 48.131144 ], [ -2.779114, 48.138744 ], [ -2.777164, 48.139883 ], [ -2.773343, 48.142462 ], [ -2.77052, 48.14371 ], [ -2.767696, 48.144958 ], [ -2.761977, 48.138271 ], [ -2.759118, 48.136083 ], [ -2.757285, 48.138157 ], [ -2.751241, 48.143371 ], [ -2.747062, 48.146835 ], [ -2.748314, 48.15021 ], [ -2.744271, 48.158102 ], [ -2.743476, 48.158706 ], [ -2.742531, 48.159497 ], [ -2.740939, 48.160903 ], [ -2.739374, 48.162286 ], [ -2.738832, 48.162747 ], [ -2.737068, 48.164124 ], [ -2.733017, 48.166747 ], [ -2.732976, 48.166781 ], [ -2.730925, 48.171826 ], [ -2.734259, 48.173185 ], [ -2.739283, 48.166962 ], [ -2.741047, 48.165586 ], [ -2.741703, 48.165031 ], [ -2.743322, 48.163602 ], [ -2.744914, 48.162196 ], [ -2.745786, 48.161466 ], [ -2.746441, 48.160974 ], [ -2.748575, 48.159443 ], [ -2.750745, 48.157885 ], [ -2.758242, 48.158159 ], [ -2.762152, 48.155331 ], [ -2.766716, 48.149466 ], [ -2.7695, 48.148238 ], [ -2.772284, 48.147009 ], [ -2.775065, 48.145782 ], [ -2.777845, 48.144555 ], [ -2.785212, 48.1495 ], [ -2.785307, 48.150142 ], [ -2.786929, 48.151728 ], [ -2.790445, 48.150954 ], [ -2.791083, 48.150152 ], [ -2.791597, 48.149555 ], [ -2.800284, 48.149512 ], [ -2.800853, 48.150243 ], [ -2.802811, 48.152578 ], [ -2.805569, 48.150265 ], [ -2.8112, 48.147677 ], [ -2.813438, 48.146986 ], [ -2.821418, 48.145417 ], [ -2.822774, 48.147495 ], [ -2.82336, 48.1482 ], [ -2.826032, 48.149027 ], [ -2.826276, 48.148649 ], [ -2.826552, 48.148168 ], [ -2.826617, 48.146705 ], [ -2.826616, 48.145686 ], [ -2.834177, 48.14104 ], [ -2.83463, 48.141204 ], [ -2.835115, 48.141284 ], [ -2.83666, 48.139344 ], [ -2.836886, 48.138677 ], [ -2.840592, 48.135665 ], [ -2.846461, 48.140308 ], [ -2.847926, 48.145196 ], [ -2.848545, 48.148127 ], [ -2.84856, 48.148133 ], [ -2.850162, 48.147978 ], [ -2.851183, 48.147575 ], [ -2.851684, 48.147321 ], [ -2.858204, 48.14643 ], [ -2.866783, 48.144753 ], [ -2.868162, 48.153342 ], [ -2.865999, 48.154041 ], [ -2.866428, 48.15954 ], [ -2.867047, 48.161417 ], [ -2.86706, 48.16146 ], [ -2.867634, 48.162932 ], [ -2.870261, 48.168114 ], [ -2.872067, 48.174013 ], [ -2.874169, 48.179916 ], [ -2.875524, 48.181894 ], [ -2.875779, 48.18192 ], [ -2.877685, 48.18069 ], [ -2.877723, 48.180517 ], [ -2.878206, 48.178326 ], [ -2.879005, 48.174762 ], [ -2.886379, 48.170792 ], [ -2.886852, 48.170841 ], [ -2.887098, 48.170837 ], [ -2.887521, 48.170806 ], [ -2.888152, 48.170729 ], [ -2.887962, 48.168055 ], [ -2.88782, 48.167562 ], [ -2.887714, 48.167156 ], [ -2.886921, 48.165748 ], [ -2.886707, 48.165185 ], [ -2.886389, 48.164628 ], [ -2.89172, 48.157406 ], [ -2.894916, 48.159063 ], [ -2.897799, 48.159877 ], [ -2.89887, 48.160561 ], [ -2.899736, 48.160331 ], [ -2.900236, 48.160213 ], [ -2.900466, 48.160125 ], [ -2.900732, 48.159344 ], [ -2.901078, 48.157718 ], [ -2.906557, 48.151773 ], [ -2.910793, 48.152208 ], [ -2.911738, 48.152109 ], [ -2.919411, 48.155073 ], [ -2.91997, 48.155617 ], [ -2.922285, 48.163995 ], [ -2.922263, 48.167595 ], [ -2.923528, 48.175998 ], [ -2.923423, 48.178981 ], [ -2.92443, 48.179483 ], [ -2.92777, 48.180157 ], [ -2.931347, 48.179748 ], [ -2.936679, 48.186449 ], [ -2.936841, 48.188063 ], [ -2.939341, 48.190653 ], [ -2.935621, 48.198071 ], [ -2.933618, 48.197649 ], [ -2.930348, 48.200484 ], [ -2.924085, 48.204001 ], [ -2.921205, 48.206161 ], [ -2.912413, 48.206464 ], [ -2.912011, 48.20627 ], [ -2.910401, 48.206771 ], [ -2.910267, 48.209199 ], [ -2.910446, 48.209512 ], [ -2.912902, 48.211674 ], [ -2.913097, 48.211743 ], [ -2.91403, 48.211978 ], [ -2.916981, 48.211767 ], [ -2.91779, 48.211804 ], [ -2.919339, 48.210956 ], [ -2.926773, 48.215869 ], [ -2.928203, 48.221515 ], [ -2.931032, 48.22374 ], [ -2.93411, 48.221498 ], [ -2.939678, 48.220765 ], [ -2.944218, 48.215041 ], [ -2.946469, 48.213732 ], [ -2.9487, 48.212436 ], [ -2.94967, 48.211881 ], [ -2.957874, 48.215462 ], [ -2.960534, 48.213818 ], [ -2.960985, 48.213674 ], [ -2.967138, 48.217732 ], [ -2.964626, 48.222454 ], [ -2.966068, 48.225752 ], [ -2.972057, 48.229633 ], [ -2.97268, 48.230063 ], [ -2.979108, 48.235373 ], [ -2.982368, 48.233846 ], [ -2.988938, 48.237726 ], [ -2.992394, 48.239411 ], [ -2.994006, 48.239881 ], [ -2.997572, 48.240374 ], [ -3.003875, 48.240454 ], [ -3.005834, 48.243958 ], [ -3.005856, 48.247558 ], [ -3.009032, 48.248038 ], [ -3.011764, 48.247778 ], [ -3.012569, 48.24737 ], [ -3.013276, 48.240628 ], [ -3.012856, 48.237053 ], [ -3.0128, 48.231951 ], [ -3.011967, 48.228449 ], [ -3.01409, 48.22108 ], [ -3.017784, 48.220834 ], [ -3.021219, 48.222841 ], [ -3.021937, 48.223918 ], [ -3.022113, 48.22421 ], [ -3.023655, 48.225491 ], [ -3.02463, 48.226264 ], [ -3.024812, 48.226154 ], [ -3.025467, 48.225466 ], [ -3.02571, 48.22488 ], [ -3.032341, 48.219819 ], [ -3.033649, 48.21978 ], [ -3.034153, 48.21979 ], [ -3.03476, 48.219838 ], [ -3.035745, 48.21995 ], [ -3.04102, 48.220737 ], [ -3.043538, 48.221063 ], [ -3.045096, 48.221189 ], [ -3.045689, 48.22122 ], [ -3.047007, 48.221249 ], [ -3.048455, 48.221223 ], [ -3.05248, 48.220931 ], [ -3.056418, 48.220643 ], [ -3.057921, 48.220607 ], [ -3.057835, 48.217008 ], [ -3.056332, 48.217044 ], [ -3.052219, 48.217341 ], [ -3.048194, 48.217633 ], [ -3.041962, 48.214568 ], [ -3.039988, 48.213621 ], [ -3.034783, 48.21212 ], [ -3.03192, 48.214302 ], [ -3.029323, 48.215653 ], [ -3.022195, 48.212721 ], [ -3.019536, 48.211643 ], [ -3.019072, 48.211415 ], [ -3.013912, 48.207834 ], [ -3.01161, 48.205268 ], [ -3.013352, 48.198794 ], [ -3.018401, 48.195976 ], [ -3.020457, 48.195769 ], [ -3.020751, 48.195732 ], [ -3.02337, 48.195192 ], [ -3.025703, 48.194745 ], [ -3.026371, 48.194626 ], [ -3.026758, 48.194539 ], [ -3.027049, 48.194451 ], [ -3.033244, 48.193885 ], [ -3.040129, 48.198453 ], [ -3.040189, 48.198541 ], [ -3.046138, 48.201902 ], [ -3.046259, 48.20201 ], [ -3.046831, 48.202381 ], [ -3.047764, 48.202628 ], [ -3.050169, 48.202868 ], [ -3.052666, 48.201653 ], [ -3.060471, 48.20254 ], [ -3.06116, 48.2028 ], [ -3.062176, 48.202908 ], [ -3.063693, 48.202801 ], [ -3.064362, 48.20276 ], [ -3.069198, 48.203896 ], [ -3.074962, 48.202533 ], [ -3.082565, 48.200059 ], [ -3.082815, 48.199847 ], [ -3.08386, 48.198809 ], [ -3.09136, 48.196001 ], [ -3.092945, 48.195978 ], [ -3.096066, 48.19637 ], [ -3.098357, 48.196641 ], [ -3.100635, 48.196909 ], [ -3.102912, 48.197178 ], [ -3.10519, 48.197447 ], [ -3.109286, 48.197914 ], [ -3.113753, 48.203962 ], [ -3.110405, 48.211535 ], [ -3.110784, 48.215115 ], [ -3.111617, 48.215026 ], [ -3.113221, 48.214981 ], [ -3.11396, 48.214989 ], [ -3.115924, 48.2152 ], [ -3.121784, 48.219789 ], [ -3.116671, 48.226491 ], [ -3.11586, 48.229998 ], [ -3.118598, 48.230631 ], [ -3.121335, 48.231264 ], [ -3.124785, 48.232069 ], [ -3.127996, 48.232817 ], [ -3.131206, 48.233565 ], [ -3.134417, 48.234313 ], [ -3.135669, 48.234555 ], [ -3.136274, 48.234643 ], [ -3.13785, 48.234813 ], [ -3.142881, 48.2358 ], [ -3.144632, 48.235684 ], [ -3.14517, 48.235635 ], [ -3.151463, 48.237108 ], [ -3.155883, 48.244205 ], [ -3.155569, 48.245241 ], [ -3.154894, 48.246512 ], [ -3.156418, 48.24791 ], [ -3.156825, 48.248087 ], [ -3.158014, 48.248307 ], [ -3.161294, 48.244596 ], [ -3.168605, 48.240198 ], [ -3.168976, 48.239981 ], [ -3.169069, 48.239914 ], [ -3.169568, 48.239351 ], [ -3.174857, 48.236865 ], [ -3.18043, 48.240344 ], [ -3.180744, 48.240852 ], [ -3.181119, 48.24134 ], [ -3.183063, 48.246622 ], [ -3.184958, 48.248407 ], [ -3.189802, 48.250619 ], [ -3.191609, 48.250641 ], [ -3.19296, 48.250175 ], [ -3.193087, 48.249145 ], [ -3.192664, 48.248203 ], [ -3.192517, 48.247834 ], [ -3.191875, 48.241155 ], [ -3.193136, 48.237783 ], [ -3.19918, 48.234336 ], [ -3.202017, 48.23476 ], [ -3.204773, 48.235738 ], [ -3.205602, 48.236023 ], [ -3.206244, 48.23601 ], [ -3.212568, 48.237054 ], [ -3.21502, 48.238096 ], [ -3.216385, 48.237988 ], [ -3.218104, 48.234825 ], [ -3.217106, 48.234282 ], [ -3.213851, 48.231385 ], [ -3.211054, 48.229118 ], [ -3.20582, 48.22837 ], [ -3.205427, 48.228195 ], [ -3.205133, 48.228106 ], [ -3.20427, 48.227914 ], [ -3.201407, 48.225444 ], [ -3.206252, 48.2191 ], [ -3.209243, 48.219107 ], [ -3.209416, 48.219055 ], [ -3.20988, 48.218776 ], [ -3.210835, 48.217274 ], [ -3.212127, 48.215699 ], [ -3.218196, 48.214925 ], [ -3.221297, 48.220025 ], [ -3.221367, 48.221082 ], [ -3.224959, 48.220841 ], [ -3.22558, 48.218636 ], [ -3.227405, 48.21463 ], [ -3.227897, 48.209926 ], [ -3.233594, 48.204345 ], [ -3.241022, 48.204494 ], [ -3.244, 48.204666 ], [ -3.244427, 48.20467 ], [ -3.245811, 48.204623 ], [ -3.247492, 48.204425 ], [ -3.254705, 48.205569 ], [ -3.25675, 48.206785 ], [ -3.257663, 48.207303 ], [ -3.258215, 48.207174 ], [ -3.258898, 48.206504 ], [ -3.25909, 48.206282 ], [ -3.259381, 48.205884 ], [ -3.259439, 48.204171 ], [ -3.258525, 48.203653 ], [ -3.256544, 48.202475 ], [ -3.256068, 48.202223 ], [ -3.25547, 48.201971 ], [ -3.252868, 48.199469 ], [ -3.25216, 48.198709 ], [ -3.247544, 48.196574 ], [ -3.248567, 48.190149 ], [ -3.256804, 48.189519 ], [ -3.257477, 48.190294 ], [ -3.258512, 48.19146 ], [ -3.26078, 48.192694 ], [ -3.261384, 48.192512 ], [ -3.262003, 48.192341 ], [ -3.262116, 48.191892 ], [ -3.262127, 48.190812 ], [ -3.261496, 48.189405 ], [ -3.266401, 48.182097 ], [ -3.267707, 48.18176 ], [ -3.26837, 48.181483 ], [ -3.269375, 48.180986 ], [ -3.269071, 48.178873 ], [ -3.268766, 48.178413 ], [ -3.267779, 48.177759 ], [ -3.264791, 48.178695 ], [ -3.26431, 48.178718 ], [ -3.26356, 48.178729 ], [ -3.263007, 48.178812 ], [ -3.262601, 48.178934 ], [ -3.261907, 48.179335 ], [ -3.253321, 48.179591 ], [ -3.249668, 48.176721 ], [ -3.248934, 48.172737 ], [ -3.249434, 48.17101 ], [ -3.257131, 48.168554 ], [ -3.25795, 48.168409 ], [ -3.259398, 48.167119 ], [ -3.264175, 48.164421 ], [ -3.264791, 48.164356 ], [ -3.265408, 48.164199 ], [ -3.272727, 48.167317 ], [ -3.275026, 48.170088 ], [ -3.279971, 48.168919 ], [ -3.284475, 48.171574 ], [ -3.287907, 48.173528 ], [ -3.287943, 48.173557 ], [ -3.288951, 48.173949 ], [ -3.289162, 48.173936 ], [ -3.290113, 48.173562 ], [ -3.290181, 48.173511 ], [ -3.290233, 48.170779 ], [ -3.288006, 48.167222 ], [ -3.286981, 48.163771 ], [ -3.286734, 48.163844 ], [ -3.286168, 48.164068 ], [ -3.282274, 48.163921 ], [ -3.281627, 48.163758 ], [ -3.279521, 48.163185 ], [ -3.281309, 48.154682 ], [ -3.281931, 48.154547 ], [ -3.282319, 48.154468 ], [ -3.282404, 48.154377 ], [ -3.28256, 48.154077 ], [ -3.282872, 48.153493 ], [ -3.28188, 48.151156 ], [ -3.286422, 48.143428 ], [ -3.287022, 48.143756 ], [ -3.288185, 48.144304 ], [ -3.288939, 48.144629 ], [ -3.296276, 48.141298 ], [ -3.297838, 48.141245 ], [ -3.299508, 48.1413 ], [ -3.30177, 48.149397 ], [ -3.301785, 48.149704 ], [ -3.30212, 48.150254 ], [ -3.30254, 48.150545 ], [ -3.302551, 48.150553 ], [ -3.302974, 48.150842 ], [ -3.303364, 48.151118 ], [ -3.303646, 48.151106 ], [ -3.305775, 48.149347 ], [ -3.30611, 48.149063 ], [ -3.312117, 48.145242 ], [ -3.320636, 48.146283 ], [ -3.321481, 48.149783 ], [ -3.32303, 48.149409 ], [ -3.329548, 48.149974 ], [ -3.330197, 48.150044 ], [ -3.33076, 48.149934 ], [ -3.338264, 48.154845 ], [ -3.337492, 48.156971 ], [ -3.337088, 48.157781 ], [ -3.336356, 48.159045 ], [ -3.336182, 48.159598 ], [ -3.335858, 48.161499 ], [ -3.335679, 48.162134 ], [ -3.334594, 48.164483 ], [ -3.334561, 48.165175 ], [ -3.334646, 48.166348 ], [ -3.334749, 48.167068 ], [ -3.334913, 48.169828 ], [ -3.335286, 48.172127 ], [ -3.33531, 48.172257 ], [ -3.337905, 48.17339 ], [ -3.338005, 48.173337 ], [ -3.338851, 48.171608 ], [ -3.341495, 48.165905 ], [ -3.340857, 48.162362 ], [ -3.347791, 48.157109 ], [ -3.349441, 48.157937 ], [ -3.351147, 48.158752 ], [ -3.352586, 48.158931 ], [ -3.353617, 48.158788 ], [ -3.356457, 48.158101 ], [ -3.361991, 48.156096 ], [ -3.365357, 48.154821 ], [ -3.36591, 48.152368 ], [ -3.366086, 48.151702 ], [ -3.373982, 48.147601 ], [ -3.376053, 48.148588 ], [ -3.379082, 48.155271 ], [ -3.380084, 48.158729 ], [ -3.381938, 48.158192 ], [ -3.383792, 48.157654 ], [ -3.384596, 48.157377 ], [ -3.39347, 48.156325 ], [ -3.393818, 48.15625 ], [ -3.395161, 48.155575 ], [ -3.399852, 48.152667 ], [ -3.406855, 48.147189 ], [ -3.409596, 48.147123 ], [ -3.412455, 48.147055 ], [ -3.412369, 48.143456 ], [ -3.40951, 48.143524 ] ] ], [ [ [ -3.128567, 47.843036 ], [ -3.129271, 47.842652 ], [ -3.128563544437379, 47.843038654883628 ], [ -3.128567, 47.843036 ] ] ] ] } },
{ "type": "Feature", "properties": { "fid": 11, "ID": null, "CENTER_LON": "-3.4157034931763013", "CENTER_LAT": "48.58867039769412", "AA_MINS": 45, "AA_MODE": "driving-car", "TOTAL_POP": "256920" }, "geometry": { "type": "MultiPolygon", "coordinates": [ [ [ [ -3.752883, 48.462875 ], [ -3.752872262301853, 48.462900679250723 ], [ -3.752778, 48.462852 ], [ -3.750678, 48.462351 ], [ -3.750589332856578, 48.461916676574447 ], [ -3.752883, 48.462875 ] ] ], [ [ [ -3.680041, 48.467088 ], [ -3.68329, 48.465537 ], [ -3.687738, 48.462988 ], [ -3.688665, 48.462168 ], [ -3.689422, 48.461798 ], [ -3.689933, 48.461641 ], [ -3.690736, 48.461476 ], [ -3.691353, 48.461421 ], [ -3.692669, 48.461347 ], [ -3.692945, 48.461313 ], [ -3.693386, 48.464886 ], [ -3.696407159917896, 48.469599415326101 ], [ -3.690297, 48.465549 ], [ -3.687425, 48.463378 ], [ -3.686208, 48.464987 ], [ -3.68135, 48.468547 ], [ -3.676388, 48.468925 ], [ -3.674196, 48.46913 ], [ -3.680041, 48.467088 ] ] ], [ [ [ -3.657754122866698, 48.452032718530099 ], [ -3.657752, 48.451963 ], [ -3.657783991910814, 48.451939736707409 ], [ -3.657754122866698, 48.452032718530099 ] ] ], [ [ [ -3.578506, 48.673839 ], [ -3.577927, 48.674198 ], [ -3.576373, 48.675122 ], [ -3.571565, 48.676426 ], [ -3.570041, 48.681835 ], [ -3.57208, 48.686349 ], [ -3.572593, 48.687553 ], [ -3.57561, 48.692122 ], [ -3.576046, 48.695696 ], [ -3.574327, 48.701934 ], [ -3.578381, 48.704638 ], [ -3.578863, 48.704682 ], [ -3.579754, 48.704981 ], [ -3.580176, 48.705288 ], [ -3.580312, 48.705468 ], [ -3.580183, 48.708908 ], [ -3.576644, 48.714884 ], [ -3.578209, 48.720171 ], [ -3.581987, 48.724248 ], [ -3.582388, 48.724598 ], [ -3.582472, 48.724722 ], [ -3.581951, 48.725677 ], [ -3.575116, 48.724411 ], [ -3.570578, 48.725793 ], [ -3.56492, 48.726707 ], [ -3.561705, 48.728039 ], [ -3.557138, 48.725915 ], [ -3.551379, 48.726632 ], [ -3.549194, 48.7272 ], [ -3.545754, 48.735147 ], [ -3.54741, 48.736883 ], [ -3.549331, 48.740457 ], [ -3.549758, 48.740935 ], [ -3.55, 48.741453 ], [ -3.550263, 48.742217 ], [ -3.550462, 48.743111 ], [ -3.550499, 48.743653 ], [ -3.550249, 48.747673 ], [ -3.553955, 48.754639 ], [ -3.554484, 48.755106 ], [ -3.555774, 48.756195 ], [ -3.561171, 48.758856 ], [ -3.56188, 48.759016 ], [ -3.56716, 48.761527 ], [ -3.573517, 48.760938 ], [ -3.575916, 48.762122 ], [ -3.575936, 48.762192 ], [ -3.57533, 48.764048 ], [ -3.576343, 48.772336 ], [ -3.574586, 48.775479 ], [ -3.568241, 48.777659 ], [ -3.567487, 48.777832 ], [ -3.567004, 48.777899 ], [ -3.56481, 48.778253 ], [ -3.562028, 48.777165 ], [ -3.561718, 48.777073 ], [ -3.561421, 48.776956 ], [ -3.557134, 48.776241 ], [ -3.552201, 48.774358 ], [ -3.551448, 48.774426 ], [ -3.547111, 48.781906 ], [ -3.55293, 48.786593 ], [ -3.553272, 48.78661 ], [ -3.555432, 48.786541 ], [ -3.556132, 48.786493 ], [ -3.556948, 48.787441 ], [ -3.557374, 48.788298 ], [ -3.557384, 48.788392 ], [ -3.557118, 48.78923 ], [ -3.55535, 48.792993 ], [ -3.555282, 48.793017 ], [ -3.555215, 48.793024 ], [ -3.553169, 48.792994 ], [ -3.549224, 48.790665 ], [ -3.542732, 48.790153 ], [ -3.536927, 48.793725 ], [ -3.529872, 48.797681 ], [ -3.531253, 48.805352 ], [ -3.532275, 48.808111 ], [ -3.532097, 48.812284 ], [ -3.531025, 48.814694 ], [ -3.529688, 48.817442 ], [ -3.527573, 48.820114 ], [ -3.523494, 48.821188 ], [ -3.520272, 48.826808 ], [ -3.519713, 48.827413 ], [ -3.516777, 48.829553 ], [ -3.510658, 48.832279 ], [ -3.510452, 48.832278 ], [ -3.508877, 48.830766 ], [ -3.505798, 48.8263 ], [ -3.496878, 48.826207 ], [ -3.49294, 48.827422 ], [ -3.490845, 48.828146 ], [ -3.488225, 48.82691 ], [ -3.480909, 48.82605 ], [ -3.475268, 48.828871 ], [ -3.473467, 48.8289 ], [ -3.473394, 48.82888 ], [ -3.47335, 48.828825 ], [ -3.470091, 48.824812 ], [ -3.465841, 48.819991 ], [ -3.459873, 48.81894 ], [ -3.459829, 48.818934 ], [ -3.459615, 48.818853 ], [ -3.457606, 48.817577 ], [ -3.454607, 48.814866 ], [ -3.447586, 48.816078 ], [ -3.446921, 48.816323 ], [ -3.445609, 48.816939 ], [ -3.442361, 48.818362 ], [ -3.436739, 48.821017 ], [ -3.436267, 48.820981 ], [ -3.427442, 48.820088 ], [ -3.426986, 48.819883 ], [ -3.426296, 48.819189 ], [ -3.426028, 48.818319 ], [ -3.426028, 48.817876 ], [ -3.426193, 48.817221 ], [ -3.426689, 48.816501 ], [ -3.427131, 48.816093 ], [ -3.427771, 48.815729 ], [ -3.430356, 48.814436 ], [ -3.433442, 48.811724 ], [ -3.433861, 48.811248 ], [ -3.436325, 48.806374 ], [ -3.431224, 48.799006 ], [ -3.424545, 48.798039 ], [ -3.417181, 48.796111 ], [ -3.414334, 48.798141 ], [ -3.412006, 48.799293 ], [ -3.406053, 48.800139 ], [ -3.405668, 48.800206 ], [ -3.401382, 48.801346 ], [ -3.400773, 48.801519 ], [ -3.400358, 48.801586 ], [ -3.399978, 48.801615 ], [ -3.399665, 48.801615 ], [ -3.398103, 48.801602 ], [ -3.393704, 48.80118 ], [ -3.388083, 48.803635 ], [ -3.388009, 48.803715 ], [ -3.387812, 48.803807 ], [ -3.384971, 48.805734 ], [ -3.387847, 48.812991 ], [ -3.386561, 48.814276 ], [ -3.386243, 48.814399 ], [ -3.382135, 48.815789 ], [ -3.381121, 48.816151 ], [ -3.380627, 48.816287 ], [ -3.38023, 48.816351 ], [ -3.37782, 48.816559 ], [ -3.3772, 48.816655 ], [ -3.371047, 48.81804 ], [ -3.366274, 48.822829 ], [ -3.365563, 48.82298 ], [ -3.364416, 48.822965 ], [ -3.359828, 48.822419 ], [ -3.359301, 48.822331 ], [ -3.358477, 48.821983 ], [ -3.3508, 48.825752 ], [ -3.350676, 48.825889 ], [ -3.34998, 48.826369 ], [ -3.349699, 48.826545 ], [ -3.349609, 48.826587 ], [ -3.343033, 48.826742 ], [ -3.342398, 48.826748 ], [ -3.341612, 48.826694 ], [ -3.341085, 48.826578 ], [ -3.338686, 48.826206 ], [ -3.338445, 48.826181 ], [ -3.336635, 48.825851 ], [ -3.331968, 48.825774 ], [ -3.325645, 48.827524 ], [ -3.322243, 48.830607 ], [ -3.320264, 48.832664 ], [ -3.319566, 48.833202 ], [ -3.313952, 48.837932 ], [ -3.313125, 48.83798 ], [ -3.309438, 48.837623 ], [ -3.306711, 48.837132 ], [ -3.305179, 48.835639 ], [ -3.304548, 48.835078 ], [ -3.300995, 48.833246 ], [ -3.292639, 48.83529 ], [ -3.284822, 48.838173 ], [ -3.28246, 48.839973 ], [ -3.282429, 48.839974 ], [ -3.279462, 48.839667 ], [ -3.278354, 48.838749 ], [ -3.277157, 48.83665 ], [ -3.271723, 48.832343 ], [ -3.266808, 48.829052 ], [ -3.25935, 48.829163 ], [ -3.258887, 48.828951 ], [ -3.250994, 48.828179 ], [ -3.249372, 48.829303 ], [ -3.247145, 48.830458 ], [ -3.243845, 48.831654 ], [ -3.237595, 48.83534 ], [ -3.23582, 48.836178 ], [ -3.233093, 48.835264 ], [ -3.232539, 48.835039 ], [ -3.228684, 48.82853 ], [ -3.228391, 48.828155 ], [ -3.228117, 48.827771 ], [ -3.228347, 48.826067 ], [ -3.225017, 48.820483 ], [ -3.220541, 48.821015 ], [ -3.219488, 48.821642 ], [ -3.218033, 48.822631 ], [ -3.216126, 48.825684 ], [ -3.210485, 48.826074 ], [ -3.208956, 48.82637 ], [ -3.208621, 48.826282 ], [ -3.208253, 48.823249 ], [ -3.208786, 48.815953 ], [ -3.208327, 48.813567 ], [ -3.208291, 48.812514 ], [ -3.200464, 48.808611 ], [ -3.197161, 48.814195 ], [ -3.197803, 48.816663 ], [ -3.198492, 48.818133 ], [ -3.198814, 48.818731 ], [ -3.199031, 48.8198 ], [ -3.198582, 48.820886 ], [ -3.198151, 48.821293 ], [ -3.197719, 48.821531 ], [ -3.197552, 48.821596 ], [ -3.189306, 48.824589 ], [ -3.188187, 48.825933 ], [ -3.187821, 48.826227 ], [ -3.186904, 48.825779 ], [ -3.185342, 48.823617 ], [ -3.184239, 48.819997 ], [ -3.184387, 48.8164 ], [ -3.183795, 48.813647 ], [ -3.18367, 48.813252 ], [ -3.181636, 48.80847 ], [ -3.181179, 48.80783 ], [ -3.178213, 48.803445 ], [ -3.176145, 48.802215 ], [ -3.171435, 48.801049 ], [ -3.166717, 48.80476 ], [ -3.165745, 48.808226 ], [ -3.165222, 48.808255 ], [ -3.164664, 48.808276 ], [ -3.163485, 48.808284 ], [ -3.162748, 48.808287 ], [ -3.158136, 48.806642 ], [ -3.155746, 48.805767 ], [ -3.155684, 48.80559 ], [ -3.15375, 48.800474 ], [ -3.148411, 48.797927 ], [ -3.146886, 48.797663 ], [ -3.144613, 48.792829 ], [ -3.140719, 48.789878 ], [ -3.132994, 48.787752 ], [ -3.132734, 48.787749 ], [ -3.130441, 48.787634 ], [ -3.129976, 48.787632 ], [ -3.129551, 48.787572 ], [ -3.129156, 48.787466 ], [ -3.128602, 48.787272 ], [ -3.120789, 48.784082 ], [ -3.119934, 48.783897 ], [ -3.119877, 48.783868 ], [ -3.117693, 48.780017 ], [ -3.116653, 48.778125 ], [ -3.116811, 48.777747 ], [ -3.117309, 48.777127 ], [ -3.118627, 48.77654 ], [ -3.121113, 48.775587 ], [ -3.125414, 48.767949 ], [ -3.125274, 48.767377 ], [ -3.129553, 48.765425 ], [ -3.133351, 48.763997 ], [ -3.1382, 48.76017 ], [ -3.142424, 48.755698 ], [ -3.14472, 48.75109 ], [ -3.145363, 48.749022 ], [ -3.147523, 48.742825 ], [ -3.146079, 48.734336 ], [ -3.144864, 48.733963 ], [ -3.143955, 48.733641 ], [ -3.143026, 48.733023 ], [ -3.142487, 48.732375 ], [ -3.137474, 48.725951 ], [ -3.136138, 48.724537 ], [ -3.128266, 48.720799 ], [ -3.125741, 48.719889 ], [ -3.121217, 48.71474 ], [ -3.112959, 48.711596 ], [ -3.111764, 48.711761 ], [ -3.110986, 48.711924 ], [ -3.103664, 48.712176 ], [ -3.099304, 48.710752 ], [ -3.092112, 48.712767 ], [ -3.090409, 48.71555 ], [ -3.089935, 48.715301 ], [ -3.089314, 48.714825 ], [ -3.088893, 48.714233 ], [ -3.088605, 48.713411 ], [ -3.088515, 48.712936 ], [ -3.08225, 48.706714 ], [ -3.081776, 48.706023 ], [ -3.082036, 48.703121 ], [ -3.076339, 48.697495 ], [ -3.075587, 48.697363 ], [ -3.068385, 48.699479 ], [ -3.067144, 48.700575 ], [ -3.059158, 48.702155 ], [ -3.057878, 48.702084 ], [ -3.057187, 48.701554 ], [ -3.054909, 48.700008 ], [ -3.047745, 48.697408 ], [ -3.044214, 48.698108 ], [ -3.038638, 48.695817 ], [ -3.038388, 48.692226 ], [ -3.037677, 48.68446 ], [ -3.036543, 48.681043 ], [ -3.035795, 48.677295 ], [ -3.03692, 48.673333 ], [ -3.029917, 48.668553 ], [ -3.023477, 48.667319 ], [ -3.022789, 48.665442 ], [ -3.015292, 48.660743 ], [ -3.011595, 48.660762 ], [ -3.010765, 48.660706 ], [ -3.010359, 48.660599 ], [ -3.009478, 48.659438 ], [ -3.005469, 48.656025 ], [ -3.005067, 48.655728 ], [ -3.004441, 48.655085 ], [ -3.00369, 48.654422 ], [ -2.999917, 48.652056 ], [ -2.993735, 48.654146 ], [ -2.99173, 48.657136 ], [ -2.98869, 48.660859 ], [ -2.98509, 48.660861 ], [ -2.982015, 48.658106 ], [ -2.98157, 48.657802 ], [ -2.981141, 48.657414 ], [ -2.977802, 48.652948 ], [ -2.972806, 48.650746 ], [ -2.968992, 48.656084 ], [ -2.96867, 48.656346 ], [ -2.968517, 48.656446 ], [ -2.967622, 48.656582 ], [ -2.959949, 48.657777 ], [ -2.958679, 48.658353 ], [ -2.958459, 48.658336 ], [ -2.956915, 48.65584 ], [ -2.955431, 48.649418 ], [ -2.956046, 48.647012 ], [ -2.951302, 48.639826 ], [ -2.950574, 48.639575 ], [ -2.948876, 48.639093 ], [ -2.946862, 48.638718 ], [ -2.945393, 48.638325 ], [ -2.938631, 48.636656 ], [ -2.937619, 48.632543 ], [ -2.937629, 48.631957 ], [ -2.944614, 48.626556 ], [ -2.947773, 48.625428 ], [ -2.951171, 48.617772 ], [ -2.944769, 48.615104 ], [ -2.943882, 48.615374 ], [ -2.942461, 48.61571 ], [ -2.940333, 48.611416 ], [ -2.934953, 48.608433 ], [ -2.933826, 48.607685 ], [ -2.930071, 48.604689 ], [ -2.923883, 48.603251 ], [ -2.922743, 48.602763 ], [ -2.921903, 48.602153 ], [ -2.918646, 48.600563 ], [ -2.912711, 48.600509 ], [ -2.907356, 48.603213 ], [ -2.90323, 48.611119 ], [ -2.902654, 48.611778 ], [ -2.900722, 48.611371 ], [ -2.898189, 48.610069 ], [ -2.895633, 48.606997 ], [ -2.895211, 48.606588 ], [ -2.886795, 48.604763 ], [ -2.882313, 48.605463 ], [ -2.882091, 48.605508 ], [ -2.880236, 48.604249 ], [ -2.880201, 48.604091 ], [ -2.881379, 48.601979 ], [ -2.882389, 48.599054 ], [ -2.88506, 48.596031 ], [ -2.89104, 48.594762 ], [ -2.892221, 48.594123 ], [ -2.89601, 48.588414 ], [ -2.890282, 48.584667 ], [ -2.887512, 48.585633 ], [ -2.887219, 48.585812 ], [ -2.886918, 48.585948 ], [ -2.886187, 48.585905 ], [ -2.884976, 48.585238 ], [ -2.882492, 48.583207 ], [ -2.874113, 48.582806 ], [ -2.872825, 48.584197 ], [ -2.870105, 48.587373 ], [ -2.869801, 48.593161 ], [ -2.869859, 48.593437 ], [ -2.866338, 48.594184 ], [ -2.863157, 48.595146 ], [ -2.862365, 48.595359 ], [ -2.859717, 48.596032 ], [ -2.856714, 48.594046 ], [ -2.858907, 48.587829 ], [ -2.860287, 48.587343 ], [ -2.856922, 48.579026 ], [ -2.856445, 48.578401 ], [ -2.854079, 48.575256 ], [ -2.851999, 48.572204 ], [ -2.845335, 48.567341 ], [ -2.838008, 48.567507 ], [ -2.835014, 48.569505 ], [ -2.827044, 48.569214 ], [ -2.826329, 48.572247 ], [ -2.826454, 48.573065 ], [ -2.826307, 48.581629 ], [ -2.823542, 48.583935 ], [ -2.822703, 48.582929 ], [ -2.822214, 48.582298 ], [ -2.821877, 48.581726 ], [ -2.816616, 48.575258 ], [ -2.811287, 48.569763 ], [ -2.80495, 48.569802 ], [ -2.804307, 48.569973 ], [ -2.803988, 48.570027 ], [ -2.802541, 48.569549 ], [ -2.794485, 48.568747 ], [ -2.794132, 48.565164 ], [ -2.792841, 48.558714 ], [ -2.788979, 48.557564 ], [ -2.787658, 48.557707 ], [ -2.785284, 48.558499 ], [ -2.784914, 48.558677 ], [ -2.784291, 48.558931 ], [ -2.783665, 48.559128 ], [ -2.782971, 48.559255 ], [ -2.782456, 48.559279 ], [ -2.780384, 48.559525 ], [ -2.773325, 48.563846 ], [ -2.772664, 48.567248 ], [ -2.772599, 48.568013 ], [ -2.772522, 48.568292 ], [ -2.769052, 48.567335 ], [ -2.766015, 48.566187 ], [ -2.763196, 48.563949 ], [ -2.760116, 48.560396 ], [ -2.756597, 48.55691 ], [ -2.755388, 48.555741 ], [ -2.754957, 48.553089 ], [ -2.75523, 48.552855 ], [ -2.755641, 48.552561 ], [ -2.756419, 48.544705 ], [ -2.749832, 48.543768 ], [ -2.749253, 48.544058 ], [ -2.747741, 48.544698 ], [ -2.746467, 48.545433 ], [ -2.74427, 48.545579 ], [ -2.742957, 48.545872 ], [ -2.742622, 48.544013 ], [ -2.735944, 48.538597 ], [ -2.735054, 48.538203 ], [ -2.734896, 48.538101 ], [ -2.734969, 48.535131 ], [ -2.740976, 48.530241 ], [ -2.742284, 48.527245 ], [ -2.739879, 48.518969 ], [ -2.737756, 48.517278 ], [ -2.736339, 48.513968 ], [ -2.731028, 48.508276 ], [ -2.730862, 48.508051 ], [ -2.727762, 48.503085 ], [ -2.72516, 48.50089 ], [ -2.724655, 48.50044 ], [ -2.72421, 48.499987 ], [ -2.723552, 48.499187 ], [ -2.723231, 48.498694 ], [ -2.722916, 48.498108 ], [ -2.720364, 48.491039 ], [ -2.723254, 48.488892 ], [ -2.723598, 48.489354 ], [ -2.724197, 48.490278 ], [ -2.727902, 48.494734 ], [ -2.728933, 48.495592 ], [ -2.728974, 48.495694 ], [ -2.729055, 48.496926 ], [ -2.737264, 48.500173 ], [ -2.740074, 48.499263 ], [ -2.740281, 48.499176 ], [ -2.741666, 48.502499 ], [ -2.745975, 48.509061 ], [ -2.75105, 48.510401 ], [ -2.757219, 48.513731 ], [ -2.762801, 48.519055 ], [ -2.766005, 48.520312 ], [ -2.771667, 48.521452 ], [ -2.778273, 48.52606 ], [ -2.780469, 48.526142 ], [ -2.780946, 48.526189 ], [ -2.781517, 48.526314 ], [ -2.782006, 48.526492 ], [ -2.782686, 48.526914 ], [ -2.782957, 48.52712 ], [ -2.783248, 48.527391 ], [ -2.783645, 48.527979 ], [ -2.792454, 48.529779 ], [ -2.792993, 48.52954 ], [ -2.79361, 48.529319 ], [ -2.794176, 48.529173 ], [ -2.795508, 48.520412 ], [ -2.794376, 48.519182 ], [ -2.794239, 48.518852 ], [ -2.792514, 48.516398 ], [ -2.793114, 48.513834 ], [ -2.793465, 48.513624 ], [ -2.794914, 48.513715 ], [ -2.801074, 48.512734 ], [ -2.803554, 48.507085 ], [ -2.806813, 48.505554 ], [ -2.812497, 48.506067 ], [ -2.812674, 48.50603 ], [ -2.814131, 48.506274 ], [ -2.814269, 48.506512 ], [ -2.817332, 48.510763 ], [ -2.825148, 48.50883 ], [ -2.826348, 48.506792 ], [ -2.826674, 48.505939 ], [ -2.832226, 48.503654 ], [ -2.833493, 48.497955 ], [ -2.828648, 48.491559 ], [ -2.823102, 48.492412 ], [ -2.819594, 48.491672 ], [ -2.819076, 48.491686 ], [ -2.818557, 48.4917 ], [ -2.8172, 48.49132 ], [ -2.817451, 48.487728 ], [ -2.824558, 48.482557 ], [ -2.82476, 48.482385 ], [ -2.833126, 48.479781 ], [ -2.833423, 48.479675 ], [ -2.834186, 48.479981 ], [ -2.836458, 48.481483 ], [ -2.844717, 48.480505 ], [ -2.846043, 48.480209 ], [ -2.851207, 48.478662 ], [ -2.857619, 48.47393 ], [ -2.859628, 48.469831 ], [ -2.862758, 48.466027 ], [ -2.867446, 48.46129 ], [ -2.86962, 48.458492 ], [ -2.86977, 48.458489 ], [ -2.87092, 48.458585 ], [ -2.871732, 48.458724 ], [ -2.872055, 48.458793 ], [ -2.872611, 48.458952 ], [ -2.873178, 48.459168 ], [ -2.873606, 48.459379 ], [ -2.881034, 48.462412 ], [ -2.884606, 48.462857 ], [ -2.891246, 48.461905 ], [ -2.893782, 48.46044 ], [ -2.894356, 48.461138 ], [ -2.903216, 48.461072 ], [ -2.903167, 48.452672 ], [ -2.906059, 48.448095 ], [ -2.906355, 48.44805 ], [ -2.909954, 48.447059 ], [ -2.913163, 48.445427 ], [ -2.919514, 48.446212 ], [ -2.919376, 48.43867 ], [ -2.918705, 48.437929 ], [ -2.916965, 48.435931 ], [ -2.916461, 48.435609 ], [ -2.915941, 48.435075 ], [ -2.915877, 48.434978 ], [ -2.915917, 48.429736 ], [ -2.916561, 48.427654 ], [ -2.916939, 48.425191 ], [ -2.91415, 48.418352 ], [ -2.912002, 48.415463 ], [ -2.915075, 48.40814 ], [ -2.918768, 48.402438 ], [ -2.918849, 48.402411 ], [ -2.918982, 48.402374 ], [ -2.919013, 48.402366 ], [ -2.920932, 48.403108 ], [ -2.927601, 48.406428 ], [ -2.929828, 48.405798 ], [ -2.930429, 48.406062 ], [ -2.930823, 48.408034 ], [ -2.938139, 48.412863 ], [ -2.939121, 48.412816 ], [ -2.941396, 48.413271 ], [ -2.946659, 48.415022 ], [ -2.950796, 48.417135 ], [ -2.957366, 48.416047 ], [ -2.958025, 48.415695 ], [ -2.959092, 48.41519 ], [ -2.962812, 48.416911 ], [ -2.963182, 48.421805 ], [ -2.96056, 48.424218 ], [ -2.960423, 48.42421 ], [ -2.960081, 48.424152 ], [ -2.957956, 48.423757 ], [ -2.957435, 48.4236 ], [ -2.956334, 48.423271 ], [ -2.951643, 48.424516 ], [ -2.950621, 48.425325 ], [ -2.949702, 48.426093 ], [ -2.953177, 48.434177 ], [ -2.95458, 48.434292 ], [ -2.954707, 48.434315 ], [ -2.958153, 48.44028 ], [ -2.964796, 48.44037 ], [ -2.968056, 48.439917 ], [ -2.975072, 48.435622 ], [ -2.975999, 48.43227 ], [ -2.976443, 48.428697 ], [ -2.981514, 48.424234 ], [ -2.982461, 48.42076 ], [ -2.984323, 48.421268 ], [ -2.984682, 48.421388 ], [ -2.985123, 48.421594 ], [ -2.985547, 48.421887 ], [ -2.994456, 48.422582 ], [ -3.000898, 48.420113 ], [ -3.00322, 48.419974 ], [ -3.003415, 48.419968 ], [ -3.0052, 48.41995 ], [ -3.006666, 48.423238 ], [ -3.005262, 48.426658 ], [ -3.002312, 48.431105 ], [ -3.004195, 48.437868 ], [ -3.006076, 48.439698 ], [ -3.014318, 48.438841 ], [ -3.016616, 48.438882 ], [ -3.017543, 48.442361 ], [ -3.025256, 48.44368 ], [ -3.025534, 48.44348 ], [ -3.026852, 48.4423 ], [ -3.027419, 48.441642 ], [ -3.028307, 48.441091 ], [ -3.028946, 48.440634 ], [ -3.029689, 48.440441 ], [ -3.033499, 48.434625 ], [ -3.031642, 48.431541 ], [ -3.028816, 48.429289 ], [ -3.029456, 48.425746 ], [ -3.030373, 48.425912 ], [ -3.032043, 48.426167 ], [ -3.03241, 48.426248 ], [ -3.032989, 48.426436 ], [ -3.041642, 48.426893 ], [ -3.046948, 48.424609 ], [ -3.053601, 48.419314 ], [ -3.054382, 48.416429 ], [ -3.054849, 48.414886 ], [ -3.058027, 48.410812 ], [ -3.061494, 48.409842 ], [ -3.064849, 48.409696 ], [ -3.070126, 48.4051 ], [ -3.070379, 48.40451 ], [ -3.070839, 48.403735 ], [ -3.073666, 48.401176 ], [ -3.074487, 48.401185 ], [ -3.075227, 48.401328 ], [ -3.082471, 48.399896 ], [ -3.082842, 48.393895 ], [ -3.08103, 48.391876 ], [ -3.08073, 48.389667 ], [ -3.081307, 48.388442 ], [ -3.086988, 48.381604 ], [ -3.090205, 48.379987 ], [ -3.094038, 48.384115 ], [ -3.096262, 48.389915 ], [ -3.097998, 48.392792 ], [ -3.097781, 48.394497 ], [ -3.097784, 48.395059 ], [ -3.097776, 48.39543 ], [ -3.104307, 48.401295 ], [ -3.10547, 48.402197 ], [ -3.105618, 48.402673 ], [ -3.105005, 48.404826 ], [ -3.10425, 48.404976 ], [ -3.103482, 48.405107 ], [ -3.101021, 48.405444 ], [ -3.09781, 48.406765 ], [ -3.097693, 48.40686 ], [ -3.099104, 48.415308 ], [ -3.101487, 48.415486 ], [ -3.102025, 48.415393 ], [ -3.10282, 48.415348 ], [ -3.104091, 48.415185 ], [ -3.108409, 48.41548 ], [ -3.108665, 48.415497 ], [ -3.11194, 48.414783 ], [ -3.11642, 48.416443 ], [ -3.118019, 48.416786 ], [ -3.117757, 48.420377 ], [ -3.124511, 48.423293 ], [ -3.127405, 48.421152 ], [ -3.127549, 48.41553 ], [ -3.126572, 48.412065 ], [ -3.128594, 48.408973 ], [ -3.129483, 48.40706 ], [ -3.130711, 48.406061 ], [ -3.130962, 48.406139 ], [ -3.139694, 48.403988 ], [ -3.141428, 48.403836 ], [ -3.142033, 48.403727 ], [ -3.148393, 48.400177 ], [ -3.150315, 48.396658 ], [ -3.150607, 48.395761 ], [ -3.150983, 48.394666 ], [ -3.157385, 48.389535 ], [ -3.158135, 48.386014 ], [ -3.160311, 48.378182 ], [ -3.160737, 48.377168 ], [ -3.16121, 48.377016 ], [ -3.166925, 48.37516 ], [ -3.167056, 48.375468 ], [ -3.167199, 48.376395 ], [ -3.166857, 48.377729 ], [ -3.166813, 48.378032 ], [ -3.166373, 48.379211 ], [ -3.170012, 48.386342 ], [ -3.171333, 48.386693 ], [ -3.171888, 48.386884 ], [ -3.172281, 48.387055 ], [ -3.17271, 48.387287 ], [ -3.173106, 48.387553 ], [ -3.174056, 48.388417 ], [ -3.174806, 48.388907 ], [ -3.17534, 48.389182 ], [ -3.178828, 48.391414 ], [ -3.182961, 48.39143 ], [ -3.18458, 48.390989 ], [ -3.186274, 48.382678 ], [ -3.180172, 48.379349 ], [ -3.179435, 48.379339 ], [ -3.178996, 48.379272 ], [ -3.178652, 48.379194 ], [ -3.177719, 48.378935 ], [ -3.17868, 48.375466 ], [ -3.185188, 48.37294 ], [ -3.187224, 48.372498 ], [ -3.193122, 48.371057 ], [ -3.194905, 48.374184 ], [ -3.199656, 48.375642 ], [ -3.200101, 48.375629 ], [ -3.200534, 48.375646 ], [ -3.20478, 48.368172 ], [ -3.203712, 48.367135 ], [ -3.203354, 48.366198 ], [ -3.203254, 48.365796 ], [ -3.206889, 48.360337 ], [ -3.211229, 48.357156 ], [ -3.213773, 48.354245 ], [ -3.214035, 48.353923 ], [ -3.214619, 48.353292 ], [ -3.217262, 48.355736 ], [ -3.216244, 48.357078 ], [ -3.215503, 48.35846 ], [ -3.218673, 48.36592 ], [ -3.224598, 48.370807 ], [ -3.224991, 48.37104 ], [ -3.225662, 48.371536 ], [ -3.229701, 48.378305 ], [ -3.230588, 48.381794 ], [ -3.23173, 48.387373 ], [ -3.231625, 48.387814 ], [ -3.231369, 48.388401 ], [ -3.231549, 48.395105 ], [ -3.233829, 48.400573 ], [ -3.239468, 48.403549 ], [ -3.240845, 48.403727 ], [ -3.248518, 48.406816 ], [ -3.250898, 48.406023 ], [ -3.251172, 48.405873 ], [ -3.251818, 48.405623 ], [ -3.252695, 48.405352 ], [ -3.253618, 48.405158 ], [ -3.254103, 48.405115 ], [ -3.254496, 48.405127 ], [ -3.259536, 48.403058 ], [ -3.258732, 48.396996 ], [ -3.257359, 48.395723 ], [ -3.255605, 48.394768 ], [ -3.254703, 48.394537 ], [ -3.254099, 48.394328 ], [ -3.250811, 48.393281 ], [ -3.247874, 48.393889 ], [ -3.247193, 48.393498 ], [ -3.246944, 48.393356 ], [ -3.246311, 48.392991 ], [ -3.246091, 48.392863 ], [ -3.246017, 48.392792 ], [ -3.245944, 48.392626 ], [ -3.245744, 48.391733 ], [ -3.245692, 48.391533 ], [ -3.24586, 48.39106 ], [ -3.246546, 48.38932 ], [ -3.246231, 48.382575 ], [ -3.244828, 48.379259 ], [ -3.245809, 48.378844 ], [ -3.246528, 48.378566 ], [ -3.247297, 48.369714 ], [ -3.24673, 48.369483 ], [ -3.244965, 48.368963 ], [ -3.243797, 48.368785 ], [ -3.242648, 48.368637 ], [ -3.242182, 48.368557 ], [ -3.241576, 48.36841 ], [ -3.240293, 48.367981 ], [ -3.239821, 48.367783 ], [ -3.239507, 48.367582 ], [ -3.239016, 48.367134 ], [ -3.238612, 48.366625 ], [ -3.239075, 48.366255 ], [ -3.241433, 48.364389 ], [ -3.249683, 48.364666 ], [ -3.250588, 48.364462 ], [ -3.251309, 48.364338 ], [ -3.256445, 48.367795 ], [ -3.257396, 48.368334 ], [ -3.258036, 48.368804 ], [ -3.265614, 48.369208 ], [ -3.267072, 48.367747 ], [ -3.268936, 48.365176 ], [ -3.26926, 48.36477 ], [ -3.269571, 48.364492 ], [ -3.269848, 48.364294 ], [ -3.272811, 48.362107 ], [ -3.273314, 48.361732 ], [ -3.275716, 48.360537 ], [ -3.279018, 48.359702 ], [ -3.284944, 48.355365 ], [ -3.285841, 48.35442 ], [ -3.294286, 48.353916 ], [ -3.297229, 48.351844 ], [ -3.301825, 48.353614 ], [ -3.305069, 48.346588 ], [ -3.304143, 48.343109 ], [ -3.30064, 48.338548 ], [ -3.300066, 48.338198 ], [ -3.295121, 48.336314 ], [ -3.293872, 48.336267 ], [ -3.293056, 48.336068 ], [ -3.292415, 48.335622 ], [ -3.292023, 48.335202 ], [ -3.292291, 48.334628 ], [ -3.294298, 48.332692 ], [ -3.294656, 48.332747 ], [ -3.295796, 48.332778 ], [ -3.30018, 48.325037 ], [ -3.300051, 48.323207 ], [ -3.300986, 48.315431 ], [ -3.301316, 48.315325 ], [ -3.301637, 48.315244 ], [ -3.302755, 48.315095 ], [ -3.303648, 48.315002 ], [ -3.309787, 48.312655 ], [ -3.313685, 48.307521 ], [ -3.321494, 48.304654 ], [ -3.324509, 48.306621 ], [ -3.325095, 48.308215 ], [ -3.323787, 48.313138 ], [ -3.323279, 48.321443 ], [ -3.326721, 48.323294 ], [ -3.330726, 48.324878 ], [ -3.334625, 48.327793 ], [ -3.338671, 48.330252 ], [ -3.346524, 48.329633 ], [ -3.350118, 48.329418 ], [ -3.350447, 48.331291 ], [ -3.358266, 48.3349 ], [ -3.358682, 48.334755 ], [ -3.359219, 48.334601 ], [ -3.359919, 48.33444 ], [ -3.365721, 48.329908 ], [ -3.374569, 48.330027 ], [ -3.375287, 48.329875 ], [ -3.375891, 48.329894 ], [ -3.376385, 48.329993 ], [ -3.377635, 48.330278 ], [ -3.377839, 48.333872 ], [ -3.376995, 48.342274 ], [ -3.377926, 48.343878 ], [ -3.377987, 48.34396 ], [ -3.377999, 48.345732 ], [ -3.384177, 48.351358 ], [ -3.385151, 48.353121 ], [ -3.384438, 48.354949 ], [ -3.383973, 48.355043 ], [ -3.38347, 48.355192 ], [ -3.382902, 48.355302 ], [ -3.381324, 48.355452 ], [ -3.376744, 48.362797 ], [ -3.379942, 48.365388 ], [ -3.381087, 48.365654 ], [ -3.382145, 48.365671 ], [ -3.382555, 48.365657 ], [ -3.383133, 48.365697 ], [ -3.383654, 48.365773 ], [ -3.383854, 48.365798 ], [ -3.38497, 48.365844 ], [ -3.385382, 48.365898 ], [ -3.385748, 48.365986 ], [ -3.386294, 48.366185 ], [ -3.38704, 48.366436 ], [ -3.388609, 48.366946 ], [ -3.389122, 48.367195 ], [ -3.389633, 48.367621 ], [ -3.390083, 48.368477 ], [ -3.393864, 48.371763 ], [ -3.397388, 48.372499 ], [ -3.401618, 48.365288 ], [ -3.400806, 48.363496 ], [ -3.397128, 48.360117 ], [ -3.396724, 48.359956 ], [ -3.396003, 48.359617 ], [ -3.3951, 48.358389 ], [ -3.394919, 48.356186 ], [ -3.395894, 48.352372 ], [ -3.39565, 48.351296 ], [ -3.396453, 48.349526 ], [ -3.390692, 48.342701 ], [ -3.390598, 48.34256 ], [ -3.390089, 48.341041 ], [ -3.39002, 48.340429 ], [ -3.390092, 48.339727 ], [ -3.389527, 48.336251 ], [ -3.389355, 48.335845 ], [ -3.389195, 48.335306 ], [ -3.388952, 48.333966 ], [ -3.388895, 48.333418 ], [ -3.388934, 48.332869 ], [ -3.389016, 48.332469 ], [ -3.38998, 48.332035 ], [ -3.39034, 48.331955 ], [ -3.392542, 48.333192 ], [ -3.392811, 48.334776 ], [ -3.40161, 48.334542 ], [ -3.405207, 48.334398 ], [ -3.409871, 48.327224 ], [ -3.410226, 48.327277 ], [ -3.416018, 48.325959 ], [ -3.41945, 48.319428 ], [ -3.420247, 48.315917 ], [ -3.4243, 48.31632 ], [ -3.426898, 48.317014 ], [ -3.427384, 48.317193 ], [ -3.427872, 48.31752 ], [ -3.428237, 48.31793 ], [ -3.428559, 48.318615 ], [ -3.428602, 48.319512 ], [ -3.434535, 48.325876 ], [ -3.439718, 48.329449 ], [ -3.441262, 48.331045 ], [ -3.440968, 48.332824 ], [ -3.440279, 48.334508 ], [ -3.445743, 48.340622 ], [ -3.446344, 48.34055 ], [ -3.446622, 48.344113 ], [ -3.446103, 48.344543 ], [ -3.444488, 48.347981 ], [ -3.451973, 48.352067 ], [ -3.453025, 48.351254 ], [ -3.456732, 48.350025 ], [ -3.457742, 48.349747 ], [ -3.460708, 48.348256 ], [ -3.461739, 48.347148 ], [ -3.462527, 48.34683 ], [ -3.465265, 48.342096 ], [ -3.460522, 48.337624 ], [ -3.459433, 48.337627 ], [ -3.458598, 48.337634 ], [ -3.457865, 48.33759 ], [ -3.457149, 48.337494 ], [ -3.45639, 48.337332 ], [ -3.457141, 48.333812 ], [ -3.462501, 48.330776 ], [ -3.462541, 48.330742 ], [ -3.462782, 48.330588 ], [ -3.463365, 48.330542 ], [ -3.463966, 48.330541 ], [ -3.470294, 48.328061 ], [ -3.470792, 48.324495 ], [ -3.468067, 48.319932 ], [ -3.469507, 48.316633 ], [ -3.471005, 48.312434 ], [ -3.472118, 48.310484 ], [ -3.473042, 48.309067 ], [ -3.474784, 48.308542 ], [ -3.480476, 48.310837 ], [ -3.485408, 48.316757 ], [ -3.488722, 48.322014 ], [ -3.489192, 48.322262 ], [ -3.491494, 48.323102 ], [ -3.49675, 48.31583 ], [ -3.496548, 48.312236 ], [ -3.498382, 48.31212 ], [ -3.503453, 48.311693 ], [ -3.51086, 48.315402 ], [ -3.511192, 48.315498 ], [ -3.511529, 48.315636 ], [ -3.520381, 48.316557 ], [ -3.521174, 48.316428 ], [ -3.521941, 48.316355 ], [ -3.529473, 48.311976 ], [ -3.529678, 48.311596 ], [ -3.530052, 48.310978 ], [ -3.530845, 48.309802 ], [ -3.531474, 48.30897 ], [ -3.531806, 48.308546 ], [ -3.532249, 48.308046 ], [ -3.533735, 48.306631 ], [ -3.53869, 48.300467 ], [ -3.539169, 48.299757 ], [ -3.539538, 48.299323 ], [ -3.540017, 48.298898 ], [ -3.540577, 48.298531 ], [ -3.541173, 48.298262 ], [ -3.541831, 48.298064 ], [ -3.542428, 48.297948 ], [ -3.546152, 48.297334 ], [ -3.546379, 48.297578 ], [ -3.551533, 48.303491 ], [ -3.550469, 48.30454 ], [ -3.550247, 48.304786 ], [ -3.547044, 48.308015 ], [ -3.548494, 48.315635 ], [ -3.548918, 48.316041 ], [ -3.547899, 48.318566 ], [ -3.546003, 48.324906 ], [ -3.545864, 48.328504 ], [ -3.543287, 48.332426 ], [ -3.543073, 48.333034 ], [ -3.54285, 48.3339 ], [ -3.542424, 48.335344 ], [ -3.542321, 48.33594 ], [ -3.54273, 48.340066 ], [ -3.54291, 48.340384 ], [ -3.551815, 48.339358 ], [ -3.5547, 48.337205 ], [ -3.556461, 48.33872 ], [ -3.563879, 48.340938 ], [ -3.569345, 48.33711 ], [ -3.570426, 48.333676 ], [ -3.572503, 48.332772 ], [ -3.575192, 48.335166 ], [ -3.575776, 48.340052 ], [ -3.582806, 48.341383 ], [ -3.588351, 48.34698 ], [ -3.596592, 48.34966 ], [ -3.600163, 48.349203 ], [ -3.601846, 48.351057 ], [ -3.603405, 48.35298 ], [ -3.601986, 48.355701 ], [ -3.598567, 48.356828 ], [ -3.598306, 48.365783 ], [ -3.599595, 48.366119 ], [ -3.599256, 48.368276 ], [ -3.601815, 48.374907 ], [ -3.60239, 48.375478 ], [ -3.603761, 48.376891 ], [ -3.611236, 48.379878 ], [ -3.612743, 48.380033 ], [ -3.613493, 48.383554 ], [ -3.616921, 48.390787 ], [ -3.617248, 48.391543 ], [ -3.617379, 48.391967 ], [ -3.618354, 48.396818 ], [ -3.618441, 48.398193 ], [ -3.618374, 48.398372 ], [ -3.618188, 48.398785 ], [ -3.616974, 48.400143 ], [ -3.615868, 48.399683 ], [ -3.610785, 48.399257 ], [ -3.603098, 48.401398 ], [ -3.602608, 48.40189 ], [ -3.602183, 48.402155 ], [ -3.600411, 48.403825 ], [ -3.599623, 48.404662 ], [ -3.599129, 48.40499 ], [ -3.598804, 48.405133 ], [ -3.598421, 48.405264 ], [ -3.597379, 48.402796 ], [ -3.588482, 48.403226 ], [ -3.588686, 48.405402 ], [ -3.588107, 48.405773 ], [ -3.587721, 48.406051 ], [ -3.587359, 48.406277 ], [ -3.586213, 48.407071 ], [ -3.585403, 48.407698 ], [ -3.582193, 48.411601 ], [ -3.581056, 48.416748 ], [ -3.578539, 48.419952 ], [ -3.578464, 48.428101 ], [ -3.582509, 48.431672 ], [ -3.586676, 48.432129 ], [ -3.587036, 48.432123 ], [ -3.588428, 48.432135 ], [ -3.593572, 48.429935 ], [ -3.595789, 48.426373 ], [ -3.601324, 48.421415 ], [ -3.602285, 48.415784 ], [ -3.605788, 48.414951 ], [ -3.606298, 48.417099 ], [ -3.606363, 48.417644 ], [ -3.607533, 48.42222 ], [ -3.615698, 48.424135 ], [ -3.616239, 48.423954 ], [ -3.616685, 48.42389 ], [ -3.61997, 48.422758 ], [ -3.620553, 48.422415 ], [ -3.62192, 48.421518 ], [ -3.627124, 48.419026 ], [ -3.627332, 48.418917 ], [ -3.627776, 48.418985 ], [ -3.632947, 48.41873 ], [ -3.635381, 48.420502 ], [ -3.635129, 48.424093 ], [ -3.637301, 48.429119 ], [ -3.645449, 48.429536 ], [ -3.646346, 48.429015 ], [ -3.646854, 48.428852 ], [ -3.647605, 48.428736 ], [ -3.649674, 48.428277 ], [ -3.650683, 48.431732 ], [ -3.657059, 48.435107 ], [ -3.659591, 48.435027 ], [ -3.659855, 48.435089 ], [ -3.660364, 48.436505 ], [ -3.669324, 48.436587 ], [ -3.668891, 48.431207 ], [ -3.67138, 48.428704 ], [ -3.676921, 48.428141 ], [ -3.677842, 48.428162 ], [ -3.678245, 48.428271 ], [ -3.684273, 48.431013 ], [ -3.684176, 48.434612 ], [ -3.68344, 48.435292 ], [ -3.682464, 48.443964 ], [ -3.683089, 48.444826 ], [ -3.68328, 48.445406 ], [ -3.683343, 48.445802 ], [ -3.683048, 48.446511 ], [ -3.682398, 48.446726 ], [ -3.681624, 48.446879 ], [ -3.681174, 48.446915 ], [ -3.68037, 48.446873 ], [ -3.67962, 48.446871 ], [ -3.678417, 48.446889 ], [ -3.676286, 48.447017 ], [ -3.674786, 48.447145 ], [ -3.673059, 48.447255 ], [ -3.671275, 48.447628 ], [ -3.670752, 48.447744 ], [ -3.67032, 48.447809 ], [ -3.664438, 48.450262 ], [ -3.661997, 48.4529 ], [ -3.658556201720333, 48.45137820630692 ], [ -3.660098, 48.450257 ], [ -3.662027, 48.447931 ], [ -3.663721, 48.446535 ], [ -3.664457, 48.445974 ], [ -3.662774, 48.443308 ], [ -3.662277, 48.44311 ], [ -3.661105, 48.443175 ], [ -3.652623, 48.444341 ], [ -3.651294, 48.443349 ], [ -3.650748, 48.443084 ], [ -3.649698, 48.442495 ], [ -3.649224, 48.442205 ], [ -3.648241, 48.441756 ], [ -3.646745, 48.44503 ], [ -3.646864, 48.448665 ], [ -3.646851, 48.448885 ], [ -3.644869, 48.453628 ], [ -3.636076, 48.452602 ], [ -3.635922, 48.452189 ], [ -3.635698, 48.451772 ], [ -3.634673, 48.449613 ], [ -3.63274, 48.449022 ], [ -3.631685, 48.449255 ], [ -3.631001, 48.449498 ], [ -3.630683, 48.449682 ], [ -3.629981, 48.450175 ], [ -3.631436, 48.455015 ], [ -3.631411, 48.455626 ], [ -3.631461, 48.456849 ], [ -3.631666, 48.458728 ], [ -3.63176, 48.459157 ], [ -3.632114, 48.45988 ], [ -3.631765, 48.467897 ], [ -3.631564, 48.46806 ], [ -3.623243, 48.466326 ], [ -3.622863, 48.464203 ], [ -3.622278, 48.463078 ], [ -3.62187, 48.462753 ], [ -3.621427, 48.462525 ], [ -3.62092, 48.462373 ], [ -3.620799, 48.46235 ], [ -3.618282, 48.462456 ], [ -3.610371, 48.462412 ], [ -3.605209, 48.458748 ], [ -3.601453, 48.455924 ], [ -3.600416, 48.455497 ], [ -3.600197, 48.455474 ], [ -3.599738, 48.455986 ], [ -3.598957, 48.458376 ], [ -3.592814, 48.462111 ], [ -3.59036, 48.461964 ], [ -3.587917, 48.461817 ], [ -3.58201, 48.458333 ], [ -3.579004, 48.456353 ], [ -3.572173, 48.458626 ], [ -3.568952, 48.460234 ], [ -3.570138, 48.46261 ], [ -3.570716, 48.463943 ], [ -3.5762, 48.466938 ], [ -3.579757, 48.467495 ], [ -3.585359, 48.465257 ], [ -3.587681, 48.465409 ], [ -3.590144, 48.465557 ], [ -3.592598, 48.465705 ], [ -3.593099, 48.465706 ], [ -3.595538, 48.465619 ], [ -3.60119, 48.472548 ], [ -3.60155, 48.473045 ], [ -3.602289, 48.473668 ], [ -3.603146, 48.47465 ], [ -3.605213, 48.4767 ], [ -3.606897, 48.476448 ], [ -3.607398, 48.476336 ], [ -3.612907, 48.476215 ], [ -3.615984, 48.477987 ], [ -3.617282, 48.478696 ], [ -3.619713, 48.487099 ], [ -3.615797, 48.490687 ], [ -3.613637, 48.491659 ], [ -3.612614, 48.492149 ], [ -3.612555, 48.492281 ], [ -3.611093, 48.497828 ], [ -3.610488, 48.499017 ], [ -3.608287, 48.503544 ], [ -3.607596, 48.504266 ], [ -3.606865, 48.505051 ], [ -3.605881, 48.506101 ], [ -3.601099, 48.510667 ], [ -3.596198, 48.507358 ], [ -3.596006, 48.504311 ], [ -3.589515, 48.500347 ], [ -3.590594, 48.492536 ], [ -3.590503, 48.488937 ], [ -3.594628, 48.484415 ], [ -3.595906, 48.484081 ], [ -3.595519, 48.480502 ], [ -3.592312, 48.476024 ], [ -3.591819, 48.476102 ], [ -3.591327, 48.47621 ], [ -3.590698, 48.476425 ], [ -3.589853, 48.476795 ], [ -3.588195, 48.477392 ], [ -3.586942, 48.477554 ], [ -3.586242, 48.477605 ], [ -3.585725, 48.47774 ], [ -3.584922, 48.478025 ], [ -3.579971, 48.482124 ], [ -3.579281, 48.482353 ], [ -3.571574, 48.486821 ], [ -3.570258, 48.483471 ], [ -3.568328, 48.484229 ], [ -3.567666, 48.484647 ], [ -3.566732, 48.486166 ], [ -3.566611, 48.48643 ], [ -3.566407, 48.487379 ], [ -3.566437, 48.488283 ], [ -3.566366, 48.489948 ], [ -3.565918, 48.493263 ], [ -3.560238, 48.497248 ], [ -3.556471, 48.494885 ], [ -3.555718, 48.493891 ], [ -3.555078, 48.493121 ], [ -3.554714, 48.49263 ], [ -3.553714, 48.491342 ], [ -3.553523, 48.491295 ], [ -3.550022, 48.491256 ], [ -3.549955, 48.491694 ], [ -3.55077, 48.493614 ], [ -3.544082172410732, 48.498718267883049 ], [ -3.539481, 48.4923 ], [ -3.539455, 48.491679 ], [ -3.539269, 48.490938 ], [ -3.537823, 48.487774 ], [ -3.537758, 48.487628 ], [ -3.534469, 48.489092 ], [ -3.530084813225487, 48.494532443346166 ], [ -3.528402, 48.495997 ], [ -3.527917, 48.49601 ], [ -3.52456, 48.495323 ], [ -3.51762, 48.497017 ], [ -3.510533, 48.491738 ], [ -3.51036, 48.488142 ], [ -3.505686, 48.482946 ], [ -3.501536, 48.476409 ], [ -3.503547, 48.468285 ], [ -3.503898, 48.464702 ], [ -3.501582, 48.464476 ], [ -3.499267, 48.464249 ], [ -3.494715, 48.457573 ], [ -3.494626, 48.456779 ], [ -3.494419, 48.456282 ], [ -3.494031, 48.455617 ], [ -3.493238, 48.454349 ], [ -3.492826, 48.453684 ], [ -3.492384, 48.453192 ], [ -3.49204, 48.452934 ], [ -3.491692, 48.452736 ], [ -3.491183, 48.452502 ], [ -3.490657, 48.453215 ], [ -3.49002, 48.454062 ], [ -3.483207, 48.459509 ], [ -3.482795, 48.459453 ], [ -3.482187, 48.459441 ], [ -3.481144, 48.459518 ], [ -3.479461, 48.466601 ], [ -3.478146, 48.473079 ], [ -3.477629, 48.474251 ], [ -3.472109, 48.480978 ], [ -3.471581, 48.481119 ], [ -3.46892, 48.48141 ], [ -3.461088, 48.477824 ], [ -3.460851, 48.477591 ], [ -3.459444, 48.477022 ], [ -3.455337, 48.476081 ], [ -3.450966, 48.473 ], [ -3.450674, 48.473077 ], [ -3.442227, 48.474139 ], [ -3.443654, 48.466504 ], [ -3.446981, 48.461425 ], [ -3.448133, 48.460274 ], [ -3.449433, 48.457878 ], [ -3.451951, 48.45337 ], [ -3.459208, 48.451777 ], [ -3.462761, 48.448318 ], [ -3.462551, 48.444724 ], [ -3.458934, 48.443594 ], [ -3.458571, 48.443773 ], [ -3.457164, 48.444432 ], [ -3.457146, 48.444442 ], [ -3.449631, 48.446021 ], [ -3.447973, 48.445433 ], [ -3.443916, 48.445477 ], [ -3.443475, 48.445512 ], [ -3.442717, 48.44568 ], [ -3.441487, 48.445755 ], [ -3.435802, 48.440642 ], [ -3.437035, 48.43726 ], [ -3.437124, 48.43711 ], [ -3.437289, 48.433513 ], [ -3.434524, 48.431398 ], [ -3.434235, 48.431205 ], [ -3.433988, 48.431158 ], [ -3.432711, 48.431104 ], [ -3.43057, 48.432008 ], [ -3.425978, 48.43333 ], [ -3.423119, 48.436332 ], [ -3.416005, 48.437647 ], [ -3.413341, 48.440068 ], [ -3.406426, 48.441606 ], [ -3.404942, 48.436448 ], [ -3.405465, 48.435416 ], [ -3.405551, 48.429401 ], [ -3.405964, 48.428307 ], [ -3.40611, 48.427938 ], [ -3.406524, 48.421907 ], [ -3.407913, 48.416232 ], [ -3.411536, 48.413114 ], [ -3.414205, 48.41185 ], [ -3.414743, 48.411613 ], [ -3.416517, 48.410537 ], [ -3.417317, 48.410052 ], [ -3.417157, 48.40894 ], [ -3.417131, 48.408801 ], [ -3.41701, 48.400818 ], [ -3.418542, 48.399757 ], [ -3.416492, 48.396798 ], [ -3.41496, 48.397859 ], [ -3.406296, 48.398553 ], [ -3.40283, 48.399527 ], [ -3.401607, 48.401195 ], [ -3.401254, 48.401991 ], [ -3.396434, 48.407283 ], [ -3.393433, 48.406582 ], [ -3.39341, 48.406569 ], [ -3.392879, 48.406422 ], [ -3.391644, 48.405931 ], [ -3.391082, 48.405816 ], [ -3.390557, 48.405738 ], [ -3.389803, 48.40567 ], [ -3.389613, 48.405666 ], [ -3.389542, 48.409265 ], [ -3.38697, 48.413627 ], [ -3.378667, 48.414943 ], [ -3.37762, 48.413866 ], [ -3.377151, 48.413612 ], [ -3.376186, 48.413776 ], [ -3.37609, 48.413802 ], [ -3.375548, 48.413992 ], [ -3.374885, 48.414429 ], [ -3.37486, 48.414503 ], [ -3.37476, 48.415434 ], [ -3.374518, 48.416751 ], [ -3.368966, 48.422332 ], [ -3.363836, 48.423701 ], [ -3.363522, 48.423748 ], [ -3.358219, 48.42367 ], [ -3.356918, 48.427027 ], [ -3.348238, 48.428638 ], [ -3.343132, 48.428872 ], [ -3.339757, 48.429921 ], [ -3.331622, 48.430764 ], [ -3.330303, 48.429266 ], [ -3.32898, 48.430091 ], [ -3.328541, 48.430394 ], [ -3.328073, 48.430856 ], [ -3.321985, 48.437209 ], [ -3.321604, 48.437487 ], [ -3.321278, 48.437787 ], [ -3.316028, 48.440916 ], [ -3.314609, 48.443028 ], [ -3.306029, 48.441534 ], [ -3.305467, 48.440469 ], [ -3.302159, 48.441888 ], [ -3.295555, 48.444994 ], [ -3.293595, 48.448014 ], [ -3.288575, 48.45146 ], [ -3.280526, 48.452342 ], [ -3.275225, 48.445077 ], [ -3.275194, 48.444663 ], [ -3.27513, 48.444238 ], [ -3.27157, 48.444771 ], [ -3.27066, 48.445367 ], [ -3.270227, 48.445813 ], [ -3.270092, 48.446008 ], [ -3.265908, 48.453401 ], [ -3.260442, 48.453317 ], [ -3.258653, 48.452274 ], [ -3.25583, 48.454508 ], [ -3.24836, 48.459455 ], [ -3.248164, 48.459387 ], [ -3.247624, 48.459276 ], [ -3.246733, 48.459367 ], [ -3.24618, 48.459575 ], [ -3.245399, 48.459973 ], [ -3.243698, 48.461257 ], [ -3.24258, 48.462086 ], [ -3.242147, 48.462449 ], [ -3.241582, 48.463056 ], [ -3.241443, 48.463232 ], [ -3.244264, 48.465468 ], [ -3.247344, 48.464833 ], [ -3.248985, 48.464561 ], [ -3.254388, 48.467494 ], [ -3.248595, 48.473812 ], [ -3.247762, 48.473886 ], [ -3.247509, 48.473886 ], [ -3.244851, 48.476956 ], [ -3.240297, 48.478878 ], [ -3.232263, 48.478871 ], [ -3.230503, 48.473584 ], [ -3.230598, 48.472877 ], [ -3.229614, 48.471524 ], [ -3.227359, 48.468301 ], [ -3.2264, 48.468291 ], [ -3.225714, 48.46839 ], [ -3.224996, 48.468678 ], [ -3.222657, 48.469683 ], [ -3.221894, 48.469972 ], [ -3.22112, 48.470631 ], [ -3.220562, 48.471784 ], [ -3.220196, 48.473236 ], [ -3.219919, 48.474379 ], [ -3.219698, 48.475479 ], [ -3.211889, 48.479321 ], [ -3.211474, 48.479323 ], [ -3.210827, 48.479453 ], [ -3.203487, 48.474307 ], [ -3.203041, 48.470735 ], [ -3.201679, 48.470905 ], [ -3.199335, 48.471245 ], [ -3.196426, 48.471631 ], [ -3.188726, 48.471068 ], [ -3.186536, 48.471247 ], [ -3.186426, 48.471402 ], [ -3.186312, 48.471577 ], [ -3.186061, 48.47221 ], [ -3.185991, 48.472676 ], [ -3.186034, 48.473263 ], [ -3.186396, 48.476153 ], [ -3.187179, 48.477439 ], [ -3.190697, 48.485271 ], [ -3.186985, 48.491748 ], [ -3.179121, 48.491104 ], [ -3.175587, 48.490418 ], [ -3.171488, 48.493113 ], [ -3.170706, 48.495664 ], [ -3.169111, 48.502165 ], [ -3.16592, 48.503832 ], [ -3.162457, 48.503538 ], [ -3.155061, 48.501903 ], [ -3.153563, 48.500574 ], [ -3.147791, 48.501877 ], [ -3.146747, 48.501914 ], [ -3.141187, 48.501206 ], [ -3.139085, 48.496419 ], [ -3.138997, 48.495941 ], [ -3.136845, 48.495006 ], [ -3.136163, 48.49519 ], [ -3.135456, 48.496589 ], [ -3.132747, 48.49971 ], [ -3.132349, 48.50047 ], [ -3.124068, 48.503061 ], [ -3.122005, 48.50085 ], [ -3.121811, 48.500637 ], [ -3.120368, 48.494096 ], [ -3.120521, 48.493624 ], [ -3.120573, 48.493141 ], [ -3.120537, 48.492676 ], [ -3.120388, 48.49203 ], [ -3.12028, 48.491736 ], [ -3.117153, 48.492459 ], [ -3.116021, 48.493471 ], [ -3.109579, 48.499005 ], [ -3.109327, 48.499621 ], [ -3.109191, 48.500422 ], [ -3.109698, 48.501728 ], [ -3.10969, 48.506379 ], [ -3.109086, 48.509077 ], [ -3.102518, 48.511937 ], [ -3.099408, 48.513782 ], [ -3.096805, 48.521082 ], [ -3.090331, 48.52623 ], [ -3.086296, 48.52628 ], [ -3.081917, 48.524159 ], [ -3.078392, 48.524894 ], [ -3.075558, 48.526356 ], [ -3.074985, 48.526663 ], [ -3.074916, 48.526716 ], [ -3.071526, 48.530205 ], [ -3.071123, 48.531694 ], [ -3.071043, 48.532001 ], [ -3.070381, 48.534075 ], [ -3.063157, 48.536718 ], [ -3.060783, 48.536139 ], [ -3.055309, 48.530767 ], [ -3.055066, 48.527175 ], [ -3.055168, 48.524652 ], [ -3.055158, 48.524233 ], [ -3.055037, 48.523703 ], [ -3.053995, 48.522559 ], [ -3.053333, 48.522242 ], [ -3.052885, 48.522104 ], [ -3.0485, 48.521514 ], [ -3.047764, 48.522267 ], [ -3.046546, 48.523459 ], [ -3.042164, 48.525187 ], [ -3.037119, 48.523104 ], [ -3.036883, 48.52295 ], [ -3.034029, 48.519893 ], [ -3.025608, 48.519445 ], [ -3.023174, 48.520044 ], [ -3.020787, 48.520932 ], [ -3.015725, 48.524543 ], [ -3.015385, 48.525137 ], [ -3.014884, 48.526145 ], [ -3.012363, 48.528542 ], [ -3.004521, 48.526636 ], [ -2.997443, 48.528788 ], [ -2.995349, 48.528483 ], [ -2.99298, 48.528189 ], [ -2.99062, 48.527952 ], [ -2.988985, 48.527815 ], [ -2.986889, 48.527689 ], [ -2.984743, 48.527592 ], [ -2.982761, 48.52755 ], [ -2.981442, 48.527545 ], [ -2.980114, 48.52755 ], [ -2.978523, 48.527578 ], [ -2.977228, 48.527619 ], [ -2.975869, 48.527673 ], [ -2.96996, 48.527831 ], [ -2.969034, 48.528069 ], [ -2.969252, 48.531663 ], [ -2.971361, 48.531535 ], [ -2.976065, 48.531267 ], [ -2.977369, 48.531217 ], [ -2.978639, 48.531176 ], [ -2.980176, 48.53115 ], [ -2.981455, 48.531145 ], [ -2.982747, 48.53115 ], [ -2.984666, 48.531191 ], [ -2.986726, 48.531285 ], [ -2.988768, 48.531408 ], [ -2.990318, 48.531539 ], [ -2.997307, 48.536368 ], [ -2.997875, 48.537802 ], [ -2.99792, 48.537958 ], [ -2.999224, 48.538432 ], [ -3.003007, 48.539009 ], [ -3.00454, 48.538701 ], [ -3.011051, 48.537964 ], [ -3.013662, 48.537975 ], [ -3.016273, 48.537987 ], [ -3.018187, 48.538007 ], [ -3.019051, 48.538094 ], [ -3.019542, 48.538173 ], [ -3.020481, 48.5383 ], [ -3.026231, 48.544056 ], [ -3.026239, 48.545495 ], [ -3.027712, 48.54799 ], [ -3.028776, 48.55053 ], [ -3.030226, 48.550671 ], [ -3.032155, 48.547631 ], [ -3.037035, 48.544415 ], [ -3.041007, 48.545336 ], [ -3.041189, 48.545423 ], [ -3.044297, 48.543875 ], [ -3.050014, 48.53772 ], [ -3.054182, 48.538256 ], [ -3.056398, 48.539047 ], [ -3.058305, 48.539528 ], [ -3.060236, 48.540016 ], [ -3.06133, 48.540274 ], [ -3.062131, 48.540439 ], [ -3.06367, 48.540822 ], [ -3.065547, 48.541298 ], [ -3.067435, 48.541778 ], [ -3.069432, 48.542268 ], [ -3.071415, 48.542754 ], [ -3.074445, 48.546769 ], [ -3.06987, 48.552115 ], [ -3.069539, 48.55218 ], [ -3.067012, 48.55258 ], [ -3.065943, 48.552761 ], [ -3.065562, 48.55477 ], [ -3.065591, 48.554892 ], [ -3.066545, 48.556311 ], [ -3.067615, 48.556129 ], [ -3.070101, 48.555736 ], [ -3.075518, 48.556794 ], [ -3.078569, 48.555621 ], [ -3.085793, 48.559486 ], [ -3.086777, 48.562949 ], [ -3.085323, 48.570824 ], [ -3.083634, 48.571499 ], [ -3.078079, 48.572569 ], [ -3.074485, 48.575337 ], [ -3.075871, 48.578659 ], [ -3.079552, 48.578145 ], [ -3.085031, 48.574817 ], [ -3.093629, 48.574159 ], [ -3.100496, 48.577072 ], [ -3.105798, 48.577929 ], [ -3.109489, 48.580642 ], [ -3.11002, 48.580943 ], [ -3.110459, 48.581058 ], [ -3.118135, 48.580636 ], [ -3.120859, 48.57831 ], [ -3.129252, 48.579294 ], [ -3.13113, 48.587685 ], [ -3.134435, 48.589112 ], [ -3.13768, 48.59013 ], [ -3.141275, 48.590326 ], [ -3.148319, 48.59561 ], [ -3.148147, 48.597316 ], [ -3.148302, 48.597845 ], [ -3.148582, 48.598892 ], [ -3.148802, 48.599217 ], [ -3.148847, 48.599251 ], [ -3.150775, 48.599436 ], [ -3.156464, 48.602657 ], [ -3.155623, 48.60914 ], [ -3.150408, 48.613426 ], [ -3.150049, 48.613535 ], [ -3.149299, 48.613819 ], [ -3.15057, 48.617187 ], [ -3.151862, 48.616814 ], [ -3.154703, 48.61662 ], [ -3.156536, 48.615436 ], [ -3.159382, 48.61474 ], [ -3.165558, 48.617698 ], [ -3.162553, 48.626118 ], [ -3.163211, 48.629657 ], [ -3.163599, 48.629585 ], [ -3.171556, 48.62938 ], [ -3.180148, 48.630721 ], [ -3.182536, 48.633415 ], [ -3.184618, 48.635837 ], [ -3.186872, 48.638615 ], [ -3.188698, 48.639965 ], [ -3.188829, 48.639945 ], [ -3.188915, 48.639927 ], [ -3.190469, 48.638768 ], [ -3.191231, 48.635801 ], [ -3.194914, 48.629545 ], [ -3.201042, 48.625585 ], [ -3.206506, 48.62905 ], [ -3.207188, 48.633095 ], [ -3.20742, 48.634043 ], [ -3.208475, 48.636919 ], [ -3.208756, 48.637024 ], [ -3.209285, 48.637144 ], [ -3.210832, 48.6375 ], [ -3.213047, 48.63725 ], [ -3.213623, 48.637291 ], [ -3.219723, 48.641707 ], [ -3.219341, 48.644752 ], [ -3.220031, 48.648286 ], [ -3.223705, 48.651176 ], [ -3.221413, 48.658246 ], [ -3.218351, 48.658806 ], [ -3.217016, 48.658852 ], [ -3.216438, 48.658785 ], [ -3.215336, 48.658705 ], [ -3.214666, 48.658561 ], [ -3.213895, 48.658502 ], [ -3.206415, 48.657527 ], [ -3.205848, 48.657357 ], [ -3.203093, 48.65656 ], [ -3.202597, 48.656679 ], [ -3.202227, 48.656804 ], [ -3.198066, 48.65777 ], [ -3.197084, 48.658362 ], [ -3.196737, 48.658647 ], [ -3.19546, 48.660254 ], [ -3.195489, 48.661631 ], [ -3.196972, 48.663014 ], [ -3.19848, 48.663634 ], [ -3.199391, 48.663876 ], [ -3.199445, 48.663851 ], [ -3.20621, 48.665195 ], [ -3.207368, 48.668603 ], [ -3.20939, 48.668452 ], [ -3.211648, 48.666499 ], [ -3.215948, 48.665419 ], [ -3.2163, 48.665431 ], [ -3.222737, 48.668797 ], [ -3.223471, 48.671006 ], [ -3.223625, 48.672661 ], [ -3.223549, 48.674104 ], [ -3.230234, 48.676695 ], [ -3.231432, 48.678961 ], [ -3.231134, 48.686384 ], [ -3.230822, 48.687113 ], [ -3.230765, 48.687525 ], [ -3.230832, 48.688162 ], [ -3.230937, 48.688524 ], [ -3.231954, 48.689296 ], [ -3.232167, 48.689344 ], [ -3.234376, 48.688301 ], [ -3.239913, 48.687837 ], [ -3.240395, 48.687685 ], [ -3.240635, 48.687594 ], [ -3.241147, 48.687325 ], [ -3.242009, 48.686703 ], [ -3.24631, 48.685416 ], [ -3.253633, 48.686666 ], [ -3.253696, 48.695235 ], [ -3.247107, 48.700988 ], [ -3.245444, 48.704181 ], [ -3.248313, 48.706537 ], [ -3.251959, 48.710422 ], [ -3.25323, 48.711547 ], [ -3.25897, 48.714342 ], [ -3.263033, 48.719631 ], [ -3.26358, 48.720683 ], [ -3.263958, 48.72143 ], [ -3.265824, 48.723485 ], [ -3.269636, 48.72489 ], [ -3.270583, 48.72494 ], [ -3.275724, 48.731196 ], [ -3.273374, 48.73481 ], [ -3.272627, 48.735241 ], [ -3.271934, 48.735557 ], [ -3.271613, 48.735667 ], [ -3.271335, 48.73575 ], [ -3.269652, 48.736144 ], [ -3.268714, 48.736562 ], [ -3.268092, 48.737037 ], [ -3.26775, 48.737367 ], [ -3.260856, 48.740744 ], [ -3.256164, 48.741985 ], [ -3.253379, 48.743111 ], [ -3.253009, 48.745622 ], [ -3.252301, 48.749919 ], [ -3.252394, 48.749948 ], [ -3.253165, 48.750036 ], [ -3.255137, 48.749971 ], [ -3.262129, 48.754106 ], [ -3.263637, 48.754469 ], [ -3.26423, 48.754532 ], [ -3.264773, 48.754505 ], [ -3.265203, 48.75443 ], [ -3.265594, 48.754311 ], [ -3.266162, 48.754065 ], [ -3.269727, 48.752936 ], [ -3.276449, 48.753273 ], [ -3.278621, 48.75453 ], [ -3.279528, 48.75531 ], [ -3.279802, 48.755417 ], [ -3.288365, 48.754356 ], [ -3.289667, 48.752693 ], [ -3.290484, 48.750524 ], [ -3.29093, 48.746952 ], [ -3.289309, 48.746312 ], [ -3.290082, 48.73796 ], [ -3.290461, 48.737779 ], [ -3.291276, 48.73751 ], [ -3.298626, 48.740161 ], [ -3.299475, 48.739443 ], [ -3.306798, 48.736233 ], [ -3.310902, 48.728961 ], [ -3.319007, 48.731903 ], [ -3.32184, 48.733585 ], [ -3.326594, 48.732496 ], [ -3.326867, 48.731638 ], [ -3.326842, 48.730757 ], [ -3.332925, 48.724961 ], [ -3.334376, 48.725098 ], [ -3.335428, 48.725258 ], [ -3.338135, 48.726225 ], [ -3.3425, 48.729658 ], [ -3.343347, 48.72991 ], [ -3.343782, 48.729851 ], [ -3.344221, 48.729802 ], [ -3.349621, 48.730261 ], [ -3.350327, 48.737664 ], [ -3.347393, 48.740502 ], [ -3.347133, 48.740666 ], [ -3.347014, 48.743285 ], [ -3.349842, 48.751132 ], [ -3.350155, 48.751983 ], [ -3.351563, 48.751659 ], [ -3.355228, 48.751232 ], [ -3.361567, 48.752121 ], [ -3.363694, 48.752886 ], [ -3.369782, 48.757068 ], [ -3.373779, 48.754411 ], [ -3.379051, 48.751238 ], [ -3.382191, 48.749385 ], [ -3.388277, 48.74858 ], [ -3.392864, 48.745616 ], [ -3.398834, 48.746051 ], [ -3.39898, 48.746101 ], [ -3.399352, 48.746115 ], [ -3.40064, 48.745971 ], [ -3.402847, 48.745426 ], [ -3.403608, 48.745293 ], [ -3.405012, 48.745079 ], [ -3.410618, 48.751038 ], [ -3.412224, 48.75426 ], [ -3.420046, 48.755606 ], [ -3.422893, 48.757716 ], [ -3.424429, 48.759057 ], [ -3.424723, 48.759063 ], [ -3.426469, 48.758131 ], [ -3.429696, 48.75486 ], [ -3.43265, 48.752803 ], [ -3.440615, 48.754355 ], [ -3.442028, 48.755061 ], [ -3.446372, 48.757805 ], [ -3.448159, 48.758096 ], [ -3.448291, 48.758113 ], [ -3.448409, 48.758118 ], [ -3.456593, 48.754629 ], [ -3.457371, 48.751114 ], [ -3.456028, 48.750576 ], [ -3.45358, 48.74236 ], [ -3.457408, 48.735158 ], [ -3.458556, 48.734826 ], [ -3.462129, 48.733399 ], [ -3.462369, 48.733176 ], [ -3.463403, 48.727922 ], [ -3.464183, 48.725508 ], [ -3.461603, 48.720905 ], [ -3.46157, 48.720853 ], [ -3.459629, 48.716223 ], [ -3.465467, 48.710834 ], [ -3.468178, 48.710985 ], [ -3.470296, 48.711948 ], [ -3.472971, 48.71233 ], [ -3.473444, 48.71241 ], [ -3.478245, 48.713679 ], [ -3.479331, 48.713856 ], [ -3.481744, 48.714527 ], [ -3.490003, 48.716073 ], [ -3.491873, 48.719149 ], [ -3.494236, 48.717733 ], [ -3.500871, 48.714259 ], [ -3.501295, 48.714043 ], [ -3.50218, 48.713549 ], [ -3.503184, 48.712083 ], [ -3.508998, 48.70685 ], [ -3.513042, 48.699229 ], [ -3.513586, 48.699031 ], [ -3.521285, 48.697244 ], [ -3.522703, 48.699381 ], [ -3.52287, 48.699291 ], [ -3.52337, 48.69891 ], [ -3.524197, 48.697058 ], [ -3.533014, 48.69633 ], [ -3.53354, 48.696794 ], [ -3.53386, 48.696967 ], [ -3.535286, 48.697586 ], [ -3.536719, 48.694284 ], [ -3.538747, 48.691176 ], [ -3.545783, 48.689455 ], [ -3.547777, 48.691313 ], [ -3.55275, 48.689726 ], [ -3.560058, 48.686605 ], [ -3.561535, 48.686346 ], [ -3.562622, 48.686017 ], [ -3.562711, 48.685915 ], [ -3.562733, 48.685885 ], [ -3.562988, 48.685122 ], [ -3.563077, 48.684643 ], [ -3.562996, 48.684519 ], [ -3.56278, 48.68425 ], [ -3.562642, 48.684079 ], [ -3.561577, 48.683212 ], [ -3.558087, 48.676848 ], [ -3.55783, 48.671918 ], [ -3.55795, 48.669065 ], [ -3.564795, 48.665641 ], [ -3.571772, 48.668576 ], [ -3.574387, 48.670233 ], [ -3.575254, 48.670792 ], [ -3.577406, 48.667905 ], [ -3.576108, 48.664232 ], [ -3.575979, 48.663832 ], [ -3.575486, 48.662914 ], [ -3.575149, 48.654549 ], [ -3.578861, 48.64823 ], [ -3.581628, 48.6468 ], [ -3.581707, 48.643201 ], [ -3.580931, 48.642082 ], [ -3.580796, 48.641878 ], [ -3.578864, 48.641301 ], [ -3.578467, 48.641551 ], [ -3.577932, 48.641889 ], [ -3.576583, 48.643133 ], [ -3.5728, 48.646014 ], [ -3.569571, 48.646399 ], [ -3.564675, 48.644766 ], [ -3.56359, 48.64407 ], [ -3.562939, 48.643602 ], [ -3.559963, 48.641453 ], [ -3.559066, 48.640508 ], [ -3.558111, 48.638776 ], [ -3.558068, 48.634199 ], [ -3.564992, 48.629794 ], [ -3.567413, 48.634585 ], [ -3.568039, 48.634897 ], [ -3.569342, 48.635553 ], [ -3.570331, 48.636109 ], [ -3.570569, 48.636191 ], [ -3.572448, 48.63362 ], [ -3.578399, 48.629309 ], [ -3.585976, 48.63414 ], [ -3.588213, 48.634239 ], [ -3.593182, 48.635908 ], [ -3.593884, 48.643692 ], [ -3.588551, 48.646128 ], [ -3.588708, 48.649725 ], [ -3.591268, 48.651955 ], [ -3.597641, 48.656839 ], [ -3.594624, 48.66388 ], [ -3.593662, 48.664745 ], [ -3.586554, 48.668914 ], [ -3.585604, 48.668774 ], [ -3.58508, 48.672336 ], [ -3.587109021020045, 48.672976613588382 ], [ -3.578506, 48.673839 ] ] ], [ [ [ -3.58769, 48.673161 ], [ -3.5875833793875, 48.673122413793884 ], [ -3.58781001776509, 48.67318638434616 ], [ -3.58769, 48.673161 ] ] ], [ [ [ -3.588229, 48.673275 ], [ -3.588097880500316, 48.673247268131959 ], [ -3.588401078561764, 48.673287732472986 ], [ -3.588229, 48.673275 ] ] ], [ [ [ -3.588675, 48.673308 ], [ -3.588590106918268, 48.67330171880517 ], [ -3.588780747425572, 48.673305092936729 ], [ -3.588675, 48.673308 ] ] ], [ [ [ -3.588966, 48.6733 ], [ -3.588891796561948, 48.673302040024772 ], [ -3.589026087300546, 48.673293146626023 ], [ -3.588966, 48.6733 ] ] ], [ [ [ -3.589343, 48.673257 ], [ -3.58920703131497, 48.673272508510379 ], [ -3.589705839029419, 48.673180359541675 ], [ -3.589343, 48.673257 ] ] ], [ [ [ -3.59002, 48.673114 ], [ -3.589961468671655, 48.673126363521554 ], [ -3.590086016387441, 48.673092874892589 ], [ -3.59002, 48.673114 ] ] ], [ [ [ -3.59042, 48.672986 ], [ -3.590289915879999, 48.673027627135909 ], [ -3.590715956469473, 48.672856080120425 ], [ -3.59042, 48.672986 ] ] ], [ [ [ -3.591051, 48.672709 ], [ -3.590952109878529, 48.672752411771711 ], [ -3.591388105963076, 48.672516628510898 ], [ -3.591051, 48.672709 ] ] ], [ [ [ -3.625491, 48.683094 ], [ -3.627951, 48.681971 ], [ -3.630047839334526, 48.682053950151278 ], [ -3.625491, 48.683094 ] ] ], [ [ [ -3.636905, 48.681284 ], [ -3.6387, 48.67782 ], [ -3.642354372690914, 48.677720153428389 ], [ -3.636905, 48.681284 ] ] ], [ [ [ -3.645415, 48.696138 ], [ -3.645328, 48.696109 ], [ -3.642351, 48.693114 ], [ -3.642497, 48.692907 ], [ -3.642571, 48.692804 ], [ -3.643063, 48.692113 ], [ -3.643686, 48.691897 ], [ -3.645269216334255, 48.691261536598795 ], [ -3.645595, 48.692433 ], [ -3.645696, 48.692601 ], [ -3.646312, 48.693625 ], [ -3.648389, 48.693457 ], [ -3.652465055197923, 48.694260398476722 ], [ -3.645415, 48.696138 ] ] ], [ [ [ -3.681859, 48.687529 ], [ -3.677078, 48.688656 ], [ -3.676243, 48.689321 ], [ -3.675862, 48.689407 ], [ -3.675392, 48.689519 ], [ -3.6734929585509, 48.688865967903645 ], [ -3.674273, 48.688664 ], [ -3.674814, 48.688653 ], [ -3.675498, 48.688567 ], [ -3.676079, 48.688435 ], [ -3.68032, 48.686337 ], [ -3.686737, 48.691272 ], [ -3.681859, 48.687529 ] ] ], [ [ [ -3.688573, 48.692672 ], [ -3.695019, 48.692172 ], [ -3.695578, 48.692165 ], [ -3.688573, 48.692672 ] ] ], [ [ [ -3.714867, 48.692333 ], [ -3.711274, 48.692565 ], [ -3.710474, 48.692417 ], [ -3.709957342451514, 48.692118917261091 ], [ -3.711311, 48.691559 ], [ -3.72013, 48.692614 ], [ -3.72101, 48.693689 ], [ -3.721371, 48.694248 ], [ -3.721675, 48.694797 ], [ -3.714867, 48.692333 ] ] ], [ [ [ -3.72315, 48.698336 ], [ -3.722629, 48.696903 ], [ -3.722983, 48.697515 ], [ -3.723242822027113, 48.698373517640334 ], [ -3.72315, 48.698336 ] ] ], [ [ [ -3.849149915853356, 48.627533178494105 ], [ -3.849186, 48.626894 ], [ -3.856244, 48.628626 ], [ -3.849149915853356, 48.627533178494105 ] ] ], [ [ [ -3.893869, 48.645867 ], [ -3.893581, 48.64572 ], [ -3.893222, 48.645498 ], [ -3.892511, 48.644949 ], [ -3.892249, 48.644714 ], [ -3.88721, 48.639999 ], [ -3.879326, 48.640862 ], [ -3.887092, 48.638202 ], [ -3.891634, 48.642328 ], [ -3.891684, 48.642365 ], [ -3.892973, 48.64312 ], [ -3.894707, 48.644274 ], [ -3.896282394628727, 48.645910493147753 ], [ -3.893869, 48.645867 ] ] ] ] } },
{ "type": "Feature", "properties": { "fid": 12, "ID": null, "CENTER_LON": "-3.3997443589501475", "CENTER_LAT": "47.720819179802476", "AA_MINS": 45, "AA_MODE": "driving-car", "TOTAL_POP": "364871" }, "geometry": { "type": "MultiPolygon", "coordinates": [ [ [ [ -3.531827, 47.76824 ], [ -3.532472, 47.768104 ], [ -3.5338, 47.767645 ], [ -3.538965, 47.765056 ], [ -3.54058, 47.763942 ], [ -3.543971, 47.764741 ], [ -3.551556, 47.764841 ], [ -3.554283, 47.765527 ], [ -3.55965, 47.767286 ], [ -3.567014, 47.769447 ], [ -3.574987, 47.771047 ], [ -3.578548, 47.768627 ], [ -3.579264, 47.768025 ], [ -3.581342, 47.767379 ], [ -3.581484, 47.767428 ], [ -3.584417, 47.768376 ], [ -3.584899, 47.768664 ], [ -3.593854, 47.76933 ], [ -3.594414, 47.768835 ], [ -3.595342, 47.768501 ], [ -3.595896, 47.768487 ], [ -3.596618, 47.768598 ], [ -3.60197, 47.769921 ], [ -3.608205, 47.770871 ], [ -3.613048, 47.7704 ], [ -3.614459, 47.7712 ], [ -3.622502, 47.775183 ], [ -3.62298, 47.774262 ], [ -3.630239, 47.774273 ], [ -3.63041, 47.774264 ], [ -3.632703, 47.774851 ], [ -3.63859, 47.77755 ], [ -3.646048, 47.780674 ], [ -3.647238, 47.780682 ], [ -3.65411, 47.782768 ], [ -3.656357, 47.782586 ], [ -3.663283, 47.784604 ], [ -3.670251, 47.780622 ], [ -3.670849, 47.780092 ], [ -3.672711, 47.778289 ], [ -3.674405, 47.776596 ], [ -3.676174, 47.777304 ], [ -3.683934, 47.781069 ], [ -3.688622, 47.784354 ], [ -3.695699, 47.789534 ], [ -3.70179, 47.788309 ], [ -3.703306, 47.788721 ], [ -3.703787, 47.789415 ], [ -3.703857, 47.789551 ], [ -3.703884, 47.789676 ], [ -3.704236, 47.791251 ], [ -3.704818, 47.792645 ], [ -3.711916, 47.79706 ], [ -3.719858, 47.799835 ], [ -3.720652, 47.801239 ], [ -3.721446, 47.80346 ], [ -3.728638, 47.80697 ], [ -3.734524, 47.806864 ], [ -3.740017, 47.808698 ], [ -3.740401, 47.809001 ], [ -3.740473, 47.809075 ], [ -3.740815901593541, 47.815913687805974 ], [ -3.734534, 47.810294 ], [ -3.731177, 47.809405 ], [ -3.729357, 47.808816 ], [ -3.723125, 47.808938 ], [ -3.722752, 47.808997 ], [ -3.722117, 47.809135 ], [ -3.720346, 47.809542 ], [ -3.719396, 47.810065 ], [ -3.718873, 47.811625 ], [ -3.710912, 47.815636 ], [ -3.710546, 47.815497 ], [ -3.710389, 47.815471 ], [ -3.708068, 47.814832 ], [ -3.705725, 47.813969 ], [ -3.704782, 47.816302 ], [ -3.700922, 47.821315 ], [ -3.695213, 47.819561 ], [ -3.694972, 47.819507 ], [ -3.693436, 47.819477 ], [ -3.692919, 47.819443 ], [ -3.692291, 47.819519 ], [ -3.689167, 47.820637 ], [ -3.686409, 47.821352 ], [ -3.683755, 47.822607 ], [ -3.679082, 47.824684 ], [ -3.670789, 47.824733 ], [ -3.672843, 47.816475 ], [ -3.673137, 47.812954 ], [ -3.670003, 47.809569 ], [ -3.663921, 47.80574 ], [ -3.662952, 47.805784 ], [ -3.655316, 47.801815 ], [ -3.652888, 47.799157 ], [ -3.64548, 47.79968 ], [ -3.645215, 47.801137 ], [ -3.638137, 47.805456 ], [ -3.635021, 47.805218 ], [ -3.630535, 47.80447 ], [ -3.62938, 47.807879 ], [ -3.627345, 47.81241 ], [ -3.626345, 47.815096 ], [ -3.626491, 47.815274 ], [ -3.627351, 47.815631 ], [ -3.628332, 47.816159 ], [ -3.62935, 47.816583 ], [ -3.632611, 47.817078 ], [ -3.636165, 47.817702 ], [ -3.636838, 47.817818 ], [ -3.637402, 47.817826 ], [ -3.644533, 47.821912 ], [ -3.644687, 47.821944 ], [ -3.650934, 47.825993 ], [ -3.647522, 47.833745 ], [ -3.644128, 47.833154 ], [ -3.643733, 47.833002 ], [ -3.640668, 47.833665 ], [ -3.636562, 47.834844 ], [ -3.631363, 47.833394 ], [ -3.630832, 47.833114 ], [ -3.628684, 47.831936 ], [ -3.628293, 47.832084 ], [ -3.627887, 47.832212 ], [ -3.627395, 47.832488 ], [ -3.619358, 47.829551 ], [ -3.619998, 47.826009 ], [ -3.617679, 47.823177 ], [ -3.616302, 47.822646 ], [ -3.614823, 47.822967 ], [ -3.612791, 47.823441 ], [ -3.610966, 47.824206 ], [ -3.610951642647846, 47.824222386422676 ], [ -3.608628, 47.822873 ], [ -3.6069, 47.823821 ], [ -3.604757, 47.824991 ], [ -3.602609, 47.826162 ], [ -3.60046, 47.827334 ], [ -3.598312, 47.828505 ], [ -3.591174, 47.827562 ], [ -3.586887, 47.823341 ], [ -3.586625, 47.822986 ], [ -3.584116, 47.819083 ], [ -3.580335, 47.811523 ], [ -3.576737, 47.811403 ], [ -3.570067, 47.808935 ], [ -3.574782, 47.801799 ], [ -3.575934, 47.801397 ], [ -3.581338, 47.799387 ], [ -3.581459, 47.799351 ], [ -3.582559, 47.798738 ], [ -3.582527, 47.797304 ], [ -3.58134, 47.79535 ], [ -3.578159, 47.79473 ], [ -3.5728, 47.794955 ], [ -3.565687, 47.797982 ], [ -3.558965, 47.798471 ], [ -3.558113, 47.798211 ], [ -3.556213, 47.789514 ], [ -3.555529, 47.78598 ], [ -3.550392, 47.784955 ], [ -3.548324, 47.784513 ], [ -3.545551, 47.786809 ], [ -3.541044, 47.791568 ], [ -3.540263, 47.792137 ], [ -3.533248, 47.793952 ], [ -3.52583, 47.79262 ], [ -3.52564, 47.788291 ], [ -3.529245, 47.781413 ], [ -3.528754, 47.778391 ], [ -3.529006, 47.775869 ], [ -3.52886, 47.774404 ], [ -3.528808, 47.773682 ], [ -3.528709, 47.773159 ], [ -3.528604, 47.772521 ], [ -3.526056, 47.766942 ], [ -3.523915, 47.76422 ], [ -3.531827, 47.76824 ] ] ], [ [ [ -2.98052, 47.972733 ], [ -2.973846, 47.967113 ], [ -2.969966, 47.968093 ], [ -2.963135, 47.967246 ], [ -2.958829, 47.968203 ], [ -2.957577, 47.968641 ], [ -2.957287, 47.968685 ], [ -2.956744, 47.965126 ], [ -2.955716, 47.958578 ], [ -2.95058, 47.955352 ], [ -2.947133, 47.953573 ], [ -2.94674, 47.950678 ], [ -2.9468, 47.95062 ], [ -2.9483, 47.950168 ], [ -2.94858, 47.950264 ], [ -2.94959, 47.950552 ], [ -2.952004, 47.951036 ], [ -2.954788, 47.951599 ], [ -2.961011, 47.946085 ], [ -2.962125, 47.942662 ], [ -2.960015, 47.93422 ], [ -2.959136, 47.934117 ], [ -2.950716, 47.931539 ], [ -2.947148, 47.932016 ], [ -2.946321, 47.929709 ], [ -2.946075, 47.929154 ], [ -2.945203, 47.926707 ], [ -2.944897, 47.925926 ], [ -2.943826, 47.922032 ], [ -2.938655, 47.915109 ], [ -2.938392, 47.914876 ], [ -2.937586, 47.914106 ], [ -2.937081, 47.913503 ], [ -2.936657, 47.91311 ], [ -2.936289, 47.912688 ], [ -2.936022, 47.912313 ], [ -2.928117, 47.916591 ], [ -2.927846, 47.917799 ], [ -2.927848, 47.923325 ], [ -2.931268, 47.928004 ], [ -2.932385, 47.930515 ], [ -2.929565, 47.932752 ], [ -2.920973, 47.931263 ], [ -2.92034, 47.931332 ], [ -2.917982, 47.931521 ], [ -2.911662, 47.931249 ], [ -2.905705, 47.9274 ], [ -2.902692, 47.930173 ], [ -2.902326, 47.931736 ], [ -2.898821, 47.930914 ], [ -2.897387, 47.928517 ], [ -2.896448, 47.925042 ], [ -2.889909, 47.919549 ], [ -2.885769, 47.919366 ], [ -2.885007, 47.91827 ], [ -2.884444, 47.91742 ], [ -2.882599, 47.915327 ], [ -2.874065, 47.913346 ], [ -2.870489, 47.913761 ], [ -2.866973, 47.913273 ], [ -2.866849, 47.912796 ], [ -2.866494, 47.911758 ], [ -2.860821, 47.906367 ], [ -2.858118, 47.907215 ], [ -2.854818, 47.908807 ], [ -2.846339, 47.9092 ], [ -2.842649, 47.912553 ], [ -2.840074, 47.915553 ], [ -2.839451, 47.916548 ], [ -2.83884, 47.916601 ], [ -2.838382, 47.916619 ], [ -2.836483, 47.915298 ], [ -2.836526, 47.914692 ], [ -2.836608, 47.913573 ], [ -2.836657, 47.912765 ], [ -2.83653, 47.911404 ], [ -2.836941, 47.90871 ], [ -2.833078, 47.901579 ], [ -2.826973, 47.907736 ], [ -2.824334, 47.907436 ], [ -2.821694, 47.907135 ], [ -2.818872, 47.906814 ], [ -2.81605, 47.906493 ], [ -2.813532, 47.906185 ], [ -2.812762, 47.90604 ], [ -2.811971, 47.905817 ], [ -2.811271, 47.905555 ], [ -2.810809, 47.905342 ], [ -2.810121, 47.904951 ], [ -2.801636, 47.904314 ], [ -2.794835, 47.9046 ], [ -2.790442, 47.905398 ], [ -2.786024, 47.9062 ], [ -2.785016, 47.906368 ], [ -2.783977, 47.90652 ], [ -2.782217, 47.906721 ], [ -2.780425, 47.906882 ], [ -2.776844, 47.907177 ], [ -2.770615, 47.907753 ], [ -2.770173, 47.90418 ], [ -2.770664, 47.904119 ], [ -2.772933, 47.903888 ], [ -2.776548, 47.903589 ], [ -2.780129, 47.903294 ], [ -2.781895, 47.903136 ], [ -2.783566, 47.902943 ], [ -2.784494, 47.902806 ], [ -2.785431, 47.902649 ], [ -2.789799, 47.901856 ], [ -2.794192, 47.901057 ], [ -2.796932, 47.900568 ], [ -2.799667, 47.90008 ], [ -2.802191, 47.899748 ], [ -2.806894, 47.894699 ], [ -2.807084, 47.893859 ], [ -2.807319, 47.893118 ], [ -2.807231, 47.886199 ], [ -2.807237, 47.885938 ], [ -2.807262, 47.885881 ], [ -2.807499, 47.885598 ], [ -2.808655, 47.884398 ], [ -2.814759, 47.879427 ], [ -2.817908, 47.881172 ], [ -2.820016, 47.887487 ], [ -2.827058, 47.882138 ], [ -2.827524, 47.879997 ], [ -2.827762, 47.879889 ], [ -2.828165, 47.879732 ], [ -2.829795, 47.8798 ], [ -2.83569, 47.881051 ], [ -2.842509, 47.879359 ], [ -2.84268, 47.879296 ], [ -2.843266, 47.879186 ], [ -2.846485, 47.879304 ], [ -2.85398, 47.875898 ], [ -2.854316, 47.8757 ], [ -2.856186, 47.876192 ], [ -2.856264, 47.876392 ], [ -2.865228, 47.876165 ], [ -2.871347, 47.873986 ], [ -2.875913, 47.866339 ], [ -2.874117, 47.863218 ], [ -2.877366, 47.860936 ], [ -2.882494, 47.859182 ], [ -2.885064, 47.858737 ], [ -2.886812, 47.858989 ], [ -2.889387, 47.859571 ], [ -2.896127, 47.863243 ], [ -2.900655, 47.869056 ], [ -2.902724, 47.869799 ], [ -2.906717, 47.870817 ], [ -2.907903, 47.871042 ], [ -2.914045, 47.873209 ], [ -2.921722, 47.876534 ], [ -2.924053, 47.874735 ], [ -2.924821, 47.874131 ], [ -2.930688, 47.868753 ], [ -2.927921, 47.86339 ], [ -2.926982, 47.862434 ], [ -2.926929, 47.862078 ], [ -2.927015, 47.861205 ], [ -2.930977, 47.856721 ], [ -2.932945, 47.85714 ], [ -2.935528, 47.857709 ], [ -2.938099, 47.858275 ], [ -2.946267, 47.854508 ], [ -2.952731, 47.84909 ], [ -2.954415, 47.848664 ], [ -2.956942, 47.848025 ], [ -2.958884, 47.847707 ], [ -2.959308, 47.847593 ], [ -2.959717, 47.847541 ], [ -2.964571, 47.842646 ], [ -2.964187, 47.839696 ], [ -2.964007, 47.838963 ], [ -2.962723, 47.835717 ], [ -2.962571, 47.835383 ], [ -2.963181, 47.833265 ], [ -2.962512, 47.82614 ], [ -2.959594, 47.824377 ], [ -2.954041, 47.821032 ], [ -2.953936, 47.82097 ], [ -2.953946, 47.817925 ], [ -2.95436, 47.817781 ], [ -2.95576, 47.817866 ], [ -2.955865, 47.817928 ], [ -2.961455, 47.821296 ], [ -2.964373, 47.823058 ], [ -2.973059, 47.824048 ], [ -2.973461, 47.823789 ], [ -2.973872, 47.823615 ], [ -2.974248, 47.823524 ], [ -2.974706, 47.823462 ], [ -2.982574, 47.822861 ], [ -2.985249, 47.823114 ], [ -2.993559, 47.82627 ], [ -3.000089, 47.82548 ], [ -3.002646, 47.826371 ], [ -3.003513, 47.826592 ], [ -3.010535, 47.822025 ], [ -3.011219, 47.820348 ], [ -3.013348, 47.81957 ], [ -3.013425, 47.819583 ], [ -3.017942, 47.818861 ], [ -3.018148, 47.819138 ], [ -3.018596, 47.820055 ], [ -3.018741, 47.820578 ], [ -3.018757, 47.82126 ], [ -3.018421, 47.822499 ], [ -3.018355, 47.822687 ], [ -3.018286, 47.829419 ], [ -3.024208, 47.834014 ], [ -3.030659, 47.833996 ], [ -3.03438, 47.829299 ], [ -3.034635, 47.82865 ], [ -3.033922, 47.820229 ], [ -3.033992, 47.819829 ], [ -3.029108, 47.812501 ], [ -3.026623, 47.809853 ], [ -3.02717, 47.806558 ], [ -3.028319, 47.804801 ], [ -3.030396, 47.80186 ], [ -3.028653, 47.795776 ], [ -3.023019, 47.792476 ], [ -3.018434, 47.795427 ], [ -3.012859, 47.800796 ], [ -3.013317, 47.807948 ], [ -3.013085, 47.808094 ], [ -3.012751, 47.808262 ], [ -3.012335, 47.808391 ], [ -3.011481, 47.808458 ], [ -3.010228, 47.808544 ], [ -3.008996, 47.807864 ], [ -3.005737, 47.805669 ], [ -3.001612, 47.802329 ], [ -2.998755, 47.800138 ], [ -2.997171, 47.799526 ], [ -2.989652, 47.80224 ], [ -2.989241, 47.802842 ], [ -2.988492, 47.803373 ], [ -2.988094, 47.803512 ], [ -2.987554, 47.80364 ], [ -2.982409, 47.805508 ], [ -2.973936, 47.803569 ], [ -2.970209, 47.795898 ], [ -2.971559, 47.792561 ], [ -2.979045, 47.78803 ], [ -2.979167, 47.786769 ], [ -2.979415, 47.786191 ], [ -2.979665, 47.785881 ], [ -2.979855, 47.785636 ], [ -2.983398, 47.778588 ], [ -2.981081, 47.774788 ], [ -2.975675, 47.770497 ], [ -2.971131, 47.770827 ], [ -2.969405, 47.767668 ], [ -2.970463, 47.76709 ], [ -2.976758, 47.761588 ], [ -2.978691, 47.760823 ], [ -2.983854, 47.754211 ], [ -2.982809, 47.747303 ], [ -2.98213, 47.746234 ], [ -2.981336, 47.744786 ], [ -2.984036, 47.738784 ], [ -2.977708, 47.735216 ], [ -2.974716, 47.737217 ], [ -2.972962, 47.735355 ], [ -2.972159, 47.734657 ], [ -2.967925, 47.732562 ], [ -2.960909, 47.735883 ], [ -2.952102, 47.737009 ], [ -2.951585, 47.73701 ], [ -2.950831, 47.736916 ], [ -2.945115, 47.735805 ], [ -2.940726, 47.736041 ], [ -2.939501, 47.732656 ], [ -2.940619, 47.732251 ], [ -2.941457, 47.731995 ], [ -2.942785, 47.731631 ], [ -2.94412, 47.731238 ], [ -2.945087, 47.730933 ], [ -2.950358, 47.726004 ], [ -2.954503, 47.718319 ], [ -2.953929, 47.713532 ], [ -2.94709, 47.710943 ], [ -2.939406, 47.714513 ], [ -2.938369, 47.71796 ], [ -2.936434, 47.717379 ], [ -2.934899, 47.716969 ], [ -2.931826, 47.716082 ], [ -2.929176, 47.715196 ], [ -2.922067, 47.717496 ], [ -2.920404, 47.718705 ], [ -2.918518, 47.720104 ], [ -2.915216, 47.716747 ], [ -2.916869, 47.713549 ], [ -2.920347, 47.707166 ], [ -2.915803, 47.702966 ], [ -2.914838, 47.702777 ], [ -2.914231, 47.702416 ], [ -2.914174, 47.702176 ], [ -2.914119, 47.701543 ], [ -2.9143, 47.700707 ], [ -2.91155, 47.693229 ], [ -2.906914, 47.694235 ], [ -2.906219, 47.694878 ], [ -2.904084, 47.696722 ], [ -2.903522, 47.697101 ], [ -2.903013, 47.69732 ], [ -2.90286, 47.697369 ], [ -2.902022, 47.696848 ], [ -2.901957, 47.696734 ], [ -2.899285, 47.689768 ], [ -2.8953, 47.685358 ], [ -2.890998, 47.685614 ], [ -2.889698, 47.686197 ], [ -2.889217, 47.686283 ], [ -2.883007, 47.689647 ], [ -2.882865, 47.689661 ], [ -2.882042, 47.689717 ], [ -2.881816, 47.689702 ], [ -2.881629, 47.689656 ], [ -2.881415, 47.689558 ], [ -2.880787, 47.688046 ], [ -2.880636, 47.687518 ], [ -2.880574, 47.687078 ], [ -2.88059, 47.686328 ], [ -2.880717, 47.68566 ], [ -2.879604, 47.679273 ], [ -2.871612, 47.675612 ], [ -2.871202, 47.675552 ], [ -2.86921, 47.675332 ], [ -2.869606, 47.671754 ], [ -2.86095, 47.670298 ], [ -2.860114, 47.671112 ], [ -2.859515, 47.67188 ], [ -2.85841, 47.672135 ], [ -2.857383, 47.670782 ], [ -2.849438, 47.666764 ], [ -2.843679, 47.667887 ], [ -2.84158, 47.669019 ], [ -2.838382, 47.671361 ], [ -2.83529, 47.669517 ], [ -2.829271, 47.663007 ], [ -2.828275, 47.662979 ], [ -2.826303, 47.662898 ], [ -2.823968, 47.662732 ], [ -2.821663, 47.662567 ], [ -2.81943, 47.662445 ], [ -2.816883, 47.662365 ], [ -2.815258, 47.662355 ], [ -2.813654, 47.662366 ], [ -2.810454, 47.662393 ], [ -2.80811, 47.662414 ], [ -2.805777, 47.662434 ], [ -2.802066, 47.662493 ], [ -2.80028, 47.662567 ], [ -2.797955, 47.662774 ], [ -2.796546, 47.662971 ], [ -2.788644, 47.665256 ], [ -2.786248, 47.666316 ], [ -2.783853, 47.667376 ], [ -2.782397, 47.664084 ], [ -2.784792, 47.663024 ], [ -2.787187, 47.661964 ], [ -2.794997, 47.657598 ], [ -2.801671, 47.658861 ], [ -2.805723, 47.658835 ], [ -2.808078, 47.658814 ], [ -2.810422, 47.658793 ], [ -2.813623, 47.658766 ], [ -2.815234, 47.658755 ], [ -2.816905, 47.658766 ], [ -2.819542, 47.658847 ], [ -2.82186, 47.658973 ], [ -2.824224, 47.659141 ], [ -2.826559, 47.659307 ], [ -2.828421, 47.659382 ], [ -2.829374, 47.659409 ], [ -2.831251, 47.659165 ], [ -2.833839, 47.659142 ], [ -2.836466, 47.659358 ], [ -2.840048, 47.65801 ], [ -2.844926, 47.65845 ], [ -2.847523, 47.65074 ], [ -2.844533, 47.649089 ], [ -2.84287, 47.648178 ], [ -2.842282, 47.647869 ], [ -2.841397, 47.647507 ], [ -2.839967, 47.647149 ], [ -2.839142, 47.646887 ], [ -2.836907, 47.64603 ], [ -2.838197, 47.642668 ], [ -2.841882, 47.643869 ], [ -2.842668, 47.644139 ], [ -2.843641, 47.644535 ], [ -2.851974, 47.646827 ], [ -2.85483, 47.649019 ], [ -2.858173, 47.652561 ], [ -2.85866, 47.652962 ], [ -2.865477, 47.653475 ], [ -2.867593, 47.65138 ], [ -2.868339, 47.651635 ], [ -2.871451, 47.652609 ], [ -2.875661, 47.657178 ], [ -2.880697, 47.660552 ], [ -2.884121, 47.661008 ], [ -2.887545, 47.661465 ], [ -2.890968, 47.661921 ], [ -2.893079, 47.653722 ], [ -2.894056, 47.650258 ], [ -2.896633, 47.650014 ], [ -2.89706, 47.649988 ], [ -2.897505, 47.649998 ], [ -2.899068, 47.650209 ], [ -2.901423, 47.650443 ], [ -2.903687, 47.65343 ], [ -2.912238, 47.652396 ], [ -2.912704, 47.651913 ], [ -2.914433, 47.648755 ], [ -2.91536, 47.64847 ], [ -2.920735, 47.648352 ], [ -2.922692, 47.649046 ], [ -2.924302, 47.652266 ], [ -2.924686, 47.653224 ], [ -2.924732, 47.653491 ], [ -2.924125, 47.657013 ], [ -2.932075, 47.658917 ], [ -2.938234, 47.655682 ], [ -2.945202, 47.650431 ], [ -2.945846, 47.649594 ], [ -2.946266, 47.649122 ], [ -2.946725, 47.648794 ], [ -2.94714, 47.64859 ], [ -2.947557, 47.648443 ], [ -2.948257, 47.648339 ], [ -2.95037, 47.647652 ], [ -2.951999, 47.639749 ], [ -2.95103, 47.638273 ], [ -2.95106, 47.637698 ], [ -2.951073, 47.637637 ], [ -2.953299, 47.636392 ], [ -2.953475, 47.63646 ], [ -2.956138, 47.637398 ], [ -2.95804, 47.638037 ], [ -2.960468, 47.641665 ], [ -2.961182, 47.642268 ], [ -2.96149, 47.64262 ], [ -2.961701, 47.642916 ], [ -2.961881, 47.643213 ], [ -2.963804, 47.645506 ], [ -2.963625, 47.64606 ], [ -2.963273, 47.650058 ], [ -2.970233, 47.655186 ], [ -2.976588, 47.657931 ], [ -2.981431, 47.654903 ], [ -2.983486, 47.650932 ], [ -2.98211, 47.642995 ], [ -2.979652, 47.640516 ], [ -2.975438, 47.635261 ], [ -2.972104, 47.632179 ], [ -2.973157, 47.628736 ], [ -2.97657, 47.626705 ], [ -2.981342, 47.619643 ], [ -2.984114, 47.614908 ], [ -2.984454, 47.614864 ], [ -2.986278, 47.614528 ], [ -2.98844, 47.614167 ], [ -2.991463, 47.605782 ], [ -2.991742, 47.605204 ], [ -2.993118, 47.602988 ], [ -2.993661, 47.602867 ], [ -2.993797, 47.602842 ], [ -2.994826, 47.603347 ], [ -2.995015, 47.603661 ], [ -2.996825, 47.606264 ], [ -3.000237, 47.611582 ], [ -3.005489, 47.613158 ], [ -3.009945, 47.608238 ], [ -3.010008, 47.608072 ], [ -3.01203, 47.60712 ], [ -3.012443, 47.607214 ], [ -3.0184, 47.611939 ], [ -3.024959, 47.617119 ], [ -3.026703, 47.620268 ], [ -3.034723, 47.620573 ], [ -3.035141, 47.620478 ], [ -3.035724, 47.620324 ], [ -3.036178, 47.620283 ], [ -3.040245, 47.612971 ], [ -3.039466, 47.611777 ], [ -3.039987, 47.607719 ], [ -3.039501, 47.604152 ], [ -3.04145, 47.600943 ], [ -3.042425, 47.599677 ], [ -3.044524, 47.59907 ], [ -3.046631, 47.601662 ], [ -3.051663, 47.606771 ], [ -3.056441, 47.609318 ], [ -3.062436, 47.607953 ], [ -3.06318, 47.607502 ], [ -3.068527, 47.601854 ], [ -3.068927, 47.601464 ], [ -3.069168, 47.601229 ], [ -3.069499, 47.601082 ], [ -3.070122, 47.600896 ], [ -3.072834, 47.601138 ], [ -3.07398, 47.603758 ], [ -3.074212, 47.6042 ], [ -3.072889, 47.607189 ], [ -3.074222, 47.61498 ], [ -3.082546, 47.612949 ], [ -3.083578, 47.611517 ], [ -3.085161, 47.609973 ], [ -3.085379, 47.609947 ], [ -3.093277, 47.608437 ], [ -3.093962, 47.608981 ], [ -3.095347, 47.610084 ], [ -3.095478, 47.610569 ], [ -3.095485, 47.610655 ], [ -3.095205, 47.611478 ], [ -3.094619, 47.61252 ], [ -3.093813, 47.613416 ], [ -3.093769, 47.613429 ], [ -3.089552, 47.615015 ], [ -3.086275, 47.619981 ], [ -3.082866, 47.621138 ], [ -3.077394, 47.628051 ], [ -3.077214, 47.62909 ], [ -3.07543, 47.636676 ], [ -3.075175, 47.637715 ], [ -3.0738, 47.641209 ], [ -3.080757, 47.64638 ], [ -3.083871, 47.643705 ], [ -3.084462, 47.643476 ], [ -3.089614, 47.642209 ], [ -3.094039, 47.640404 ], [ -3.096137, 47.639582 ], [ -3.096436, 47.639705 ], [ -3.098896, 47.640773 ], [ -3.100246, 47.641633 ], [ -3.100318, 47.641726 ], [ -3.099005, 47.644371 ], [ -3.105018, 47.65064 ], [ -3.10655, 47.650381 ], [ -3.113828, 47.648639 ], [ -3.114673, 47.648671 ], [ -3.116638, 47.648741 ], [ -3.117009, 47.648774 ], [ -3.123832, 47.648985 ], [ -3.126974, 47.650743 ], [ -3.135026, 47.649733 ], [ -3.13566, 47.649345 ], [ -3.136552, 47.648717 ], [ -3.136989, 47.648379 ], [ -3.139189, 47.651228 ], [ -3.139084, 47.654931 ], [ -3.144834, 47.659032 ], [ -3.145196, 47.659092 ], [ -3.146201, 47.659341 ], [ -3.146518, 47.659444 ], [ -3.146882, 47.659606 ], [ -3.147352, 47.659925 ], [ -3.147758, 47.660385 ], [ -3.14805, 47.661052 ], [ -3.149643, 47.663099 ], [ -3.149811, 47.66379 ], [ -3.153473, 47.669593 ], [ -3.159768, 47.673412 ], [ -3.166697, 47.668699 ], [ -3.164801, 47.662007 ], [ -3.163713, 47.660312 ], [ -3.159151, 47.656615 ], [ -3.15654, 47.653982 ], [ -3.154037, 47.652792 ], [ -3.151055, 47.65078 ], [ -3.147194, 47.646408 ], [ -3.144694, 47.642842 ], [ -3.144944, 47.641748 ], [ -3.144999, 47.641344 ], [ -3.145004, 47.639255 ], [ -3.150754, 47.635922 ], [ -3.152034, 47.634984 ], [ -3.152851, 47.635575 ], [ -3.160808, 47.638787 ], [ -3.163583, 47.639827 ], [ -3.165519, 47.641207 ], [ -3.173649, 47.642382 ], [ -3.176306, 47.64098 ], [ -3.178213, 47.642225 ], [ -3.185314, 47.647413 ], [ -3.186735, 47.647442 ], [ -3.193895, 47.647858 ], [ -3.195202, 47.647912 ], [ -3.197616, 47.648004 ], [ -3.202923, 47.651185 ], [ -3.206573, 47.653581 ], [ -3.213664, 47.654519 ], [ -3.213996, 47.654822 ], [ -3.219431, 47.65723 ], [ -3.227278, 47.653229 ], [ -3.227936, 47.652708 ], [ -3.234176, 47.657701 ], [ -3.232717, 47.661025 ], [ -3.238052, 47.667004 ], [ -3.242141, 47.664439 ], [ -3.243464, 47.66467 ], [ -3.244027, 47.664744 ], [ -3.244579, 47.66489 ], [ -3.245797, 47.665458 ], [ -3.249545, 47.667398 ], [ -3.251973, 47.670765 ], [ -3.252642, 47.672092 ], [ -3.252672, 47.67382 ], [ -3.252042, 47.681836 ], [ -3.255892, 47.685107 ], [ -3.262622, 47.686189 ], [ -3.265716, 47.687747 ], [ -3.272716, 47.688143 ], [ -3.277693, 47.685961 ], [ -3.280326, 47.684207 ], [ -3.281355, 47.683686 ], [ -3.282041, 47.683466 ], [ -3.282642, 47.68334 ], [ -3.283361, 47.683254 ], [ -3.284167, 47.683231 ], [ -3.284951, 47.683297 ], [ -3.285635, 47.683412 ], [ -3.285959, 47.683503 ], [ -3.287811, 47.684142 ], [ -3.293015, 47.685859 ], [ -3.300275, 47.687964 ], [ -3.302511, 47.688507 ], [ -3.304746, 47.68905 ], [ -3.306982, 47.689594 ], [ -3.309212, 47.690136 ], [ -3.311767, 47.690748 ], [ -3.31489, 47.6915 ], [ -3.317984, 47.692244 ], [ -3.325345, 47.692953 ], [ -3.331378, 47.693416 ], [ -3.334067, 47.69352 ], [ -3.335669, 47.693616 ], [ -3.336502, 47.693728 ], [ -3.341025, 47.694246 ], [ -3.348017, 47.695154 ], [ -3.353299, 47.690263 ], [ -3.354147, 47.689958 ], [ -3.358538, 47.689045 ], [ -3.35942, 47.690132 ], [ -3.359519, 47.690299 ], [ -3.359526, 47.690384 ], [ -3.356719, 47.692862 ], [ -3.354891, 47.696984 ], [ -3.358266, 47.704036 ], [ -3.359088, 47.704767 ], [ -3.359527, 47.705412 ], [ -3.362532, 47.709035 ], [ -3.362545, 47.709085 ], [ -3.362516, 47.709137 ], [ -3.362466, 47.709152 ], [ -3.357252, 47.712519 ], [ -3.360803, 47.719643 ], [ -3.364383, 47.719263 ], [ -3.367673, 47.716566 ], [ -3.367395, 47.717081 ], [ -3.367471, 47.717296 ], [ -3.367774, 47.7187 ], [ -3.362059, 47.724523 ], [ -3.358882, 47.726446 ], [ -3.355705, 47.728369 ], [ -3.35387, 47.729927 ], [ -3.352282, 47.731304 ], [ -3.349959, 47.733883 ], [ -3.348308, 47.736498 ], [ -3.347374, 47.738492 ], [ -3.347015, 47.740108 ], [ -3.348017, 47.74218 ], [ -3.344742, 47.750036 ], [ -3.339666, 47.751114 ], [ -3.334899, 47.748277 ], [ -3.333434, 47.746749 ], [ -3.332135, 47.744778 ], [ -3.32437, 47.746594 ], [ -3.318129, 47.740241 ], [ -3.318451, 47.739584 ], [ -3.320057, 47.736444 ], [ -3.320344, 47.735959 ], [ -3.324872, 47.732869 ], [ -3.331595, 47.731131 ], [ -3.332079, 47.731185 ], [ -3.332733, 47.731198 ], [ -3.333282, 47.731142 ], [ -3.33378, 47.731041 ], [ -3.33428, 47.730892 ], [ -3.336174, 47.730501 ], [ -3.336547, 47.729959 ], [ -3.337139, 47.727493 ], [ -3.337116, 47.727455 ], [ -3.335648, 47.724746 ], [ -3.334911, 47.722298 ], [ -3.332433, 47.720214 ], [ -3.323722, 47.719032 ], [ -3.31704, 47.716708 ], [ -3.316927, 47.716664 ], [ -3.315061, 47.71736 ], [ -3.315017, 47.717429 ], [ -3.315628, 47.720022 ], [ -3.315741, 47.720066 ], [ -3.318663, 47.726965 ], [ -3.314067, 47.728945 ], [ -3.308774, 47.732821 ], [ -3.308144, 47.733008 ], [ -3.307551, 47.733231 ], [ -3.306954, 47.733506 ], [ -3.30644, 47.733801 ], [ -3.299067, 47.729075 ], [ -3.298874, 47.728259 ], [ -3.298574, 47.723248 ], [ -3.292812, 47.717202 ], [ -3.291438, 47.71565 ], [ -3.290838, 47.715716 ], [ -3.288011, 47.71608 ], [ -3.28145, 47.715034 ], [ -3.278583, 47.712856 ], [ -3.274511, 47.709034 ], [ -3.272742, 47.708931 ], [ -3.272039, 47.708954 ], [ -3.270914, 47.70918 ], [ -3.270962, 47.710344 ], [ -3.269134, 47.714327 ], [ -3.261605, 47.714909 ], [ -3.257927, 47.710721 ], [ -3.257284, 47.708982 ], [ -3.253907, 47.71023 ], [ -3.254709, 47.71458 ], [ -3.25381, 47.720612 ], [ -3.248373, 47.722912 ], [ -3.246735, 47.723064 ], [ -3.245978, 47.72308 ], [ -3.239805, 47.723858 ], [ -3.234572, 47.718826 ], [ -3.234076, 47.718007 ], [ -3.231917, 47.715135 ], [ -3.231413, 47.714425 ], [ -3.226671, 47.714505 ], [ -3.223887, 47.716788 ], [ -3.217437, 47.72242 ], [ -3.216395, 47.722127 ], [ -3.215466, 47.721763 ], [ -3.213778, 47.720872 ], [ -3.212098, 47.724055 ], [ -3.213785, 47.724946 ], [ -3.216166, 47.728016 ], [ -3.220396, 47.735056 ], [ -3.217654, 47.739436 ], [ -3.20875, 47.738395 ], [ -3.203939, 47.733049 ], [ -3.201779, 47.730169 ], [ -3.200936, 47.726318 ], [ -3.198414, 47.723749 ], [ -3.190701, 47.728357 ], [ -3.190799, 47.732243 ], [ -3.190734, 47.732693 ], [ -3.190761, 47.733396 ], [ -3.190151, 47.739144 ], [ -3.189508, 47.740312 ], [ -3.180619, 47.739387 ], [ -3.180149, 47.738808 ], [ -3.176851, 47.738491 ], [ -3.170422, 47.734246 ], [ -3.169638, 47.733909 ], [ -3.169383, 47.733865 ], [ -3.166874, 47.735961 ], [ -3.165934, 47.739436 ], [ -3.162654, 47.744033 ], [ -3.156263, 47.744125 ], [ -3.154074, 47.743552 ], [ -3.153903, 47.743601 ], [ -3.15268, 47.744476 ], [ -3.150318, 47.747453 ], [ -3.146483, 47.753184 ], [ -3.139398, 47.748205 ], [ -3.138098, 47.748783 ], [ -3.135284, 47.751437 ], [ -3.134446, 47.751833 ], [ -3.134264, 47.751927 ], [ -3.126331, 47.748077 ], [ -3.127182, 47.744579 ], [ -3.12488, 47.736832 ], [ -3.124439, 47.73667 ], [ -3.124148, 47.736589 ], [ -3.123753, 47.736476 ], [ -3.123505, 47.736426 ], [ -3.117605, 47.738296 ], [ -3.114104, 47.739135 ], [ -3.111461, 47.742403 ], [ -3.10253, 47.742317 ], [ -3.101291, 47.741094 ], [ -3.099647, 47.739079 ], [ -3.098003, 47.737063 ], [ -3.096302, 47.728466 ], [ -3.096626, 47.727662 ], [ -3.100903, 47.721752 ], [ -3.101346, 47.721441 ], [ -3.101621, 47.721199 ], [ -3.103014, 47.71982 ], [ -3.100482, 47.717261 ], [ -3.096457, 47.719779 ], [ -3.095482, 47.720319 ], [ -3.093335, 47.721598 ], [ -3.091233, 47.722852 ], [ -3.084066, 47.723773 ], [ -3.079553, 47.721965 ], [ -3.076174, 47.720724 ], [ -3.069049, 47.718536 ], [ -3.06486, 47.717209 ], [ -3.060191, 47.714388 ], [ -3.057666, 47.712281 ], [ -3.055142, 47.710174 ], [ -3.052835, 47.712937 ], [ -3.055359, 47.715045 ], [ -3.057884, 47.717152 ], [ -3.058722, 47.71784 ], [ -3.059749, 47.718622 ], [ -3.060209, 47.718932 ], [ -3.061357, 47.719595 ], [ -3.061989, 47.719907 ], [ -3.063471, 47.72053 ], [ -3.065737, 47.721416 ], [ -3.067964, 47.722287 ], [ -3.070191, 47.723157 ], [ -3.072417, 47.724028 ], [ -3.074688, 47.724867 ], [ -3.076928, 47.725695 ], [ -3.079168, 47.726523 ], [ -3.084697, 47.732684 ], [ -3.085804, 47.733744 ], [ -3.087643, 47.735505 ], [ -3.095214, 47.739339 ], [ -3.098449, 47.745349 ], [ -3.099267, 47.748855 ], [ -3.101205, 47.749414 ], [ -3.107834, 47.754828 ], [ -3.108817, 47.761644 ], [ -3.109022, 47.764232 ], [ -3.10934, 47.764575 ], [ -3.110033, 47.765033 ], [ -3.110952, 47.764703 ], [ -3.118958, 47.766414 ], [ -3.120262, 47.767093 ], [ -3.120597, 47.767223 ], [ -3.120746, 47.767222 ], [ -3.122426, 47.766985 ], [ -3.12418, 47.766662 ], [ -3.124268, 47.766592 ], [ -3.124694, 47.763957 ], [ -3.132476, 47.761768 ], [ -3.135, 47.762195 ], [ -3.13691, 47.762868 ], [ -3.137621, 47.763091 ], [ -3.138698, 47.763672 ], [ -3.137343, 47.772128 ], [ -3.134859, 47.773365 ], [ -3.134834, 47.773467 ], [ -3.135433, 47.775179 ], [ -3.135653, 47.775317 ], [ -3.137717, 47.776613 ], [ -3.142945, 47.781198 ], [ -3.147912, 47.786929 ], [ -3.152603, 47.790698 ], [ -3.157153, 47.797183 ], [ -3.158982, 47.798149 ], [ -3.159299, 47.798138 ], [ -3.16581, 47.797656 ], [ -3.168877, 47.803942 ], [ -3.164722, 47.808113 ], [ -3.163766, 47.808258 ], [ -3.163493, 47.808355 ], [ -3.164517, 47.811232 ], [ -3.159333, 47.818444 ], [ -3.158887, 47.818694 ], [ -3.157748, 47.82045 ], [ -3.149356, 47.820637 ], [ -3.146748, 47.820494 ], [ -3.145259, 47.823772 ], [ -3.140203, 47.827203 ], [ -3.138522, 47.82747 ], [ -3.137764, 47.827552 ], [ -3.136403, 47.827606 ], [ -3.136544, 47.831203 ], [ -3.137372, 47.839851 ], [ -3.133712, 47.840948 ], [ -3.132296, 47.841391 ], [ -3.130871, 47.841925 ], [ -3.129742, 47.842421 ], [ -3.129271, 47.842652 ], [ -3.128519, 47.843063 ], [ -3.12752, 47.843652 ], [ -3.126655, 47.844268 ], [ -3.126058, 47.844716 ], [ -3.125524, 47.845151 ], [ -3.12432, 47.846196 ], [ -3.121859, 47.848241 ], [ -3.120306, 47.849573 ], [ -3.118031, 47.85148 ], [ -3.116281, 47.85292 ], [ -3.109073, 47.857022 ], [ -3.10795, 47.857311 ], [ -3.106723, 47.857556 ], [ -3.10521, 47.85776 ], [ -3.104644, 47.857811 ], [ -3.103866, 47.857857 ], [ -3.102759, 47.857891 ], [ -3.101219, 47.857847 ], [ -3.09932, 47.857733 ], [ -3.09833, 47.857655 ], [ -3.0973, 47.857613 ], [ -3.096148, 47.857606 ], [ -3.094984, 47.857633 ], [ -3.094244, 47.857672 ], [ -3.092818, 47.857792 ], [ -3.092124, 47.857872 ], [ -3.090697, 47.858087 ], [ -3.0899, 47.858241 ], [ -3.088963, 47.85845 ], [ -3.087622, 47.85878 ], [ -3.085225, 47.859446 ], [ -3.082734, 47.86014 ], [ -3.080617, 47.860856 ], [ -3.078345, 47.861686 ], [ -3.07958, 47.865067 ], [ -3.081852, 47.864237 ], [ -3.086188, 47.862914 ], [ -3.088585, 47.862249 ], [ -3.089822, 47.861946 ], [ -3.096229, 47.861205 ], [ -3.099035, 47.861321 ], [ -3.101002, 47.86144 ], [ -3.102654, 47.861489 ], [ -3.103968, 47.861455 ], [ -3.104851, 47.861405 ], [ -3.105531, 47.861345 ], [ -3.10649, 47.861237 ], [ -3.10729, 47.861111 ], [ -3.108651, 47.860843 ], [ -3.109963, 47.860511 ], [ -3.110697, 47.860289 ], [ -3.111512, 47.860012 ], [ -3.112793, 47.859504 ], [ -3.113342, 47.85926 ], [ -3.114491, 47.858675 ], [ -3.115096, 47.858325 ], [ -3.115578, 47.858034 ], [ -3.116533, 47.857378 ], [ -3.117026, 47.857013 ], [ -3.118619, 47.855657 ], [ -3.120318, 47.85426 ], [ -3.122618, 47.852332 ], [ -3.124203, 47.850974 ], [ -3.12662, 47.848965 ], [ -3.127883, 47.847871 ], [ -3.128328, 47.84751 ], [ -3.128811, 47.84715 ], [ -3.130328, 47.846175 ], [ -3.138453, 47.845996 ], [ -3.140278, 47.846238 ], [ -3.147776, 47.849832 ], [ -3.149809, 47.852011 ], [ -3.150168, 47.852354 ], [ -3.150645, 47.852677 ], [ -3.151344, 47.853036 ], [ -3.152422, 47.851614 ], [ -3.15299, 47.849834 ], [ -3.161517, 47.847627 ], [ -3.16261, 47.851057 ], [ -3.16495, 47.854512 ], [ -3.170693, 47.856498 ], [ -3.173406, 47.856303 ], [ -3.173925, 47.854911 ], [ -3.176208, 47.851181 ], [ -3.182966, 47.851576 ], [ -3.183323, 47.851608 ], [ -3.189508, 47.851417 ], [ -3.190332, 47.849749 ], [ -3.191018, 47.847237 ], [ -3.187545, 47.846289 ], [ -3.188727, 47.838479 ], [ -3.193606, 47.832309 ], [ -3.194316, 47.831917 ], [ -3.196514, 47.830633 ], [ -3.198688, 47.829363 ], [ -3.199495, 47.828906 ], [ -3.200486, 47.828402 ], [ -3.201638, 47.827875 ], [ -3.202956, 47.827308 ], [ -3.206141, 47.825971 ], [ -3.209368, 47.824615 ], [ -3.211226, 47.823776 ], [ -3.218976, 47.82778 ], [ -3.21935, 47.828125 ], [ -3.22023, 47.828973 ], [ -3.220741, 47.829179 ], [ -3.221155, 47.829249 ], [ -3.221901, 47.82926 ], [ -3.22265, 47.829156 ], [ -3.222888, 47.829082 ], [ -3.224678, 47.827982 ], [ -3.233483, 47.826643 ], [ -3.235306, 47.828356 ], [ -3.235895, 47.829316 ], [ -3.241846, 47.831492 ], [ -3.243582, 47.832256 ], [ -3.25097, 47.830737 ], [ -3.254691, 47.830632 ], [ -3.263074, 47.829653 ], [ -3.271144, 47.832455 ], [ -3.278153, 47.835739 ], [ -3.285546, 47.83445 ], [ -3.285671, 47.843062 ], [ -3.284587, 47.846495 ], [ -3.286019, 47.848229 ], [ -3.289518, 47.849078 ], [ -3.294019, 47.848736 ], [ -3.295211, 47.848736 ], [ -3.298784, 47.848529 ], [ -3.302123, 47.8473 ], [ -3.303982, 47.847197 ], [ -3.311232, 47.852485 ], [ -3.311939, 47.856293 ], [ -3.312865, 47.859772 ], [ -3.319043, 47.859501 ], [ -3.319418, 47.859508 ], [ -3.32255, 47.859349 ], [ -3.324446, 47.853438 ], [ -3.331215, 47.847551 ], [ -3.332907, 47.84759 ], [ -3.333736, 47.847572 ], [ -3.340263, 47.85367 ], [ -3.340616, 47.856375 ], [ -3.340968, 47.859081 ], [ -3.341308, 47.86164 ], [ -3.340669, 47.865151 ], [ -3.33979, 47.867219 ], [ -3.338937, 47.869231 ], [ -3.337951, 47.871341 ], [ -3.336966, 47.873451 ], [ -3.340227, 47.874974 ], [ -3.341213, 47.872864 ], [ -3.342198, 47.870754 ], [ -3.343103, 47.868627 ], [ -3.343982, 47.866558 ], [ -3.344456, 47.865332 ], [ -3.344735, 47.864274 ], [ -3.344824, 47.863786 ], [ -3.344898, 47.863209 ], [ -3.344943, 47.862481 ], [ -3.344904, 47.861467 ], [ -3.344538, 47.858615 ], [ -3.344185, 47.85591 ], [ -3.345184, 47.852402 ], [ -3.352867, 47.849589 ], [ -3.359316, 47.851708 ], [ -3.362818, 47.850873 ], [ -3.370579, 47.851573 ], [ -3.374451, 47.85551 ], [ -3.375897, 47.857337 ], [ -3.3768, 47.858238 ], [ -3.381433, 47.863724 ], [ -3.384989, 47.863162 ], [ -3.388187, 47.862174 ], [ -3.390698, 47.858252 ], [ -3.391966, 47.85684 ], [ -3.392082, 47.856433 ], [ -3.393424, 47.849755 ], [ -3.400112, 47.848131 ], [ -3.404417, 47.851458 ], [ -3.404349, 47.857279 ], [ -3.402109, 47.859841 ], [ -3.402253, 47.863438 ], [ -3.404033, 47.867152 ], [ -3.40803, 47.869295 ], [ -3.411603, 47.869738 ], [ -3.411783, 47.868284 ], [ -3.411667, 47.867224 ], [ -3.411656, 47.866646 ], [ -3.418996, 47.861439 ], [ -3.420047, 47.86205 ], [ -3.421414, 47.863208 ], [ -3.422357, 47.86427 ], [ -3.423773, 47.865655 ], [ -3.427658, 47.866651 ], [ -3.428344, 47.866784 ], [ -3.429678, 47.866868 ], [ -3.436597, 47.871407 ], [ -3.443269, 47.876518 ], [ -3.44386, 47.877271 ], [ -3.447351, 47.883731 ], [ -3.44921, 47.888248 ], [ -3.450949, 47.88839 ], [ -3.451693, 47.888439 ], [ -3.452803, 47.888462 ], [ -3.452847, 47.887733 ], [ -3.452841, 47.886857 ], [ -3.458678, 47.880457 ], [ -3.467019, 47.883203 ], [ -3.468768, 47.88635 ], [ -3.476757, 47.885385 ], [ -3.479907, 47.885641 ], [ -3.486186, 47.887417 ], [ -3.488041, 47.888049 ], [ -3.494185, 47.887754 ], [ -3.497749, 47.887242 ], [ -3.502051, 47.883028 ], [ -3.508032, 47.880598 ], [ -3.508629, 47.880477 ], [ -3.51106, 47.879863 ], [ -3.513729, 47.879044 ], [ -3.514014, 47.878969 ], [ -3.515441, 47.878715 ], [ -3.520442, 47.879712 ], [ -3.521763, 47.887952 ], [ -3.521861, 47.888999 ], [ -3.522587, 47.891456 ], [ -3.52361, 47.895346 ], [ -3.523987, 47.896886 ], [ -3.526251, 47.897793 ], [ -3.533164, 47.895729 ], [ -3.533571, 47.895584 ], [ -3.534374, 47.894415 ], [ -3.537949, 47.890232 ], [ -3.539776, 47.88713 ], [ -3.547739, 47.88676 ], [ -3.54877, 47.887951 ], [ -3.551141, 47.894863 ], [ -3.551414, 47.895266 ], [ -3.552043, 47.89604 ], [ -3.554833, 47.899743 ], [ -3.559232674064388, 47.902800613348703 ], [ -3.559807, 47.903479 ], [ -3.560565, 47.906804 ], [ -3.5613, 47.910328 ], [ -3.568093, 47.914036 ], [ -3.569203, 47.914797 ], [ -3.572462, 47.91326 ], [ -3.581014, 47.910485 ], [ -3.581451, 47.910837 ], [ -3.58247, 47.911871 ], [ -3.589534, 47.915466 ], [ -3.591234, 47.917411 ], [ -3.591335, 47.917417 ], [ -3.598502, 47.920353 ], [ -3.599359, 47.923133 ], [ -3.60656, 47.928434 ], [ -3.612861, 47.934197 ], [ -3.613546, 47.936426 ], [ -3.614, 47.936906 ], [ -3.616829, 47.939804 ], [ -3.623128, 47.942889 ], [ -3.624136, 47.943192 ], [ -3.626025, 47.943216 ], [ -3.626617, 47.942942 ], [ -3.62736, 47.941589 ], [ -3.627224, 47.941316 ], [ -3.626789, 47.940615 ], [ -3.624663, 47.93884 ], [ -3.624116, 47.931421 ], [ -3.632041, 47.929287 ], [ -3.632653, 47.929593 ], [ -3.636221, 47.92991 ], [ -3.644429, 47.929785 ], [ -3.644812, 47.929845 ], [ -3.645449, 47.929893 ], [ -3.653828, 47.930344 ], [ -3.656947, 47.934805 ], [ -3.660286, 47.942775 ], [ -3.660001, 47.946364 ], [ -3.658979, 47.948867 ], [ -3.650854, 47.951915 ], [ -3.647204, 47.949144 ], [ -3.646685, 47.948602 ], [ -3.645882, 47.94778 ], [ -3.645569, 47.947574 ], [ -3.645287, 47.947426 ], [ -3.644259, 47.948408 ], [ -3.643655, 47.949017 ], [ -3.637824, 47.955185 ], [ -3.637046, 47.955165 ], [ -3.63618, 47.955205 ], [ -3.63564, 47.955263 ], [ -3.634287, 47.955476 ], [ -3.634846, 47.959032 ], [ -3.640628, 47.959544 ], [ -3.644593, 47.958228 ], [ -3.651344, 47.960405 ], [ -3.652843, 47.961896 ], [ -3.653281, 47.96236 ], [ -3.661967, 47.961268 ], [ -3.662488, 47.961395 ], [ -3.665941, 47.962827 ], [ -3.670989, 47.967418 ], [ -3.671254, 47.967479 ], [ -3.6787, 47.971396 ], [ -3.679913, 47.973723 ], [ -3.683609, 47.981438 ], [ -3.683596, 47.982149 ], [ -3.683655, 47.982443 ], [ -3.683847, 47.982969 ], [ -3.684165, 47.983474 ], [ -3.684614, 47.984002 ], [ -3.689687, 47.983587 ], [ -3.691050546653599, 47.985231402699597 ], [ -3.685713, 47.986425 ], [ -3.68321, 47.985614 ], [ -3.68109, 47.982731 ], [ -3.680101, 47.979264 ], [ -3.672901, 47.975737 ], [ -3.672394, 47.975847 ], [ -3.67215, 47.97588 ], [ -3.669866, 47.97656 ], [ -3.669251, 47.976842 ], [ -3.668989, 47.97691 ], [ -3.667569, 47.976346 ], [ -3.667303, 47.975763 ], [ -3.662547, 47.97111 ], [ -3.658032, 47.971813 ], [ -3.656715, 47.971725 ], [ -3.65576, 47.971628 ], [ -3.655486, 47.971587 ], [ -3.654982, 47.971447 ], [ -3.652165, 47.971318 ], [ -3.651866, 47.971359 ], [ -3.6492, 47.971595 ], [ -3.648527, 47.97157 ], [ -3.647999, 47.971467 ], [ -3.647639, 47.97134 ], [ -3.646541, 47.970984 ], [ -3.641582, 47.978347 ], [ -3.643566, 47.980667 ], [ -3.645957, 47.982349 ], [ -3.647412, 47.982883 ], [ -3.653861, 47.987969 ], [ -3.655517, 47.98742 ], [ -3.663306, 47.985337 ], [ -3.66372, 47.985174 ], [ -3.664282, 47.985048 ], [ -3.665844, 47.985548 ], [ -3.667977, 47.985936 ], [ -3.668182, 47.985941 ], [ -3.669259, 47.986514 ], [ -3.669306, 47.986565 ], [ -3.668101, 47.98954 ], [ -3.667667, 47.994967 ], [ -3.666243, 48.000803 ], [ -3.663883, 48.003521 ], [ -3.657404, 48.000689 ], [ -3.656342, 47.999386 ], [ -3.656011, 47.998514 ], [ -3.649051, 47.992964 ], [ -3.643835, 47.992754 ], [ -3.64343, 47.992799 ], [ -3.642977, 47.992805 ], [ -3.642632, 47.992781 ], [ -3.642299, 47.992735 ], [ -3.641844, 47.992625 ], [ -3.641283, 47.992418 ], [ -3.640891, 47.992221 ], [ -3.64057, 47.99201 ], [ -3.640295, 47.991788 ], [ -3.639974, 47.991466 ], [ -3.639574, 47.990853 ], [ -3.63938, 47.990385 ], [ -3.639173, 47.989639 ], [ -3.636384, 47.98547 ], [ -3.628247, 47.989275 ], [ -3.628022, 47.98982 ], [ -3.627972, 47.989903 ], [ -3.627695, 47.990061 ], [ -3.627248, 47.990236 ], [ -3.626725, 47.990355 ], [ -3.624365, 47.989687 ], [ -3.618963, 47.995001 ], [ -3.619347, 47.998581 ], [ -3.617253, 47.999437 ], [ -3.613849, 48.00061 ], [ -3.61034, 48.002513 ], [ -3.609332, 48.010992 ], [ -3.612053, 48.013683 ], [ -3.612999, 48.015431 ], [ -3.613789, 48.016544 ], [ -3.61164, 48.019432 ], [ -3.608391, 48.017278 ], [ -3.607643, 48.01642 ], [ -3.599923, 48.011907 ], [ -3.595149, 48.007745 ], [ -3.594738, 48.007341 ], [ -3.594603, 48.007152 ], [ -3.593919, 48.005853 ], [ -3.590956, 48.002643 ], [ -3.583097, 48.001083 ], [ -3.582725, 48.001134 ], [ -3.582107, 48.001171 ], [ -3.577669, 47.997062 ], [ -3.573321, 47.994972 ], [ -3.564979, 47.994605 ], [ -3.56456, 47.994699 ], [ -3.560291, 47.995956 ], [ -3.55967, 47.996195 ], [ -3.55914, 47.996287 ], [ -3.558743, 47.996294 ], [ -3.556725, 47.996324 ], [ -3.55449, 47.996268 ], [ -3.547914, 47.998572 ], [ -3.545923, 48.000219 ], [ -3.542818, 48.001604 ], [ -3.538593, 48.00275 ], [ -3.538543, 48.002743 ], [ -3.537009, 48.000719 ], [ -3.535437, 47.998574 ], [ -3.5351, 47.998039 ], [ -3.533713, 47.992409 ], [ -3.531004, 47.98466 ], [ -3.529078, 47.984027 ], [ -3.530201, 47.980607 ], [ -3.527936, 47.974854 ], [ -3.520656, 47.973598 ], [ -3.520436, 47.973668 ], [ -3.513566, 47.979273 ], [ -3.513061, 47.982837 ], [ -3.507939, 47.986233 ], [ -3.506928, 47.993933 ], [ -3.506698, 47.994869 ], [ -3.506459, 47.996167 ], [ -3.505822, 47.997359 ], [ -3.502867, 47.996724 ], [ -3.497165, 47.992783 ], [ -3.493558, 47.992724 ], [ -3.488337, 47.99753 ], [ -3.484903, 47.99861 ], [ -3.484808, 47.998309 ], [ -3.484307, 47.995536 ], [ -3.48427, 47.99491 ], [ -3.484474, 47.993846 ], [ -3.485366, 47.991086 ], [ -3.482583, 47.983676 ], [ -3.482435, 47.980079 ], [ -3.482878, 47.98006 ], [ -3.483364, 47.980066 ], [ -3.483804, 47.980095 ], [ -3.484402, 47.980197 ], [ -3.484798, 47.980312 ], [ -3.485984, 47.980758 ], [ -3.486239, 47.980864 ], [ -3.486663, 47.981107 ], [ -3.491621, 47.981733 ], [ -3.493506, 47.975048 ], [ -3.493362, 47.974551 ], [ -3.493404, 47.973602 ], [ -3.493265, 47.972056 ], [ -3.486943, 47.967054 ], [ -3.48563, 47.966818 ], [ -3.485495, 47.966698 ], [ -3.484705, 47.965141 ], [ -3.484532, 47.960996 ], [ -3.484992, 47.960523 ], [ -3.484813, 47.951683 ], [ -3.484715, 47.951523 ], [ -3.483798, 47.949455 ], [ -3.476755, 47.945602 ], [ -3.476174, 47.945607 ], [ -3.47, 47.950416 ], [ -3.470527, 47.954362 ], [ -3.471231, 47.956504 ], [ -3.472002, 47.95862 ], [ -3.468619, 47.959853 ], [ -3.463986, 47.967415 ], [ -3.464303, 47.967881 ], [ -3.461325, 47.969904 ], [ -3.460143, 47.968954 ], [ -3.459851, 47.968746 ], [ -3.459479, 47.968378 ], [ -3.458569, 47.967282 ], [ -3.458586, 47.964881 ], [ -3.451534, 47.960716 ], [ -3.448265, 47.96118 ], [ -3.442745, 47.967031 ], [ -3.442421, 47.967859 ], [ -3.441367, 47.968747 ], [ -3.44042, 47.969163 ], [ -3.439856, 47.969334 ], [ -3.436207, 47.972474 ], [ -3.441971, 47.978868 ], [ -3.443169, 47.9784 ], [ -3.443906, 47.978226 ], [ -3.446472, 47.977668 ], [ -3.446973, 47.977526 ], [ -3.448554, 47.976848 ], [ -3.449453, 47.97662 ], [ -3.451024, 47.976013 ], [ -3.452475, 47.976351 ], [ -3.452676, 47.976506 ], [ -3.452984, 47.977175 ], [ -3.45341, 47.978708 ], [ -3.452767, 47.979277 ], [ -3.451008, 47.980064 ], [ -3.448438, 47.980814 ], [ -3.447987, 47.98098 ], [ -3.447425, 47.981139 ], [ -3.444675, 47.981743 ], [ -3.443083, 47.989109 ], [ -3.444526, 47.990537 ], [ -3.444988, 47.990976 ], [ -3.445339, 47.991367 ], [ -3.445803, 47.991843 ], [ -3.443225, 47.994355 ], [ -3.442761, 47.993879 ], [ -3.442073, 47.993172 ], [ -3.440552, 47.991669 ], [ -3.432718, 47.992932 ], [ -3.431889, 47.994046 ], [ -3.431706, 47.994082 ], [ -3.430008, 47.993299 ], [ -3.427964, 47.991725 ], [ -3.420692, 47.987771 ], [ -3.419733, 47.986771 ], [ -3.418926, 47.984635 ], [ -3.413454, 47.978264 ], [ -3.407779, 47.977564 ], [ -3.407655, 47.977521 ], [ -3.40093, 47.983412 ], [ -3.401711, 47.985376 ], [ -3.401453, 47.986685 ], [ -3.399959, 47.986878 ], [ -3.393594, 47.993068 ], [ -3.393616, 47.993399 ], [ -3.393689, 47.99398 ], [ -3.392395, 47.99496 ], [ -3.391924, 47.994993 ], [ -3.387262, 47.995113 ], [ -3.385572, 47.991934 ], [ -3.386819, 47.989411 ], [ -3.388576, 47.986269 ], [ -3.391193, 47.98045 ], [ -3.384495, 47.97472 ], [ -3.381765, 47.974633 ], [ -3.381116, 47.974563 ], [ -3.379905, 47.974438 ], [ -3.378981, 47.974318 ], [ -3.378393, 47.974188 ], [ -3.378171, 47.974109 ], [ -3.379382, 47.970718 ], [ -3.378337, 47.964218 ], [ -3.372309, 47.958809 ], [ -3.365358, 47.961613 ], [ -3.364054, 47.963638 ], [ -3.360468, 47.963319 ], [ -3.351499, 47.963501 ], [ -3.351133, 47.964034 ], [ -3.350275, 47.96503 ], [ -3.350018, 47.965314 ], [ -3.34871, 47.966578 ], [ -3.34812, 47.966944 ], [ -3.343539, 47.971831 ], [ -3.342353, 47.975079 ], [ -3.342092, 47.975626 ], [ -3.34184, 47.975995 ], [ -3.3415, 47.976371 ], [ -3.33852, 47.979709 ], [ -3.338389, 47.979847 ], [ -3.335766, 47.977382 ], [ -3.336041, 47.976759 ], [ -3.3362, 47.976417 ], [ -3.337074, 47.975286 ], [ -3.337482, 47.97483 ], [ -3.337923, 47.974442 ], [ -3.339568, 47.971775 ], [ -3.339806, 47.97111 ], [ -3.340405, 47.969096 ], [ -3.34057, 47.968458 ], [ -3.333824, 47.962527 ], [ -3.332105, 47.964575 ], [ -3.33122, 47.965013 ], [ -3.324465, 47.969789 ], [ -3.324375, 47.969826 ], [ -3.323374854285023, 47.970056292197754 ], [ -3.322985, 47.969781 ], [ -3.322621, 47.969566 ], [ -3.322166, 47.969369 ], [ -3.321584, 47.96921 ], [ -3.318326217760402, 47.967165286214531 ], [ -3.317203, 47.96315 ], [ -3.312843, 47.956127 ], [ -3.307708865613696, 47.957813533929112 ], [ -3.307421, 47.957367 ], [ -3.310507, 47.955006 ], [ -3.311323, 47.954812 ], [ -3.312127, 47.954383 ], [ -3.312603, 47.953906 ], [ -3.312555, 47.950838 ], [ -3.312663, 47.947891 ], [ -3.309274, 47.946676 ], [ -3.303567, 47.94957 ], [ -3.300019, 47.948961 ], [ -3.299592, 47.94893 ], [ -3.299115, 47.948935 ], [ -3.298573, 47.948996 ], [ -3.297926, 47.949129 ], [ -3.298623, 47.940816 ], [ -3.295262, 47.940466 ], [ -3.289464, 47.934142 ], [ -3.28707, 47.934384 ], [ -3.283226, 47.936167 ], [ -3.280834, 47.940189 ], [ -3.280207, 47.941991 ], [ -3.279992, 47.942462 ], [ -3.279074, 47.944869 ], [ -3.278736, 47.946523 ], [ -3.278624, 47.946743 ], [ -3.277859034094494, 47.947513122037201 ], [ -3.277382, 47.946538 ], [ -3.277691, 47.939753 ], [ -3.276732, 47.937953 ], [ -3.275844, 47.936663 ], [ -3.26786, 47.93607 ], [ -3.264323, 47.936741 ], [ -3.260523, 47.941457 ], [ -3.258305, 47.945528 ], [ -3.256870801762071, 47.950613815314391 ], [ -3.253597, 47.951194 ], [ -3.252198, 47.947876 ], [ -3.253384, 47.946254 ], [ -3.257055, 47.940335 ], [ -3.261633, 47.933626 ], [ -3.262525, 47.932368 ], [ -3.260882, 47.925797 ], [ -3.257383, 47.92495 ], [ -3.255074, 47.920277 ], [ -3.254286, 47.919093 ], [ -3.253299, 47.917788 ], [ -3.252548, 47.914267 ], [ -3.245085, 47.909292 ], [ -3.239443, 47.910705 ], [ -3.23655, 47.912847 ], [ -3.23247, 47.909212 ], [ -3.227814, 47.90289 ], [ -3.225815, 47.902276 ], [ -3.224603, 47.901871 ], [ -3.223951, 47.901595 ], [ -3.222286, 47.900804 ], [ -3.22041, 47.899929 ], [ -3.219325, 47.899325 ], [ -3.214067, 47.898197 ], [ -3.210633, 47.899278 ], [ -3.203186, 47.904034 ], [ -3.203888, 47.906695 ], [ -3.207284, 47.909578 ], [ -3.207763, 47.909704 ], [ -3.208521, 47.90994 ], [ -3.209387, 47.910209 ], [ -3.210591, 47.910644 ], [ -3.209368, 47.91403 ], [ -3.203419, 47.918131 ], [ -3.201713, 47.919154 ], [ -3.195466, 47.925208 ], [ -3.194644, 47.92571 ], [ -3.193677, 47.926194 ], [ -3.192404, 47.925894 ], [ -3.191542, 47.92564 ], [ -3.191253, 47.925512 ], [ -3.191123, 47.924961 ], [ -3.191291, 47.924171 ], [ -3.191974, 47.920765 ], [ -3.195708, 47.916122 ], [ -3.191552, 47.908378 ], [ -3.191007, 47.908319 ], [ -3.186959, 47.908978 ], [ -3.184828, 47.910136 ], [ -3.184498, 47.910416 ], [ -3.183525, 47.910804 ], [ -3.177637, 47.909087 ], [ -3.177344, 47.908717 ], [ -3.174229, 47.906102 ], [ -3.167079, 47.906314 ], [ -3.165214, 47.90591 ], [ -3.160663, 47.905574 ], [ -3.157239, 47.906187 ], [ -3.155156, 47.906597 ], [ -3.150808, 47.908639 ], [ -3.147702, 47.909977 ], [ -3.14205, 47.914065 ], [ -3.141086, 47.921172 ], [ -3.145087, 47.923251 ], [ -3.146071, 47.923188 ], [ -3.148242, 47.929824 ], [ -3.145722, 47.932394 ], [ -3.143801, 47.930512 ], [ -3.14183, 47.929194 ], [ -3.136623679023041, 47.928869893260064 ], [ -3.135389, 47.926046 ], [ -3.138249, 47.918574 ], [ -3.136315, 47.917001 ], [ -3.136298, 47.916988 ], [ -3.13628, 47.916973 ], [ -3.134122, 47.916941 ], [ -3.131172, 47.917577 ], [ -3.129496, 47.921981 ], [ -3.129255, 47.9225 ], [ -3.128816, 47.923858 ], [ -3.123594602262977, 47.927152187248709 ], [ -3.119034, 47.924084 ], [ -3.11771, 47.923961 ], [ -3.113629, 47.924828 ], [ -3.112816, 47.925123 ], [ -3.111991, 47.925345 ], [ -3.108755, 47.919855 ], [ -3.103868, 47.919422 ], [ -3.103407, 47.919452 ], [ -3.096415, 47.924013 ], [ -3.095943, 47.924724 ], [ -3.093802, 47.925687 ], [ -3.092575, 47.92622 ], [ -3.09221, 47.926386 ], [ -3.091864, 47.926497 ], [ -3.091537, 47.926574 ], [ -3.090194, 47.926833 ], [ -3.089512, 47.923298 ], [ -3.09095, 47.920866 ], [ -3.091782, 47.918213 ], [ -3.09227, 47.916452 ], [ -3.092323, 47.915337 ], [ -3.086026, 47.909363 ], [ -3.084071, 47.910813 ], [ -3.08189, 47.912082 ], [ -3.080323, 47.918972 ], [ -3.080305, 47.919055 ], [ -3.079963, 47.919563 ], [ -3.079075, 47.920494 ], [ -3.078756, 47.92073 ], [ -3.07389, 47.927645 ], [ -3.073201, 47.928708 ], [ -3.072278, 47.929417 ], [ -3.064422, 47.930187 ], [ -3.062202, 47.930147 ], [ -3.059288, 47.927516 ], [ -3.058665, 47.92723 ], [ -3.051043, 47.931866 ], [ -3.050714, 47.933888 ], [ -3.047564, 47.935631 ], [ -3.040024, 47.935457 ], [ -3.035616, 47.938319 ], [ -3.0336, 47.938754 ], [ -3.029119, 47.945862 ], [ -3.028950386577794, 47.949184490011497 ], [ -3.02869, 47.948775 ], [ -3.028085, 47.947666 ], [ -3.026767, 47.947869 ], [ -3.025818, 47.94838 ], [ -3.024925, 47.949389 ], [ -3.023112, 47.95091 ], [ -3.022051, 47.952052 ], [ -3.022031, 47.952122 ], [ -3.019418, 47.955695 ], [ -3.011591, 47.953029 ], [ -3.011451, 47.950417 ], [ -3.011353, 47.949129 ], [ -3.011201, 47.948164 ], [ -3.010715, 47.946723 ], [ -3.01009, 47.945553 ], [ -3.009542, 47.944811 ], [ -3.008738, 47.944004 ], [ -3.008196, 47.943506 ], [ -3.005328, 47.94115 ], [ -3.000882, 47.937179 ], [ -2.99801, 47.93935 ], [ -2.998469, 47.939958 ], [ -2.999165, 47.940703 ], [ -2.999806, 47.941286 ], [ -3.000216, 47.941609 ], [ -3.003043, 47.943932 ], [ -3.005911, 47.946288 ], [ -3.007861, 47.950683 ], [ -3.007996, 47.953221 ], [ -3.005241, 47.957694 ], [ -2.998697, 47.957617 ], [ -2.997804, 47.957586 ], [ -2.995975, 47.957697 ], [ -2.989858, 47.962772 ], [ -2.986404, 47.961757 ], [ -2.983627, 47.960569 ], [ -2.980386, 47.959118 ], [ -2.979329, 47.958645 ], [ -2.97815, 47.959766 ], [ -2.977936, 47.960106 ], [ -2.977813, 47.960341 ], [ -2.977858, 47.961931 ], [ -2.98091, 47.969526 ], [ -2.980543, 47.97273 ], [ -2.980478091659501, 47.973097984459208 ], [ -2.98052, 47.972733 ] ] ], [ [ [ -2.978219, 47.982297 ], [ -2.978561, 47.981294 ], [ -2.978886, 47.980514 ], [ -2.979251, 47.979784 ], [ -2.979311797949187, 47.979681178631189 ], [ -2.97876, 47.981131 ], [ -2.978456, 47.981972 ], [ -2.97825, 47.982646 ], [ -2.978055, 47.983433 ], [ -2.977955, 47.98396 ], [ -2.976637769120031, 47.984362425101061 ], [ -2.978219, 47.982297 ] ] ], [ [ [ -3.295091, 47.95173 ], [ -3.297001, 47.949373 ], [ -3.297106320231754, 47.949345218713091 ], [ -3.298021, 47.952826 ], [ -3.299165676657508, 47.958023483150093 ], [ -3.295091, 47.95173 ] ] ], [ [ [ -3.299587, 47.960171 ], [ -3.299601802799199, 47.960130005095195 ], [ -3.29932619053007, 47.961031925239141 ], [ -3.299587, 47.960171 ] ] ], [ [ [ -3.697544, 48.011359 ], [ -3.694202, 48.012526 ], [ -3.693259, 48.011624 ], [ -3.690244, 48.006293 ], [ -3.687066, 48.001734 ], [ -3.689569, 47.999147 ], [ -3.690786, 48.000325 ], [ -3.691206, 48.000793 ], [ -3.691696, 48.001519 ], [ -3.695238, 48.003533 ], [ -3.700035, 47.997936 ], [ -3.69914, 48.002841 ], [ -3.692419, 48.005021 ], [ -3.692113, 48.005084 ], [ -3.69123, 48.007722 ], [ -3.691386, 48.007915 ], [ -3.691728, 48.008314 ], [ -3.692985, 48.00872 ], [ -3.695088, 48.008856 ], [ -3.700027, 48.008059 ], [ -3.70227574023196, 48.007888734648525 ], [ -3.697544, 48.011359 ] ] ] ] } }
]
}
